% Model:              omc_unitcell_iso.mph
% Version:            COMSOL 6.3.0.420
% Date:               Jul 16 2026, 12:32
% Dimension:          3
% Nodes:              2500
% Expressions:        2
% Description:        Displacement field, Y-component, Displacement field, Z-component
% Length unit:        m
% X                       Y                        Z                        v (m) @ 8.8015 GHz                                w (m) @ 8.8015 GHz
0                         0                        -3.913059381630264E-7    5.710782697960437E-34                             -1.1975076873483833E-13
0                         0                        -3.753342672175967E-7    -6.282313276991282E-31                            -1.2041958550086725E-13
0                         0                        -3.593625962721671E-7    -1.4783088292792687E-30                           -1.203178372538316E-13
0                         0                        -3.4339092532673743E-7   -2.5125408995733702E-30                           -1.2036288451223668E-13
0                         0                        -3.2741925438130776E-7   NaN                                               NaN
0                         0                        -3.1144758343587815E-7   NaN                                               NaN
0                         0                        -2.954759124904485E-7    NaN                                               NaN
0                         0                        -2.7950424154501886E-7   NaN                                               NaN
0                         0                        -2.635325705995892E-7    NaN                                               NaN
0                         0                        -2.4756089965415953E-7   NaN                                               NaN
0                         0                        -2.3158922870872991E-7   NaN                                               NaN
0                         0                        -2.1561755776330025E-7   NaN                                               NaN
0                         0                        -1.996458868178706E-7    NaN                                               NaN
0                         0                        -1.8367421587244096E-7   NaN                                               NaN
0                         0                        -1.677025449270113E-7    NaN                                               NaN
0                         0                        -1.5173087398158168E-7   NaN                                               NaN
0                         0                        -1.3575920303615201E-7   NaN                                               NaN
0                         0                        -1.1978753209072235E-7   NaN                                               NaN
0                         0                        -1.0381586114529273E-7   NaN                                               NaN
0                         0                        -8.784419019986307E-8    NaN                                               NaN
0                         0                        -7.187251925443345E-8    NaN                                               NaN
0                         0                        -5.590084830900378E-8    NaN                                               NaN
0                         0                        -3.9929177363574116E-8   NaN                                               NaN
0                         0                        -2.39575064181445E-8     NaN                                               NaN
0                         0                        -7.985835472714834E-9    NaN                                               NaN
0                         0                        7.985835472714834E-9     NaN                                               NaN
0                         0                        2.3957506418144448E-8    NaN                                               NaN
0                         0                        3.9929177363574116E-8    NaN                                               NaN
0                         0                        5.590084830900378E-8     NaN                                               NaN
0                         0                        7.18725192544334E-8      NaN                                               NaN
0                         0                        8.784419019986301E-8     NaN                                               NaN
0                         0                        1.0381586114529268E-7    NaN                                               NaN
0                         0                        1.1978753209072235E-7    NaN                                               NaN
0                         0                        1.3575920303615201E-7    NaN                                               NaN
0                         0                        1.5173087398158168E-7    NaN                                               NaN
0                         0                        1.6770254492701124E-7    NaN                                               NaN
0                         0                        1.836742158724409E-7     NaN                                               NaN
0                         0                        1.9964588681787058E-7    NaN                                               NaN
0                         0                        2.1561755776330025E-7    NaN                                               NaN
0                         0                        2.3158922870872991E-7    NaN                                               NaN
0                         0                        2.475608996541595E-7     NaN                                               NaN
0                         0                        2.6353257059958914E-7    NaN                                               NaN
0                         0                        2.795042415450188E-7     NaN                                               NaN
0                         0                        2.954759124904485E-7     NaN                                               NaN
0                         0                        3.1144758343587815E-7    NaN                                               NaN
0                         0                        3.274192543813078E-7     NaN                                               NaN
0                         0                        3.433909253267374E-7     -2.4670836462980708E-30                           1.2241903673691079E-13
0                         0                        3.5936259627216704E-7    -1.4587458341294946E-30                           1.214796183766573E-13
0                         0                        3.753342672175967E-7     -6.23719722639957E-31                             1.205487713508689E-13
0                         0                        3.913059381630264E-7     -5.710782697993444E-34                            1.197507687348384E-13
0                         1.5398723929009728E-8    -3.913059381630264E-7    5.3694994722179217E-17                            -1.2313788202640463E-13
0                         1.5398723929009728E-8    -3.753342672175967E-7    3.946625898994173E-15                             -1.234386892374329E-13
0                         1.5398723929009728E-8    -3.593625962721671E-7    7.054507910522857E-15                             -1.2327736761678134E-13
0                         1.5398723929009728E-8    -3.4339092532673743E-7   1.027660302436932E-14                             -1.2385574037641865E-13
0                         1.5398723929009728E-8    -3.2741925438130776E-7   NaN                                               NaN
0                         1.5398723929009728E-8    -3.1144758343587815E-7   NaN                                               NaN
0                         1.5398723929009728E-8    -2.954759124904485E-7    NaN                                               NaN
0                         1.5398723929009728E-8    -2.7950424154501886E-7   NaN                                               NaN
0                         1.5398723929009728E-8    -2.635325705995892E-7    NaN                                               NaN
0                         1.5398723929009728E-8    -2.4756089965415953E-7   NaN                                               NaN
0                         1.5398723929009728E-8    -2.3158922870872991E-7   NaN                                               NaN
0                         1.5398723929009728E-8    -2.1561755776330025E-7   NaN                                               NaN
0                         1.5398723929009728E-8    -1.996458868178706E-7    NaN                                               NaN
0                         1.5398723929009728E-8    -1.8367421587244096E-7   NaN                                               NaN
0                         1.5398723929009728E-8    -1.677025449270113E-7    NaN                                               NaN
0                         1.5398723929009728E-8    -1.5173087398158168E-7   NaN                                               NaN
0                         1.5398723929009728E-8    -1.3575920303615201E-7   NaN                                               NaN
0                         1.5398723929009728E-8    -1.1978753209072235E-7   NaN                                               NaN
0                         1.5398723929009728E-8    -1.0381586114529273E-7   NaN                                               NaN
0                         1.5398723929009728E-8    -8.784419019986307E-8    NaN                                               NaN
0                         1.5398723929009728E-8    -7.187251925443345E-8    NaN                                               NaN
0                         1.5398723929009728E-8    -5.590084830900378E-8    NaN                                               NaN
0                         1.5398723929009728E-8    -3.9929177363574116E-8   NaN                                               NaN
0                         1.5398723929009728E-8    -2.39575064181445E-8     NaN                                               NaN
0                         1.5398723929009728E-8    -7.985835472714834E-9    NaN                                               NaN
0                         1.5398723929009728E-8    7.985835472714834E-9     NaN                                               NaN
0                         1.5398723929009728E-8    2.3957506418144448E-8    NaN                                               NaN
0                         1.5398723929009728E-8    3.9929177363574116E-8    NaN                                               NaN
0                         1.5398723929009728E-8    5.590084830900378E-8     NaN                                               NaN
0                         1.5398723929009728E-8    7.18725192544334E-8      NaN                                               NaN
0                         1.5398723929009728E-8    8.784419019986301E-8     NaN                                               NaN
0                         1.5398723929009728E-8    1.0381586114529268E-7    NaN                                               NaN
0                         1.5398723929009728E-8    1.1978753209072235E-7    NaN                                               NaN
0                         1.5398723929009728E-8    1.3575920303615201E-7    NaN                                               NaN
0                         1.5398723929009728E-8    1.5173087398158168E-7    NaN                                               NaN
0                         1.5398723929009728E-8    1.6770254492701124E-7    NaN                                               NaN
0                         1.5398723929009728E-8    1.836742158724409E-7     NaN                                               NaN
0                         1.5398723929009728E-8    1.9964588681787058E-7    NaN                                               NaN
0                         1.5398723929009728E-8    2.1561755776330025E-7    NaN                                               NaN
0                         1.5398723929009728E-8    2.3158922870872991E-7    NaN                                               NaN
0                         1.5398723929009728E-8    2.475608996541595E-7     NaN                                               NaN
0                         1.5398723929009728E-8    2.6353257059958914E-7    NaN                                               NaN
0                         1.5398723929009728E-8    2.795042415450188E-7     NaN                                               NaN
0                         1.5398723929009728E-8    2.954759124904485E-7     NaN                                               NaN
0                         1.5398723929009728E-8    3.1144758343587815E-7    NaN                                               NaN
0                         1.5398723929009728E-8    3.274192543813078E-7     NaN                                               NaN
0                         1.5398723929009728E-8    3.433909253267374E-7     1.0546206570037693E-14                            1.2472542079984968E-13
0                         1.5398723929009728E-8    3.5936259627216704E-7    5.934793054371164E-15                             1.2430445809154588E-13
0                         1.5398723929009728E-8    3.753342672175967E-7     2.5036933797590906E-15                            1.237975674371732E-13
0                         1.5398723929009728E-8    3.913059381630264E-7     -5.369499472213287E-17                            1.2313788202640466E-13
0                         3.0797447858019456E-8    -3.913059381630264E-7    -1.4562898950126562E-16                           -1.3123932384781406E-13
0                         3.0797447858019456E-8    -3.753342672175967E-7    5.98524856602412E-15                              -1.3086738885351112E-13
0                         3.0797447858019456E-8    -3.593625962721671E-7    1.220101258908149E-14                             -1.306464938592439E-13
0                         3.0797447858019456E-8    -3.4339092532673743E-7   1.8981978312430307E-14                            -1.3134841960747215E-13
0                         3.0797447858019456E-8    -3.2741925438130776E-7   NaN                                               NaN
0                         3.0797447858019456E-8    -3.1144758343587815E-7   NaN                                               NaN
0                         3.0797447858019456E-8    -2.954759124904485E-7    NaN                                               NaN
0                         3.0797447858019456E-8    -2.7950424154501886E-7   NaN                                               NaN
0                         3.0797447858019456E-8    -2.635325705995892E-7    NaN                                               NaN
0                         3.0797447858019456E-8    -2.4756089965415953E-7   NaN                                               NaN
0                         3.0797447858019456E-8    -2.3158922870872991E-7   NaN                                               NaN
0                         3.0797447858019456E-8    -2.1561755776330025E-7   NaN                                               NaN
0                         3.0797447858019456E-8    -1.996458868178706E-7    NaN                                               NaN
0                         3.0797447858019456E-8    -1.8367421587244096E-7   NaN                                               NaN
0                         3.0797447858019456E-8    -1.677025449270113E-7    NaN                                               NaN
0                         3.0797447858019456E-8    -1.5173087398158168E-7   NaN                                               NaN
0                         3.0797447858019456E-8    -1.3575920303615201E-7   NaN                                               NaN
0                         3.0797447858019456E-8    -1.1978753209072235E-7   NaN                                               NaN
0                         3.0797447858019456E-8    -1.0381586114529273E-7   NaN                                               NaN
0                         3.0797447858019456E-8    -8.784419019986307E-8    NaN                                               NaN
0                         3.0797447858019456E-8    -7.187251925443345E-8    NaN                                               NaN
0                         3.0797447858019456E-8    -5.590084830900378E-8    NaN                                               NaN
0                         3.0797447858019456E-8    -3.9929177363574116E-8   NaN                                               NaN
0                         3.0797447858019456E-8    -2.39575064181445E-8     NaN                                               NaN
0                         3.0797447858019456E-8    -7.985835472714834E-9    NaN                                               NaN
0                         3.0797447858019456E-8    7.985835472714834E-9     NaN                                               NaN
0                         3.0797447858019456E-8    2.3957506418144448E-8    NaN                                               NaN
0                         3.0797447858019456E-8    3.9929177363574116E-8    NaN                                               NaN
0                         3.0797447858019456E-8    5.590084830900378E-8     NaN                                               NaN
0                         3.0797447858019456E-8    7.18725192544334E-8      NaN                                               NaN
0                         3.0797447858019456E-8    8.784419019986301E-8     NaN                                               NaN
0                         3.0797447858019456E-8    1.0381586114529268E-7    NaN                                               NaN
0                         3.0797447858019456E-8    1.1978753209072235E-7    NaN                                               NaN
0                         3.0797447858019456E-8    1.3575920303615201E-7    NaN                                               NaN
0                         3.0797447858019456E-8    1.5173087398158168E-7    NaN                                               NaN
0                         3.0797447858019456E-8    1.6770254492701124E-7    NaN                                               NaN
0                         3.0797447858019456E-8    1.836742158724409E-7     NaN                                               NaN
0                         3.0797447858019456E-8    1.9964588681787058E-7    NaN                                               NaN
0                         3.0797447858019456E-8    2.1561755776330025E-7    NaN                                               NaN
0                         3.0797447858019456E-8    2.3158922870872991E-7    NaN                                               NaN
0                         3.0797447858019456E-8    2.475608996541595E-7     NaN                                               NaN
0                         3.0797447858019456E-8    2.6353257059958914E-7    NaN                                               NaN
0                         3.0797447858019456E-8    2.795042415450188E-7     NaN                                               NaN
0                         3.0797447858019456E-8    2.954759124904485E-7     NaN                                               NaN
0                         3.0797447858019456E-8    3.1144758343587815E-7    NaN                                               NaN
0                         3.0797447858019456E-8    3.274192543813078E-7     NaN                                               NaN
0                         3.0797447858019456E-8    3.433909253267374E-7     2.0057467368055147E-14                            1.316561153989941E-13
0                         3.0797447858019456E-8    3.5936259627216704E-7    1.0664192761937895E-14                            1.3171513567164273E-13
0                         3.0797447858019456E-8    3.753342672175967E-7     4.068472157523359E-15                             1.3140353821836324E-13
0                         3.0797447858019456E-8    3.913059381630264E-7     1.4562898950131706E-16                            1.312393238478139E-13
0                         4.6196171787029183E-8    -3.913059381630264E-7    -2.7005347151169685E-16                           -1.4206430450217278E-13
0                         4.6196171787029183E-8    -3.753342672175967E-7    6.801166485712022E-15                             -1.4193996833389158E-13
0                         4.6196171787029183E-8    -3.593625962721671E-7    1.6380668427590838E-14                            -1.422583856447399E-13
0                         4.6196171787029183E-8    -3.4339092532673743E-7   2.565825349597267E-14                             -1.4167311552157506E-13
0                         4.6196171787029183E-8    -3.2741925438130776E-7   NaN                                               NaN
0                         4.6196171787029183E-8    -3.1144758343587815E-7   NaN                                               NaN
0                         4.6196171787029183E-8    -2.954759124904485E-7    NaN                                               NaN
0                         4.6196171787029183E-8    -2.7950424154501886E-7   NaN                                               NaN
0                         4.6196171787029183E-8    -2.635325705995892E-7    NaN                                               NaN
0                         4.6196171787029183E-8    -2.4756089965415953E-7   NaN                                               NaN
0                         4.6196171787029183E-8    -2.3158922870872991E-7   NaN                                               NaN
0                         4.6196171787029183E-8    -2.1561755776330025E-7   NaN                                               NaN
0                         4.6196171787029183E-8    -1.996458868178706E-7    NaN                                               NaN
0                         4.6196171787029183E-8    -1.8367421587244096E-7   NaN                                               NaN
0                         4.6196171787029183E-8    -1.677025449270113E-7    NaN                                               NaN
0                         4.6196171787029183E-8    -1.5173087398158168E-7   NaN                                               NaN
0                         4.6196171787029183E-8    -1.3575920303615201E-7   NaN                                               NaN
0                         4.6196171787029183E-8    -1.1978753209072235E-7   NaN                                               NaN
0                         4.6196171787029183E-8    -1.0381586114529273E-7   NaN                                               NaN
0                         4.6196171787029183E-8    -8.784419019986307E-8    NaN                                               NaN
0                         4.6196171787029183E-8    -7.187251925443345E-8    NaN                                               NaN
0                         4.6196171787029183E-8    -5.590084830900378E-8    NaN                                               NaN
0                         4.6196171787029183E-8    -3.9929177363574116E-8   NaN                                               NaN
0                         4.6196171787029183E-8    -2.39575064181445E-8     NaN                                               NaN
0                         4.6196171787029183E-8    -7.985835472714834E-9    NaN                                               NaN
0                         4.6196171787029183E-8    7.985835472714834E-9     NaN                                               NaN
0                         4.6196171787029183E-8    2.3957506418144448E-8    NaN                                               NaN
0                         4.6196171787029183E-8    3.9929177363574116E-8    NaN                                               NaN
0                         4.6196171787029183E-8    5.590084830900378E-8     NaN                                               NaN
0                         4.6196171787029183E-8    7.18725192544334E-8      NaN                                               NaN
0                         4.6196171787029183E-8    8.784419019986301E-8     NaN                                               NaN
0                         4.6196171787029183E-8    1.0381586114529268E-7    NaN                                               NaN
0                         4.6196171787029183E-8    1.1978753209072235E-7    NaN                                               NaN
0                         4.6196171787029183E-8    1.3575920303615201E-7    NaN                                               NaN
0                         4.6196171787029183E-8    1.5173087398158168E-7    NaN                                               NaN
0                         4.6196171787029183E-8    1.6770254492701124E-7    NaN                                               NaN
0                         4.6196171787029183E-8    1.836742158724409E-7     NaN                                               NaN
0                         4.6196171787029183E-8    1.9964588681787058E-7    NaN                                               NaN
0                         4.6196171787029183E-8    2.1561755776330025E-7    NaN                                               NaN
0                         4.6196171787029183E-8    2.3158922870872991E-7    NaN                                               NaN
0                         4.6196171787029183E-8    2.475608996541595E-7     NaN                                               NaN
0                         4.6196171787029183E-8    2.6353257059958914E-7    NaN                                               NaN
0                         4.6196171787029183E-8    2.795042415450188E-7     NaN                                               NaN
0                         4.6196171787029183E-8    2.954759124904485E-7     NaN                                               NaN
0                         4.6196171787029183E-8    3.1144758343587815E-7    NaN                                               NaN
0                         4.6196171787029183E-8    3.274192543813078E-7     NaN                                               NaN
0                         4.6196171787029183E-8    3.433909253267374E-7     2.525943182190506E-14                             1.4308147567269855E-13
0                         4.6196171787029183E-8    3.5936259627216704E-7    1.2695497343780106E-14                            1.430842652141498E-13
0                         4.6196171787029183E-8    3.753342672175967E-7     5.3898310854494985E-15                            1.4243420885413734E-13
0                         4.6196171787029183E-8    3.913059381630264E-7     2.7005347151175947E-16                            1.4206430450217266E-13
0                         6.159489571603891E-8     -3.913059381630264E-7    -3.837780921351444E-16                            -1.5507043329656445E-13
0                         6.159489571603891E-8     -3.753342672175967E-7    7.769618588677963E-15                             -1.5528932653481762E-13
0                         6.159489571603891E-8     -3.593625962721671E-7    1.8478084914308086E-14                            -1.562792737514466E-13
0                         6.159489571603891E-8     -3.4339092532673743E-7   2.9998981880087215E-14                            -1.5531796127112866E-13
0                         6.159489571603891E-8     -3.2741925438130776E-7   NaN                                               NaN
0                         6.159489571603891E-8     -3.1144758343587815E-7   NaN                                               NaN
0                         6.159489571603891E-8     -2.954759124904485E-7    NaN                                               NaN
0                         6.159489571603891E-8     -2.7950424154501886E-7   NaN                                               NaN
0                         6.159489571603891E-8     -2.635325705995892E-7    NaN                                               NaN
0                         6.159489571603891E-8     -2.4756089965415953E-7   NaN                                               NaN
0                         6.159489571603891E-8     -2.3158922870872991E-7   NaN                                               NaN
0                         6.159489571603891E-8     -2.1561755776330025E-7   NaN                                               NaN
0                         6.159489571603891E-8     -1.996458868178706E-7    NaN                                               NaN
0                         6.159489571603891E-8     -1.8367421587244096E-7   NaN                                               NaN
0                         6.159489571603891E-8     -1.677025449270113E-7    NaN                                               NaN
0                         6.159489571603891E-8     -1.5173087398158168E-7   NaN                                               NaN
0                         6.159489571603891E-8     -1.3575920303615201E-7   NaN                                               NaN
0                         6.159489571603891E-8     -1.1978753209072235E-7   NaN                                               NaN
0                         6.159489571603891E-8     -1.0381586114529273E-7   NaN                                               NaN
0                         6.159489571603891E-8     -8.784419019986307E-8    NaN                                               NaN
0                         6.159489571603891E-8     -7.187251925443345E-8    NaN                                               NaN
0                         6.159489571603891E-8     -5.590084830900378E-8    NaN                                               NaN
0                         6.159489571603891E-8     -3.9929177363574116E-8   NaN                                               NaN
0                         6.159489571603891E-8     -2.39575064181445E-8     NaN                                               NaN
0                         6.159489571603891E-8     -7.985835472714834E-9    NaN                                               NaN
0                         6.159489571603891E-8     7.985835472714834E-9     NaN                                               NaN
0                         6.159489571603891E-8     2.3957506418144448E-8    NaN                                               NaN
0                         6.159489571603891E-8     3.9929177363574116E-8    NaN                                               NaN
0                         6.159489571603891E-8     5.590084830900378E-8     NaN                                               NaN
0                         6.159489571603891E-8     7.18725192544334E-8      NaN                                               NaN
0                         6.159489571603891E-8     8.784419019986301E-8     NaN                                               NaN
0                         6.159489571603891E-8     1.0381586114529268E-7    NaN                                               NaN
0                         6.159489571603891E-8     1.1978753209072235E-7    NaN                                               NaN
0                         6.159489571603891E-8     1.3575920303615201E-7    NaN                                               NaN
0                         6.159489571603891E-8     1.5173087398158168E-7    NaN                                               NaN
0                         6.159489571603891E-8     1.6770254492701124E-7    NaN                                               NaN
0                         6.159489571603891E-8     1.836742158724409E-7     NaN                                               NaN
0                         6.159489571603891E-8     1.9964588681787058E-7    NaN                                               NaN
0                         6.159489571603891E-8     2.1561755776330025E-7    NaN                                               NaN
0                         6.159489571603891E-8     2.3158922870872991E-7    NaN                                               NaN
0                         6.159489571603891E-8     2.475608996541595E-7     NaN                                               NaN
0                         6.159489571603891E-8     2.6353257059958914E-7    NaN                                               NaN
0                         6.159489571603891E-8     2.795042415450188E-7     NaN                                               NaN
0                         6.159489571603891E-8     2.954759124904485E-7     NaN                                               NaN
0                         6.159489571603891E-8     3.1144758343587815E-7    NaN                                               NaN
0                         6.159489571603891E-8     3.274192543813078E-7     NaN                                               NaN
0                         6.159489571603891E-8     3.433909253267374E-7     2.7546155645624005E-14                            1.571032997888533E-13
0                         6.159489571603891E-8     3.5936259627216704E-7    1.5062064926821992E-14                            1.5654070676218672E-13
0                         6.159489571603891E-8     3.753342672175967E-7     6.70049015198865E-15                              1.5564602762994442E-13
0                         6.159489571603891E-8     3.913059381630264E-7     3.8377809213521765E-16                            1.5507043329656437E-13
0                         7.699361964504864E-8     -3.913059381630264E-7    -4.868028513716083E-16                            -1.702577102309892E-13
0                         7.699361964504864E-8     -3.753342672175967E-7    8.548251539972473E-15                             -1.7123576203352132E-13
0                         7.699361964504864E-8     -3.593625962721671E-7    2.071647881741836E-14                             -1.7201632143127488E-13
0                         7.699361964504864E-8     -3.4339092532673743E-7   3.151818470141232E-14                             -1.7240415335626885E-13
0                         7.699361964504864E-8     -3.2741925438130776E-7   4.363424708551163E-14                             -1.7141226792928155E-13
0                         7.699361964504864E-8     -3.1144758343587815E-7   NaN                                               NaN
0                         7.699361964504864E-8     -2.954759124904485E-7    NaN                                               NaN
0                         7.699361964504864E-8     -2.7950424154501886E-7   NaN                                               NaN
0                         7.699361964504864E-8     -2.635325705995892E-7    NaN                                               NaN
0                         7.699361964504864E-8     -2.4756089965415953E-7   NaN                                               NaN
0                         7.699361964504864E-8     -2.3158922870872991E-7   NaN                                               NaN
0                         7.699361964504864E-8     -2.1561755776330025E-7   NaN                                               NaN
0                         7.699361964504864E-8     -1.996458868178706E-7    NaN                                               NaN
0                         7.699361964504864E-8     -1.8367421587244096E-7   NaN                                               NaN
0                         7.699361964504864E-8     -1.677025449270113E-7    NaN                                               NaN
0                         7.699361964504864E-8     -1.5173087398158168E-7   NaN                                               NaN
0                         7.699361964504864E-8     -1.3575920303615201E-7   NaN                                               NaN
0                         7.699361964504864E-8     -1.1978753209072235E-7   NaN                                               NaN
0                         7.699361964504864E-8     -1.0381586114529273E-7   NaN                                               NaN
0                         7.699361964504864E-8     -8.784419019986307E-8    NaN                                               NaN
0                         7.699361964504864E-8     -7.187251925443345E-8    NaN                                               NaN
0                         7.699361964504864E-8     -5.590084830900378E-8    NaN                                               NaN
0                         7.699361964504864E-8     -3.9929177363574116E-8   NaN                                               NaN
0                         7.699361964504864E-8     -2.39575064181445E-8     NaN                                               NaN
0                         7.699361964504864E-8     -7.985835472714834E-9    NaN                                               NaN
0                         7.699361964504864E-8     7.985835472714834E-9     NaN                                               NaN
0                         7.699361964504864E-8     2.3957506418144448E-8    NaN                                               NaN
0                         7.699361964504864E-8     3.9929177363574116E-8    NaN                                               NaN
0                         7.699361964504864E-8     5.590084830900378E-8     NaN                                               NaN
0                         7.699361964504864E-8     7.18725192544334E-8      NaN                                               NaN
0                         7.699361964504864E-8     8.784419019986301E-8     NaN                                               NaN
0                         7.699361964504864E-8     1.0381586114529268E-7    NaN                                               NaN
0                         7.699361964504864E-8     1.1978753209072235E-7    NaN                                               NaN
0                         7.699361964504864E-8     1.3575920303615201E-7    NaN                                               NaN
0                         7.699361964504864E-8     1.5173087398158168E-7    NaN                                               NaN
0                         7.699361964504864E-8     1.6770254492701124E-7    NaN                                               NaN
0                         7.699361964504864E-8     1.836742158724409E-7     NaN                                               NaN
0                         7.699361964504864E-8     1.9964588681787058E-7    NaN                                               NaN
0                         7.699361964504864E-8     2.1561755776330025E-7    NaN                                               NaN
0                         7.699361964504864E-8     2.3158922870872991E-7    NaN                                               NaN
0                         7.699361964504864E-8     2.475608996541595E-7     NaN                                               NaN
0                         7.699361964504864E-8     2.6353257059958914E-7    NaN                                               NaN
0                         7.699361964504864E-8     2.795042415450188E-7     NaN                                               NaN
0                         7.699361964504864E-8     2.954759124904485E-7     NaN                                               NaN
0                         7.699361964504864E-8     3.1144758343587815E-7    NaN                                               NaN
0                         7.699361964504864E-8     3.274192543813078E-7     4.4960911682213264E-14                            1.7427067007554013E-13
0                         7.699361964504864E-8     3.433909253267374E-7     3.079391041428465E-14                             1.7296124115756874E-13
0                         7.699361964504864E-8     3.5936259627216704E-7    1.7558958577889855E-14                            1.7213936365944216E-13
0                         7.699361964504864E-8     3.753342672175967E-7     8.000449357140823E-15                             1.7103899454578453E-13
0                         7.699361964504864E-8     3.913059381630264E-7     4.868028513716922E-16                             1.7025771023098915E-13
0                         9.239234357405837E-8     -3.913059381630264E-7    -1.936614425466648E-16                            -1.8698124414091613E-13
0                         9.239234357405837E-8     -3.753342672175967E-7    1.2904970127716444E-14                            -1.8703577618795522E-13
0                         9.239234357405837E-8     -3.593625962721671E-7    2.318588237032979E-14                             -1.8822927381428855E-13
0                         9.239234357405837E-8     -3.4339092532673743E-7   3.2702390745478504E-14                            -1.9015728053978794E-13
0                         9.239234357405837E-8     -3.2741925438130776E-7   4.278227826129583E-14                             -1.899337453798873E-13
0                         9.239234357405837E-8     -3.1144758343587815E-7   NaN                                               NaN
0                         9.239234357405837E-8     -2.954759124904485E-7    NaN                                               NaN
0                         9.239234357405837E-8     -2.7950424154501886E-7   NaN                                               NaN
0                         9.239234357405837E-8     -2.635325705995892E-7    NaN                                               NaN
0                         9.239234357405837E-8     -2.4756089965415953E-7   NaN                                               NaN
0                         9.239234357405837E-8     -2.3158922870872991E-7   NaN                                               NaN
0                         9.239234357405837E-8     -2.1561755776330025E-7   NaN                                               NaN
0                         9.239234357405837E-8     -1.996458868178706E-7    NaN                                               NaN
0                         9.239234357405837E-8     -1.8367421587244096E-7   NaN                                               NaN
0                         9.239234357405837E-8     -1.677025449270113E-7    NaN                                               NaN
0                         9.239234357405837E-8     -1.5173087398158168E-7   NaN                                               NaN
0                         9.239234357405837E-8     -1.3575920303615201E-7   NaN                                               NaN
0                         9.239234357405837E-8     -1.1978753209072235E-7   NaN                                               NaN
0                         9.239234357405837E-8     -1.0381586114529273E-7   NaN                                               NaN
0                         9.239234357405837E-8     -8.784419019986307E-8    NaN                                               NaN
0                         9.239234357405837E-8     -7.187251925443345E-8    NaN                                               NaN
0                         9.239234357405837E-8     -5.590084830900378E-8    NaN                                               NaN
0                         9.239234357405837E-8     -3.9929177363574116E-8   NaN                                               NaN
0                         9.239234357405837E-8     -2.39575064181445E-8     NaN                                               NaN
0                         9.239234357405837E-8     -7.985835472714834E-9    NaN                                               NaN
0                         9.239234357405837E-8     7.985835472714834E-9     NaN                                               NaN
0                         9.239234357405837E-8     2.3957506418144448E-8    NaN                                               NaN
0                         9.239234357405837E-8     3.9929177363574116E-8    NaN                                               NaN
0                         9.239234357405837E-8     5.590084830900378E-8     NaN                                               NaN
0                         9.239234357405837E-8     7.18725192544334E-8      NaN                                               NaN
0                         9.239234357405837E-8     8.784419019986301E-8     NaN                                               NaN
0                         9.239234357405837E-8     1.0381586114529268E-7    NaN                                               NaN
0                         9.239234357405837E-8     1.1978753209072235E-7    NaN                                               NaN
0                         9.239234357405837E-8     1.3575920303615201E-7    NaN                                               NaN
0                         9.239234357405837E-8     1.5173087398158168E-7    NaN                                               NaN
0                         9.239234357405837E-8     1.6770254492701124E-7    NaN                                               NaN
0                         9.239234357405837E-8     1.836742158724409E-7     NaN                                               NaN
0                         9.239234357405837E-8     1.9964588681787058E-7    NaN                                               NaN
0                         9.239234357405837E-8     2.1561755776330025E-7    NaN                                               NaN
0                         9.239234357405837E-8     2.3158922870872991E-7    NaN                                               NaN
0                         9.239234357405837E-8     2.475608996541595E-7     NaN                                               NaN
0                         9.239234357405837E-8     2.6353257059958914E-7    NaN                                               NaN
0                         9.239234357405837E-8     2.795042415450188E-7     NaN                                               NaN
0                         9.239234357405837E-8     2.954759124904485E-7     NaN                                               NaN
0                         9.239234357405837E-8     3.1144758343587815E-7    NaN                                               NaN
0                         9.239234357405837E-8     3.274192543813078E-7     4.3774849863346405E-14                            1.910355404530528E-13
0                         9.239234357405837E-8     3.433909253267374E-7     3.175996785463262E-14                             1.8923840380640457E-13
0                         9.239234357405837E-8     3.5936259627216704E-7    1.792283862026255E-14                             1.883563702460728E-13
0                         9.239234357405837E-8     3.753342672175967E-7     7.401853235542339E-15                             1.8750455841528257E-13
0                         9.239234357405837E-8     3.913059381630264E-7     1.9366144254677231E-16                            1.8698124414091608E-13
0                         1.077910675030681E-7     -3.913059381630264E-7    6.158471408701714E-16                             -2.0306007254531272E-13
0                         1.077910675030681E-7     -3.753342672175967E-7    1.3424815874752856E-14                            -2.029832199364614E-13
0                         1.077910675030681E-7     -3.593625962721671E-7    2.3392219559105454E-14                            -2.0450336936453344E-13
0                         1.077910675030681E-7     -3.4339092532673743E-7   3.0518058193928025E-14                            -2.0762052082952898E-13
0                         1.077910675030681E-7     -3.2741925438130776E-7   3.7863418865151365E-14                            -2.095905044575055E-13
0                         1.077910675030681E-7     -3.1144758343587815E-7   4.9796300518871244E-14                            -2.093426206154105E-13
0                         1.077910675030681E-7     -2.954759124904485E-7    NaN                                               NaN
0                         1.077910675030681E-7     -2.7950424154501886E-7   NaN                                               NaN
0                         1.077910675030681E-7     -2.635325705995892E-7    NaN                                               NaN
0                         1.077910675030681E-7     -2.4756089965415953E-7   NaN                                               NaN
0                         1.077910675030681E-7     -2.3158922870872991E-7   NaN                                               NaN
0                         1.077910675030681E-7     -2.1561755776330025E-7   NaN                                               NaN
0                         1.077910675030681E-7     -1.996458868178706E-7    NaN                                               NaN
0                         1.077910675030681E-7     -1.8367421587244096E-7   NaN                                               NaN
0                         1.077910675030681E-7     -1.677025449270113E-7    NaN                                               NaN
0                         1.077910675030681E-7     -1.5173087398158168E-7   NaN                                               NaN
0                         1.077910675030681E-7     -1.3575920303615201E-7   NaN                                               NaN
0                         1.077910675030681E-7     -1.1978753209072235E-7   NaN                                               NaN
0                         1.077910675030681E-7     -1.0381586114529273E-7   NaN                                               NaN
0                         1.077910675030681E-7     -8.784419019986307E-8    NaN                                               NaN
0                         1.077910675030681E-7     -7.187251925443345E-8    NaN                                               NaN
0                         1.077910675030681E-7     -5.590084830900378E-8    NaN                                               NaN
0                         1.077910675030681E-7     -3.9929177363574116E-8   NaN                                               NaN
0                         1.077910675030681E-7     -2.39575064181445E-8     NaN                                               NaN
0                         1.077910675030681E-7     -7.985835472714834E-9    NaN                                               NaN
0                         1.077910675030681E-7     7.985835472714834E-9     NaN                                               NaN
0                         1.077910675030681E-7     2.3957506418144448E-8    NaN                                               NaN
0                         1.077910675030681E-7     3.9929177363574116E-8    NaN                                               NaN
0                         1.077910675030681E-7     5.590084830900378E-8     NaN                                               NaN
0                         1.077910675030681E-7     7.18725192544334E-8      NaN                                               NaN
0                         1.077910675030681E-7     8.784419019986301E-8     NaN                                               NaN
0                         1.077910675030681E-7     1.0381586114529268E-7    NaN                                               NaN
0                         1.077910675030681E-7     1.1978753209072235E-7    NaN                                               NaN
0                         1.077910675030681E-7     1.3575920303615201E-7    NaN                                               NaN
0                         1.077910675030681E-7     1.5173087398158168E-7    NaN                                               NaN
0                         1.077910675030681E-7     1.6770254492701124E-7    NaN                                               NaN
0                         1.077910675030681E-7     1.836742158724409E-7     NaN                                               NaN
0                         1.077910675030681E-7     1.9964588681787058E-7    NaN                                               NaN
0                         1.077910675030681E-7     2.1561755776330025E-7    NaN                                               NaN
0                         1.077910675030681E-7     2.3158922870872991E-7    NaN                                               NaN
0                         1.077910675030681E-7     2.475608996541595E-7     NaN                                               NaN
0                         1.077910675030681E-7     2.6353257059958914E-7    NaN                                               NaN
0                         1.077910675030681E-7     2.795042415450188E-7     NaN                                               NaN
0                         1.077910675030681E-7     2.954759124904485E-7     NaN                                               NaN
0                         1.077910675030681E-7     3.1144758343587815E-7    4.928105213313737E-14                             2.110682452997111E-13
0                         1.077910675030681E-7     3.274192543813078E-7     4.092344063855643E-14                             2.0812970022988903E-13
0                         1.077910675030681E-7     3.433909253267374E-7     3.0361678594126934E-14                            2.0619984325710623E-13
0                         1.077910675030681E-7     3.5936259627216704E-7    1.8772759180181034E-14                            2.050215385185377E-13
0                         1.077910675030681E-7     3.753342672175967E-7     7.967676257474872E-15                             2.0396682498840826E-13
0                         1.077910675030681E-7     3.913059381630264E-7     -6.158471408700827E-16                            2.0306007254531274E-13
0                         1.2318979143207782E-7    -3.913059381630264E-7    1.1709286733727509E-15                            -2.1885157689412223E-13
0                         1.2318979143207782E-7    -3.753342672175967E-7    1.3391797140674684E-14                            -2.1865202845029154E-13
0                         1.2318979143207782E-7    -3.593625962721671E-7    2.277110055844653E-14                             -2.20049482043384E-13
0                         1.2318979143207782E-7    -3.4339092532673743E-7   2.930883892668836E-14                             -2.2304393767340004E-13
0                         1.2318979143207782E-7    -3.2741925438130776E-7   3.361703755886982E-14                             -2.2720189810849554E-13
0                         1.2318979143207782E-7    -3.1144758343587815E-7   3.88090757704785E-14                              -2.306831273363617E-13
0                         1.2318979143207782E-7    -2.954759124904485E-7    NaN                                               NaN
0                         1.2318979143207782E-7    -2.7950424154501886E-7   NaN                                               NaN
0                         1.2318979143207782E-7    -2.635325705995892E-7    NaN                                               NaN
0                         1.2318979143207782E-7    -2.4756089965415953E-7   NaN                                               NaN
0                         1.2318979143207782E-7    -2.3158922870872991E-7   NaN                                               NaN
0                         1.2318979143207782E-7    -2.1561755776330025E-7   NaN                                               NaN
0                         1.2318979143207782E-7    -1.996458868178706E-7    NaN                                               NaN
0                         1.2318979143207782E-7    -1.8367421587244096E-7   NaN                                               NaN
0                         1.2318979143207782E-7    -1.677025449270113E-7    NaN                                               NaN
0                         1.2318979143207782E-7    -1.5173087398158168E-7   NaN                                               NaN
0                         1.2318979143207782E-7    -1.3575920303615201E-7   NaN                                               NaN
0                         1.2318979143207782E-7    -1.1978753209072235E-7   NaN                                               NaN
0                         1.2318979143207782E-7    -1.0381586114529273E-7   NaN                                               NaN
0                         1.2318979143207782E-7    -8.784419019986307E-8    NaN                                               NaN
0                         1.2318979143207782E-7    -7.187251925443345E-8    NaN                                               NaN
0                         1.2318979143207782E-7    -5.590084830900378E-8    NaN                                               NaN
0                         1.2318979143207782E-7    -3.9929177363574116E-8   NaN                                               NaN
0                         1.2318979143207782E-7    -2.39575064181445E-8     NaN                                               NaN
0                         1.2318979143207782E-7    -7.985835472714834E-9    NaN                                               NaN
0                         1.2318979143207782E-7    7.985835472714834E-9     NaN                                               NaN
0                         1.2318979143207782E-7    2.3957506418144448E-8    NaN                                               NaN
0                         1.2318979143207782E-7    3.9929177363574116E-8    NaN                                               NaN
0                         1.2318979143207782E-7    5.590084830900378E-8     NaN                                               NaN
0                         1.2318979143207782E-7    7.18725192544334E-8      NaN                                               NaN
0                         1.2318979143207782E-7    8.784419019986301E-8     NaN                                               NaN
0                         1.2318979143207782E-7    1.0381586114529268E-7    NaN                                               NaN
0                         1.2318979143207782E-7    1.1978753209072235E-7    NaN                                               NaN
0                         1.2318979143207782E-7    1.3575920303615201E-7    NaN                                               NaN
0                         1.2318979143207782E-7    1.5173087398158168E-7    NaN                                               NaN
0                         1.2318979143207782E-7    1.6770254492701124E-7    NaN                                               NaN
0                         1.2318979143207782E-7    1.836742158724409E-7     NaN                                               NaN
0                         1.2318979143207782E-7    1.9964588681787058E-7    NaN                                               NaN
0                         1.2318979143207782E-7    2.1561755776330025E-7    NaN                                               NaN
0                         1.2318979143207782E-7    2.3158922870872991E-7    NaN                                               NaN
0                         1.2318979143207782E-7    2.475608996541595E-7     NaN                                               NaN
0                         1.2318979143207782E-7    2.6353257059958914E-7    NaN                                               NaN
0                         1.2318979143207782E-7    2.795042415450188E-7     NaN                                               NaN
0                         1.2318979143207782E-7    2.954759124904485E-7     NaN                                               NaN
0                         1.2318979143207782E-7    3.1144758343587815E-7    4.5119677717816883E-14                            2.2869961842428154E-13
0                         1.2318979143207782E-7    3.274192543813078E-7     3.898710209556245E-14                             2.2525773801371392E-13
0                         1.2318979143207782E-7    3.433909253267374E-7     3.097432140239895E-14                             2.2268453572956703E-13
0                         1.2318979143207782E-7    3.5936259627216704E-7    2.108311650675853E-14                             2.2097914203010046E-13
0                         1.2318979143207782E-7    3.753342672175967E-7     9.315263843531106E-15                             2.201406894915866E-13
0                         1.2318979143207782E-7    3.913059381630264E-7     -1.1709286733726832E-15                           2.188515768941224E-13
0                         1.3858851536108754E-7    -3.913059381630264E-7    1.4715831549610744E-15                            -2.3435575718734467E-13
0                         1.3858851536108754E-7    -3.753342672175967E-7    1.3104351355682256E-14                            -2.3403351290853435E-13
0                         1.3858851536108754E-7    -3.593625962721671E-7    2.189555450687335E-14                             -2.3530827066664745E-13
0                         1.3858851536108754E-7    -3.4339092532673743E-7   2.7845192608534428E-14                            -2.3818003046168397E-13
0                         1.3858851536108754E-7    -3.2741925438130776E-7   3.16029604786746E-14                              -2.423916131175338E-13
0                         1.3858851536108754E-7    -3.1144758343587815E-7   3.7448070452370905E-14                            -2.4608323253160023E-13
0                         1.3858851536108754E-7    -2.954759124904485E-7    4.2550093675289763E-14                            -2.501136673399928E-13
0                         1.3858851536108754E-7    -2.7950424154501886E-7   NaN                                               NaN
0                         1.3858851536108754E-7    -2.635325705995892E-7    NaN                                               NaN
0                         1.3858851536108754E-7    -2.4756089965415953E-7   NaN                                               NaN
0                         1.3858851536108754E-7    -2.3158922870872991E-7   NaN                                               NaN
0                         1.3858851536108754E-7    -2.1561755776330025E-7   NaN                                               NaN
0                         1.3858851536108754E-7    -1.996458868178706E-7    NaN                                               NaN
0                         1.3858851536108754E-7    -1.8367421587244096E-7   NaN                                               NaN
0                         1.3858851536108754E-7    -1.677025449270113E-7    NaN                                               NaN
0                         1.3858851536108754E-7    -1.5173087398158168E-7   NaN                                               NaN
0                         1.3858851536108754E-7    -1.3575920303615201E-7   NaN                                               NaN
0                         1.3858851536108754E-7    -1.1978753209072235E-7   NaN                                               NaN
0                         1.3858851536108754E-7    -1.0381586114529273E-7   NaN                                               NaN
0                         1.3858851536108754E-7    -8.784419019986307E-8    NaN                                               NaN
0                         1.3858851536108754E-7    -7.187251925443345E-8    NaN                                               NaN
0                         1.3858851536108754E-7    -5.590084830900378E-8    NaN                                               NaN
0                         1.3858851536108754E-7    -3.9929177363574116E-8   NaN                                               NaN
0                         1.3858851536108754E-7    -2.39575064181445E-8     NaN                                               NaN
0                         1.3858851536108754E-7    -7.985835472714834E-9    NaN                                               NaN
0                         1.3858851536108754E-7    7.985835472714834E-9     NaN                                               NaN
0                         1.3858851536108754E-7    2.3957506418144448E-8    NaN                                               NaN
0                         1.3858851536108754E-7    3.9929177363574116E-8    NaN                                               NaN
0                         1.3858851536108754E-7    5.590084830900378E-8     NaN                                               NaN
0                         1.3858851536108754E-7    7.18725192544334E-8      NaN                                               NaN
0                         1.3858851536108754E-7    8.784419019986301E-8     NaN                                               NaN
0                         1.3858851536108754E-7    1.0381586114529268E-7    NaN                                               NaN
0                         1.3858851536108754E-7    1.1978753209072235E-7    NaN                                               NaN
0                         1.3858851536108754E-7    1.3575920303615201E-7    NaN                                               NaN
0                         1.3858851536108754E-7    1.5173087398158168E-7    NaN                                               NaN
0                         1.3858851536108754E-7    1.6770254492701124E-7    NaN                                               NaN
0                         1.3858851536108754E-7    1.836742158724409E-7     NaN                                               NaN
0                         1.3858851536108754E-7    1.9964588681787058E-7    NaN                                               NaN
0                         1.3858851536108754E-7    2.1561755776330025E-7    NaN                                               NaN
0                         1.3858851536108754E-7    2.3158922870872991E-7    NaN                                               NaN
0                         1.3858851536108754E-7    2.475608996541595E-7     NaN                                               NaN
0                         1.3858851536108754E-7    2.6353257059958914E-7    NaN                                               NaN
0                         1.3858851536108754E-7    2.795042415450188E-7     NaN                                               NaN
0                         1.3858851536108754E-7    2.954759124904485E-7     4.2500508508344087E-14                            2.493021005646651E-13
0                         1.3858851536108754E-7    3.1144758343587815E-7    4.138965693017753E-14                             2.453506978204177E-13
0                         1.3858851536108754E-7    3.274192543813078E-7     3.6525814726954906E-14                            2.414579513773673E-13
0                         1.3858851536108754E-7    3.433909253267374E-7     2.9782997758945347E-14                            2.3843341773197243E-13
0                         1.3858851536108754E-7    3.5936259627216704E-7    2.116298386389525E-14                             2.362762285465248E-13
0                         1.3858851536108754E-7    3.753342672175967E-7     1.0667546456809702E-14                            2.3498551759687754E-13
0                         1.3858851536108754E-7    3.913059381630264E-7     -1.471583154961029E-15                            2.3435575718734477E-13
0                         1.5398723929009728E-7    -3.913059381630264E-7    1.3326092076429346E-15                            -2.4900355119958993E-13
0                         1.5398723929009728E-7    -3.753342672175967E-7    1.2124423866903315E-14                            -2.4875736415531703E-13
0                         1.5398723929009728E-7    -3.593625962721671E-7    2.0601635506452372E-14                            -2.501901109977566E-13
0                         1.5398723929009728E-7    -3.4339092532673743E-7   2.6127119239466247E-14                            -2.530287991943809E-13
0                         1.5398723929009728E-7    -3.2741925438130776E-7   2.9146309408859226E-14                            -2.572541608707175E-13
0                         1.5398723929009728E-7    -3.1144758343587815E-7   3.404699794861797E-14                             -2.6150377073161476E-13
0                         1.5398723929009728E-7    -2.954759124904485E-7    3.5658346368954894E-14                            -2.659787681922711E-13
0                         1.5398723929009728E-7    -2.7950424154501886E-7   3.777289828028085E-14                             -2.694992346525391E-13
0                         1.5398723929009728E-7    -2.635325705995892E-7    NaN                                               NaN
0                         1.5398723929009728E-7    -2.4756089965415953E-7   NaN                                               NaN
0                         1.5398723929009728E-7    -2.3158922870872991E-7   NaN                                               NaN
0                         1.5398723929009728E-7    -2.1561755776330025E-7   NaN                                               NaN
0                         1.5398723929009728E-7    -1.996458868178706E-7    NaN                                               NaN
0                         1.5398723929009728E-7    -1.8367421587244096E-7   NaN                                               NaN
0                         1.5398723929009728E-7    -1.677025449270113E-7    NaN                                               NaN
0                         1.5398723929009728E-7    -1.5173087398158168E-7   NaN                                               NaN
0                         1.5398723929009728E-7    -1.3575920303615201E-7   NaN                                               NaN
0                         1.5398723929009728E-7    -1.1978753209072235E-7   NaN                                               NaN
0                         1.5398723929009728E-7    -1.0381586114529273E-7   NaN                                               NaN
0                         1.5398723929009728E-7    -8.784419019986307E-8    NaN                                               NaN
0                         1.5398723929009728E-7    -7.187251925443345E-8    NaN                                               NaN
0                         1.5398723929009728E-7    -5.590084830900378E-8    NaN                                               NaN
0                         1.5398723929009728E-7    -3.9929177363574116E-8   NaN                                               NaN
0                         1.5398723929009728E-7    -2.39575064181445E-8     NaN                                               NaN
0                         1.5398723929009728E-7    -7.985835472714834E-9    NaN                                               NaN
0                         1.5398723929009728E-7    7.985835472714834E-9     NaN                                               NaN
0                         1.5398723929009728E-7    2.3957506418144448E-8    NaN                                               NaN
0                         1.5398723929009728E-7    3.9929177363574116E-8    NaN                                               NaN
0                         1.5398723929009728E-7    5.590084830900378E-8     NaN                                               NaN
0                         1.5398723929009728E-7    7.18725192544334E-8      NaN                                               NaN
0                         1.5398723929009728E-7    8.784419019986301E-8     NaN                                               NaN
0                         1.5398723929009728E-7    1.0381586114529268E-7    NaN                                               NaN
0                         1.5398723929009728E-7    1.1978753209072235E-7    NaN                                               NaN
0                         1.5398723929009728E-7    1.3575920303615201E-7    NaN                                               NaN
0                         1.5398723929009728E-7    1.5173087398158168E-7    NaN                                               NaN
0                         1.5398723929009728E-7    1.6770254492701124E-7    NaN                                               NaN
0                         1.5398723929009728E-7    1.836742158724409E-7     NaN                                               NaN
0                         1.5398723929009728E-7    1.9964588681787058E-7    NaN                                               NaN
0                         1.5398723929009728E-7    2.1561755776330025E-7    NaN                                               NaN
0                         1.5398723929009728E-7    2.3158922870872991E-7    NaN                                               NaN
0                         1.5398723929009728E-7    2.475608996541595E-7     NaN                                               NaN
0                         1.5398723929009728E-7    2.6353257059958914E-7    NaN                                               NaN
0                         1.5398723929009728E-7    2.795042415450188E-7     3.6905930988641247E-14                            2.687645668661639E-13
0                         1.5398723929009728E-7    2.954759124904485E-7     3.5600216484772116E-14                            2.6530932806530403E-13
0                         1.5398723929009728E-7    3.1144758343587815E-7    3.362382237008803E-14                             2.6127842402722234E-13
0                         1.5398723929009728E-7    3.274192543813078E-7     3.181102622818796E-14                             2.5699869117427167E-13
0                         1.5398723929009728E-7    3.433909253267374E-7     2.636553994948723E-14                             2.5351816926003477E-13
0                         1.5398723929009728E-7    3.5936259627216704E-7    1.922476481090549E-14                             2.50832494061465E-13
0                         1.5398723929009728E-7    3.753342672175967E-7     1.001432103483059E-14                             2.4931217156135983E-13
0                         1.5398723929009728E-7    3.913059381630264E-7     -1.332609207642878E-15                            2.490035511995902E-13
0                         1.6938596321910702E-7    -3.913059381630264E-7    1.1192675615719262E-15                            -2.622548883524043E-13
0                         1.6938596321910702E-7    -3.753342672175967E-7    1.0572794114031697E-14                            -2.6197906441556943E-13
0                         1.6938596321910702E-7    -3.593625962721671E-7    1.7711717646780163E-14                            -2.633821743654468E-13
0                         1.6938596321910702E-7    -3.4339092532673743E-7   2.2536038159817358E-14                            -2.6646421820203664E-13
0                         1.6938596321910702E-7    -3.2741925438130776E-7   2.574983370010631E-14                             -2.7105850247049587E-13
0                         1.6938596321910702E-7    -3.1144758343587815E-7   2.8064806637119817E-14                            -2.7510751133609746E-13
0                         1.6938596321910702E-7    -2.954759124904485E-7    2.9961696395308755E-14                            -2.7837588897457563E-13
0                         1.6938596321910702E-7    -2.7950424154501886E-7   3.127720832504708E-14                             -2.813209295051587E-13
0                         1.6938596321910702E-7    -2.635325705995892E-7    2.5085144853460378E-14                            -2.903483284542742E-13
0                         1.6938596321910702E-7    -2.4756089965415953E-7   NaN                                               NaN
0                         1.6938596321910702E-7    -2.3158922870872991E-7   NaN                                               NaN
0                         1.6938596321910702E-7    -2.1561755776330025E-7   NaN                                               NaN
0                         1.6938596321910702E-7    -1.996458868178706E-7    NaN                                               NaN
0                         1.6938596321910702E-7    -1.8367421587244096E-7   NaN                                               NaN
0                         1.6938596321910702E-7    -1.677025449270113E-7    NaN                                               NaN
0                         1.6938596321910702E-7    -1.5173087398158168E-7   NaN                                               NaN
0                         1.6938596321910702E-7    -1.3575920303615201E-7   NaN                                               NaN
0                         1.6938596321910702E-7    -1.1978753209072235E-7   NaN                                               NaN
0                         1.6938596321910702E-7    -1.0381586114529273E-7   NaN                                               NaN
0                         1.6938596321910702E-7    -8.784419019986307E-8    NaN                                               NaN
0                         1.6938596321910702E-7    -7.187251925443345E-8    NaN                                               NaN
0                         1.6938596321910702E-7    -5.590084830900378E-8    NaN                                               NaN
0                         1.6938596321910702E-7    -3.9929177363574116E-8   NaN                                               NaN
0                         1.6938596321910702E-7    -2.39575064181445E-8     NaN                                               NaN
0                         1.6938596321910702E-7    -7.985835472714834E-9    NaN                                               NaN
0                         1.6938596321910702E-7    7.985835472714834E-9     NaN                                               NaN
0                         1.6938596321910702E-7    2.3957506418144448E-8    NaN                                               NaN
0                         1.6938596321910702E-7    3.9929177363574116E-8    NaN                                               NaN
0                         1.6938596321910702E-7    5.590084830900378E-8     NaN                                               NaN
0                         1.6938596321910702E-7    7.18725192544334E-8      NaN                                               NaN
0                         1.6938596321910702E-7    8.784419019986301E-8     NaN                                               NaN
0                         1.6938596321910702E-7    1.0381586114529268E-7    NaN                                               NaN
0                         1.6938596321910702E-7    1.1978753209072235E-7    NaN                                               NaN
0                         1.6938596321910702E-7    1.3575920303615201E-7    NaN                                               NaN
0                         1.6938596321910702E-7    1.5173087398158168E-7    NaN                                               NaN
0                         1.6938596321910702E-7    1.6770254492701124E-7    NaN                                               NaN
0                         1.6938596321910702E-7    1.836742158724409E-7     NaN                                               NaN
0                         1.6938596321910702E-7    1.9964588681787058E-7    NaN                                               NaN
0                         1.6938596321910702E-7    2.1561755776330025E-7    NaN                                               NaN
0                         1.6938596321910702E-7    2.3158922870872991E-7    NaN                                               NaN
0                         1.6938596321910702E-7    2.475608996541595E-7     NaN                                               NaN
0                         1.6938596321910702E-7    2.6353257059958914E-7    2.5324583650521443E-14                            2.8921754328489927E-13
0                         1.6938596321910702E-7    2.795042415450188E-7     2.869394059076762E-14                             2.827784537468911E-13
0                         1.6938596321910702E-7    2.954759124904485E-7     2.878355082170497E-14                             2.799337761657977E-13
0                         1.6938596321910702E-7    3.1144758343587815E-7    2.8130017180924207E-14                            2.7649223949378335E-13
0                         1.6938596321910702E-7    3.274192543813078E-7     2.6732853638998933E-14                            2.7245249485064296E-13
0                         1.6938596321910702E-7    3.433909253267374E-7     2.3716927494034728E-14                            2.6771133929689276E-13
0                         1.6938596321910702E-7    3.5936259627216704E-7    1.7102679359449648E-14                            2.640424804938608E-13
0                         1.6938596321910702E-7    3.753342672175967E-7     9.05994913213818E-15                              2.625428333539648E-13
0                         1.6938596321910702E-7    3.913059381630264E-7     -1.1192675615718625E-15                           2.622548883524042E-13
0                         1.8478468714811673E-7    -3.913059381630264E-7    8.832132680648405E-16                             -2.7412954330037933E-13
0                         1.8478468714811673E-7    -3.753342672175967E-7    9.617425196810926E-15                             -2.7387536482973313E-13
0                         1.8478468714811673E-7    -3.593625962721671E-7    1.6327178783881298E-14                            -2.750388799909379E-13
0                         1.8478468714811673E-7    -3.4339092532673743E-7   2.0245707360047217E-14                            -2.7745882551885357E-13
0                         1.8478468714811673E-7    -3.2741925438130776E-7   2.2123703948375387E-14                            -2.811978367641821E-13
0                         1.8478468714811673E-7    -3.1144758343587815E-7   2.3562272690564912E-14                            -2.845261712077521E-13
0                         1.8478468714811673E-7    -2.954759124904485E-7    2.458286840880249E-14                             -2.870773173231428E-13
0                         1.8478468714811673E-7    -2.7950424154501886E-7   2.4642000827684542E-14                            -2.9032732381891756E-13
0                         1.8478468714811673E-7    -2.635325705995892E-7    1.588350022859819E-14                             -2.9788074844943663E-13
0                         1.8478468714811673E-7    -2.4756089965415953E-7   -3.0296634366510577E-15                           -3.0975862188809105E-13
0                         1.8478468714811673E-7    -2.3158922870872991E-7   NaN                                               NaN
0                         1.8478468714811673E-7    -2.1561755776330025E-7   NaN                                               NaN
0                         1.8478468714811673E-7    -1.996458868178706E-7    NaN                                               NaN
0                         1.8478468714811673E-7    -1.8367421587244096E-7   NaN                                               NaN
0                         1.8478468714811673E-7    -1.677025449270113E-7    NaN                                               NaN
0                         1.8478468714811673E-7    -1.5173087398158168E-7   NaN                                               NaN
0                         1.8478468714811673E-7    -1.3575920303615201E-7   NaN                                               NaN
0                         1.8478468714811673E-7    -1.1978753209072235E-7   NaN                                               NaN
0                         1.8478468714811673E-7    -1.0381586114529273E-7   NaN                                               NaN
0                         1.8478468714811673E-7    -8.784419019986307E-8    NaN                                               NaN
0                         1.8478468714811673E-7    -7.187251925443345E-8    NaN                                               NaN
0                         1.8478468714811673E-7    -5.590084830900378E-8    NaN                                               NaN
0                         1.8478468714811673E-7    -3.9929177363574116E-8   NaN                                               NaN
0                         1.8478468714811673E-7    -2.39575064181445E-8     NaN                                               NaN
0                         1.8478468714811673E-7    -7.985835472714834E-9    NaN                                               NaN
0                         1.8478468714811673E-7    7.985835472714834E-9     NaN                                               NaN
0                         1.8478468714811673E-7    2.3957506418144448E-8    NaN                                               NaN
0                         1.8478468714811673E-7    3.9929177363574116E-8    NaN                                               NaN
0                         1.8478468714811673E-7    5.590084830900378E-8     NaN                                               NaN
0                         1.8478468714811673E-7    7.18725192544334E-8      NaN                                               NaN
0                         1.8478468714811673E-7    8.784419019986301E-8     NaN                                               NaN
0                         1.8478468714811673E-7    1.0381586114529268E-7    NaN                                               NaN
0                         1.8478468714811673E-7    1.1978753209072235E-7    NaN                                               NaN
0                         1.8478468714811673E-7    1.3575920303615201E-7    NaN                                               NaN
0                         1.8478468714811673E-7    1.5173087398158168E-7    NaN                                               NaN
0                         1.8478468714811673E-7    1.6770254492701124E-7    NaN                                               NaN
0                         1.8478468714811673E-7    1.836742158724409E-7     NaN                                               NaN
0                         1.8478468714811673E-7    1.9964588681787058E-7    NaN                                               NaN
0                         1.8478468714811673E-7    2.1561755776330025E-7    NaN                                               NaN
0                         1.8478468714811673E-7    2.3158922870872991E-7    NaN                                               NaN
0                         1.8478468714811673E-7    2.475608996541595E-7     -9.911805489147305E-16                            3.064575377666834E-13
0                         1.8478468714811673E-7    2.6353257059958914E-7    1.558680795457864E-14                             2.9599707152719996E-13
0                         1.8478468714811673E-7    2.795042415450188E-7     2.126259902966186E-14                             2.9182200071456334E-13
0                         1.8478468714811673E-7    2.954759124904485E-7     2.2648226384956032E-14                            2.8958828039104735E-13
0                         1.8478468714811673E-7    3.1144758343587815E-7    2.3294691134600416E-14                            2.86759167303641E-13
0                         1.8478468714811673E-7    3.274192543813078E-7     2.3201467719993587E-14                            2.833333456838044E-13
0                         1.8478468714811673E-7    3.433909253267374E-7     2.2299058870974487E-14                            2.793294121227697E-13
0                         1.8478468714811673E-7    3.5936259627216704E-7    1.79218004943947E-14                              2.761415463366756E-13
0                         1.8478468714811673E-7    3.753342672175967E-7     9.746927496614287E-15                             2.744198219194536E-13
0                         1.8478468714811673E-7    3.913059381630264E-7     -8.832132680647718E-16                            2.741295433003793E-13
0                         2.0018341107712645E-7    -3.913059381630264E-7    7.094384125116367E-16                             -2.832126549171698E-13
0                         2.0018341107712645E-7    -3.753342672175967E-7    1.0830514059131486E-14                            -2.8301423091451535E-13
0                         2.0018341107712645E-7    -3.593625962721671E-7    1.5795822124695853E-14                            -2.8313507309900155E-13
0                         2.0018341107712645E-7    -3.4339092532673743E-7   1.779962121231793E-14                             -2.8470583215530513E-13
0                         2.0018341107712645E-7    -3.2741925438130776E-7   1.879025492325479E-14                             -2.880787987779713E-13
0                         2.0018341107712645E-7    -3.1144758343587815E-7   1.9363215572076448E-14                            -2.906770804646961E-13
0                         2.0018341107712645E-7    -2.954759124904485E-7    2.0353832818596532E-14                            -2.9210350698485747E-13
0                         2.0018341107712645E-7    -2.7950424154501886E-7   1.9262683315128675E-14                            -2.937926178105055E-13
0                         2.0018341107712645E-7    -2.635325705995892E-7    8.360690397679582E-15                             -2.995784790545455E-13
0                         2.0018341107712645E-7    -2.4756089965415953E-7   -1.2187460983379506E-14                           -3.0935574160189815E-13
0                         2.0018341107712645E-7    -2.3158922870872991E-7   -4.2209065974856764E-14                           -3.2301371688584866E-13
0                         2.0018341107712645E-7    -2.1561755776330025E-7   NaN                                               NaN
0                         2.0018341107712645E-7    -1.996458868178706E-7    NaN                                               NaN
0                         2.0018341107712645E-7    -1.8367421587244096E-7   NaN                                               NaN
0                         2.0018341107712645E-7    -1.677025449270113E-7    NaN                                               NaN
0                         2.0018341107712645E-7    -1.5173087398158168E-7   NaN                                               NaN
0                         2.0018341107712645E-7    -1.3575920303615201E-7   NaN                                               NaN
0                         2.0018341107712645E-7    -1.1978753209072235E-7   NaN                                               NaN
0                         2.0018341107712645E-7    -1.0381586114529273E-7   NaN                                               NaN
0                         2.0018341107712645E-7    -8.784419019986307E-8    NaN                                               NaN
0                         2.0018341107712645E-7    -7.187251925443345E-8    NaN                                               NaN
0                         2.0018341107712645E-7    -5.590084830900378E-8    NaN                                               NaN
0                         2.0018341107712645E-7    -3.9929177363574116E-8   NaN                                               NaN
0                         2.0018341107712645E-7    -2.39575064181445E-8     NaN                                               NaN
0                         2.0018341107712645E-7    -7.985835472714834E-9    NaN                                               NaN
0                         2.0018341107712645E-7    7.985835472714834E-9     NaN                                               NaN
0                         2.0018341107712645E-7    2.3957506418144448E-8    NaN                                               NaN
0                         2.0018341107712645E-7    3.9929177363574116E-8    NaN                                               NaN
0                         2.0018341107712645E-7    5.590084830900378E-8     NaN                                               NaN
0                         2.0018341107712645E-7    7.18725192544334E-8      NaN                                               NaN
0                         2.0018341107712645E-7    8.784419019986301E-8     NaN                                               NaN
0                         2.0018341107712645E-7    1.0381586114529268E-7    NaN                                               NaN
0                         2.0018341107712645E-7    1.1978753209072235E-7    NaN                                               NaN
0                         2.0018341107712645E-7    1.3575920303615201E-7    NaN                                               NaN
0                         2.0018341107712645E-7    1.5173087398158168E-7    NaN                                               NaN
0                         2.0018341107712645E-7    1.6770254492701124E-7    NaN                                               NaN
0                         2.0018341107712645E-7    1.836742158724409E-7     NaN                                               NaN
0                         2.0018341107712645E-7    1.9964588681787058E-7    NaN                                               NaN
0                         2.0018341107712645E-7    2.1561755776330025E-7    NaN                                               NaN
0                         2.0018341107712645E-7    2.3158922870872991E-7    -3.862910909526059E-14                            3.180418342149364E-13
0                         2.0018341107712645E-7    2.475608996541595E-7     -1.0662073862745751E-14                           3.052533485547253E-13
0                         2.0018341107712645E-7    2.6353257059958914E-7    7.190698673313804E-15                             2.979881219928063E-13
0                         2.0018341107712645E-7    2.795042415450188E-7     1.455780673080023E-14                             2.9584786327107094E-13
0                         2.0018341107712645E-7    2.954759124904485E-7     1.7216687848471758E-14                            2.942482048333808E-13
0                         2.0018341107712645E-7    3.1144758343587815E-7    1.9140498439879657E-14                            2.920544093750853E-13
0                         2.0018341107712645E-7    3.274192543813078E-7     2.032867354666663E-14                             2.8926519528355756E-13
0                         2.0018341107712645E-7    3.433909253267374E-7     2.0780656613819236E-14                            2.8587928226709266E-13
0                         2.0018341107712645E-7    3.5936259627216704E-7    1.924121594643073E-14                             2.8324060021266317E-13
0                         2.0018341107712645E-7    3.753342672175967E-7     1.2358760419289716E-14                            2.8267920744836363E-13
0                         2.0018341107712645E-7    3.913059381630264E-7     -7.094384125115545E-16                            2.8321265491716973E-13
0                         2.155821350061362E-7     -3.913059381630264E-7    5.140741755917857E-16                             -2.89446417421462E-13
0                         2.155821350061362E-7     -3.753342672175967E-7    8.616315190901161E-15                             -2.883935933031815E-13
0                         2.155821350061362E-7     -3.593625962721671E-7    1.3892772554033508E-14                            -2.8754079178151876E-13
0                         2.155821350061362E-7     -3.4339092532673743E-7   1.5663327215920747E-14                            -2.888298638391165E-13
0                         2.155821350061362E-7     -3.2741925438130776E-7   1.6018800919699383E-14                            -2.912586540805427E-13
0                         2.155821350061362E-7     -3.1144758343587815E-7   1.6153376476504943E-14                            -2.930138245052433E-13
0                         2.155821350061362E-7     -2.954759124904485E-7    1.766935683432177E-14                             -2.9246133923194547E-13
0                         2.155821350061362E-7     -2.7950424154501886E-7   1.469341384691945E-14                             -2.9240310751955116E-13
0                         2.155821350061362E-7     -2.635325705995892E-7    2.6960954848523716E-15                            -2.9598817150433184E-13
0                         2.155821350061362E-7     -2.4756089965415953E-7   -1.8325697270939416E-14                           -3.0321870539471883E-13
0                         2.155821350061362E-7     -2.3158922870872991E-7   -4.837510038309836E-14                            -3.14096909348159E-13
0                         2.155821350061362E-7     -2.1561755776330025E-7   -8.344938659311462E-14                            -3.2486345797245627E-13
0                         2.155821350061362E-7     -1.996458868178706E-7    -1.1896651567797077E-13                           -3.3376867157013173E-13
0                         2.155821350061362E-7     -1.8367421587244096E-7   NaN                                               NaN
0                         2.155821350061362E-7     -1.677025449270113E-7    NaN                                               NaN
0                         2.155821350061362E-7     -1.5173087398158168E-7   NaN                                               NaN
0                         2.155821350061362E-7     -1.3575920303615201E-7   NaN                                               NaN
0                         2.155821350061362E-7     -1.1978753209072235E-7   NaN                                               NaN
0                         2.155821350061362E-7     -1.0381586114529273E-7   NaN                                               NaN
0                         2.155821350061362E-7     -8.784419019986307E-8    NaN                                               NaN
0                         2.155821350061362E-7     -7.187251925443345E-8    NaN                                               NaN
0                         2.155821350061362E-7     -5.590084830900378E-8    NaN                                               NaN
0                         2.155821350061362E-7     -3.9929177363574116E-8   NaN                                               NaN
0                         2.155821350061362E-7     -2.39575064181445E-8     NaN                                               NaN
0                         2.155821350061362E-7     -7.985835472714834E-9    NaN                                               NaN
0                         2.155821350061362E-7     7.985835472714834E-9     NaN                                               NaN
0                         2.155821350061362E-7     2.3957506418144448E-8    NaN                                               NaN
0                         2.155821350061362E-7     3.9929177363574116E-8    NaN                                               NaN
0                         2.155821350061362E-7     5.590084830900378E-8     NaN                                               NaN
0                         2.155821350061362E-7     7.18725192544334E-8      NaN                                               NaN
0                         2.155821350061362E-7     8.784419019986301E-8     NaN                                               NaN
0                         2.155821350061362E-7     1.0381586114529268E-7    NaN                                               NaN
0                         2.155821350061362E-7     1.1978753209072235E-7    NaN                                               NaN
0                         2.155821350061362E-7     1.3575920303615201E-7    NaN                                               NaN
0                         2.155821350061362E-7     1.5173087398158168E-7    NaN                                               NaN
0                         2.155821350061362E-7     1.6770254492701124E-7    NaN                                               NaN
0                         2.155821350061362E-7     1.836742158724409E-7     NaN                                               NaN
0                         2.155821350061362E-7     1.9964588681787058E-7    -1.153651179053118E-13                            3.3163022872511403E-13
0                         2.155821350061362E-7     2.1561755776330025E-7    -8.14328427248695E-14                             3.2305415852039873E-13
0                         2.155821350061362E-7     2.3158922870872991E-7    -4.4818310326324765E-14                           3.0949416668354436E-13
0                         2.155821350061362E-7     2.475608996541595E-7     -1.6866758560061012E-14                           3.00033893666516E-13
0                         2.155821350061362E-7     2.6353257059958914E-7    1.1672648331844657E-15                            2.957886422404348E-13
0                         2.155821350061362E-7     2.795042415450188E-7     8.746824650227119E-15                             2.957779753245177E-13
0                         2.155821350061362E-7     2.954759124904485E-7     1.1835329137038857E-14                            2.9478127102802406E-13
0                         2.155821350061362E-7     3.1144758343587815E-7    1.4422858127252926E-14                            2.931703082398881E-13
0                         2.155821350061362E-7     3.274192543813078E-7     1.6509411620869305E-14                            2.9094508696010973E-13
0                         2.155821350061362E-7     3.433909253267374E-7     1.8079791081039088E-14                            2.8812969204587206E-13
0                         2.155821350061362E-7     3.5936259627216704E-7    1.6596444497860792E-14                            2.875883776125931E-13
0                         2.155821350061362E-7     3.753342672175967E-7     1.0143917072509406E-14                            2.8838957012960085E-13
0                         2.155821350061362E-7     3.913059381630264E-7     -5.140741755917226E-16                            2.8944641742146195E-13
0                         2.3098085893514593E-7    -3.913059381630264E-7    2.7301174095941767E-16                            -2.930671286114015E-13
0                         2.3098085893514593E-7    -3.753342672175967E-7    6.356418124958319E-15                             -2.9115990437749477E-13
0                         2.3098085893514593E-7    -3.593625962721671E-7    1.0034601896416848E-14                            -2.8989259241268364E-13
0                         2.3098085893514593E-7    -3.4339092532673743E-7   1.3158481268967963E-14                            -2.8861168791748906E-13
0                         2.3098085893514593E-7    -3.2741925438130776E-7   1.4864225443193854E-14                            -2.892224470732786E-13
0                         2.3098085893514593E-7    -3.1144758343587815E-7   1.4887754566453274E-14                            -2.9134033681469484E-13
0                         2.3098085893514593E-7    -2.954759124904485E-7    1.2650657163911988E-14                            -2.917834023600803E-13
0                         2.3098085893514593E-7    -2.7950424154501886E-7   9.17694593433701E-15                              -2.892833186830296E-13
0                         2.3098085893514593E-7    -2.635325705995892E-7    -3.2684858745809764E-15                           -2.9039162705280794E-13
0                         2.3098085893514593E-7    -2.4756089965415953E-7   -2.4688280065256007E-14                           -2.9511017965432886E-13
0                         2.3098085893514593E-7    -2.3158922870872991E-7   -5.4749016169063255E-14                           -3.029838996711881E-13
0                         2.3098085893514593E-7    -2.1561755776330025E-7   -8.750272259724049E-14                            -3.096310683366282E-13
0                         2.3098085893514593E-7    -1.996458868178706E-7    -1.2121648132662624E-13                           -3.1524251947026834E-13
0                         2.3098085893514593E-7    -1.8367421587244096E-7   -1.590205826452639E-13                            -3.174200678895547E-13
0                         2.3098085893514593E-7    -1.677025449270113E-7    -2.0550761500962164E-13                           -3.252577336907821E-13
0                         2.3098085893514593E-7    -1.5173087398158168E-7   NaN                                               NaN
0                         2.3098085893514593E-7    -1.3575920303615201E-7   NaN                                               NaN
0                         2.3098085893514593E-7    -1.1978753209072235E-7   NaN                                               NaN
0                         2.3098085893514593E-7    -1.0381586114529273E-7   NaN                                               NaN
0                         2.3098085893514593E-7    -8.784419019986307E-8    NaN                                               NaN
0                         2.3098085893514593E-7    -7.187251925443345E-8    NaN                                               NaN
0                         2.3098085893514593E-7    -5.590084830900378E-8    NaN                                               NaN
0                         2.3098085893514593E-7    -3.9929177363574116E-8   NaN                                               NaN
0                         2.3098085893514593E-7    -2.39575064181445E-8     NaN                                               NaN
0                         2.3098085893514593E-7    -7.985835472714834E-9    NaN                                               NaN
0                         2.3098085893514593E-7    7.985835472714834E-9     NaN                                               NaN
0                         2.3098085893514593E-7    2.3957506418144448E-8    NaN                                               NaN
0                         2.3098085893514593E-7    3.9929177363574116E-8    NaN                                               NaN
0                         2.3098085893514593E-7    5.590084830900378E-8     NaN                                               NaN
0                         2.3098085893514593E-7    7.18725192544334E-8      NaN                                               NaN
0                         2.3098085893514593E-7    8.784419019986301E-8     NaN                                               NaN
0                         2.3098085893514593E-7    1.0381586114529268E-7    NaN                                               NaN
0                         2.3098085893514593E-7    1.1978753209072235E-7    NaN                                               NaN
0                         2.3098085893514593E-7    1.3575920303615201E-7    NaN                                               NaN
0                         2.3098085893514593E-7    1.5173087398158168E-7    NaN                                               NaN
0                         2.3098085893514593E-7    1.6770254492701124E-7    -2.0608465364551772E-13                           3.1910986802687356E-13
0                         2.3098085893514593E-7    1.836742158724409E-7     -1.5912420634387166E-13                           3.15643949087473E-13
0                         2.3098085893514593E-7    1.9964588681787058E-7    -1.1688502603367898E-13                           3.100676891392653E-13
0                         2.3098085893514593E-7    2.1561755776330025E-7    -8.219744273940175E-14                            3.062417684213674E-13
0                         2.3098085893514593E-7    2.3158922870872991E-7    -5.040481485761173E-14                            2.9899299759109343E-13
0                         2.3098085893514593E-7    2.475608996541595E-7     -2.2795800494670336E-14                           2.926888601671989E-13
0                         2.3098085893514593E-7    2.6353257059958914E-7    -4.924015357470864E-15                            2.914601072511668E-13
0                         2.3098085893514593E-7    2.795042415450188E-7     2.7433413753939397E-15                            2.9358452505013736E-13
0                         2.3098085893514593E-7    2.954759124904485E-7     6.14489337827825E-15                              2.9315517700209846E-13
0                         2.3098085893514593E-7    3.1144758343587815E-7    9.045469884564837E-15                             2.9211157046241715E-13
0                         2.3098085893514593E-7    3.274192543813078E-7     1.1389156447590855E-14                            2.9133146370983265E-13
0                         2.3098085893514593E-7    3.433909253267374E-7     1.2215811464452947E-14                            2.917105403786946E-13
0                         2.3098085893514593E-7    3.5936259627216704E-7    1.118902571105342E-14                             2.916533536458815E-13
0                         2.3098085893514593E-7    3.753342672175967E-7     7.974771923441619E-15                             2.9148688149648535E-13
0                         2.3098085893514593E-7    3.913059381630264E-7     -2.7301174095936915E-16                           2.930671286114014E-13
0                         2.4637958286415564E-7    -3.913059381630264E-7    -1.3748891385476266E-17-1.0906546946923969E-26i   -2.9407478848698835E-13
0                         2.4637958286415564E-7    -3.753342672175967E-7    3.958875715717965E-15                             -2.9254231007264794E-13
0                         2.4637958286415564E-7    -3.593625962721671E-7    7.249955952972523E-15                             -2.911479652688441E-13
0                         2.4637958286415564E-7    -3.4339092532673743E-7   1.0187763511303109E-14                            -2.894372995856737E-13
0                         2.4637958286415564E-7    -3.2741925438130776E-7   1.2772298390709637E-14                            -2.8741031302313697E-13
0                         2.4637958286415564E-7    -3.1144758343587815E-7   1.2029139627837342E-14                            -2.8815061035827535E-13
0                         2.4637958286415564E-7    -2.954759124904485E-7    7.372997310224516E-15                             -2.889774803047528E-13
0                         2.4637958286415564E-7    -2.7950424154501886E-7   2.8831759333137747E-15                            -2.845407346354263E-13
0                         2.4637958286415564E-7    -2.635325705995892E-7    -1.0027098904008181E-14                           -2.8318811358949895E-13
0                         2.4637958286415564E-7    -2.4756089965415953E-7   -3.186233297228451E-14                            -2.854110442250138E-13
0                         2.4637958286415564E-7    -2.3158922870872991E-7   -6.125943985165387E-14                            -2.8982028996577713E-13
0                         2.4637958286415564E-7    -2.1561755776330025E-7   -9.211705862514094E-14                            -2.91460614190404E-13
0                         2.4637958286415564E-7    -1.996458868178706E-7    -1.263681169682982E-13                            -2.9153775343981104E-13
0                         2.4637958286415564E-7    -1.8367421587244096E-7   -1.64622994580678E-13                             -2.9108791573908946E-13
0                         2.4637958286415564E-7    -1.677025449270113E-7    -2.1029098168689936E-13                           -2.9373081858766325E-13
0                         2.4637958286415564E-7    -1.5173087398158168E-7   -2.5820966769227543E-13                           -2.938183106866757E-13
0                         2.4637958286415564E-7    -1.3575920303615201E-7   -3.0690707561218235E-13                           -2.895233718237948E-13
0                         2.4637958286415564E-7    -1.1978753209072235E-7   -3.563147689379108E-13                            -2.805152487440196E-13
0                         2.4637958286415564E-7    -1.0381586114529273E-7   NaN                                               NaN
0                         2.4637958286415564E-7    -8.784419019986307E-8    NaN                                               NaN
0                         2.4637958286415564E-7    -7.187251925443345E-8    NaN                                               NaN
0                         2.4637958286415564E-7    -5.590084830900378E-8    NaN                                               NaN
0                         2.4637958286415564E-7    -3.9929177363574116E-8   NaN                                               NaN
0                         2.4637958286415564E-7    -2.39575064181445E-8     NaN                                               NaN
0                         2.4637958286415564E-7    -7.985835472714834E-9    NaN                                               NaN
0                         2.4637958286415564E-7    7.985835472714834E-9     NaN                                               NaN
0                         2.4637958286415564E-7    2.3957506418144448E-8    NaN                                               NaN
0                         2.4637958286415564E-7    3.9929177363574116E-8    NaN                                               NaN
0                         2.4637958286415564E-7    5.590084830900378E-8     NaN                                               NaN
0                         2.4637958286415564E-7    7.18725192544334E-8      NaN                                               NaN
0                         2.4637958286415564E-7    8.784419019986301E-8     NaN                                               NaN
0                         2.4637958286415564E-7    1.0381586114529268E-7    NaN                                               NaN
0                         2.4637958286415564E-7    1.1978753209072235E-7    -3.569414772922392E-13                            2.730651578630448E-13
0                         2.4637958286415564E-7    1.3575920303615201E-7    -3.0780500228181217E-13                           2.8137302680750936E-13
0                         2.4637958286415564E-7    1.5173087398158168E-7    -2.5929929759631595E-13                           2.8634554504669804E-13
0                         2.4637958286415564E-7    1.6770254492701124E-7    -2.1150402948594188E-13                           2.8824422457874324E-13
0                         2.4637958286415564E-7    1.836742158724409E-7     -1.648719893329289E-13                            2.877002152688231E-13
0                         2.4637958286415564E-7    1.9964588681787058E-7    -1.2259449727040024E-13                           2.8618512062384866E-13
0                         2.4637958286415564E-7    2.1561755776330025E-7    -8.663300582498325E-14                            2.859244139867793E-13
0                         2.4637958286415564E-7    2.3158922870872991E-7    -5.55035412011155E-14                             2.861262423340423E-13
0                         2.4637958286415564E-7    2.475608996541595E-7     -2.8982062427685226E-14                           2.8330136731982915E-13
0                         2.4637958286415564E-7    2.6353257059958914E-7    -1.1262726493223321E-14                           2.8506800081351736E-13
0                         2.4637958286415564E-7    2.795042415450188E-7     -3.50239992484728E-15                             2.8930215540661184E-13
0                         2.4637958286415564E-7    2.954759124904485E-7     2.121995941095234E-16                             2.8944016360702764E-13
0                         2.4637958286415564E-7    3.1144758343587815E-7    4.357169250550734E-15                             2.9060353242415487E-13
0                         2.4637958286415564E-7    3.274192543813078E-7     7.291372703006378E-15                             2.920583531278314E-13
0                         2.4637958286415564E-7    3.433909253267374E-7     8.37213538520035E-15                              2.9307691042983313E-13
0                         2.4637958286415564E-7    3.5936259627216704E-7    7.599457297132664E-15                             2.9365920433016E-13
0                         2.4637958286415564E-7    3.753342672175967E-7     4.973338438803321E-15                             2.938052348288119E-13
0                         2.4637958286415564E-7    3.913059381630264E-7     1.374889138550564E-17+1.0906496291830424E-26i     2.9407478848698815E-13
0                         2.6177830679316536E-7    -3.913059381630264E-7    -6.182282798237498E-17-1.1623362667624351E-26i    -2.93555123196194E-13
0                         2.6177830679316536E-7    -3.753342672175967E-7    2.374354020948825E-15                             -2.9315137405834444E-13
0                         2.6177830679316536E-7    -3.593625962721671E-7    5.479362443982852E-15                             -2.9132726806656456E-13
0                         2.6177830679316536E-7    -3.4339092532673743E-7   8.231098188092875E-15                             -2.891868411954184E-13
0                         2.6177830679316536E-7    -3.2741925438130776E-7   9.781985387804573E-15                             -2.877757740429381E-13
0                         2.6177830679316536E-7    -3.1144758343587815E-7   7.923555471992292E-15                             -2.8629459378807157E-13
0                         2.6177830679316536E-7    -2.954759124904485E-7    2.612787404729151E-15                             -2.8387741763396803E-13
0                         2.6177830679316536E-7    -2.7950424154501886E-7   -4.616534104228786E-15                            -2.7846967433948915E-13
0                         2.6177830679316536E-7    -2.635325705995892E-7    -1.7700492125845923E-14                           -2.740838832894721E-13
0                         2.6177830679316536E-7    -2.4756089965415953E-7   -3.912671307768972E-14                            -2.7331555550309887E-13
0                         2.6177830679316536E-7    -2.3158922870872991E-7   -6.571266540901331E-14                            -2.718165259006352E-13
0                         2.6177830679316536E-7    -2.1561755776330025E-7   -9.642249369354247E-14                            -2.6981140016675034E-13
0                         2.6177830679316536E-7    -1.996458868178706E-7    -1.3113182328489746E-13                           -2.672736391576054E-13
0                         2.6177830679316536E-7    -1.8367421587244096E-7   -1.6984198105623594E-13                           -2.642048531224029E-13
0                         2.6177830679316536E-7    -1.677025449270113E-7    -2.148921048649714E-13                            -2.6219123098414693E-13
0                         2.6177830679316536E-7    -1.5173087398158168E-7   -2.6246569979855757E-13                           -2.574378097652226E-13
0                         2.6177830679316536E-7    -1.3575920303615201E-7   -3.1079848935170487E-13                           -2.4825486585772094E-13
0                         2.6177830679316536E-7    -1.1978753209072235E-7   -3.592601139440051E-13                            -2.351445603645531E-13
0                         2.6177830679316536E-7    -1.0381586114529273E-7   -4.0865310856481613E-13                           -2.193095505620502E-13
0                         2.6177830679316536E-7    -8.784419019986307E-8    -4.582694720915542E-13                            -2.0146727561449022E-13
0                         2.6177830679316536E-7    -7.187251925443345E-8    -5.008648459973147E-13                            -1.7649565713583018E-13
0                         2.6177830679316536E-7    -5.590084830900378E-8    -5.362468001905277E-13                            -1.458582846987117E-13
0                         2.6177830679316536E-7    -3.9929177363574116E-8   -5.652697543540872E-13                            -1.1211346830997429E-13
0                         2.6177830679316536E-7    -2.39575064181445E-8     NaN                                               NaN
0                         2.6177830679316536E-7    -7.985835472714834E-9    NaN                                               NaN
0                         2.6177830679316536E-7    7.985835472714834E-9     NaN                                               NaN
0                         2.6177830679316536E-7    2.3957506418144448E-8    NaN                                               NaN
0                         2.6177830679316536E-7    3.9929177363574116E-8    -5.642199444254138E-13                            1.1621498835820397E-13
0                         2.6177830679316536E-7    5.590084830900378E-8     -5.338909271464404E-13                            1.4780319119222473E-13
0                         2.6177830679316536E-7    7.18725192544334E-8      -4.978935588148104E-13                            1.7643498945739535E-13
0                         2.6177830679316536E-7    8.784419019986301E-8     -4.554222684643999E-13                            2.0017188034695088E-13
0                         2.6177830679316536E-7    1.0381586114529268E-7    -4.0898059638791414E-13                           2.1785514084532935E-13
0                         2.6177830679316536E-7    1.1978753209072235E-7    -3.5973294715527464E-13                           2.291868620105132E-13
0                         2.6177830679316536E-7    1.3575920303615201E-7    -3.114244710075742E-13                            2.4199844807930474E-13
0                         2.6177830679316536E-7    1.5173087398158168E-7    -2.6369369006447535E-13                           2.5134727726321016E-13
0                         2.6177830679316536E-7    1.6770254492701124E-7    -2.1662166844667513E-13                           2.574940948712203E-13
0                         2.6177830679316536E-7    1.836742158724409E-7     -1.7040833560221304E-13                           2.6058076894969336E-13
0                         2.6177830679316536E-7    1.9964588681787058E-7    -1.2904568648681257E-13                           2.6276741713835896E-13
0                         2.6177830679316536E-7    2.1561755776330025E-7    -9.334372067011044E-14                            2.660499735496298E-13
0                         2.6177830679316536E-7    2.3158922870872991E-7    -6.224535875886194E-14                            2.685606366136961E-13
0                         2.6177830679316536E-7    2.475608996541595E-7     -3.620072735415753E-14                            2.711334614377524E-13
0                         2.6177830679316536E-7    2.6353257059958914E-7    -1.785937739354271E-14                            2.766756751394924E-13
0                         2.6177830679316536E-7    2.795042415450188E-7     -9.911363168392344E-15                            2.829790700486725E-13
0                         2.6177830679316536E-7    2.954759124904485E-7     -3.0161705100814138E-15                           2.8594589818883864E-13
0                         2.6177830679316536E-7    3.1144758343587815E-7    2.02558137796784E-15                              2.8847646292733004E-13
0                         2.6177830679316536E-7    3.274192543813078E-7     5.213892495755394E-15                             2.9057076426414646E-13
0                         2.6177830679316536E-7    3.433909253267374E-7     6.5487628432812865E-15                            2.922288021992881E-13
0                         2.6177830679316536E-7    3.5936259627216704E-7    6.03197026550654E-15                              2.934492536396551E-13
0                         2.6177830679316536E-7    3.753342672175967E-7     3.894225399616706E-15                             2.9391910601458963E-13
0                         2.6177830679316536E-7    3.913059381630264E-7     6.182282798238928E-17+1.1623124202340127E-26i     2.93555123196194E-13
0                         2.771770307221751E-7     -3.913059381630264E-7    -3.0647749441212573E-18-1.2254732849878442E-26i   -2.9189534299098165E-13
0                         2.771770307221751E-7     -3.753342672175967E-7    1.8643998541638517E-15                            -2.925674084013434E-13
0                         2.771770307221751E-7     -3.593625962721671E-7    4.722821369447822E-15                             -2.9043050080584516E-13
0                         2.771770307221751E-7     -3.4339092532673743E-7   7.424257863737342E-15                             -2.881830249393405E-13
0                         2.771770307221751E-7     -3.2741925438130776E-7   7.925415855012474E-15                             -2.8579222976763394E-13
0                         2.771770307221751E-7     -3.1144758343587815E-7   4.974235694836821E-15                             -2.8246543869669053E-13
0                         2.771770307221751E-7     -2.954759124904485E-7    -1.7180388490517442E-15                           -2.7818234085716327E-13
0                         2.771770307221751E-7     -2.7950424154501886E-7   -1.252688352770043E-14                            -2.725780580496674E-13
0                         2.771770307221751E-7     -2.635325705995892E-7    -2.461700060974973E-14                            -2.662162202954007E-13
0                         2.771770307221751E-7     -2.4756089965415953E-7   -4.441841550850671E-14                            -2.602446675641686E-13
0                         2.771770307221751E-7     -2.3158922870872991E-7   -7.029956193757559E-14                            -2.5398920074843533E-13
0                         2.771770307221751E-7     -2.1561755776330025E-7   -1.0063764340301816E-13                           -2.4799073772429646E-13
0                         2.771770307221751E-7     -1.996458868178706E-7    -1.3543265990483463E-13                           -2.4224927849175215E-13
0                         2.771770307221751E-7     -1.8367421587244096E-7   -1.7468323279719887E-13                           -2.3676220616371993E-13
0                         2.771770307221751E-7     -1.677025449270113E-7    -2.1931179574170625E-13                           -2.3059904768513243E-13
0                         2.771770307221751E-7     -1.5173087398158168E-7   -2.6654225944142384E-13                           -2.2106778533437973E-13
0                         2.771770307221751E-7     -1.3575920303615201E-7   -3.14417241768015E-13                             -2.0724902196398923E-13
0                         2.771770307221751E-7     -1.1978753209072235E-7   -3.630547683102789E-13                            -1.9160659618494803E-13
0                         2.771770307221751E-7     -1.0381586114529273E-7   -4.1189947429777303E-13                           -1.7493362871533333E-13
0                         2.771770307221751E-7     -8.784419019986307E-8    -4.589257363824118E-13                            -1.5882986828337943E-13
0                         2.771770307221751E-7     -7.187251925443345E-8    -5.014450087993143E-13                            -1.4017768822580807E-13
0                         2.771770307221751E-7     -5.590084830900378E-8    -5.359669323217752E-13                            -1.1579141452699765E-13
0                         2.771770307221751E-7     -3.9929177363574116E-8   -5.640985224713993E-13                            -8.862489465907802E-14
0                         2.771770307221751E-7     -2.39575064181445E-8     -5.853555836220437E-13                            -5.921139536399081E-14
0                         2.771770307221751E-7     -7.985835472714834E-9    -5.895885331803319E-13                            -2.269947831402939E-14
0                         2.771770307221751E-7     7.985835472714834E-9     -5.896860893626748E-13                            2.40559050144446E-14
0                         2.771770307221751E-7     2.3957506418144448E-8    -5.849618053344454E-13                            6.070254497944911E-14
0                         2.771770307221751E-7     3.9929177363574116E-8    -5.645634602337143E-13                            8.777428355599341E-14
0                         2.771770307221751E-7     5.590084830900378E-8     -5.364895147925206E-13                            1.1603439255257634E-13
0                         2.771770307221751E-7     7.18725192544334E-8      -5.01022130315907E-13                             1.42975166984439E-13
0                         2.771770307221751E-7     8.784419019986301E-8     -4.595024348400248E-13                            1.6626744485012658E-13
0                         2.771770307221751E-7     1.0381586114529268E-7    -4.116934702788362E-13                            1.805486001573154E-13
0                         2.771770307221751E-7     1.1978753209072235E-7    -3.625789193813742E-13                            1.9222615740970498E-13
0                         2.771770307221751E-7     1.3575920303615201E-7    -3.145612352223065E-13                            2.0429022095929676E-13
0                         2.771770307221751E-7     1.5173087398158168E-7    -2.6778052865780145E-13                           2.1652377690815684E-13
0                         2.771770307221751E-7     1.6770254492701124E-7    -2.21434979010823E-13                             2.268464472457413E-13
0                         2.771770307221751E-7     1.836742158724409E-7     -1.7577542531482507E-13                           2.3409456331185235E-13
0                         2.771770307221751E-7     1.9964588681787058E-7    -1.3515864210167835E-13                           2.401267984099073E-13
0                         2.771770307221751E-7     2.1561755776330025E-7    -1.0003587230172746E-13                           2.464363903903952E-13
0                         2.771770307221751E-7     2.3158922870872991E-7    -7.002135380705324E-14                            2.534039725135395E-13
0                         2.771770307221751E-7     2.475608996541595E-7     -4.5115086617655776E-14                           2.6102954477934E-13
0                         2.771770307221751E-7     2.6353257059958914E-7    -2.5506738323687363E-14                           2.692990650168699E-13
0                         2.771770307221751E-7     2.795042415450188E-7     -1.4231673852997507E-14                           2.767774587345563E-13
0                         2.771770307221751E-7     2.954759124904485E-7     -4.173862769805925E-15                            2.8093542486208995E-13
0                         2.771770307221751E-7     3.1144758343587815E-7    1.7142970427184815E-15                            2.841349151488214E-13
0                         2.771770307221751E-7     3.274192543813078E-7     4.91648893035182E-15                              2.8714281246874645E-13
0                         2.771770307221751E-7     3.433909253267374E-7     6.2301194501166E-15                               2.895816978893003E-13
0                         2.771770307221751E-7     3.5936259627216704E-7    5.849092264136931E-15                             2.9118674811652407E-13
0                         2.771770307221751E-7     3.753342672175967E-7     3.773407372412773E-15                             2.9195796315041795E-13
0                         2.771770307221751E-7     3.913059381630264E-7     3.0647749441364852E-18+1.2254722358243303E-26i    2.918953429909816E-13
0                         2.9257575465118484E-7    -3.913059381630264E-7    9.025271049467414E-17-1.2737165183807229E-26i     -2.889307687859167E-13
0                         2.9257575465118484E-7    -3.753342672175967E-7    2.4826643344833225E-15                            -2.895349209331145E-13
0                         2.9257575465118484E-7    -3.593625962721671E-7    5.244306696791386E-15                             -2.884631800659307E-13
0                         2.9257575465118484E-7    -3.4339092532673743E-7   7.73069871549503E-15                              -2.8567068703146067E-13
0                         2.9257575465118484E-7    -3.2741925438130776E-7   6.461260886035745E-15                             -2.8225146664092054E-13
0                         2.9257575465118484E-7    -3.1144758343587815E-7   1.911790972449462E-15                             -2.775225840397202E-13
0                         2.9257575465118484E-7    -2.954759124904485E-7    -5.917711025263788E-15                            -2.714840392278598E-13
0                         2.9257575465118484E-7    -2.7950424154501886E-7   -1.7846083196962383E-14                           -2.6503827364432955E-13
0                         2.9257575465118484E-7    -2.635325705995892E-7    -3.070666973365628E-14                            -2.582209431454247E-13
0                         2.9257575465118484E-7    -2.4756089965415953E-7   -5.087047025550997E-14                            -2.532296409523109E-13
0                         2.9257575465118484E-7    -2.3158922870872991E-7   -7.671390293998703E-14                            -2.4248385642580577E-13
0                         2.9257575465118484E-7    -2.1561755776330025E-7   -1.0653537235739065E-13                           -2.3121528832105976E-13
0                         2.9257575465118484E-7    -1.996458868178706E-7    -1.4063057554189267E-13                           -2.2038642983135894E-13
0                         2.9257575465118484E-7    -1.8367421587244096E-7   -1.7920568246000326E-13                           -2.099616727911267E-13
0                         2.9257575465118484E-7    -1.677025449270113E-7    -2.2464639776159668E-13                           -2.045500210090671E-13
0                         2.9257575465118484E-7    -1.5173087398158168E-7   -2.714244963383623E-13                            -1.872998607565758E-13
0                         2.9257575465118484E-7    -1.3575920303615201E-7   -3.209702945534655E-13                            -1.6762541263213508E-13
0                         2.9257575465118484E-7    -1.1978753209072235E-7   -3.692437922964156E-13                            -1.5209562820883118E-13
0                         2.9257575465118484E-7    -1.0381586114529273E-7   -4.1569619869403995E-13                           -1.3713657293994904E-13
0                         2.9257575465118484E-7    -8.784419019986307E-8    -4.603278784264249E-13                            -1.2274798789077517E-13
0                         2.9257575465118484E-7    -7.187251925443345E-8    -5.022243633681678E-13                            -1.0839315072225982E-13
0                         2.9257575465118484E-7    -5.590084830900378E-8    -5.359024501582158E-13                            -9.030459776693879E-14
0                         2.9257575465118484E-7    -3.9929177363574116E-8   -5.631598884279878E-13                            -6.97597832729894E-14
0                         2.9257575465118484E-7    -2.39575064181445E-8     -5.836953892421684E-13                            -4.7470702219083913E-14
0                         2.9257575465118484E-7    -7.985835472714834E-9    -5.974116793117751E-13                            -1.800090105639605E-14
0                         2.9257575465118484E-7    7.985835472714834E-9     -5.969893012181485E-13                            1.7986388130381654E-14
0                         2.9257575465118484E-7    2.3957506418144448E-8    -5.842268701415342E-13                            4.3671923206231565E-14
0                         2.9257575465118484E-7    3.9929177363574116E-8    -5.645077396890986E-13                            6.362920351834657E-14
0                         2.9257575465118484E-7    5.590084830900378E-8     -5.376594923398591E-13                            8.620183620453863E-14
0                         2.9257575465118484E-7    7.18725192544334E-8      -5.03924719906887E-13                             1.1086580676566645E-13
0                         2.9257575465118484E-7    8.784419019986301E-8     -4.635135319439071E-13                            1.3383518202844017E-13
0                         2.9257575465118484E-7    1.0381586114529268E-7    -4.1470162157933076E-13                           1.4759479663779907E-13
0                         2.9257575465118484E-7    1.1978753209072235E-7    -3.660534361479215E-13                            1.6012184572951299E-13
0                         2.9257575465118484E-7    1.3575920303615201E-7    -3.183962157602585E-13                            1.7246904281103767E-13
0                         2.9257575465118484E-7    1.5173087398158168E-7    -2.7172033087504723E-13                           1.8463090725138047E-13
0                         2.9257575465118484E-7    1.6770254492701124E-7    -2.2583018877297605E-13                           1.9671423360160147E-13
0                         2.9257575465118484E-7    1.836742158724409E-7     -1.8061556388281935E-13                           2.082248570932813E-13
0                         2.9257575465118484E-7    1.9964588681787058E-7    -1.4159674751633242E-13                           2.1870990433078733E-13
0                         2.9257575465118484E-7    2.1561755776330025E-7    -1.070120662376954E-13                            2.29159035272018E-13
0                         2.9257575465118484E-7    2.3158922870872991E-7    -7.725919823397081E-14                            2.3902990909590277E-13
0                         2.9257575465118484E-7    2.475608996541595E-7     -5.2404828052755746E-14                           2.4837369442161436E-13
0                         2.9257575465118484E-7    2.6353257059958914E-7    -3.244895569404982E-14                            2.5719039124915287E-13
0                         2.9257575465118484E-7    2.795042415450188E-7     -1.9157037097738318E-14                           2.6609307087381837E-13
0                         2.9257575465118484E-7    2.954759124904485E-7     -7.8087259766727E-15                              2.7222748944363206E-13
0                         2.9257575465118484E-7    3.1144758343587815E-7    -1.0127377286518497E-15                           2.7870287096961856E-13
0                         2.9257575465118484E-7    3.274192543813078E-7     3.4966500867943096E-15                            2.8335288403681E-13
0                         2.9257575465118484E-7    3.433909253267374E-7     5.719437469665812E-15                             2.861775286452065E-13
0                         2.9257575465118484E-7    3.5936259627216704E-7    5.631654830366778E-15                             2.876194485935407E-13
0                         2.9257575465118484E-7    3.753342672175967E-7     3.618029912808303E-15                             2.886920262863938E-13
0                         2.9257575465118484E-7    3.913059381630264E-7     -9.025271049465859E-17+1.2737515074876581E-26i    2.889307687859168E-13
0                         3.0797447858019456E-7    -3.913059381630264E-7    1.78075446997575E-16                              -2.8474066911327556E-13
0                         3.0797447858019456E-7    -3.753342672175967E-7    3.970015110431431E-15                             -2.8850174982742387E-13
0                         3.0797447858019456E-7    -3.593625962721671E-7    5.500362189878744E-15                             -2.877976255112395E-13
0                         3.0797447858019456E-7    -3.4339092532673743E-7   6.032394979836752E-15                             -2.8462168037828453E-13
0                         3.0797447858019456E-7    -3.2741925438130776E-7   4.009844313232007E-15                             -2.78515426037347E-13
0                         3.0797447858019456E-7    -3.1144758343587815E-7   -1.292738437499683E-15                            -2.7109950948574945E-13
0                         3.0797447858019456E-7    -2.954759124904485E-7    -9.875353272358366E-15                            -2.623739307234919E-13
0                         3.0797447858019456E-7    -2.7950424154501886E-7   -2.1738000191343988E-14                           -2.523386897505743E-13
0                         3.0797447858019456E-7    -2.635325705995892E-7    -3.601699653490617E-14                            -2.4411963324901904E-13
0                         3.0797447858019456E-7    -2.4756089965415953E-7   -5.596369992290618E-14                            -2.3729338057116086E-13
0                         3.0797447858019456E-7    -2.3158922870872991E-7   -8.223803652123019E-14                            -2.277097980923138E-13
0                         3.0797447858019456E-7    -2.1561755776330025E-7   -1.1276987902393877E-13                           -2.1504884315567867E-13
0                         3.0797447858019456E-7    -1.996458868178706E-7    -1.4727975825957387E-13                           -2.0186510464080295E-13
0                         3.0797447858019456E-7    -1.8367421587244096E-7   -1.8576767422813555E-13                           -1.881585825476865E-13
0                         3.0797447858019456E-7    -1.677025449270113E-7    -2.300438869201219E-13                            -1.7264175504931888E-13
0                         3.0797447858019456E-7    -1.5173087398158168E-7   -2.823984423082693E-13                            -1.5064573925229795E-13
0                         3.0797447858019456E-7    -1.3575920303615201E-7   -3.3029279317387834E-13                           -1.329382752388063E-13
0                         3.0797447858019456E-7    -1.1978753209072235E-7   -3.7617703830046357E-13                           -1.1912710427959852E-13
0                         3.0797447858019456E-7    -1.0381586114529273E-7   -4.202379136987015E-13                            -1.0588793256118186E-13
0                         3.0797447858019456E-7    -8.784419019986307E-8    -4.624757808481177E-13                            -9.322050245653812E-14
0                         3.0797447858019456E-7    -7.187251925443345E-8    -5.028910018976382E-13                            -8.11245559135323E-14
0                         3.0797447858019456E-7    -5.590084830900378E-8    -5.360528791508078E-13                            -6.927464591049425E-14
0                         3.0797447858019456E-7    -3.9929177363574116E-8   -5.624531594194232E-13                            -5.5391056072899675E-14
0                         3.0797447858019456E-7    -2.39575064181445E-8     -5.84309199711489E-13                             -3.9028296563358265E-14
0                         3.0797447858019456E-7    -7.985835472714834E-9    -6.011554727212572E-13                            -1.4737090805007918E-14
0                         3.0797447858019456E-7    7.985835472714834E-9     -6.007190631345555E-13                            1.1970415634202531E-14
0                         3.0797447858019456E-7    2.3957506418144448E-8    -5.830997969176674E-13                            2.982851116375547E-14
0                         3.0797447858019456E-7    3.9929177363574116E-8    -5.644306840276856E-13                            4.356771561592688E-14
0                         3.0797447858019456E-7    5.590084830900378E-8     -5.388005815685453E-13                            6.040552430601203E-14
0                         3.0797447858019456E-7    7.18725192544334E-8      -5.06237248610658E-13                             7.956405746547576E-14
0                         3.0797447858019456E-7    8.784419019986301E-8     -4.669686667160877E-13                            1.0054543304082712E-13
0                         3.0797447858019456E-7    1.0381586114529268E-7    -4.186847731196859E-13                            1.1485774573226656E-13
0                         3.0797447858019456E-7    1.1978753209072235E-7    -3.703072935963116E-13                            1.2844193614327553E-13
0                         3.0797447858019456E-7    1.3575920303615201E-7    -3.2276553531371347E-13                           1.4216439445367467E-13
0                         3.0797447858019456E-7    1.5173087398158168E-7    -2.760594982718908E-13                            1.5602512066346392E-13
0                         3.0797447858019456E-7    1.6770254492701124E-7    -2.3024249550875013E-13                           1.7014840084368396E-13
0                         3.0797447858019456E-7    1.836742158724409E-7     -1.8710113886123963E-13                           1.8681082556723472E-13
0                         3.0797447858019456E-7    1.9964588681787058E-7    -1.4539404158289394E-13                           1.955598958758812E-13
0                         3.0797447858019456E-7    2.1561755776330025E-7    -1.1107459511176994E-13                           2.076964830719466E-13
0                         3.0797447858019456E-7    2.3158922870872991E-7    -8.165364646315523E-14                            2.1930598176983867E-13
0                         3.0797447858019456E-7    2.475608996541595E-7     -5.713119563704991E-14                            2.303883919695574E-13
0                         3.0797447858019456E-7    2.6353257059958914E-7    -3.7507242633453824E-14                           2.40943713671103E-13
0                         3.0797447858019456E-7    2.795042415450188E-7     -2.2748043257959412E-14                           2.5106961005502076E-13
0                         3.0797447858019456E-7    2.954759124904485E-7     -1.254572451629387E-14                            2.61762888876918E-13
0                         3.0797447858019456E-7    3.1144758343587815E-7    -4.6300062072029615E-15                           2.7063079924002007E-13
0                         3.0797447858019456E-7    3.274192543813078E-7     9.99111669313244E-16                              2.776733411443272E-13
0                         3.0797447858019456E-7    3.433909253267374E-7     4.341629113254765E-15                             2.828905145898394E-13
0                         3.0797447858019456E-7    3.5936259627216704E-7    5.397546124621659E-15                             2.862823195765568E-13
0                         3.0797447858019456E-7    3.753342672175967E-7     4.166862703413867E-15                             2.878487561044791E-13
0                         3.0797447858019456E-7    3.913059381630264E-7     -1.780754469975449E-16                            2.8474066911327526E-13
0                         3.2337320250920427E-7    -3.913059381630264E-7    1.9750979291152348E-16                            -2.8126806958760167E-13
0                         3.2337320250920427E-7    -3.753342672175967E-7    4.347193680677132E-15                             -2.8434818979541323E-13
0                         3.2337320250920427E-7    -3.593625962721671E-7    5.7173242060311986E-15                            -2.8350258025884843E-13
0                         3.2337320250920427E-7    -3.4339092532673743E-7   4.77789450586312E-15                              -2.787458610506973E-13
0                         3.2337320250920427E-7    -3.2741925438130776E-7   2.5932245835384225E-15                            -2.7184737077001534E-13
0                         3.2337320250920427E-7    -3.1144758343587815E-7   -3.4624710043386686E-15                           -2.617444202680206E-13
0                         3.2337320250920427E-7    -2.954759124904485E-7    -1.2798198676342791E-14                           -2.503318075553655E-13
0                         3.2337320250920427E-7    -2.7950424154501886E-7   -2.5413958432473834E-14                           -2.3760953263205065E-13
0                         3.2337320250920427E-7    -2.635325705995892E-7    -3.950623359058354E-14                            -2.2545917622682962E-13
0                         3.2337320250920427E-7    -2.4756089965415953E-7   -5.945922135852565E-14                            -2.1472440934336631E-13
0                         3.2337320250920427E-7    -2.3158922870872991E-7   -8.615964711402403E-14                            -2.0448301866521132E-13
0                         3.2337320250920427E-7    -2.1561755776330025E-7   -1.1748276618032206E-13                           -1.9046801468676874E-13
0                         3.2337320250920427E-7    -1.996458868178706E-7    -1.5253440793729681E-13                           -1.7544754359929755E-13
0                         3.2337320250920427E-7    -1.8367421587244096E-7   -1.9153363743609588E-13                           -1.599043147189273E-13
0                         3.2337320250920427E-7    -1.677025449270113E-7    -2.3698239285252725E-13                           -1.4261645186565202E-13
0                         3.2337320250920427E-7    -1.5173087398158168E-7   -2.914139929564867E-13                            -1.1992238410557913E-13
0                         3.2337320250920427E-7    -1.3575920303615201E-7   -3.400275409372802E-13                            -1.0471269482965375E-13
0                         3.2337320250920427E-7    -1.1978753209072235E-7   -3.838540472128649E-13                            -9.269968659728134E-14
0                         3.2337320250920427E-7    -1.0381586114529273E-7   -4.2552450217122946E-13                           -8.118657772617856E-14
0                         3.2337320250920427E-7    -8.784419019986307E-8    -4.65369326299391E-13                             -7.024628027091765E-14
0                         3.2337320250920427E-7    -7.187251925443345E-8    -5.033892207182166E-13                            -5.987874730382764E-14
0                         3.2337320250920427E-7    -5.590084830900378E-8    -5.357705000323949E-13                            -5.2399322172008954E-14
0                         3.2337320250920427E-7    -3.9929177363574116E-8   -5.62184182036109E-13                             -4.267367195583243E-14
0                         3.2337320250920427E-7    -2.39575064181445E-8     -5.867418575169026E-13                            -2.8352121115578365E-14
0                         3.2337320250920427E-7    -7.985835472714834E-9    -6.042663705657666E-13                            -1.062472491540071E-14
0                         3.2337320250920427E-7    7.985835472714834E-9     -6.037121246811538E-13                            7.0167380749431366E-15
0                         3.2337320250920427E-7    2.3957506418144448E-8    -5.85543897048052E-13                             2.1239514883890888E-14
0                         3.2337320250920427E-7    3.9929177363574116E-8    -5.643361836423743E-13                            2.752305430596523E-14
0                         3.2337320250920427E-7    5.590084830900378E-8     -5.399165947604005E-13                            3.858047840395521E-14
0                         3.2337320250920427E-7    7.18725192544334E-8      -5.085175171229568E-13                            5.2187942367004537E-14
0                         3.2337320250920427E-7    8.784419019986301E-8     -4.703875032960775E-13                            6.756682600143215E-14
0                         3.2337320250920427E-7    1.0381586114529268E-7    -4.239064146810093E-13                            8.328213800161487E-14
0                         3.2337320250920427E-7    1.1978753209072235E-7    -3.7554876145866094E-13                           9.878199617158225E-14
0                         3.2337320250920427E-7    1.3575920303615201E-7    -3.2802682947708866E-13                           1.1442012224093975E-13
0                         3.2337320250920427E-7    1.5173087398158168E-7    -2.8163721405488115E-13                           1.307992251921171E-13
0                         3.2337320250920427E-7    1.6770254492701124E-7    -2.370164283812657E-13                            1.4667270416599886E-13
0                         3.2337320250920427E-7    1.836742158724409E-7     -1.917352499175519E-13                            1.5919539779444585E-13
0                         3.2337320250920427E-7    1.9964588681787058E-7    -1.5024970209743258E-13                           1.7100843348042696E-13
0                         3.2337320250920427E-7    2.1561755776330025E-7    -1.1539945604170183E-13                           1.85455586551051E-13
0                         3.2337320250920427E-7    2.3158922870872991E-7    -8.560142227260703E-14                            1.9872497128812308E-13
0                         3.2337320250920427E-7    2.475608996541595E-7     -6.07437782278054E-14                             2.1133968965425247E-13
0                         3.2337320250920427E-7    2.6353257059958914E-7    -4.085343647038384E-14                            2.2342802333915556E-13
0                         3.2337320250920427E-7    2.795042415450188E-7     -2.653603009942973E-14                            2.361588920243068E-13
0                         3.2337320250920427E-7    2.954759124904485E-7     -1.677223243686068E-14                            2.4846862012907433E-13
0                         3.2337320250920427E-7    3.1144758343587815E-7    -7.736784066699734E-15                            2.597290593292922E-13
0                         3.2337320250920427E-7    3.274192543813078E-7     -9.87936129113475E-16                             2.6916413007071514E-13
0                         3.2337320250920427E-7    3.433909253267374E-7     3.4743113758980984E-15                            2.7677383235334305E-13
0                         3.2337320250920427E-7    3.5936259627216704E-7    5.649958448335032E-15                             2.8255816617717604E-13
0                         3.2337320250920427E-7    3.753342672175967E-7     4.202097590139582E-15                             2.838889775974527E-13
0                         3.2337320250920427E-7    3.913059381630264E-7     -1.9750979291149074E-16                           2.812680695876017E-13
0                         3.3877192643821404E-7    -3.913059381630264E-7    1.9668667638386783E-16                            -2.7923300960753815E-13
0                         3.3877192643821404E-7    -3.753342672175967E-7    3.616493598728594E-15                             -2.790269587363029E-13
0                         3.3877192643821404E-7    -3.593625962721671E-7    4.6201273368070374E-15                            -2.75579366101674E-13
0                         3.3877192643821404E-7    -3.4339092532673743E-7   3.181469188089702E-15                             -2.689171829980677E-13
0                         3.3877192643821404E-7    -3.2741925438130776E-7   -2.2773729169377087E-16                           -2.6010786889795E-13
0                         3.3877192643821404E-7    -3.1144758343587815E-7   -4.600225488396665E-15                            -2.494558494390521E-13
0                         3.3877192643821404E-7    -2.954759124904485E-7    -1.4686247237217068E-14                           -2.3535766972348095E-13
0                         3.3877192643821404E-7    -2.7950424154501886E-7   -2.7806473040835604E-14                           -2.210532461209391E-13
0                         3.3877192643821404E-7    -2.635325705995892E-7    -4.2325997601816206E-14                           -2.0721920336799874E-13
0                         3.3877192643821404E-7    -2.4756089965415953E-7   -6.229142655225663E-14                            -1.9253209737585694E-13
0                         3.3877192643821404E-7    -2.3158922870872991E-7   -8.900429349025368E-14                            -1.7833836758902328E-13
0                         3.3877192643821404E-7    -2.1561755776330025E-7   -1.2154001125044487E-13                           -1.6347308423428312E-13
0                         3.3877192643821404E-7    -1.996458868178706E-7    -1.5758137946420037E-13                           -1.4673074701796974E-13
0                         3.3877192643821404E-7    -1.8367421587244096E-7   -1.973551621710974E-13                            -1.2900488884752182E-13
0                         3.3877192643821404E-7    -1.677025449270113E-7    -2.404461447241758E-13                            -1.1186595237848248E-13
0                         3.3877192643821404E-7    -1.5173087398158168E-7   -2.9270301229260393E-13                           -9.274091613242265E-14
0                         3.3877192643821404E-7    -1.3575920303615201E-7   -3.4195187175863354E-13                           -7.787793766469495E-14
0                         3.3877192643821404E-7    -1.1978753209072235E-7   -3.8714905517340447E-13                           -6.735193161020491E-14
0                         3.3877192643821404E-7    -1.0381586114529273E-7   -4.280432675114698E-13                            -5.638942367270925E-14
0                         3.3877192643821404E-7    -8.784419019986307E-8    -4.66960777189525E-13                             -4.616579647535156E-14
0                         3.3877192643821404E-7    -7.187251925443345E-8    -5.039015842075705E-13                            -3.6681050018131843E-14
0                         3.3877192643821404E-7    -5.590084830900378E-8    -5.330771141827968E-13                            -3.4657604603491343E-14
0                         3.3877192643821404E-7    -3.9929177363574116E-8   -5.621484970719008E-13                            -2.6983152552085427E-14
0                         3.3877192643821404E-7    -2.39575064181445E-8     -5.893604050141295E-13                            -1.4655620687240396E-14
0                         3.3877192643821404E-7    -7.985835472714834E-9    -6.071059970934175E-13                            -5.472557164858226E-15
0                         3.3877192643821404E-7    7.985835472714834E-9     -6.064339149108931E-13                            3.1028623766189765E-15
0                         3.3877192643821404E-7    2.3957506418144448E-8    -5.876656770064931E-13                            1.1024196042865402E-14
0                         3.3877192643821404E-7    3.9929177363574116E-8    -5.645632586238575E-13                            1.5415626413838047E-14
0                         3.3877192643821404E-7    5.590084830900378E-8     -5.410112586107838E-13                            2.0662683091703787E-14
0                         3.3877192643821404E-7    7.18725192544334E-8      -5.107691784162868E-13                            2.867513472731524E-14
0                         3.3877192643821404E-7    8.784419019986301E-8     -4.74448181739775E-13                             3.980010197030644E-14
0                         3.3877192643821404E-7    1.0381586114529268E-7    -4.3007000930989195E-13                           5.4483712405103286E-14
0                         3.3877192643821404E-7    1.1978753209072235E-7    -3.817321823885692E-13                            7.189923833402904E-14
0                         3.3877192643821404E-7    1.3575920303615201E-7    -3.3379370845332416E-13                           8.809238736793966E-14
0                         3.3877192643821404E-7    1.5173087398158168E-7    -2.871799766072302E-13                            1.018672434845137E-13
0                         3.3877192643821404E-7    1.6770254492701124E-7    -2.4085976336264034E-13                           1.156194140463748E-13
0                         3.3877192643821404E-7    1.836742158724409E-7     -1.958319544245991E-13                            1.2980721186283007E-13
0                         3.3877192643821404E-7    1.9964588681787058E-7    -1.546672845853491E-13                            1.4480154036870972E-13
0                         3.3877192643821404E-7    2.1561755776330025E-7    -1.1907178745321642E-13                           1.6054982411171718E-13
0                         3.3877192643821404E-7    2.3158922870872991E-7    -8.939558332517763E-14                            1.786780788710885E-13
0                         3.3877192643821404E-7    2.475608996541595E-7     -6.408157457400612E-14                            1.9334000244159623E-13
0                         3.3877192643821404E-7    2.6353257059958914E-7    -4.3792880343643885E-14                           2.070294173144582E-13
0                         3.3877192643821404E-7    2.795042415450188E-7     -2.884595060680801E-14                            2.2116305215908878E-13
0                         3.3877192643821404E-7    2.954759124904485E-7     -1.9023566016552794E-14                           2.342990433027949E-13
0                         3.3877192643821404E-7    3.1144758343587815E-7    -1.033307130714206E-14                            2.459976512374352E-13
0                         3.3877192643821404E-7    3.274192543813078E-7     -2.4644933084858053E-15                           2.5782525081597385E-13
0                         3.3877192643821404E-7    3.433909253267374E-7     3.0466698889721043E-15                            2.6781578741488345E-13
0                         3.3877192643821404E-7    3.5936259627216704E-7    4.540115109511945E-15                             2.7494086265942445E-13
0                         3.3877192643821404E-7    3.753342672175967E-7     3.458996254393296E-15                             2.787466033903093E-13
0                         3.3877192643821404E-7    3.913059381630264E-7     -1.9668667638383395E-16                           2.7923300960753815E-13
0                         3.5417065036722375E-7    -3.913059381630264E-7    1.8548584799510292E-16                            -2.735177346207719E-13
0                         3.5417065036722375E-7    -3.753342672175967E-7    2.8655360543384592E-15                            -2.7514326722280285E-13
0                         3.5417065036722375E-7    -3.593625962721671E-7    3.1392928269960264E-15                            -2.6840950350912713E-13
0                         3.5417065036722375E-7    -3.4339092532673743E-7   9.96876415387294E-16                              -2.584341980320578E-13
0                         3.5417065036722375E-7    -3.2741925438130776E-7   -3.561713180487712E-15                            -2.452173507915946E-13
0                         3.5417065036722375E-7    -3.1144758343587815E-7   -9.50801510417846E-15                             -2.3191118845696446E-13
0                         3.5417065036722375E-7    -2.954759124904485E-7    -1.635879817911024E-14                            -2.1717903470213275E-13
0                         3.5417065036722375E-7    -2.7950424154501886E-7   -2.946038698322382E-14                            -2.0426630301019258E-13
0                         3.5417065036722375E-7    -2.635325705995892E-7    -4.4528581413897537E-14                           -1.8958784560065733E-13
0                         3.5417065036722375E-7    -2.4756089965415953E-7   -6.450645154683655E-14                            -1.7094840049983694E-13
0                         3.5417065036722375E-7    -2.3158922870872991E-7   -9.123175966733192E-14                            -1.5280233160432479E-13
0                         3.5417065036722375E-7    -2.1561755776330025E-7   -1.24704505775384E-13                             -1.3514963891412062E-13
0                         3.5417065036722375E-7    -1.996458868178706E-7    -1.6180699425448278E-13                           -1.1670987134707054E-13
0                         3.5417065036722375E-7    -1.8367421587244096E-7   -2.0193420434654875E-13                           -9.752659097758308E-14
0                         3.5417065036722375E-7    -1.677025449270113E-7    -2.450096394700268E-13                            -7.997717638049731E-14
0                         3.5417065036722375E-7    -1.5173087398158168E-7   -2.9370854101098137E-13                           -6.274889425730804E-14
0                         3.5417065036722375E-7    -1.3575920303615201E-7   -3.430430117863658E-13                            -4.7895398444015174E-14
0                         3.5417065036722375E-7    -1.1978753209072235E-7   -3.886189750610058E-13                            -3.7922592274601766E-14
0                         3.5417065036722375E-7    -1.0381586114529273E-7   -4.3043643083490123E-13                           -3.283047574906782E-14
0                         3.5417065036722375E-7    -8.784419019986307E-8    -4.683989903348302E-13                            -2.2923423009882055E-14
0                         3.5417065036722375E-7    -7.187251925443345E-8    -5.043842060753662E-13                            -1.3750296107401057E-14
0                         3.5417065036722375E-7    -5.590084830900378E-8    -5.317336439611785E-13                            -1.2104598390026554E-14
0                         3.5417065036722375E-7    -3.9929177363574116E-8   -5.623077972694237E-13                            -8.261902775973208E-15
0                         3.5417065036722375E-7    -2.39575064181445E-8     -5.920368259884994E-13                            9.2811796741407E-16
0                         3.5417065036722375E-7    -7.985835472714834E-9    -6.096743523042096E-13                            7.194124466194935E-16
0                         3.5417065036722375E-7    7.985835472714834E-9     -6.088844338237742E-13                            2.287885392300968E-16
0                         3.5417065036722375E-7    2.3957506418144448E-8    -5.896670705471933E-13                            -5.437537547541266E-16
0                         3.5417065036722375E-7    3.9929177363574116E-8    -5.648012519569367E-13                            2.894590216678832E-15
0                         3.5417065036722375E-7    5.590084830900378E-8     -5.419284580244436E-13                            6.484118651394317E-15
0                         3.5417065036722375E-7    7.18725192544334E-8      -5.129958046231963E-13                            8.964219346715022E-15
0                         3.5417065036722375E-7    8.784419019986301E-8     -4.79150702047181E-13                             1.7245260947450132E-14
0                         3.5417065036722375E-7    1.0381586114529268E-7    -4.37012210091933E-13                             2.9646575724670703E-14
0                         3.5417065036722375E-7    1.1978753209072235E-7    -3.8671197870407894E-13                           4.2027887371152045E-14
0                         3.5417065036722375E-7    1.3575920303615201E-7    -3.379758089079527E-13                            5.358241801929567E-14
0                         3.5417065036722375E-7    1.5173087398158168E-7    -2.903984938440114E-13                            6.709742412787094E-14
0                         3.5417065036722375E-7    1.6770254492701124E-7    -2.442458315368983E-13                            8.230588062312328E-14
0                         3.5417065036722375E-7    1.836742158724409E-7     -1.9939125238238133E-13                           9.864626777238757E-14
0                         3.5417065036722375E-7    1.9964588681787058E-7    -1.5854746052400066E-13                           1.168218890981658E-13
0                         3.5417065036722375E-7    2.1561755776330025E-7    -1.232539881582342E-13                            1.3572229314917987E-13
0                         3.5417065036722375E-7    2.3158922870872991E-7    -9.345043154468866E-14                            1.5557009241632413E-13
0                         3.5417065036722375E-7    2.475608996541595E-7     -6.741024880337521E-14                            1.753003523310271E-13
0                         3.5417065036722375E-7    2.6353257059958914E-7    -4.6400062631639076E-14                           1.9144761345886625E-13
0                         3.5417065036722375E-7    2.795042415450188E-7     -3.1045702753786605E-14                           2.0676660333368357E-13
0                         3.5417065036722375E-7    2.954759124904485E-7     -2.004231810840465E-14                            2.2165122138387703E-13
0                         3.5417065036722375E-7    3.1144758343587815E-7    -1.1310351420320648E-14                           2.330075740373274E-13
0                         3.5417065036722375E-7    3.274192543813078E-7     -3.975956637352635E-15                            2.443446003139139E-13
0                         3.5417065036722375E-7    3.433909253267374E-7     8.359771111195685E-16                             2.578963242991906E-13
0                         3.5417065036722375E-7    3.5936259627216704E-7    3.0733467839333357E-15                            2.6812871377081135E-13
0                         3.5417065036722375E-7    3.753342672175967E-7     2.7361523810886183E-15                            2.750417687287761E-13
0                         3.5417065036722375E-7    3.913059381630264E-7     -1.8548584799507209E-16                           2.73517734620772E-13
0                         3.6956937429623347E-7    -3.913059381630264E-7    1.1867441633574766E-16-1.3832601792597706E-26i    -2.60895605262945E-13
0                         3.6956937429623347E-7    -3.753342672175967E-7    2.207790431292201E-15                             -2.639354101286913E-13
0                         3.6956937429623347E-7    -3.593625962721671E-7    1.6382008547434052E-15                            -2.6267718046219063E-13
0                         3.6956937429623347E-7    -3.4339092532673743E-7   -1.2340925222861937E-15                           -2.494157039060745E-13
0                         3.6956937429623347E-7    -3.2741925438130776E-7   -5.610463420308289E-15                            -2.380893639331078E-13
0                         3.6956937429623347E-7    -3.1144758343587815E-7   -1.161876933087008E-14                            -2.248521066710737E-13
0                         3.6956937429623347E-7    -2.954759124904485E-7    -1.8931699946514743E-14                           -2.0854069989095705E-13
0                         3.6956937429623347E-7    -2.7950424154501886E-7   -3.0872721107012814E-14                           -1.8904973725115443E-13
0                         3.6956937429623347E-7    -2.635325705995892E-7    -4.611398502682776E-14                            -1.7256510292480507E-13
0                         3.6956937429623347E-7    -2.4756089965415953E-7   -6.610429634226518E-14                            -1.499733187153063E-13
0                         3.6956937429623347E-7    -2.3158922870872991E-7   -9.284204564525895E-14                            -1.278749107111157E-13
0                         3.6956937429623347E-7    -2.1561755776330025E-7   -1.2632723293580946E-13                           -1.0626987891223308E-13
0                         3.6956937429623347E-7    -1.996458868178706E-7    -1.652112523081444E-13                            -8.538491658659994E-14
0                         3.6956937429623347E-7    -1.8367421587244096E-7   -2.049346143118286E-13                            -6.548395408999974E-14
0                         3.6956937429623347E-7    -1.677025449270113E-7    -2.485831162652531E-13                            -4.745897567203064E-14
0                         3.6956937429623347E-7    -1.5173087398158168E-7   -2.9521368432474213E-13                           -2.962975187445958E-14
0                         3.6956937429623347E-7    -1.3575920303615201E-7   -3.441655596483537E-13                            -1.454465168982802E-14
0                         3.6956937429623347E-7    -1.1978753209072235E-7   -3.898271342323485E-13                            -4.5813281748494405E-15
0                         3.6956937429623347E-7    -1.0381586114529273E-7   -4.317302013155988E-13                            5.013056962496948E-16
0                         3.6956937429623347E-7    -8.784419019986307E-8    -4.698747608981049E-13                            7.032499234693706E-16
0                         3.6956937429623347E-7    -7.187251925443345E-8    -5.034388400498809E-13                            6.738391715149536E-15
0                         3.6956937429623347E-7    -5.590084830900378E-8    -5.308029686563431E-13                            9.916993738745211E-15
0                         3.6956937429623347E-7    -3.9929177363574116E-8   -5.622565302192103E-13                            1.4113905613381406E-14
0                         3.6956937429623347E-7    -2.39575064181445E-8     -5.944517461803444E-13                            1.7225932888693657E-14
0                         3.6956937429623347E-7    -7.985835472714834E-9    -6.11971436198143E-13                             7.95118391903247E-15
0                         3.6956937429623347E-7    7.985835472714834E-9     -6.110636814197965E-13                            -1.6054834372235326E-15
0                         3.6956937429623347E-7    2.3957506418144448E-8    -5.917284818453047E-13                            -1.1444069180074335E-14
0                         3.6956937429623347E-7    3.9929177363574116E-8    -5.647169251180714E-13                            -1.1252768541641237E-14
0                         3.6956937429623347E-7    5.590084830900378E-8     -5.402826647321606E-13                            -8.342634901898622E-15
0                         3.6956937429623347E-7    7.18725192544334E-8      -5.152008885007557E-13                            -7.005321217778218E-15
0                         3.6956937429623347E-7    8.784419019986301E-8     -4.82543232340302E-13                             -4.855746347537298E-15
0                         3.6956937429623347E-7    1.0381586114529268E-7    -4.390032401556049E-13                            -5.425811676724361E-15
0                         3.6956937429623347E-7    1.1978753209072235E-7    -3.8953341706098687E-13                           1.9399303814674303E-15
0                         3.6956937429623347E-7    1.3575920303615201E-7    -3.403834924086155E-13                            1.3886029821005913E-14
0                         3.6956937429623347E-7    1.5173087398158168E-7    -2.92955926833293E-13                             3.0242850260839437E-14
0                         3.6956937429623347E-7    1.6770254492701124E-7    -2.4717463290403967E-13                           4.673210389624406E-14
0                         3.6956937429623347E-7    1.836742158724409E-7     -2.0241314379089878E-13                           6.571256552311821E-14
0                         3.6956937429623347E-7    1.9964588681787058E-7    -1.6189022991338731E-13                           8.706947966879504E-14
0                         3.6956937429623347E-7    2.1561755776330025E-7    -1.269176355284902E-13                            1.0915117653970765E-13
0                         3.6956937429623347E-7    2.3158922870872991E-7    -9.749536063620748E-14                            1.3195765613585593E-13
0                         3.6956937429623347E-7    2.475608996541595E-7     -7.184761383088289E-14                            1.539901418608319E-13
0                         3.6956937429623347E-7    2.6353257059958914E-7    -4.9443452476294347E-14                           1.75322406930867E-13
0                         3.6956937429623347E-7    2.795042415450188E-7     -3.2887327745852594E-14                           1.9329299040346803E-13
0                         3.6956937429623347E-7    2.954759124904485E-7     -2.0899089198187846E-14                           2.0995877173134736E-13
0                         3.6956937429623347E-7    3.1144758343587815E-7    -1.2199382656597563E-14                           2.2335299412218542E-13
0                         3.6956937429623347E-7    3.274192543813078E-7     -5.940752960245497E-15                            2.3717456163233393E-13
0                         3.6956937429623347E-7    3.433909253267374E-7     -1.3544582042913795E-15                           2.4941440072910777E-13
0                         3.6956937429623347E-7    3.5936259627216704E-7    1.628226157151327E-15                             2.6266875641336107E-13
0                         3.6956937429623347E-7    3.753342672175967E-7     2.1111641477573176E-15                            2.635841144595621E-13
0                         3.6956937429623347E-7    3.913059381630264E-7     -1.186744163357234E-16+1.383305891232838E-26i     2.6089560526294504E-13
0                         3.849680982252432E-7     -3.913059381630264E-7    NaN                                               NaN
0                         3.849680982252432E-7     -3.753342672175967E-7    NaN                                               NaN
0                         3.849680982252432E-7     -3.593625962721671E-7    NaN                                               NaN
0                         3.849680982252432E-7     -3.4339092532673743E-7   NaN                                               NaN
0                         3.849680982252432E-7     -3.2741925438130776E-7   NaN                                               NaN
0                         3.849680982252432E-7     -3.1144758343587815E-7   NaN                                               NaN
0                         3.849680982252432E-7     -2.954759124904485E-7    NaN                                               NaN
0                         3.849680982252432E-7     -2.7950424154501886E-7   NaN                                               NaN
0                         3.849680982252432E-7     -2.635325705995892E-7    NaN                                               NaN
0                         3.849680982252432E-7     -2.4756089965415953E-7   NaN                                               NaN
0                         3.849680982252432E-7     -2.3158922870872991E-7   NaN                                               NaN
0                         3.849680982252432E-7     -2.1561755776330025E-7   NaN                                               NaN
0                         3.849680982252432E-7     -1.996458868178706E-7    NaN                                               NaN
0                         3.849680982252432E-7     -1.8367421587244096E-7   NaN                                               NaN
0                         3.849680982252432E-7     -1.677025449270113E-7    NaN                                               NaN
0                         3.849680982252432E-7     -1.5173087398158168E-7   NaN                                               NaN
0                         3.849680982252432E-7     -1.3575920303615201E-7   NaN                                               NaN
0                         3.849680982252432E-7     -1.1978753209072235E-7   NaN                                               NaN
0                         3.849680982252432E-7     -1.0381586114529273E-7   NaN                                               NaN
0                         3.849680982252432E-7     -8.784419019986307E-8    NaN                                               NaN
0                         3.849680982252432E-7     -7.187251925443345E-8    NaN                                               NaN
0                         3.849680982252432E-7     -5.590084830900378E-8    NaN                                               NaN
0                         3.849680982252432E-7     -3.9929177363574116E-8   NaN                                               NaN
0                         3.849680982252432E-7     -2.39575064181445E-8     NaN                                               NaN
0                         3.849680982252432E-7     -7.985835472714834E-9    NaN                                               NaN
0                         3.849680982252432E-7     7.985835472714834E-9     NaN                                               NaN
0                         3.849680982252432E-7     2.3957506418144448E-8    NaN                                               NaN
0                         3.849680982252432E-7     3.9929177363574116E-8    NaN                                               NaN
0                         3.849680982252432E-7     5.590084830900378E-8     NaN                                               NaN
0                         3.849680982252432E-7     7.18725192544334E-8      NaN                                               NaN
0                         3.849680982252432E-7     8.784419019986301E-8     NaN                                               NaN
0                         3.849680982252432E-7     1.0381586114529268E-7    NaN                                               NaN
0                         3.849680982252432E-7     1.1978753209072235E-7    NaN                                               NaN
0                         3.849680982252432E-7     1.3575920303615201E-7    NaN                                               NaN
0                         3.849680982252432E-7     1.5173087398158168E-7    NaN                                               NaN
0                         3.849680982252432E-7     1.6770254492701124E-7    NaN                                               NaN
0                         3.849680982252432E-7     1.836742158724409E-7     NaN                                               NaN
0                         3.849680982252432E-7     1.9964588681787058E-7    NaN                                               NaN
0                         3.849680982252432E-7     2.1561755776330025E-7    NaN                                               NaN
0                         3.849680982252432E-7     2.3158922870872991E-7    NaN                                               NaN
0                         3.849680982252432E-7     2.475608996541595E-7     NaN                                               NaN
0                         3.849680982252432E-7     2.6353257059958914E-7    NaN                                               NaN
0                         3.849680982252432E-7     2.795042415450188E-7     NaN                                               NaN
0                         3.849680982252432E-7     2.954759124904485E-7     NaN                                               NaN
0                         3.849680982252432E-7     3.1144758343587815E-7    NaN                                               NaN
0                         3.849680982252432E-7     3.274192543813078E-7     NaN                                               NaN
0                         3.849680982252432E-7     3.433909253267374E-7     NaN                                               NaN
0                         3.849680982252432E-7     3.5936259627216704E-7    NaN                                               NaN
0                         3.849680982252432E-7     3.753342672175967E-7     NaN                                               NaN
0                         3.849680982252432E-7     3.913059381630264E-7     NaN                                               NaN
0                         4.003668221542529E-7     -3.913059381630264E-7    NaN                                               NaN
0                         4.003668221542529E-7     -3.753342672175967E-7    NaN                                               NaN
0                         4.003668221542529E-7     -3.593625962721671E-7    NaN                                               NaN
0                         4.003668221542529E-7     -3.4339092532673743E-7   NaN                                               NaN
0                         4.003668221542529E-7     -3.2741925438130776E-7   NaN                                               NaN
0                         4.003668221542529E-7     -3.1144758343587815E-7   NaN                                               NaN
0                         4.003668221542529E-7     -2.954759124904485E-7    NaN                                               NaN
0                         4.003668221542529E-7     -2.7950424154501886E-7   NaN                                               NaN
0                         4.003668221542529E-7     -2.635325705995892E-7    NaN                                               NaN
0                         4.003668221542529E-7     -2.4756089965415953E-7   NaN                                               NaN
0                         4.003668221542529E-7     -2.3158922870872991E-7   NaN                                               NaN
0                         4.003668221542529E-7     -2.1561755776330025E-7   NaN                                               NaN
0                         4.003668221542529E-7     -1.996458868178706E-7    NaN                                               NaN
0                         4.003668221542529E-7     -1.8367421587244096E-7   NaN                                               NaN
0                         4.003668221542529E-7     -1.677025449270113E-7    NaN                                               NaN
0                         4.003668221542529E-7     -1.5173087398158168E-7   NaN                                               NaN
0                         4.003668221542529E-7     -1.3575920303615201E-7   NaN                                               NaN
0                         4.003668221542529E-7     -1.1978753209072235E-7   NaN                                               NaN
0                         4.003668221542529E-7     -1.0381586114529273E-7   NaN                                               NaN
0                         4.003668221542529E-7     -8.784419019986307E-8    NaN                                               NaN
0                         4.003668221542529E-7     -7.187251925443345E-8    NaN                                               NaN
0                         4.003668221542529E-7     -5.590084830900378E-8    NaN                                               NaN
0                         4.003668221542529E-7     -3.9929177363574116E-8   NaN                                               NaN
0                         4.003668221542529E-7     -2.39575064181445E-8     NaN                                               NaN
0                         4.003668221542529E-7     -7.985835472714834E-9    NaN                                               NaN
0                         4.003668221542529E-7     7.985835472714834E-9     NaN                                               NaN
0                         4.003668221542529E-7     2.3957506418144448E-8    NaN                                               NaN
0                         4.003668221542529E-7     3.9929177363574116E-8    NaN                                               NaN
0                         4.003668221542529E-7     5.590084830900378E-8     NaN                                               NaN
0                         4.003668221542529E-7     7.18725192544334E-8      NaN                                               NaN
0                         4.003668221542529E-7     8.784419019986301E-8     NaN                                               NaN
0                         4.003668221542529E-7     1.0381586114529268E-7    NaN                                               NaN
0                         4.003668221542529E-7     1.1978753209072235E-7    NaN                                               NaN
0                         4.003668221542529E-7     1.3575920303615201E-7    NaN                                               NaN
0                         4.003668221542529E-7     1.5173087398158168E-7    NaN                                               NaN
0                         4.003668221542529E-7     1.6770254492701124E-7    NaN                                               NaN
0                         4.003668221542529E-7     1.836742158724409E-7     NaN                                               NaN
0                         4.003668221542529E-7     1.9964588681787058E-7    NaN                                               NaN
0                         4.003668221542529E-7     2.1561755776330025E-7    NaN                                               NaN
0                         4.003668221542529E-7     2.3158922870872991E-7    NaN                                               NaN
0                         4.003668221542529E-7     2.475608996541595E-7     NaN                                               NaN
0                         4.003668221542529E-7     2.6353257059958914E-7    NaN                                               NaN
0                         4.003668221542529E-7     2.795042415450188E-7     NaN                                               NaN
0                         4.003668221542529E-7     2.954759124904485E-7     NaN                                               NaN
0                         4.003668221542529E-7     3.1144758343587815E-7    NaN                                               NaN
0                         4.003668221542529E-7     3.274192543813078E-7     NaN                                               NaN
0                         4.003668221542529E-7     3.433909253267374E-7     NaN                                               NaN
0                         4.003668221542529E-7     3.5936259627216704E-7    NaN                                               NaN
0                         4.003668221542529E-7     3.753342672175967E-7     NaN                                               NaN
0                         4.003668221542529E-7     3.913059381630264E-7     NaN                                               NaN
0                         4.1576554608326266E-7    -3.913059381630264E-7    NaN                                               NaN
0                         4.1576554608326266E-7    -3.753342672175967E-7    NaN                                               NaN
0                         4.1576554608326266E-7    -3.593625962721671E-7    NaN                                               NaN
0                         4.1576554608326266E-7    -3.4339092532673743E-7   NaN                                               NaN
0                         4.1576554608326266E-7    -3.2741925438130776E-7   NaN                                               NaN
0                         4.1576554608326266E-7    -3.1144758343587815E-7   NaN                                               NaN
0                         4.1576554608326266E-7    -2.954759124904485E-7    NaN                                               NaN
0                         4.1576554608326266E-7    -2.7950424154501886E-7   NaN                                               NaN
0                         4.1576554608326266E-7    -2.635325705995892E-7    NaN                                               NaN
0                         4.1576554608326266E-7    -2.4756089965415953E-7   NaN                                               NaN
0                         4.1576554608326266E-7    -2.3158922870872991E-7   NaN                                               NaN
0                         4.1576554608326266E-7    -2.1561755776330025E-7   NaN                                               NaN
0                         4.1576554608326266E-7    -1.996458868178706E-7    NaN                                               NaN
0                         4.1576554608326266E-7    -1.8367421587244096E-7   NaN                                               NaN
0                         4.1576554608326266E-7    -1.677025449270113E-7    NaN                                               NaN
0                         4.1576554608326266E-7    -1.5173087398158168E-7   NaN                                               NaN
0                         4.1576554608326266E-7    -1.3575920303615201E-7   NaN                                               NaN
0                         4.1576554608326266E-7    -1.1978753209072235E-7   NaN                                               NaN
0                         4.1576554608326266E-7    -1.0381586114529273E-7   NaN                                               NaN
0                         4.1576554608326266E-7    -8.784419019986307E-8    NaN                                               NaN
0                         4.1576554608326266E-7    -7.187251925443345E-8    NaN                                               NaN
0                         4.1576554608326266E-7    -5.590084830900378E-8    NaN                                               NaN
0                         4.1576554608326266E-7    -3.9929177363574116E-8   NaN                                               NaN
0                         4.1576554608326266E-7    -2.39575064181445E-8     NaN                                               NaN
0                         4.1576554608326266E-7    -7.985835472714834E-9    NaN                                               NaN
0                         4.1576554608326266E-7    7.985835472714834E-9     NaN                                               NaN
0                         4.1576554608326266E-7    2.3957506418144448E-8    NaN                                               NaN
0                         4.1576554608326266E-7    3.9929177363574116E-8    NaN                                               NaN
0                         4.1576554608326266E-7    5.590084830900378E-8     NaN                                               NaN
0                         4.1576554608326266E-7    7.18725192544334E-8      NaN                                               NaN
0                         4.1576554608326266E-7    8.784419019986301E-8     NaN                                               NaN
0                         4.1576554608326266E-7    1.0381586114529268E-7    NaN                                               NaN
0                         4.1576554608326266E-7    1.1978753209072235E-7    NaN                                               NaN
0                         4.1576554608326266E-7    1.3575920303615201E-7    NaN                                               NaN
0                         4.1576554608326266E-7    1.5173087398158168E-7    NaN                                               NaN
0                         4.1576554608326266E-7    1.6770254492701124E-7    NaN                                               NaN
0                         4.1576554608326266E-7    1.836742158724409E-7     NaN                                               NaN
0                         4.1576554608326266E-7    1.9964588681787058E-7    NaN                                               NaN
0                         4.1576554608326266E-7    2.1561755776330025E-7    NaN                                               NaN
0                         4.1576554608326266E-7    2.3158922870872991E-7    NaN                                               NaN
0                         4.1576554608326266E-7    2.475608996541595E-7     NaN                                               NaN
0                         4.1576554608326266E-7    2.6353257059958914E-7    NaN                                               NaN
0                         4.1576554608326266E-7    2.795042415450188E-7     NaN                                               NaN
0                         4.1576554608326266E-7    2.954759124904485E-7     NaN                                               NaN
0                         4.1576554608326266E-7    3.1144758343587815E-7    NaN                                               NaN
0                         4.1576554608326266E-7    3.274192543813078E-7     NaN                                               NaN
0                         4.1576554608326266E-7    3.433909253267374E-7     NaN                                               NaN
0                         4.1576554608326266E-7    3.5936259627216704E-7    NaN                                               NaN
0                         4.1576554608326266E-7    3.753342672175967E-7     NaN                                               NaN
0                         4.1576554608326266E-7    3.913059381630264E-7     NaN                                               NaN
0                         4.311642700122724E-7     -3.913059381630264E-7    NaN                                               NaN
0                         4.311642700122724E-7     -3.753342672175967E-7    NaN                                               NaN
0                         4.311642700122724E-7     -3.593625962721671E-7    NaN                                               NaN
0                         4.311642700122724E-7     -3.4339092532673743E-7   NaN                                               NaN
0                         4.311642700122724E-7     -3.2741925438130776E-7   NaN                                               NaN
0                         4.311642700122724E-7     -3.1144758343587815E-7   NaN                                               NaN
0                         4.311642700122724E-7     -2.954759124904485E-7    NaN                                               NaN
0                         4.311642700122724E-7     -2.7950424154501886E-7   NaN                                               NaN
0                         4.311642700122724E-7     -2.635325705995892E-7    NaN                                               NaN
0                         4.311642700122724E-7     -2.4756089965415953E-7   NaN                                               NaN
0                         4.311642700122724E-7     -2.3158922870872991E-7   NaN                                               NaN
0                         4.311642700122724E-7     -2.1561755776330025E-7   NaN                                               NaN
0                         4.311642700122724E-7     -1.996458868178706E-7    NaN                                               NaN
0                         4.311642700122724E-7     -1.8367421587244096E-7   NaN                                               NaN
0                         4.311642700122724E-7     -1.677025449270113E-7    NaN                                               NaN
0                         4.311642700122724E-7     -1.5173087398158168E-7   NaN                                               NaN
0                         4.311642700122724E-7     -1.3575920303615201E-7   NaN                                               NaN
0                         4.311642700122724E-7     -1.1978753209072235E-7   NaN                                               NaN
0                         4.311642700122724E-7     -1.0381586114529273E-7   NaN                                               NaN
0                         4.311642700122724E-7     -8.784419019986307E-8    NaN                                               NaN
0                         4.311642700122724E-7     -7.187251925443345E-8    NaN                                               NaN
0                         4.311642700122724E-7     -5.590084830900378E-8    NaN                                               NaN
0                         4.311642700122724E-7     -3.9929177363574116E-8   NaN                                               NaN
0                         4.311642700122724E-7     -2.39575064181445E-8     NaN                                               NaN
0                         4.311642700122724E-7     -7.985835472714834E-9    NaN                                               NaN
0                         4.311642700122724E-7     7.985835472714834E-9     NaN                                               NaN
0                         4.311642700122724E-7     2.3957506418144448E-8    NaN                                               NaN
0                         4.311642700122724E-7     3.9929177363574116E-8    NaN                                               NaN
0                         4.311642700122724E-7     5.590084830900378E-8     NaN                                               NaN
0                         4.311642700122724E-7     7.18725192544334E-8      NaN                                               NaN
0                         4.311642700122724E-7     8.784419019986301E-8     NaN                                               NaN
0                         4.311642700122724E-7     1.0381586114529268E-7    NaN                                               NaN
0                         4.311642700122724E-7     1.1978753209072235E-7    NaN                                               NaN
0                         4.311642700122724E-7     1.3575920303615201E-7    NaN                                               NaN
0                         4.311642700122724E-7     1.5173087398158168E-7    NaN                                               NaN
0                         4.311642700122724E-7     1.6770254492701124E-7    NaN                                               NaN
0                         4.311642700122724E-7     1.836742158724409E-7     NaN                                               NaN
0                         4.311642700122724E-7     1.9964588681787058E-7    NaN                                               NaN
0                         4.311642700122724E-7     2.1561755776330025E-7    NaN                                               NaN
0                         4.311642700122724E-7     2.3158922870872991E-7    NaN                                               NaN
0                         4.311642700122724E-7     2.475608996541595E-7     NaN                                               NaN
0                         4.311642700122724E-7     2.6353257059958914E-7    NaN                                               NaN
0                         4.311642700122724E-7     2.795042415450188E-7     NaN                                               NaN
0                         4.311642700122724E-7     2.954759124904485E-7     NaN                                               NaN
0                         4.311642700122724E-7     3.1144758343587815E-7    NaN                                               NaN
0                         4.311642700122724E-7     3.274192543813078E-7     NaN                                               NaN
0                         4.311642700122724E-7     3.433909253267374E-7     NaN                                               NaN
0                         4.311642700122724E-7     3.5936259627216704E-7    NaN                                               NaN
0                         4.311642700122724E-7     3.753342672175967E-7     NaN                                               NaN
0                         4.311642700122724E-7     3.913059381630264E-7     NaN                                               NaN
0                         4.465629939412821E-7     -3.913059381630264E-7    NaN                                               NaN
0                         4.465629939412821E-7     -3.753342672175967E-7    NaN                                               NaN
0                         4.465629939412821E-7     -3.593625962721671E-7    NaN                                               NaN
0                         4.465629939412821E-7     -3.4339092532673743E-7   NaN                                               NaN
0                         4.465629939412821E-7     -3.2741925438130776E-7   NaN                                               NaN
0                         4.465629939412821E-7     -3.1144758343587815E-7   NaN                                               NaN
0                         4.465629939412821E-7     -2.954759124904485E-7    NaN                                               NaN
0                         4.465629939412821E-7     -2.7950424154501886E-7   NaN                                               NaN
0                         4.465629939412821E-7     -2.635325705995892E-7    NaN                                               NaN
0                         4.465629939412821E-7     -2.4756089965415953E-7   NaN                                               NaN
0                         4.465629939412821E-7     -2.3158922870872991E-7   NaN                                               NaN
0                         4.465629939412821E-7     -2.1561755776330025E-7   NaN                                               NaN
0                         4.465629939412821E-7     -1.996458868178706E-7    NaN                                               NaN
0                         4.465629939412821E-7     -1.8367421587244096E-7   NaN                                               NaN
0                         4.465629939412821E-7     -1.677025449270113E-7    NaN                                               NaN
0                         4.465629939412821E-7     -1.5173087398158168E-7   NaN                                               NaN
0                         4.465629939412821E-7     -1.3575920303615201E-7   NaN                                               NaN
0                         4.465629939412821E-7     -1.1978753209072235E-7   NaN                                               NaN
0                         4.465629939412821E-7     -1.0381586114529273E-7   NaN                                               NaN
0                         4.465629939412821E-7     -8.784419019986307E-8    NaN                                               NaN
0                         4.465629939412821E-7     -7.187251925443345E-8    NaN                                               NaN
0                         4.465629939412821E-7     -5.590084830900378E-8    NaN                                               NaN
0                         4.465629939412821E-7     -3.9929177363574116E-8   NaN                                               NaN
0                         4.465629939412821E-7     -2.39575064181445E-8     NaN                                               NaN
0                         4.465629939412821E-7     -7.985835472714834E-9    NaN                                               NaN
0                         4.465629939412821E-7     7.985835472714834E-9     NaN                                               NaN
0                         4.465629939412821E-7     2.3957506418144448E-8    NaN                                               NaN
0                         4.465629939412821E-7     3.9929177363574116E-8    NaN                                               NaN
0                         4.465629939412821E-7     5.590084830900378E-8     NaN                                               NaN
0                         4.465629939412821E-7     7.18725192544334E-8      NaN                                               NaN
0                         4.465629939412821E-7     8.784419019986301E-8     NaN                                               NaN
0                         4.465629939412821E-7     1.0381586114529268E-7    NaN                                               NaN
0                         4.465629939412821E-7     1.1978753209072235E-7    NaN                                               NaN
0                         4.465629939412821E-7     1.3575920303615201E-7    NaN                                               NaN
0                         4.465629939412821E-7     1.5173087398158168E-7    NaN                                               NaN
0                         4.465629939412821E-7     1.6770254492701124E-7    NaN                                               NaN
0                         4.465629939412821E-7     1.836742158724409E-7     NaN                                               NaN
0                         4.465629939412821E-7     1.9964588681787058E-7    NaN                                               NaN
0                         4.465629939412821E-7     2.1561755776330025E-7    NaN                                               NaN
0                         4.465629939412821E-7     2.3158922870872991E-7    NaN                                               NaN
0                         4.465629939412821E-7     2.475608996541595E-7     NaN                                               NaN
0                         4.465629939412821E-7     2.6353257059958914E-7    NaN                                               NaN
0                         4.465629939412821E-7     2.795042415450188E-7     NaN                                               NaN
0                         4.465629939412821E-7     2.954759124904485E-7     NaN                                               NaN
0                         4.465629939412821E-7     3.1144758343587815E-7    NaN                                               NaN
0                         4.465629939412821E-7     3.274192543813078E-7     NaN                                               NaN
0                         4.465629939412821E-7     3.433909253267374E-7     NaN                                               NaN
0                         4.465629939412821E-7     3.5936259627216704E-7    NaN                                               NaN
0                         4.465629939412821E-7     3.753342672175967E-7     NaN                                               NaN
0                         4.465629939412821E-7     3.913059381630264E-7     NaN                                               NaN
0                         4.6196171787029186E-7    -3.913059381630264E-7    NaN                                               NaN
0                         4.6196171787029186E-7    -3.753342672175967E-7    NaN                                               NaN
0                         4.6196171787029186E-7    -3.593625962721671E-7    NaN                                               NaN
0                         4.6196171787029186E-7    -3.4339092532673743E-7   NaN                                               NaN
0                         4.6196171787029186E-7    -3.2741925438130776E-7   NaN                                               NaN
0                         4.6196171787029186E-7    -3.1144758343587815E-7   NaN                                               NaN
0                         4.6196171787029186E-7    -2.954759124904485E-7    NaN                                               NaN
0                         4.6196171787029186E-7    -2.7950424154501886E-7   NaN                                               NaN
0                         4.6196171787029186E-7    -2.635325705995892E-7    NaN                                               NaN
0                         4.6196171787029186E-7    -2.4756089965415953E-7   NaN                                               NaN
0                         4.6196171787029186E-7    -2.3158922870872991E-7   NaN                                               NaN
0                         4.6196171787029186E-7    -2.1561755776330025E-7   NaN                                               NaN
0                         4.6196171787029186E-7    -1.996458868178706E-7    NaN                                               NaN
0                         4.6196171787029186E-7    -1.8367421587244096E-7   NaN                                               NaN
0                         4.6196171787029186E-7    -1.677025449270113E-7    NaN                                               NaN
0                         4.6196171787029186E-7    -1.5173087398158168E-7   NaN                                               NaN
0                         4.6196171787029186E-7    -1.3575920303615201E-7   NaN                                               NaN
0                         4.6196171787029186E-7    -1.1978753209072235E-7   NaN                                               NaN
0                         4.6196171787029186E-7    -1.0381586114529273E-7   NaN                                               NaN
0                         4.6196171787029186E-7    -8.784419019986307E-8    NaN                                               NaN
0                         4.6196171787029186E-7    -7.187251925443345E-8    NaN                                               NaN
0                         4.6196171787029186E-7    -5.590084830900378E-8    NaN                                               NaN
0                         4.6196171787029186E-7    -3.9929177363574116E-8   NaN                                               NaN
0                         4.6196171787029186E-7    -2.39575064181445E-8     NaN                                               NaN
0                         4.6196171787029186E-7    -7.985835472714834E-9    NaN                                               NaN
0                         4.6196171787029186E-7    7.985835472714834E-9     NaN                                               NaN
0                         4.6196171787029186E-7    2.3957506418144448E-8    NaN                                               NaN
0                         4.6196171787029186E-7    3.9929177363574116E-8    NaN                                               NaN
0                         4.6196171787029186E-7    5.590084830900378E-8     NaN                                               NaN
0                         4.6196171787029186E-7    7.18725192544334E-8      NaN                                               NaN
0                         4.6196171787029186E-7    8.784419019986301E-8     NaN                                               NaN
0                         4.6196171787029186E-7    1.0381586114529268E-7    NaN                                               NaN
0                         4.6196171787029186E-7    1.1978753209072235E-7    NaN                                               NaN
0                         4.6196171787029186E-7    1.3575920303615201E-7    NaN                                               NaN
0                         4.6196171787029186E-7    1.5173087398158168E-7    NaN                                               NaN
0                         4.6196171787029186E-7    1.6770254492701124E-7    NaN                                               NaN
0                         4.6196171787029186E-7    1.836742158724409E-7     NaN                                               NaN
0                         4.6196171787029186E-7    1.9964588681787058E-7    NaN                                               NaN
0                         4.6196171787029186E-7    2.1561755776330025E-7    NaN                                               NaN
0                         4.6196171787029186E-7    2.3158922870872991E-7    NaN                                               NaN
0                         4.6196171787029186E-7    2.475608996541595E-7     NaN                                               NaN
0                         4.6196171787029186E-7    2.6353257059958914E-7    NaN                                               NaN
0                         4.6196171787029186E-7    2.795042415450188E-7     NaN                                               NaN
0                         4.6196171787029186E-7    2.954759124904485E-7     NaN                                               NaN
0                         4.6196171787029186E-7    3.1144758343587815E-7    NaN                                               NaN
0                         4.6196171787029186E-7    3.274192543813078E-7     NaN                                               NaN
0                         4.6196171787029186E-7    3.433909253267374E-7     NaN                                               NaN
0                         4.6196171787029186E-7    3.5936259627216704E-7    NaN                                               NaN
0                         4.6196171787029186E-7    3.753342672175967E-7     NaN                                               NaN
0                         4.6196171787029186E-7    3.913059381630264E-7     NaN                                               NaN
0                         4.773604417993015E-7     -3.913059381630264E-7    NaN                                               NaN
0                         4.773604417993015E-7     -3.753342672175967E-7    NaN                                               NaN
0                         4.773604417993015E-7     -3.593625962721671E-7    NaN                                               NaN
0                         4.773604417993015E-7     -3.4339092532673743E-7   NaN                                               NaN
0                         4.773604417993015E-7     -3.2741925438130776E-7   NaN                                               NaN
0                         4.773604417993015E-7     -3.1144758343587815E-7   NaN                                               NaN
0                         4.773604417993015E-7     -2.954759124904485E-7    NaN                                               NaN
0                         4.773604417993015E-7     -2.7950424154501886E-7   NaN                                               NaN
0                         4.773604417993015E-7     -2.635325705995892E-7    NaN                                               NaN
0                         4.773604417993015E-7     -2.4756089965415953E-7   NaN                                               NaN
0                         4.773604417993015E-7     -2.3158922870872991E-7   NaN                                               NaN
0                         4.773604417993015E-7     -2.1561755776330025E-7   NaN                                               NaN
0                         4.773604417993015E-7     -1.996458868178706E-7    NaN                                               NaN
0                         4.773604417993015E-7     -1.8367421587244096E-7   NaN                                               NaN
0                         4.773604417993015E-7     -1.677025449270113E-7    NaN                                               NaN
0                         4.773604417993015E-7     -1.5173087398158168E-7   NaN                                               NaN
0                         4.773604417993015E-7     -1.3575920303615201E-7   NaN                                               NaN
0                         4.773604417993015E-7     -1.1978753209072235E-7   NaN                                               NaN
0                         4.773604417993015E-7     -1.0381586114529273E-7   NaN                                               NaN
0                         4.773604417993015E-7     -8.784419019986307E-8    NaN                                               NaN
0                         4.773604417993015E-7     -7.187251925443345E-8    NaN                                               NaN
0                         4.773604417993015E-7     -5.590084830900378E-8    NaN                                               NaN
0                         4.773604417993015E-7     -3.9929177363574116E-8   NaN                                               NaN
0                         4.773604417993015E-7     -2.39575064181445E-8     NaN                                               NaN
0                         4.773604417993015E-7     -7.985835472714834E-9    NaN                                               NaN
0                         4.773604417993015E-7     7.985835472714834E-9     NaN                                               NaN
0                         4.773604417993015E-7     2.3957506418144448E-8    NaN                                               NaN
0                         4.773604417993015E-7     3.9929177363574116E-8    NaN                                               NaN
0                         4.773604417993015E-7     5.590084830900378E-8     NaN                                               NaN
0                         4.773604417993015E-7     7.18725192544334E-8      NaN                                               NaN
0                         4.773604417993015E-7     8.784419019986301E-8     NaN                                               NaN
0                         4.773604417993015E-7     1.0381586114529268E-7    NaN                                               NaN
0                         4.773604417993015E-7     1.1978753209072235E-7    NaN                                               NaN
0                         4.773604417993015E-7     1.3575920303615201E-7    NaN                                               NaN
0                         4.773604417993015E-7     1.5173087398158168E-7    NaN                                               NaN
0                         4.773604417993015E-7     1.6770254492701124E-7    NaN                                               NaN
0                         4.773604417993015E-7     1.836742158724409E-7     NaN                                               NaN
0                         4.773604417993015E-7     1.9964588681787058E-7    NaN                                               NaN
0                         4.773604417993015E-7     2.1561755776330025E-7    NaN                                               NaN
0                         4.773604417993015E-7     2.3158922870872991E-7    NaN                                               NaN
0                         4.773604417993015E-7     2.475608996541595E-7     NaN                                               NaN
0                         4.773604417993015E-7     2.6353257059958914E-7    NaN                                               NaN
0                         4.773604417993015E-7     2.795042415450188E-7     NaN                                               NaN
0                         4.773604417993015E-7     2.954759124904485E-7     NaN                                               NaN
0                         4.773604417993015E-7     3.1144758343587815E-7    NaN                                               NaN
0                         4.773604417993015E-7     3.274192543813078E-7     NaN                                               NaN
0                         4.773604417993015E-7     3.433909253267374E-7     NaN                                               NaN
0                         4.773604417993015E-7     3.5936259627216704E-7    NaN                                               NaN
0                         4.773604417993015E-7     3.753342672175967E-7     NaN                                               NaN
0                         4.773604417993015E-7     3.913059381630264E-7     NaN                                               NaN
0                         4.927591657283113E-7     -3.913059381630264E-7    NaN                                               NaN
0                         4.927591657283113E-7     -3.753342672175967E-7    NaN                                               NaN
0                         4.927591657283113E-7     -3.593625962721671E-7    NaN                                               NaN
0                         4.927591657283113E-7     -3.4339092532673743E-7   NaN                                               NaN
0                         4.927591657283113E-7     -3.2741925438130776E-7   NaN                                               NaN
0                         4.927591657283113E-7     -3.1144758343587815E-7   NaN                                               NaN
0                         4.927591657283113E-7     -2.954759124904485E-7    NaN                                               NaN
0                         4.927591657283113E-7     -2.7950424154501886E-7   NaN                                               NaN
0                         4.927591657283113E-7     -2.635325705995892E-7    NaN                                               NaN
0                         4.927591657283113E-7     -2.4756089965415953E-7   NaN                                               NaN
0                         4.927591657283113E-7     -2.3158922870872991E-7   NaN                                               NaN
0                         4.927591657283113E-7     -2.1561755776330025E-7   NaN                                               NaN
0                         4.927591657283113E-7     -1.996458868178706E-7    NaN                                               NaN
0                         4.927591657283113E-7     -1.8367421587244096E-7   NaN                                               NaN
0                         4.927591657283113E-7     -1.677025449270113E-7    NaN                                               NaN
0                         4.927591657283113E-7     -1.5173087398158168E-7   NaN                                               NaN
0                         4.927591657283113E-7     -1.3575920303615201E-7   NaN                                               NaN
0                         4.927591657283113E-7     -1.1978753209072235E-7   NaN                                               NaN
0                         4.927591657283113E-7     -1.0381586114529273E-7   NaN                                               NaN
0                         4.927591657283113E-7     -8.784419019986307E-8    NaN                                               NaN
0                         4.927591657283113E-7     -7.187251925443345E-8    NaN                                               NaN
0                         4.927591657283113E-7     -5.590084830900378E-8    NaN                                               NaN
0                         4.927591657283113E-7     -3.9929177363574116E-8   NaN                                               NaN
0                         4.927591657283113E-7     -2.39575064181445E-8     NaN                                               NaN
0                         4.927591657283113E-7     -7.985835472714834E-9    NaN                                               NaN
0                         4.927591657283113E-7     7.985835472714834E-9     NaN                                               NaN
0                         4.927591657283113E-7     2.3957506418144448E-8    NaN                                               NaN
0                         4.927591657283113E-7     3.9929177363574116E-8    NaN                                               NaN
0                         4.927591657283113E-7     5.590084830900378E-8     NaN                                               NaN
0                         4.927591657283113E-7     7.18725192544334E-8      NaN                                               NaN
0                         4.927591657283113E-7     8.784419019986301E-8     NaN                                               NaN
0                         4.927591657283113E-7     1.0381586114529268E-7    NaN                                               NaN
0                         4.927591657283113E-7     1.1978753209072235E-7    NaN                                               NaN
0                         4.927591657283113E-7     1.3575920303615201E-7    NaN                                               NaN
0                         4.927591657283113E-7     1.5173087398158168E-7    NaN                                               NaN
0                         4.927591657283113E-7     1.6770254492701124E-7    NaN                                               NaN
0                         4.927591657283113E-7     1.836742158724409E-7     NaN                                               NaN
0                         4.927591657283113E-7     1.9964588681787058E-7    NaN                                               NaN
0                         4.927591657283113E-7     2.1561755776330025E-7    NaN                                               NaN
0                         4.927591657283113E-7     2.3158922870872991E-7    NaN                                               NaN
0                         4.927591657283113E-7     2.475608996541595E-7     NaN                                               NaN
0                         4.927591657283113E-7     2.6353257059958914E-7    NaN                                               NaN
0                         4.927591657283113E-7     2.795042415450188E-7     NaN                                               NaN
0                         4.927591657283113E-7     2.954759124904485E-7     NaN                                               NaN
0                         4.927591657283113E-7     3.1144758343587815E-7    NaN                                               NaN
0                         4.927591657283113E-7     3.274192543813078E-7     NaN                                               NaN
0                         4.927591657283113E-7     3.433909253267374E-7     NaN                                               NaN
0                         4.927591657283113E-7     3.5936259627216704E-7    NaN                                               NaN
0                         4.927591657283113E-7     3.753342672175967E-7     NaN                                               NaN
0                         4.927591657283113E-7     3.913059381630264E-7     NaN                                               NaN
0                         5.081578896573211E-7     -3.913059381630264E-7    NaN                                               NaN
0                         5.081578896573211E-7     -3.753342672175967E-7    NaN                                               NaN
0                         5.081578896573211E-7     -3.593625962721671E-7    NaN                                               NaN
0                         5.081578896573211E-7     -3.4339092532673743E-7   NaN                                               NaN
0                         5.081578896573211E-7     -3.2741925438130776E-7   NaN                                               NaN
0                         5.081578896573211E-7     -3.1144758343587815E-7   NaN                                               NaN
0                         5.081578896573211E-7     -2.954759124904485E-7    NaN                                               NaN
0                         5.081578896573211E-7     -2.7950424154501886E-7   NaN                                               NaN
0                         5.081578896573211E-7     -2.635325705995892E-7    NaN                                               NaN
0                         5.081578896573211E-7     -2.4756089965415953E-7   NaN                                               NaN
0                         5.081578896573211E-7     -2.3158922870872991E-7   NaN                                               NaN
0                         5.081578896573211E-7     -2.1561755776330025E-7   NaN                                               NaN
0                         5.081578896573211E-7     -1.996458868178706E-7    NaN                                               NaN
0                         5.081578896573211E-7     -1.8367421587244096E-7   NaN                                               NaN
0                         5.081578896573211E-7     -1.677025449270113E-7    NaN                                               NaN
0                         5.081578896573211E-7     -1.5173087398158168E-7   NaN                                               NaN
0                         5.081578896573211E-7     -1.3575920303615201E-7   NaN                                               NaN
0                         5.081578896573211E-7     -1.1978753209072235E-7   NaN                                               NaN
0                         5.081578896573211E-7     -1.0381586114529273E-7   NaN                                               NaN
0                         5.081578896573211E-7     -8.784419019986307E-8    NaN                                               NaN
0                         5.081578896573211E-7     -7.187251925443345E-8    NaN                                               NaN
0                         5.081578896573211E-7     -5.590084830900378E-8    NaN                                               NaN
0                         5.081578896573211E-7     -3.9929177363574116E-8   NaN                                               NaN
0                         5.081578896573211E-7     -2.39575064181445E-8     NaN                                               NaN
0                         5.081578896573211E-7     -7.985835472714834E-9    NaN                                               NaN
0                         5.081578896573211E-7     7.985835472714834E-9     NaN                                               NaN
0                         5.081578896573211E-7     2.3957506418144448E-8    NaN                                               NaN
0                         5.081578896573211E-7     3.9929177363574116E-8    NaN                                               NaN
0                         5.081578896573211E-7     5.590084830900378E-8     NaN                                               NaN
0                         5.081578896573211E-7     7.18725192544334E-8      NaN                                               NaN
0                         5.081578896573211E-7     8.784419019986301E-8     NaN                                               NaN
0                         5.081578896573211E-7     1.0381586114529268E-7    NaN                                               NaN
0                         5.081578896573211E-7     1.1978753209072235E-7    NaN                                               NaN
0                         5.081578896573211E-7     1.3575920303615201E-7    NaN                                               NaN
0                         5.081578896573211E-7     1.5173087398158168E-7    NaN                                               NaN
0                         5.081578896573211E-7     1.6770254492701124E-7    NaN                                               NaN
0                         5.081578896573211E-7     1.836742158724409E-7     NaN                                               NaN
0                         5.081578896573211E-7     1.9964588681787058E-7    NaN                                               NaN
0                         5.081578896573211E-7     2.1561755776330025E-7    NaN                                               NaN
0                         5.081578896573211E-7     2.3158922870872991E-7    NaN                                               NaN
0                         5.081578896573211E-7     2.475608996541595E-7     NaN                                               NaN
0                         5.081578896573211E-7     2.6353257059958914E-7    NaN                                               NaN
0                         5.081578896573211E-7     2.795042415450188E-7     NaN                                               NaN
0                         5.081578896573211E-7     2.954759124904485E-7     NaN                                               NaN
0                         5.081578896573211E-7     3.1144758343587815E-7    NaN                                               NaN
0                         5.081578896573211E-7     3.274192543813078E-7     NaN                                               NaN
0                         5.081578896573211E-7     3.433909253267374E-7     NaN                                               NaN
0                         5.081578896573211E-7     3.5936259627216704E-7    NaN                                               NaN
0                         5.081578896573211E-7     3.753342672175967E-7     NaN                                               NaN
0                         5.081578896573211E-7     3.913059381630264E-7     NaN                                               NaN
0                         5.235566135863307E-7     -3.913059381630264E-7    NaN                                               NaN
0                         5.235566135863307E-7     -3.753342672175967E-7    NaN                                               NaN
0                         5.235566135863307E-7     -3.593625962721671E-7    NaN                                               NaN
0                         5.235566135863307E-7     -3.4339092532673743E-7   NaN                                               NaN
0                         5.235566135863307E-7     -3.2741925438130776E-7   NaN                                               NaN
0                         5.235566135863307E-7     -3.1144758343587815E-7   NaN                                               NaN
0                         5.235566135863307E-7     -2.954759124904485E-7    NaN                                               NaN
0                         5.235566135863307E-7     -2.7950424154501886E-7   NaN                                               NaN
0                         5.235566135863307E-7     -2.635325705995892E-7    NaN                                               NaN
0                         5.235566135863307E-7     -2.4756089965415953E-7   NaN                                               NaN
0                         5.235566135863307E-7     -2.3158922870872991E-7   NaN                                               NaN
0                         5.235566135863307E-7     -2.1561755776330025E-7   NaN                                               NaN
0                         5.235566135863307E-7     -1.996458868178706E-7    NaN                                               NaN
0                         5.235566135863307E-7     -1.8367421587244096E-7   NaN                                               NaN
0                         5.235566135863307E-7     -1.677025449270113E-7    NaN                                               NaN
0                         5.235566135863307E-7     -1.5173087398158168E-7   NaN                                               NaN
0                         5.235566135863307E-7     -1.3575920303615201E-7   NaN                                               NaN
0                         5.235566135863307E-7     -1.1978753209072235E-7   NaN                                               NaN
0                         5.235566135863307E-7     -1.0381586114529273E-7   NaN                                               NaN
0                         5.235566135863307E-7     -8.784419019986307E-8    NaN                                               NaN
0                         5.235566135863307E-7     -7.187251925443345E-8    NaN                                               NaN
0                         5.235566135863307E-7     -5.590084830900378E-8    NaN                                               NaN
0                         5.235566135863307E-7     -3.9929177363574116E-8   NaN                                               NaN
0                         5.235566135863307E-7     -2.39575064181445E-8     NaN                                               NaN
0                         5.235566135863307E-7     -7.985835472714834E-9    NaN                                               NaN
0                         5.235566135863307E-7     7.985835472714834E-9     NaN                                               NaN
0                         5.235566135863307E-7     2.3957506418144448E-8    NaN                                               NaN
0                         5.235566135863307E-7     3.9929177363574116E-8    NaN                                               NaN
0                         5.235566135863307E-7     5.590084830900378E-8     NaN                                               NaN
0                         5.235566135863307E-7     7.18725192544334E-8      NaN                                               NaN
0                         5.235566135863307E-7     8.784419019986301E-8     NaN                                               NaN
0                         5.235566135863307E-7     1.0381586114529268E-7    NaN                                               NaN
0                         5.235566135863307E-7     1.1978753209072235E-7    NaN                                               NaN
0                         5.235566135863307E-7     1.3575920303615201E-7    NaN                                               NaN
0                         5.235566135863307E-7     1.5173087398158168E-7    NaN                                               NaN
0                         5.235566135863307E-7     1.6770254492701124E-7    NaN                                               NaN
0                         5.235566135863307E-7     1.836742158724409E-7     NaN                                               NaN
0                         5.235566135863307E-7     1.9964588681787058E-7    NaN                                               NaN
0                         5.235566135863307E-7     2.1561755776330025E-7    NaN                                               NaN
0                         5.235566135863307E-7     2.3158922870872991E-7    NaN                                               NaN
0                         5.235566135863307E-7     2.475608996541595E-7     NaN                                               NaN
0                         5.235566135863307E-7     2.6353257059958914E-7    NaN                                               NaN
0                         5.235566135863307E-7     2.795042415450188E-7     NaN                                               NaN
0                         5.235566135863307E-7     2.954759124904485E-7     NaN                                               NaN
0                         5.235566135863307E-7     3.1144758343587815E-7    NaN                                               NaN
0                         5.235566135863307E-7     3.274192543813078E-7     NaN                                               NaN
0                         5.235566135863307E-7     3.433909253267374E-7     NaN                                               NaN
0                         5.235566135863307E-7     3.5936259627216704E-7    NaN                                               NaN
0                         5.235566135863307E-7     3.753342672175967E-7     NaN                                               NaN
0                         5.235566135863307E-7     3.913059381630264E-7     NaN                                               NaN
0                         5.389553375153405E-7     -3.913059381630264E-7    NaN                                               NaN
0                         5.389553375153405E-7     -3.753342672175967E-7    NaN                                               NaN
0                         5.389553375153405E-7     -3.593625962721671E-7    NaN                                               NaN
0                         5.389553375153405E-7     -3.4339092532673743E-7   NaN                                               NaN
0                         5.389553375153405E-7     -3.2741925438130776E-7   NaN                                               NaN
0                         5.389553375153405E-7     -3.1144758343587815E-7   NaN                                               NaN
0                         5.389553375153405E-7     -2.954759124904485E-7    NaN                                               NaN
0                         5.389553375153405E-7     -2.7950424154501886E-7   NaN                                               NaN
0                         5.389553375153405E-7     -2.635325705995892E-7    NaN                                               NaN
0                         5.389553375153405E-7     -2.4756089965415953E-7   NaN                                               NaN
0                         5.389553375153405E-7     -2.3158922870872991E-7   NaN                                               NaN
0                         5.389553375153405E-7     -2.1561755776330025E-7   NaN                                               NaN
0                         5.389553375153405E-7     -1.996458868178706E-7    NaN                                               NaN
0                         5.389553375153405E-7     -1.8367421587244096E-7   NaN                                               NaN
0                         5.389553375153405E-7     -1.677025449270113E-7    NaN                                               NaN
0                         5.389553375153405E-7     -1.5173087398158168E-7   NaN                                               NaN
0                         5.389553375153405E-7     -1.3575920303615201E-7   NaN                                               NaN
0                         5.389553375153405E-7     -1.1978753209072235E-7   NaN                                               NaN
0                         5.389553375153405E-7     -1.0381586114529273E-7   NaN                                               NaN
0                         5.389553375153405E-7     -8.784419019986307E-8    NaN                                               NaN
0                         5.389553375153405E-7     -7.187251925443345E-8    NaN                                               NaN
0                         5.389553375153405E-7     -5.590084830900378E-8    NaN                                               NaN
0                         5.389553375153405E-7     -3.9929177363574116E-8   NaN                                               NaN
0                         5.389553375153405E-7     -2.39575064181445E-8     NaN                                               NaN
0                         5.389553375153405E-7     -7.985835472714834E-9    NaN                                               NaN
0                         5.389553375153405E-7     7.985835472714834E-9     NaN                                               NaN
0                         5.389553375153405E-7     2.3957506418144448E-8    NaN                                               NaN
0                         5.389553375153405E-7     3.9929177363574116E-8    NaN                                               NaN
0                         5.389553375153405E-7     5.590084830900378E-8     NaN                                               NaN
0                         5.389553375153405E-7     7.18725192544334E-8      NaN                                               NaN
0                         5.389553375153405E-7     8.784419019986301E-8     NaN                                               NaN
0                         5.389553375153405E-7     1.0381586114529268E-7    NaN                                               NaN
0                         5.389553375153405E-7     1.1978753209072235E-7    NaN                                               NaN
0                         5.389553375153405E-7     1.3575920303615201E-7    NaN                                               NaN
0                         5.389553375153405E-7     1.5173087398158168E-7    NaN                                               NaN
0                         5.389553375153405E-7     1.6770254492701124E-7    NaN                                               NaN
0                         5.389553375153405E-7     1.836742158724409E-7     NaN                                               NaN
0                         5.389553375153405E-7     1.9964588681787058E-7    NaN                                               NaN
0                         5.389553375153405E-7     2.1561755776330025E-7    NaN                                               NaN
0                         5.389553375153405E-7     2.3158922870872991E-7    NaN                                               NaN
0                         5.389553375153405E-7     2.475608996541595E-7     NaN                                               NaN
0                         5.389553375153405E-7     2.6353257059958914E-7    NaN                                               NaN
0                         5.389553375153405E-7     2.795042415450188E-7     NaN                                               NaN
0                         5.389553375153405E-7     2.954759124904485E-7     NaN                                               NaN
0                         5.389553375153405E-7     3.1144758343587815E-7    NaN                                               NaN
0                         5.389553375153405E-7     3.274192543813078E-7     NaN                                               NaN
0                         5.389553375153405E-7     3.433909253267374E-7     NaN                                               NaN
0                         5.389553375153405E-7     3.5936259627216704E-7    NaN                                               NaN
0                         5.389553375153405E-7     3.753342672175967E-7     NaN                                               NaN
0                         5.389553375153405E-7     3.913059381630264E-7     NaN                                               NaN
0                         5.543540614443501E-7     -3.913059381630264E-7    NaN                                               NaN
0                         5.543540614443501E-7     -3.753342672175967E-7    NaN                                               NaN
0                         5.543540614443501E-7     -3.593625962721671E-7    NaN                                               NaN
0                         5.543540614443501E-7     -3.4339092532673743E-7   NaN                                               NaN
0                         5.543540614443501E-7     -3.2741925438130776E-7   NaN                                               NaN
0                         5.543540614443501E-7     -3.1144758343587815E-7   NaN                                               NaN
0                         5.543540614443501E-7     -2.954759124904485E-7    NaN                                               NaN
0                         5.543540614443501E-7     -2.7950424154501886E-7   NaN                                               NaN
0                         5.543540614443501E-7     -2.635325705995892E-7    NaN                                               NaN
0                         5.543540614443501E-7     -2.4756089965415953E-7   NaN                                               NaN
0                         5.543540614443501E-7     -2.3158922870872991E-7   NaN                                               NaN
0                         5.543540614443501E-7     -2.1561755776330025E-7   NaN                                               NaN
0                         5.543540614443501E-7     -1.996458868178706E-7    NaN                                               NaN
0                         5.543540614443501E-7     -1.8367421587244096E-7   NaN                                               NaN
0                         5.543540614443501E-7     -1.677025449270113E-7    NaN                                               NaN
0                         5.543540614443501E-7     -1.5173087398158168E-7   NaN                                               NaN
0                         5.543540614443501E-7     -1.3575920303615201E-7   NaN                                               NaN
0                         5.543540614443501E-7     -1.1978753209072235E-7   NaN                                               NaN
0                         5.543540614443501E-7     -1.0381586114529273E-7   NaN                                               NaN
0                         5.543540614443501E-7     -8.784419019986307E-8    NaN                                               NaN
0                         5.543540614443501E-7     -7.187251925443345E-8    NaN                                               NaN
0                         5.543540614443501E-7     -5.590084830900378E-8    NaN                                               NaN
0                         5.543540614443501E-7     -3.9929177363574116E-8   NaN                                               NaN
0                         5.543540614443501E-7     -2.39575064181445E-8     NaN                                               NaN
0                         5.543540614443501E-7     -7.985835472714834E-9    NaN                                               NaN
0                         5.543540614443501E-7     7.985835472714834E-9     NaN                                               NaN
0                         5.543540614443501E-7     2.3957506418144448E-8    NaN                                               NaN
0                         5.543540614443501E-7     3.9929177363574116E-8    NaN                                               NaN
0                         5.543540614443501E-7     5.590084830900378E-8     NaN                                               NaN
0                         5.543540614443501E-7     7.18725192544334E-8      NaN                                               NaN
0                         5.543540614443501E-7     8.784419019986301E-8     NaN                                               NaN
0                         5.543540614443501E-7     1.0381586114529268E-7    NaN                                               NaN
0                         5.543540614443501E-7     1.1978753209072235E-7    NaN                                               NaN
0                         5.543540614443501E-7     1.3575920303615201E-7    NaN                                               NaN
0                         5.543540614443501E-7     1.5173087398158168E-7    NaN                                               NaN
0                         5.543540614443501E-7     1.6770254492701124E-7    NaN                                               NaN
0                         5.543540614443501E-7     1.836742158724409E-7     NaN                                               NaN
0                         5.543540614443501E-7     1.9964588681787058E-7    NaN                                               NaN
0                         5.543540614443501E-7     2.1561755776330025E-7    NaN                                               NaN
0                         5.543540614443501E-7     2.3158922870872991E-7    NaN                                               NaN
0                         5.543540614443501E-7     2.475608996541595E-7     NaN                                               NaN
0                         5.543540614443501E-7     2.6353257059958914E-7    NaN                                               NaN
0                         5.543540614443501E-7     2.795042415450188E-7     NaN                                               NaN
0                         5.543540614443501E-7     2.954759124904485E-7     NaN                                               NaN
0                         5.543540614443501E-7     3.1144758343587815E-7    NaN                                               NaN
0                         5.543540614443501E-7     3.274192543813078E-7     NaN                                               NaN
0                         5.543540614443501E-7     3.433909253267374E-7     NaN                                               NaN
0                         5.543540614443501E-7     3.5936259627216704E-7    NaN                                               NaN
0                         5.543540614443501E-7     3.753342672175967E-7     NaN                                               NaN
0                         5.543540614443501E-7     3.913059381630264E-7     NaN                                               NaN
0                         5.697527853733599E-7     -3.913059381630264E-7    NaN                                               NaN
0                         5.697527853733599E-7     -3.753342672175967E-7    NaN                                               NaN
0                         5.697527853733599E-7     -3.593625962721671E-7    NaN                                               NaN
0                         5.697527853733599E-7     -3.4339092532673743E-7   NaN                                               NaN
0                         5.697527853733599E-7     -3.2741925438130776E-7   NaN                                               NaN
0                         5.697527853733599E-7     -3.1144758343587815E-7   NaN                                               NaN
0                         5.697527853733599E-7     -2.954759124904485E-7    NaN                                               NaN
0                         5.697527853733599E-7     -2.7950424154501886E-7   NaN                                               NaN
0                         5.697527853733599E-7     -2.635325705995892E-7    NaN                                               NaN
0                         5.697527853733599E-7     -2.4756089965415953E-7   NaN                                               NaN
0                         5.697527853733599E-7     -2.3158922870872991E-7   NaN                                               NaN
0                         5.697527853733599E-7     -2.1561755776330025E-7   NaN                                               NaN
0                         5.697527853733599E-7     -1.996458868178706E-7    NaN                                               NaN
0                         5.697527853733599E-7     -1.8367421587244096E-7   NaN                                               NaN
0                         5.697527853733599E-7     -1.677025449270113E-7    NaN                                               NaN
0                         5.697527853733599E-7     -1.5173087398158168E-7   NaN                                               NaN
0                         5.697527853733599E-7     -1.3575920303615201E-7   NaN                                               NaN
0                         5.697527853733599E-7     -1.1978753209072235E-7   NaN                                               NaN
0                         5.697527853733599E-7     -1.0381586114529273E-7   NaN                                               NaN
0                         5.697527853733599E-7     -8.784419019986307E-8    NaN                                               NaN
0                         5.697527853733599E-7     -7.187251925443345E-8    NaN                                               NaN
0                         5.697527853733599E-7     -5.590084830900378E-8    NaN                                               NaN
0                         5.697527853733599E-7     -3.9929177363574116E-8   NaN                                               NaN
0                         5.697527853733599E-7     -2.39575064181445E-8     NaN                                               NaN
0                         5.697527853733599E-7     -7.985835472714834E-9    NaN                                               NaN
0                         5.697527853733599E-7     7.985835472714834E-9     NaN                                               NaN
0                         5.697527853733599E-7     2.3957506418144448E-8    NaN                                               NaN
0                         5.697527853733599E-7     3.9929177363574116E-8    NaN                                               NaN
0                         5.697527853733599E-7     5.590084830900378E-8     NaN                                               NaN
0                         5.697527853733599E-7     7.18725192544334E-8      NaN                                               NaN
0                         5.697527853733599E-7     8.784419019986301E-8     NaN                                               NaN
0                         5.697527853733599E-7     1.0381586114529268E-7    NaN                                               NaN
0                         5.697527853733599E-7     1.1978753209072235E-7    NaN                                               NaN
0                         5.697527853733599E-7     1.3575920303615201E-7    NaN                                               NaN
0                         5.697527853733599E-7     1.5173087398158168E-7    NaN                                               NaN
0                         5.697527853733599E-7     1.6770254492701124E-7    NaN                                               NaN
0                         5.697527853733599E-7     1.836742158724409E-7     NaN                                               NaN
0                         5.697527853733599E-7     1.9964588681787058E-7    NaN                                               NaN
0                         5.697527853733599E-7     2.1561755776330025E-7    NaN                                               NaN
0                         5.697527853733599E-7     2.3158922870872991E-7    NaN                                               NaN
0                         5.697527853733599E-7     2.475608996541595E-7     NaN                                               NaN
0                         5.697527853733599E-7     2.6353257059958914E-7    NaN                                               NaN
0                         5.697527853733599E-7     2.795042415450188E-7     NaN                                               NaN
0                         5.697527853733599E-7     2.954759124904485E-7     NaN                                               NaN
0                         5.697527853733599E-7     3.1144758343587815E-7    NaN                                               NaN
0                         5.697527853733599E-7     3.274192543813078E-7     NaN                                               NaN
0                         5.697527853733599E-7     3.433909253267374E-7     NaN                                               NaN
0                         5.697527853733599E-7     3.5936259627216704E-7    NaN                                               NaN
0                         5.697527853733599E-7     3.753342672175967E-7     NaN                                               NaN
0                         5.697527853733599E-7     3.913059381630264E-7     NaN                                               NaN
0                         5.851515093023697E-7     -3.913059381630264E-7    NaN                                               NaN
0                         5.851515093023697E-7     -3.753342672175967E-7    NaN                                               NaN
0                         5.851515093023697E-7     -3.593625962721671E-7    NaN                                               NaN
0                         5.851515093023697E-7     -3.4339092532673743E-7   NaN                                               NaN
0                         5.851515093023697E-7     -3.2741925438130776E-7   NaN                                               NaN
0                         5.851515093023697E-7     -3.1144758343587815E-7   NaN                                               NaN
0                         5.851515093023697E-7     -2.954759124904485E-7    NaN                                               NaN
0                         5.851515093023697E-7     -2.7950424154501886E-7   NaN                                               NaN
0                         5.851515093023697E-7     -2.635325705995892E-7    NaN                                               NaN
0                         5.851515093023697E-7     -2.4756089965415953E-7   NaN                                               NaN
0                         5.851515093023697E-7     -2.3158922870872991E-7   NaN                                               NaN
0                         5.851515093023697E-7     -2.1561755776330025E-7   NaN                                               NaN
0                         5.851515093023697E-7     -1.996458868178706E-7    NaN                                               NaN
0                         5.851515093023697E-7     -1.8367421587244096E-7   NaN                                               NaN
0                         5.851515093023697E-7     -1.677025449270113E-7    NaN                                               NaN
0                         5.851515093023697E-7     -1.5173087398158168E-7   NaN                                               NaN
0                         5.851515093023697E-7     -1.3575920303615201E-7   NaN                                               NaN
0                         5.851515093023697E-7     -1.1978753209072235E-7   NaN                                               NaN
0                         5.851515093023697E-7     -1.0381586114529273E-7   NaN                                               NaN
0                         5.851515093023697E-7     -8.784419019986307E-8    NaN                                               NaN
0                         5.851515093023697E-7     -7.187251925443345E-8    NaN                                               NaN
0                         5.851515093023697E-7     -5.590084830900378E-8    NaN                                               NaN
0                         5.851515093023697E-7     -3.9929177363574116E-8   NaN                                               NaN
0                         5.851515093023697E-7     -2.39575064181445E-8     NaN                                               NaN
0                         5.851515093023697E-7     -7.985835472714834E-9    NaN                                               NaN
0                         5.851515093023697E-7     7.985835472714834E-9     NaN                                               NaN
0                         5.851515093023697E-7     2.3957506418144448E-8    NaN                                               NaN
0                         5.851515093023697E-7     3.9929177363574116E-8    NaN                                               NaN
0                         5.851515093023697E-7     5.590084830900378E-8     NaN                                               NaN
0                         5.851515093023697E-7     7.18725192544334E-8      NaN                                               NaN
0                         5.851515093023697E-7     8.784419019986301E-8     NaN                                               NaN
0                         5.851515093023697E-7     1.0381586114529268E-7    NaN                                               NaN
0                         5.851515093023697E-7     1.1978753209072235E-7    NaN                                               NaN
0                         5.851515093023697E-7     1.3575920303615201E-7    NaN                                               NaN
0                         5.851515093023697E-7     1.5173087398158168E-7    NaN                                               NaN
0                         5.851515093023697E-7     1.6770254492701124E-7    NaN                                               NaN
0                         5.851515093023697E-7     1.836742158724409E-7     NaN                                               NaN
0                         5.851515093023697E-7     1.9964588681787058E-7    NaN                                               NaN
0                         5.851515093023697E-7     2.1561755776330025E-7    NaN                                               NaN
0                         5.851515093023697E-7     2.3158922870872991E-7    NaN                                               NaN
0                         5.851515093023697E-7     2.475608996541595E-7     NaN                                               NaN
0                         5.851515093023697E-7     2.6353257059958914E-7    NaN                                               NaN
0                         5.851515093023697E-7     2.795042415450188E-7     NaN                                               NaN
0                         5.851515093023697E-7     2.954759124904485E-7     NaN                                               NaN
0                         5.851515093023697E-7     3.1144758343587815E-7    NaN                                               NaN
0                         5.851515093023697E-7     3.274192543813078E-7     NaN                                               NaN
0                         5.851515093023697E-7     3.433909253267374E-7     NaN                                               NaN
0                         5.851515093023697E-7     3.5936259627216704E-7    NaN                                               NaN
0                         5.851515093023697E-7     3.753342672175967E-7     NaN                                               NaN
0                         5.851515093023697E-7     3.913059381630264E-7     NaN                                               NaN
0                         6.005502332313793E-7     -3.913059381630264E-7    NaN                                               NaN
0                         6.005502332313793E-7     -3.753342672175967E-7    NaN                                               NaN
0                         6.005502332313793E-7     -3.593625962721671E-7    NaN                                               NaN
0                         6.005502332313793E-7     -3.4339092532673743E-7   NaN                                               NaN
0                         6.005502332313793E-7     -3.2741925438130776E-7   NaN                                               NaN
0                         6.005502332313793E-7     -3.1144758343587815E-7   NaN                                               NaN
0                         6.005502332313793E-7     -2.954759124904485E-7    NaN                                               NaN
0                         6.005502332313793E-7     -2.7950424154501886E-7   NaN                                               NaN
0                         6.005502332313793E-7     -2.635325705995892E-7    NaN                                               NaN
0                         6.005502332313793E-7     -2.4756089965415953E-7   NaN                                               NaN
0                         6.005502332313793E-7     -2.3158922870872991E-7   NaN                                               NaN
0                         6.005502332313793E-7     -2.1561755776330025E-7   NaN                                               NaN
0                         6.005502332313793E-7     -1.996458868178706E-7    NaN                                               NaN
0                         6.005502332313793E-7     -1.8367421587244096E-7   NaN                                               NaN
0                         6.005502332313793E-7     -1.677025449270113E-7    NaN                                               NaN
0                         6.005502332313793E-7     -1.5173087398158168E-7   NaN                                               NaN
0                         6.005502332313793E-7     -1.3575920303615201E-7   NaN                                               NaN
0                         6.005502332313793E-7     -1.1978753209072235E-7   NaN                                               NaN
0                         6.005502332313793E-7     -1.0381586114529273E-7   NaN                                               NaN
0                         6.005502332313793E-7     -8.784419019986307E-8    NaN                                               NaN
0                         6.005502332313793E-7     -7.187251925443345E-8    NaN                                               NaN
0                         6.005502332313793E-7     -5.590084830900378E-8    NaN                                               NaN
0                         6.005502332313793E-7     -3.9929177363574116E-8   NaN                                               NaN
0                         6.005502332313793E-7     -2.39575064181445E-8     NaN                                               NaN
0                         6.005502332313793E-7     -7.985835472714834E-9    NaN                                               NaN
0                         6.005502332313793E-7     7.985835472714834E-9     NaN                                               NaN
0                         6.005502332313793E-7     2.3957506418144448E-8    NaN                                               NaN
0                         6.005502332313793E-7     3.9929177363574116E-8    NaN                                               NaN
0                         6.005502332313793E-7     5.590084830900378E-8     NaN                                               NaN
0                         6.005502332313793E-7     7.18725192544334E-8      NaN                                               NaN
0                         6.005502332313793E-7     8.784419019986301E-8     NaN                                               NaN
0                         6.005502332313793E-7     1.0381586114529268E-7    NaN                                               NaN
0                         6.005502332313793E-7     1.1978753209072235E-7    NaN                                               NaN
0                         6.005502332313793E-7     1.3575920303615201E-7    NaN                                               NaN
0                         6.005502332313793E-7     1.5173087398158168E-7    NaN                                               NaN
0                         6.005502332313793E-7     1.6770254492701124E-7    NaN                                               NaN
0                         6.005502332313793E-7     1.836742158724409E-7     NaN                                               NaN
0                         6.005502332313793E-7     1.9964588681787058E-7    NaN                                               NaN
0                         6.005502332313793E-7     2.1561755776330025E-7    NaN                                               NaN
0                         6.005502332313793E-7     2.3158922870872991E-7    NaN                                               NaN
0                         6.005502332313793E-7     2.475608996541595E-7     NaN                                               NaN
0                         6.005502332313793E-7     2.6353257059958914E-7    NaN                                               NaN
0                         6.005502332313793E-7     2.795042415450188E-7     NaN                                               NaN
0                         6.005502332313793E-7     2.954759124904485E-7     NaN                                               NaN
0                         6.005502332313793E-7     3.1144758343587815E-7    NaN                                               NaN
0                         6.005502332313793E-7     3.274192543813078E-7     NaN                                               NaN
0                         6.005502332313793E-7     3.433909253267374E-7     NaN                                               NaN
0                         6.005502332313793E-7     3.5936259627216704E-7    NaN                                               NaN
0                         6.005502332313793E-7     3.753342672175967E-7     NaN                                               NaN
0                         6.005502332313793E-7     3.913059381630264E-7     NaN                                               NaN
0                         6.159489571603891E-7     -3.913059381630264E-7    NaN                                               NaN
0                         6.159489571603891E-7     -3.753342672175967E-7    NaN                                               NaN
0                         6.159489571603891E-7     -3.593625962721671E-7    NaN                                               NaN
0                         6.159489571603891E-7     -3.4339092532673743E-7   NaN                                               NaN
0                         6.159489571603891E-7     -3.2741925438130776E-7   NaN                                               NaN
0                         6.159489571603891E-7     -3.1144758343587815E-7   NaN                                               NaN
0                         6.159489571603891E-7     -2.954759124904485E-7    NaN                                               NaN
0                         6.159489571603891E-7     -2.7950424154501886E-7   NaN                                               NaN
0                         6.159489571603891E-7     -2.635325705995892E-7    NaN                                               NaN
0                         6.159489571603891E-7     -2.4756089965415953E-7   NaN                                               NaN
0                         6.159489571603891E-7     -2.3158922870872991E-7   NaN                                               NaN
0                         6.159489571603891E-7     -2.1561755776330025E-7   NaN                                               NaN
0                         6.159489571603891E-7     -1.996458868178706E-7    NaN                                               NaN
0                         6.159489571603891E-7     -1.8367421587244096E-7   NaN                                               NaN
0                         6.159489571603891E-7     -1.677025449270113E-7    NaN                                               NaN
0                         6.159489571603891E-7     -1.5173087398158168E-7   NaN                                               NaN
0                         6.159489571603891E-7     -1.3575920303615201E-7   NaN                                               NaN
0                         6.159489571603891E-7     -1.1978753209072235E-7   NaN                                               NaN
0                         6.159489571603891E-7     -1.0381586114529273E-7   NaN                                               NaN
0                         6.159489571603891E-7     -8.784419019986307E-8    NaN                                               NaN
0                         6.159489571603891E-7     -7.187251925443345E-8    NaN                                               NaN
0                         6.159489571603891E-7     -5.590084830900378E-8    NaN                                               NaN
0                         6.159489571603891E-7     -3.9929177363574116E-8   NaN                                               NaN
0                         6.159489571603891E-7     -2.39575064181445E-8     NaN                                               NaN
0                         6.159489571603891E-7     -7.985835472714834E-9    NaN                                               NaN
0                         6.159489571603891E-7     7.985835472714834E-9     NaN                                               NaN
0                         6.159489571603891E-7     2.3957506418144448E-8    NaN                                               NaN
0                         6.159489571603891E-7     3.9929177363574116E-8    NaN                                               NaN
0                         6.159489571603891E-7     5.590084830900378E-8     NaN                                               NaN
0                         6.159489571603891E-7     7.18725192544334E-8      NaN                                               NaN
0                         6.159489571603891E-7     8.784419019986301E-8     NaN                                               NaN
0                         6.159489571603891E-7     1.0381586114529268E-7    NaN                                               NaN
0                         6.159489571603891E-7     1.1978753209072235E-7    NaN                                               NaN
0                         6.159489571603891E-7     1.3575920303615201E-7    NaN                                               NaN
0                         6.159489571603891E-7     1.5173087398158168E-7    NaN                                               NaN
0                         6.159489571603891E-7     1.6770254492701124E-7    NaN                                               NaN
0                         6.159489571603891E-7     1.836742158724409E-7     NaN                                               NaN
0                         6.159489571603891E-7     1.9964588681787058E-7    NaN                                               NaN
0                         6.159489571603891E-7     2.1561755776330025E-7    NaN                                               NaN
0                         6.159489571603891E-7     2.3158922870872991E-7    NaN                                               NaN
0                         6.159489571603891E-7     2.475608996541595E-7     NaN                                               NaN
0                         6.159489571603891E-7     2.6353257059958914E-7    NaN                                               NaN
0                         6.159489571603891E-7     2.795042415450188E-7     NaN                                               NaN
0                         6.159489571603891E-7     2.954759124904485E-7     NaN                                               NaN
0                         6.159489571603891E-7     3.1144758343587815E-7    NaN                                               NaN
0                         6.159489571603891E-7     3.274192543813078E-7     NaN                                               NaN
0                         6.159489571603891E-7     3.433909253267374E-7     NaN                                               NaN
0                         6.159489571603891E-7     3.5936259627216704E-7    NaN                                               NaN
0                         6.159489571603891E-7     3.753342672175967E-7     NaN                                               NaN
0                         6.159489571603891E-7     3.913059381630264E-7     NaN                                               NaN
0                         6.313476810893989E-7     -3.913059381630264E-7    NaN                                               NaN
0                         6.313476810893989E-7     -3.753342672175967E-7    NaN                                               NaN
0                         6.313476810893989E-7     -3.593625962721671E-7    NaN                                               NaN
0                         6.313476810893989E-7     -3.4339092532673743E-7   NaN                                               NaN
0                         6.313476810893989E-7     -3.2741925438130776E-7   NaN                                               NaN
0                         6.313476810893989E-7     -3.1144758343587815E-7   NaN                                               NaN
0                         6.313476810893989E-7     -2.954759124904485E-7    NaN                                               NaN
0                         6.313476810893989E-7     -2.7950424154501886E-7   NaN                                               NaN
0                         6.313476810893989E-7     -2.635325705995892E-7    NaN                                               NaN
0                         6.313476810893989E-7     -2.4756089965415953E-7   NaN                                               NaN
0                         6.313476810893989E-7     -2.3158922870872991E-7   NaN                                               NaN
0                         6.313476810893989E-7     -2.1561755776330025E-7   NaN                                               NaN
0                         6.313476810893989E-7     -1.996458868178706E-7    NaN                                               NaN
0                         6.313476810893989E-7     -1.8367421587244096E-7   NaN                                               NaN
0                         6.313476810893989E-7     -1.677025449270113E-7    NaN                                               NaN
0                         6.313476810893989E-7     -1.5173087398158168E-7   NaN                                               NaN
0                         6.313476810893989E-7     -1.3575920303615201E-7   NaN                                               NaN
0                         6.313476810893989E-7     -1.1978753209072235E-7   NaN                                               NaN
0                         6.313476810893989E-7     -1.0381586114529273E-7   NaN                                               NaN
0                         6.313476810893989E-7     -8.784419019986307E-8    NaN                                               NaN
0                         6.313476810893989E-7     -7.187251925443345E-8    NaN                                               NaN
0                         6.313476810893989E-7     -5.590084830900378E-8    NaN                                               NaN
0                         6.313476810893989E-7     -3.9929177363574116E-8   NaN                                               NaN
0                         6.313476810893989E-7     -2.39575064181445E-8     NaN                                               NaN
0                         6.313476810893989E-7     -7.985835472714834E-9    NaN                                               NaN
0                         6.313476810893989E-7     7.985835472714834E-9     NaN                                               NaN
0                         6.313476810893989E-7     2.3957506418144448E-8    NaN                                               NaN
0                         6.313476810893989E-7     3.9929177363574116E-8    NaN                                               NaN
0                         6.313476810893989E-7     5.590084830900378E-8     NaN                                               NaN
0                         6.313476810893989E-7     7.18725192544334E-8      NaN                                               NaN
0                         6.313476810893989E-7     8.784419019986301E-8     NaN                                               NaN
0                         6.313476810893989E-7     1.0381586114529268E-7    NaN                                               NaN
0                         6.313476810893989E-7     1.1978753209072235E-7    NaN                                               NaN
0                         6.313476810893989E-7     1.3575920303615201E-7    NaN                                               NaN
0                         6.313476810893989E-7     1.5173087398158168E-7    NaN                                               NaN
0                         6.313476810893989E-7     1.6770254492701124E-7    NaN                                               NaN
0                         6.313476810893989E-7     1.836742158724409E-7     NaN                                               NaN
0                         6.313476810893989E-7     1.9964588681787058E-7    NaN                                               NaN
0                         6.313476810893989E-7     2.1561755776330025E-7    NaN                                               NaN
0                         6.313476810893989E-7     2.3158922870872991E-7    NaN                                               NaN
0                         6.313476810893989E-7     2.475608996541595E-7     NaN                                               NaN
0                         6.313476810893989E-7     2.6353257059958914E-7    NaN                                               NaN
0                         6.313476810893989E-7     2.795042415450188E-7     NaN                                               NaN
0                         6.313476810893989E-7     2.954759124904485E-7     NaN                                               NaN
0                         6.313476810893989E-7     3.1144758343587815E-7    NaN                                               NaN
0                         6.313476810893989E-7     3.274192543813078E-7     NaN                                               NaN
0                         6.313476810893989E-7     3.433909253267374E-7     NaN                                               NaN
0                         6.313476810893989E-7     3.5936259627216704E-7    NaN                                               NaN
0                         6.313476810893989E-7     3.753342672175967E-7     NaN                                               NaN
0                         6.313476810893989E-7     3.913059381630264E-7     NaN                                               NaN
0                         6.467464050184085E-7     -3.913059381630264E-7    NaN                                               NaN
0                         6.467464050184085E-7     -3.753342672175967E-7    NaN                                               NaN
0                         6.467464050184085E-7     -3.593625962721671E-7    NaN                                               NaN
0                         6.467464050184085E-7     -3.4339092532673743E-7   NaN                                               NaN
0                         6.467464050184085E-7     -3.2741925438130776E-7   NaN                                               NaN
0                         6.467464050184085E-7     -3.1144758343587815E-7   NaN                                               NaN
0                         6.467464050184085E-7     -2.954759124904485E-7    NaN                                               NaN
0                         6.467464050184085E-7     -2.7950424154501886E-7   NaN                                               NaN
0                         6.467464050184085E-7     -2.635325705995892E-7    NaN                                               NaN
0                         6.467464050184085E-7     -2.4756089965415953E-7   NaN                                               NaN
0                         6.467464050184085E-7     -2.3158922870872991E-7   NaN                                               NaN
0                         6.467464050184085E-7     -2.1561755776330025E-7   NaN                                               NaN
0                         6.467464050184085E-7     -1.996458868178706E-7    NaN                                               NaN
0                         6.467464050184085E-7     -1.8367421587244096E-7   NaN                                               NaN
0                         6.467464050184085E-7     -1.677025449270113E-7    NaN                                               NaN
0                         6.467464050184085E-7     -1.5173087398158168E-7   NaN                                               NaN
0                         6.467464050184085E-7     -1.3575920303615201E-7   NaN                                               NaN
0                         6.467464050184085E-7     -1.1978753209072235E-7   NaN                                               NaN
0                         6.467464050184085E-7     -1.0381586114529273E-7   NaN                                               NaN
0                         6.467464050184085E-7     -8.784419019986307E-8    NaN                                               NaN
0                         6.467464050184085E-7     -7.187251925443345E-8    NaN                                               NaN
0                         6.467464050184085E-7     -5.590084830900378E-8    NaN                                               NaN
0                         6.467464050184085E-7     -3.9929177363574116E-8   NaN                                               NaN
0                         6.467464050184085E-7     -2.39575064181445E-8     NaN                                               NaN
0                         6.467464050184085E-7     -7.985835472714834E-9    NaN                                               NaN
0                         6.467464050184085E-7     7.985835472714834E-9     NaN                                               NaN
0                         6.467464050184085E-7     2.3957506418144448E-8    NaN                                               NaN
0                         6.467464050184085E-7     3.9929177363574116E-8    NaN                                               NaN
0                         6.467464050184085E-7     5.590084830900378E-8     NaN                                               NaN
0                         6.467464050184085E-7     7.18725192544334E-8      NaN                                               NaN
0                         6.467464050184085E-7     8.784419019986301E-8     NaN                                               NaN
0                         6.467464050184085E-7     1.0381586114529268E-7    NaN                                               NaN
0                         6.467464050184085E-7     1.1978753209072235E-7    NaN                                               NaN
0                         6.467464050184085E-7     1.3575920303615201E-7    NaN                                               NaN
0                         6.467464050184085E-7     1.5173087398158168E-7    NaN                                               NaN
0                         6.467464050184085E-7     1.6770254492701124E-7    NaN                                               NaN
0                         6.467464050184085E-7     1.836742158724409E-7     NaN                                               NaN
0                         6.467464050184085E-7     1.9964588681787058E-7    NaN                                               NaN
0                         6.467464050184085E-7     2.1561755776330025E-7    NaN                                               NaN
0                         6.467464050184085E-7     2.3158922870872991E-7    NaN                                               NaN
0                         6.467464050184085E-7     2.475608996541595E-7     NaN                                               NaN
0                         6.467464050184085E-7     2.6353257059958914E-7    NaN                                               NaN
0                         6.467464050184085E-7     2.795042415450188E-7     NaN                                               NaN
0                         6.467464050184085E-7     2.954759124904485E-7     NaN                                               NaN
0                         6.467464050184085E-7     3.1144758343587815E-7    NaN                                               NaN
0                         6.467464050184085E-7     3.274192543813078E-7     NaN                                               NaN
0                         6.467464050184085E-7     3.433909253267374E-7     NaN                                               NaN
0                         6.467464050184085E-7     3.5936259627216704E-7    NaN                                               NaN
0                         6.467464050184085E-7     3.753342672175967E-7     NaN                                               NaN
0                         6.467464050184085E-7     3.913059381630264E-7     NaN                                               NaN
0                         6.621451289474183E-7     -3.913059381630264E-7    NaN                                               NaN
0                         6.621451289474183E-7     -3.753342672175967E-7    NaN                                               NaN
0                         6.621451289474183E-7     -3.593625962721671E-7    NaN                                               NaN
0                         6.621451289474183E-7     -3.4339092532673743E-7   NaN                                               NaN
0                         6.621451289474183E-7     -3.2741925438130776E-7   NaN                                               NaN
0                         6.621451289474183E-7     -3.1144758343587815E-7   NaN                                               NaN
0                         6.621451289474183E-7     -2.954759124904485E-7    NaN                                               NaN
0                         6.621451289474183E-7     -2.7950424154501886E-7   NaN                                               NaN
0                         6.621451289474183E-7     -2.635325705995892E-7    NaN                                               NaN
0                         6.621451289474183E-7     -2.4756089965415953E-7   NaN                                               NaN
0                         6.621451289474183E-7     -2.3158922870872991E-7   NaN                                               NaN
0                         6.621451289474183E-7     -2.1561755776330025E-7   NaN                                               NaN
0                         6.621451289474183E-7     -1.996458868178706E-7    NaN                                               NaN
0                         6.621451289474183E-7     -1.8367421587244096E-7   NaN                                               NaN
0                         6.621451289474183E-7     -1.677025449270113E-7    NaN                                               NaN
0                         6.621451289474183E-7     -1.5173087398158168E-7   NaN                                               NaN
0                         6.621451289474183E-7     -1.3575920303615201E-7   NaN                                               NaN
0                         6.621451289474183E-7     -1.1978753209072235E-7   NaN                                               NaN
0                         6.621451289474183E-7     -1.0381586114529273E-7   NaN                                               NaN
0                         6.621451289474183E-7     -8.784419019986307E-8    NaN                                               NaN
0                         6.621451289474183E-7     -7.187251925443345E-8    NaN                                               NaN
0                         6.621451289474183E-7     -5.590084830900378E-8    NaN                                               NaN
0                         6.621451289474183E-7     -3.9929177363574116E-8   NaN                                               NaN
0                         6.621451289474183E-7     -2.39575064181445E-8     NaN                                               NaN
0                         6.621451289474183E-7     -7.985835472714834E-9    NaN                                               NaN
0                         6.621451289474183E-7     7.985835472714834E-9     NaN                                               NaN
0                         6.621451289474183E-7     2.3957506418144448E-8    NaN                                               NaN
0                         6.621451289474183E-7     3.9929177363574116E-8    NaN                                               NaN
0                         6.621451289474183E-7     5.590084830900378E-8     NaN                                               NaN
0                         6.621451289474183E-7     7.18725192544334E-8      NaN                                               NaN
0                         6.621451289474183E-7     8.784419019986301E-8     NaN                                               NaN
0                         6.621451289474183E-7     1.0381586114529268E-7    NaN                                               NaN
0                         6.621451289474183E-7     1.1978753209072235E-7    NaN                                               NaN
0                         6.621451289474183E-7     1.3575920303615201E-7    NaN                                               NaN
0                         6.621451289474183E-7     1.5173087398158168E-7    NaN                                               NaN
0                         6.621451289474183E-7     1.6770254492701124E-7    NaN                                               NaN
0                         6.621451289474183E-7     1.836742158724409E-7     NaN                                               NaN
0                         6.621451289474183E-7     1.9964588681787058E-7    NaN                                               NaN
0                         6.621451289474183E-7     2.1561755776330025E-7    NaN                                               NaN
0                         6.621451289474183E-7     2.3158922870872991E-7    NaN                                               NaN
0                         6.621451289474183E-7     2.475608996541595E-7     NaN                                               NaN
0                         6.621451289474183E-7     2.6353257059958914E-7    NaN                                               NaN
0                         6.621451289474183E-7     2.795042415450188E-7     NaN                                               NaN
0                         6.621451289474183E-7     2.954759124904485E-7     NaN                                               NaN
0                         6.621451289474183E-7     3.1144758343587815E-7    NaN                                               NaN
0                         6.621451289474183E-7     3.274192543813078E-7     NaN                                               NaN
0                         6.621451289474183E-7     3.433909253267374E-7     NaN                                               NaN
0                         6.621451289474183E-7     3.5936259627216704E-7    NaN                                               NaN
0                         6.621451289474183E-7     3.753342672175967E-7     NaN                                               NaN
0                         6.621451289474183E-7     3.913059381630264E-7     NaN                                               NaN
0                         6.775438528764281E-7     -3.913059381630264E-7    NaN                                               NaN
0                         6.775438528764281E-7     -3.753342672175967E-7    NaN                                               NaN
0                         6.775438528764281E-7     -3.593625962721671E-7    NaN                                               NaN
0                         6.775438528764281E-7     -3.4339092532673743E-7   NaN                                               NaN
0                         6.775438528764281E-7     -3.2741925438130776E-7   NaN                                               NaN
0                         6.775438528764281E-7     -3.1144758343587815E-7   NaN                                               NaN
0                         6.775438528764281E-7     -2.954759124904485E-7    NaN                                               NaN
0                         6.775438528764281E-7     -2.7950424154501886E-7   NaN                                               NaN
0                         6.775438528764281E-7     -2.635325705995892E-7    NaN                                               NaN
0                         6.775438528764281E-7     -2.4756089965415953E-7   NaN                                               NaN
0                         6.775438528764281E-7     -2.3158922870872991E-7   NaN                                               NaN
0                         6.775438528764281E-7     -2.1561755776330025E-7   NaN                                               NaN
0                         6.775438528764281E-7     -1.996458868178706E-7    NaN                                               NaN
0                         6.775438528764281E-7     -1.8367421587244096E-7   NaN                                               NaN
0                         6.775438528764281E-7     -1.677025449270113E-7    NaN                                               NaN
0                         6.775438528764281E-7     -1.5173087398158168E-7   NaN                                               NaN
0                         6.775438528764281E-7     -1.3575920303615201E-7   NaN                                               NaN
0                         6.775438528764281E-7     -1.1978753209072235E-7   NaN                                               NaN
0                         6.775438528764281E-7     -1.0381586114529273E-7   NaN                                               NaN
0                         6.775438528764281E-7     -8.784419019986307E-8    NaN                                               NaN
0                         6.775438528764281E-7     -7.187251925443345E-8    NaN                                               NaN
0                         6.775438528764281E-7     -5.590084830900378E-8    NaN                                               NaN
0                         6.775438528764281E-7     -3.9929177363574116E-8   NaN                                               NaN
0                         6.775438528764281E-7     -2.39575064181445E-8     NaN                                               NaN
0                         6.775438528764281E-7     -7.985835472714834E-9    NaN                                               NaN
0                         6.775438528764281E-7     7.985835472714834E-9     NaN                                               NaN
0                         6.775438528764281E-7     2.3957506418144448E-8    NaN                                               NaN
0                         6.775438528764281E-7     3.9929177363574116E-8    NaN                                               NaN
0                         6.775438528764281E-7     5.590084830900378E-8     NaN                                               NaN
0                         6.775438528764281E-7     7.18725192544334E-8      NaN                                               NaN
0                         6.775438528764281E-7     8.784419019986301E-8     NaN                                               NaN
0                         6.775438528764281E-7     1.0381586114529268E-7    NaN                                               NaN
0                         6.775438528764281E-7     1.1978753209072235E-7    NaN                                               NaN
0                         6.775438528764281E-7     1.3575920303615201E-7    NaN                                               NaN
0                         6.775438528764281E-7     1.5173087398158168E-7    NaN                                               NaN
0                         6.775438528764281E-7     1.6770254492701124E-7    NaN                                               NaN
0                         6.775438528764281E-7     1.836742158724409E-7     NaN                                               NaN
0                         6.775438528764281E-7     1.9964588681787058E-7    NaN                                               NaN
0                         6.775438528764281E-7     2.1561755776330025E-7    NaN                                               NaN
0                         6.775438528764281E-7     2.3158922870872991E-7    NaN                                               NaN
0                         6.775438528764281E-7     2.475608996541595E-7     NaN                                               NaN
0                         6.775438528764281E-7     2.6353257059958914E-7    NaN                                               NaN
0                         6.775438528764281E-7     2.795042415450188E-7     NaN                                               NaN
0                         6.775438528764281E-7     2.954759124904485E-7     NaN                                               NaN
0                         6.775438528764281E-7     3.1144758343587815E-7    NaN                                               NaN
0                         6.775438528764281E-7     3.274192543813078E-7     NaN                                               NaN
0                         6.775438528764281E-7     3.433909253267374E-7     NaN                                               NaN
0                         6.775438528764281E-7     3.5936259627216704E-7    NaN                                               NaN
0                         6.775438528764281E-7     3.753342672175967E-7     NaN                                               NaN
0                         6.775438528764281E-7     3.913059381630264E-7     NaN                                               NaN
0                         6.929425768054377E-7     -3.913059381630264E-7    NaN                                               NaN
0                         6.929425768054377E-7     -3.753342672175967E-7    NaN                                               NaN
0                         6.929425768054377E-7     -3.593625962721671E-7    NaN                                               NaN
0                         6.929425768054377E-7     -3.4339092532673743E-7   NaN                                               NaN
0                         6.929425768054377E-7     -3.2741925438130776E-7   NaN                                               NaN
0                         6.929425768054377E-7     -3.1144758343587815E-7   NaN                                               NaN
0                         6.929425768054377E-7     -2.954759124904485E-7    NaN                                               NaN
0                         6.929425768054377E-7     -2.7950424154501886E-7   NaN                                               NaN
0                         6.929425768054377E-7     -2.635325705995892E-7    NaN                                               NaN
0                         6.929425768054377E-7     -2.4756089965415953E-7   NaN                                               NaN
0                         6.929425768054377E-7     -2.3158922870872991E-7   NaN                                               NaN
0                         6.929425768054377E-7     -2.1561755776330025E-7   NaN                                               NaN
0                         6.929425768054377E-7     -1.996458868178706E-7    NaN                                               NaN
0                         6.929425768054377E-7     -1.8367421587244096E-7   NaN                                               NaN
0                         6.929425768054377E-7     -1.677025449270113E-7    NaN                                               NaN
0                         6.929425768054377E-7     -1.5173087398158168E-7   NaN                                               NaN
0                         6.929425768054377E-7     -1.3575920303615201E-7   NaN                                               NaN
0                         6.929425768054377E-7     -1.1978753209072235E-7   NaN                                               NaN
0                         6.929425768054377E-7     -1.0381586114529273E-7   NaN                                               NaN
0                         6.929425768054377E-7     -8.784419019986307E-8    NaN                                               NaN
0                         6.929425768054377E-7     -7.187251925443345E-8    NaN                                               NaN
0                         6.929425768054377E-7     -5.590084830900378E-8    NaN                                               NaN
0                         6.929425768054377E-7     -3.9929177363574116E-8   NaN                                               NaN
0                         6.929425768054377E-7     -2.39575064181445E-8     NaN                                               NaN
0                         6.929425768054377E-7     -7.985835472714834E-9    NaN                                               NaN
0                         6.929425768054377E-7     7.985835472714834E-9     NaN                                               NaN
0                         6.929425768054377E-7     2.3957506418144448E-8    NaN                                               NaN
0                         6.929425768054377E-7     3.9929177363574116E-8    NaN                                               NaN
0                         6.929425768054377E-7     5.590084830900378E-8     NaN                                               NaN
0                         6.929425768054377E-7     7.18725192544334E-8      NaN                                               NaN
0                         6.929425768054377E-7     8.784419019986301E-8     NaN                                               NaN
0                         6.929425768054377E-7     1.0381586114529268E-7    NaN                                               NaN
0                         6.929425768054377E-7     1.1978753209072235E-7    NaN                                               NaN
0                         6.929425768054377E-7     1.3575920303615201E-7    NaN                                               NaN
0                         6.929425768054377E-7     1.5173087398158168E-7    NaN                                               NaN
0                         6.929425768054377E-7     1.6770254492701124E-7    NaN                                               NaN
0                         6.929425768054377E-7     1.836742158724409E-7     NaN                                               NaN
0                         6.929425768054377E-7     1.9964588681787058E-7    NaN                                               NaN
0                         6.929425768054377E-7     2.1561755776330025E-7    NaN                                               NaN
0                         6.929425768054377E-7     2.3158922870872991E-7    NaN                                               NaN
0                         6.929425768054377E-7     2.475608996541595E-7     NaN                                               NaN
0                         6.929425768054377E-7     2.6353257059958914E-7    NaN                                               NaN
0                         6.929425768054377E-7     2.795042415450188E-7     NaN                                               NaN
0                         6.929425768054377E-7     2.954759124904485E-7     NaN                                               NaN
0                         6.929425768054377E-7     3.1144758343587815E-7    NaN                                               NaN
0                         6.929425768054377E-7     3.274192543813078E-7     NaN                                               NaN
0                         6.929425768054377E-7     3.433909253267374E-7     NaN                                               NaN
0                         6.929425768054377E-7     3.5936259627216704E-7    NaN                                               NaN
0                         6.929425768054377E-7     3.753342672175967E-7     NaN                                               NaN
0                         6.929425768054377E-7     3.913059381630264E-7     NaN                                               NaN
0                         7.083413007344475E-7     -3.913059381630264E-7    NaN                                               NaN
0                         7.083413007344475E-7     -3.753342672175967E-7    NaN                                               NaN
0                         7.083413007344475E-7     -3.593625962721671E-7    NaN                                               NaN
0                         7.083413007344475E-7     -3.4339092532673743E-7   NaN                                               NaN
0                         7.083413007344475E-7     -3.2741925438130776E-7   NaN                                               NaN
0                         7.083413007344475E-7     -3.1144758343587815E-7   NaN                                               NaN
0                         7.083413007344475E-7     -2.954759124904485E-7    NaN                                               NaN
0                         7.083413007344475E-7     -2.7950424154501886E-7   NaN                                               NaN
0                         7.083413007344475E-7     -2.635325705995892E-7    NaN                                               NaN
0                         7.083413007344475E-7     -2.4756089965415953E-7   NaN                                               NaN
0                         7.083413007344475E-7     -2.3158922870872991E-7   NaN                                               NaN
0                         7.083413007344475E-7     -2.1561755776330025E-7   NaN                                               NaN
0                         7.083413007344475E-7     -1.996458868178706E-7    NaN                                               NaN
0                         7.083413007344475E-7     -1.8367421587244096E-7   NaN                                               NaN
0                         7.083413007344475E-7     -1.677025449270113E-7    NaN                                               NaN
0                         7.083413007344475E-7     -1.5173087398158168E-7   NaN                                               NaN
0                         7.083413007344475E-7     -1.3575920303615201E-7   NaN                                               NaN
0                         7.083413007344475E-7     -1.1978753209072235E-7   NaN                                               NaN
0                         7.083413007344475E-7     -1.0381586114529273E-7   NaN                                               NaN
0                         7.083413007344475E-7     -8.784419019986307E-8    NaN                                               NaN
0                         7.083413007344475E-7     -7.187251925443345E-8    NaN                                               NaN
0                         7.083413007344475E-7     -5.590084830900378E-8    NaN                                               NaN
0                         7.083413007344475E-7     -3.9929177363574116E-8   NaN                                               NaN
0                         7.083413007344475E-7     -2.39575064181445E-8     NaN                                               NaN
0                         7.083413007344475E-7     -7.985835472714834E-9    NaN                                               NaN
0                         7.083413007344475E-7     7.985835472714834E-9     NaN                                               NaN
0                         7.083413007344475E-7     2.3957506418144448E-8    NaN                                               NaN
0                         7.083413007344475E-7     3.9929177363574116E-8    NaN                                               NaN
0                         7.083413007344475E-7     5.590084830900378E-8     NaN                                               NaN
0                         7.083413007344475E-7     7.18725192544334E-8      NaN                                               NaN
0                         7.083413007344475E-7     8.784419019986301E-8     NaN                                               NaN
0                         7.083413007344475E-7     1.0381586114529268E-7    NaN                                               NaN
0                         7.083413007344475E-7     1.1978753209072235E-7    NaN                                               NaN
0                         7.083413007344475E-7     1.3575920303615201E-7    NaN                                               NaN
0                         7.083413007344475E-7     1.5173087398158168E-7    NaN                                               NaN
0                         7.083413007344475E-7     1.6770254492701124E-7    NaN                                               NaN
0                         7.083413007344475E-7     1.836742158724409E-7     NaN                                               NaN
0                         7.083413007344475E-7     1.9964588681787058E-7    NaN                                               NaN
0                         7.083413007344475E-7     2.1561755776330025E-7    NaN                                               NaN
0                         7.083413007344475E-7     2.3158922870872991E-7    NaN                                               NaN
0                         7.083413007344475E-7     2.475608996541595E-7     NaN                                               NaN
0                         7.083413007344475E-7     2.6353257059958914E-7    NaN                                               NaN
0                         7.083413007344475E-7     2.795042415450188E-7     NaN                                               NaN
0                         7.083413007344475E-7     2.954759124904485E-7     NaN                                               NaN
0                         7.083413007344475E-7     3.1144758343587815E-7    NaN                                               NaN
0                         7.083413007344475E-7     3.274192543813078E-7     NaN                                               NaN
0                         7.083413007344475E-7     3.433909253267374E-7     NaN                                               NaN
0                         7.083413007344475E-7     3.5936259627216704E-7    NaN                                               NaN
0                         7.083413007344475E-7     3.753342672175967E-7     NaN                                               NaN
0                         7.083413007344475E-7     3.913059381630264E-7     NaN                                               NaN
0                         7.237400246634572E-7     -3.913059381630264E-7    NaN                                               NaN
0                         7.237400246634572E-7     -3.753342672175967E-7    NaN                                               NaN
0                         7.237400246634572E-7     -3.593625962721671E-7    NaN                                               NaN
0                         7.237400246634572E-7     -3.4339092532673743E-7   NaN                                               NaN
0                         7.237400246634572E-7     -3.2741925438130776E-7   NaN                                               NaN
0                         7.237400246634572E-7     -3.1144758343587815E-7   NaN                                               NaN
0                         7.237400246634572E-7     -2.954759124904485E-7    NaN                                               NaN
0                         7.237400246634572E-7     -2.7950424154501886E-7   NaN                                               NaN
0                         7.237400246634572E-7     -2.635325705995892E-7    NaN                                               NaN
0                         7.237400246634572E-7     -2.4756089965415953E-7   NaN                                               NaN
0                         7.237400246634572E-7     -2.3158922870872991E-7   NaN                                               NaN
0                         7.237400246634572E-7     -2.1561755776330025E-7   NaN                                               NaN
0                         7.237400246634572E-7     -1.996458868178706E-7    NaN                                               NaN
0                         7.237400246634572E-7     -1.8367421587244096E-7   NaN                                               NaN
0                         7.237400246634572E-7     -1.677025449270113E-7    NaN                                               NaN
0                         7.237400246634572E-7     -1.5173087398158168E-7   NaN                                               NaN
0                         7.237400246634572E-7     -1.3575920303615201E-7   NaN                                               NaN
0                         7.237400246634572E-7     -1.1978753209072235E-7   NaN                                               NaN
0                         7.237400246634572E-7     -1.0381586114529273E-7   NaN                                               NaN
0                         7.237400246634572E-7     -8.784419019986307E-8    NaN                                               NaN
0                         7.237400246634572E-7     -7.187251925443345E-8    NaN                                               NaN
0                         7.237400246634572E-7     -5.590084830900378E-8    NaN                                               NaN
0                         7.237400246634572E-7     -3.9929177363574116E-8   NaN                                               NaN
0                         7.237400246634572E-7     -2.39575064181445E-8     NaN                                               NaN
0                         7.237400246634572E-7     -7.985835472714834E-9    NaN                                               NaN
0                         7.237400246634572E-7     7.985835472714834E-9     NaN                                               NaN
0                         7.237400246634572E-7     2.3957506418144448E-8    NaN                                               NaN
0                         7.237400246634572E-7     3.9929177363574116E-8    NaN                                               NaN
0                         7.237400246634572E-7     5.590084830900378E-8     NaN                                               NaN
0                         7.237400246634572E-7     7.18725192544334E-8      NaN                                               NaN
0                         7.237400246634572E-7     8.784419019986301E-8     NaN                                               NaN
0                         7.237400246634572E-7     1.0381586114529268E-7    NaN                                               NaN
0                         7.237400246634572E-7     1.1978753209072235E-7    NaN                                               NaN
0                         7.237400246634572E-7     1.3575920303615201E-7    NaN                                               NaN
0                         7.237400246634572E-7     1.5173087398158168E-7    NaN                                               NaN
0                         7.237400246634572E-7     1.6770254492701124E-7    NaN                                               NaN
0                         7.237400246634572E-7     1.836742158724409E-7     NaN                                               NaN
0                         7.237400246634572E-7     1.9964588681787058E-7    NaN                                               NaN
0                         7.237400246634572E-7     2.1561755776330025E-7    NaN                                               NaN
0                         7.237400246634572E-7     2.3158922870872991E-7    NaN                                               NaN
0                         7.237400246634572E-7     2.475608996541595E-7     NaN                                               NaN
0                         7.237400246634572E-7     2.6353257059958914E-7    NaN                                               NaN
0                         7.237400246634572E-7     2.795042415450188E-7     NaN                                               NaN
0                         7.237400246634572E-7     2.954759124904485E-7     NaN                                               NaN
0                         7.237400246634572E-7     3.1144758343587815E-7    NaN                                               NaN
0                         7.237400246634572E-7     3.274192543813078E-7     NaN                                               NaN
0                         7.237400246634572E-7     3.433909253267374E-7     NaN                                               NaN
0                         7.237400246634572E-7     3.5936259627216704E-7    NaN                                               NaN
0                         7.237400246634572E-7     3.753342672175967E-7     NaN                                               NaN
0                         7.237400246634572E-7     3.913059381630264E-7     NaN                                               NaN
0                         7.391387485924669E-7     -3.913059381630264E-7    NaN                                               NaN
0                         7.391387485924669E-7     -3.753342672175967E-7    NaN                                               NaN
0                         7.391387485924669E-7     -3.593625962721671E-7    NaN                                               NaN
0                         7.391387485924669E-7     -3.4339092532673743E-7   NaN                                               NaN
0                         7.391387485924669E-7     -3.2741925438130776E-7   NaN                                               NaN
0                         7.391387485924669E-7     -3.1144758343587815E-7   NaN                                               NaN
0                         7.391387485924669E-7     -2.954759124904485E-7    NaN                                               NaN
0                         7.391387485924669E-7     -2.7950424154501886E-7   NaN                                               NaN
0                         7.391387485924669E-7     -2.635325705995892E-7    NaN                                               NaN
0                         7.391387485924669E-7     -2.4756089965415953E-7   NaN                                               NaN
0                         7.391387485924669E-7     -2.3158922870872991E-7   NaN                                               NaN
0                         7.391387485924669E-7     -2.1561755776330025E-7   NaN                                               NaN
0                         7.391387485924669E-7     -1.996458868178706E-7    NaN                                               NaN
0                         7.391387485924669E-7     -1.8367421587244096E-7   NaN                                               NaN
0                         7.391387485924669E-7     -1.677025449270113E-7    NaN                                               NaN
0                         7.391387485924669E-7     -1.5173087398158168E-7   NaN                                               NaN
0                         7.391387485924669E-7     -1.3575920303615201E-7   NaN                                               NaN
0                         7.391387485924669E-7     -1.1978753209072235E-7   NaN                                               NaN
0                         7.391387485924669E-7     -1.0381586114529273E-7   NaN                                               NaN
0                         7.391387485924669E-7     -8.784419019986307E-8    NaN                                               NaN
0                         7.391387485924669E-7     -7.187251925443345E-8    NaN                                               NaN
0                         7.391387485924669E-7     -5.590084830900378E-8    NaN                                               NaN
0                         7.391387485924669E-7     -3.9929177363574116E-8   NaN                                               NaN
0                         7.391387485924669E-7     -2.39575064181445E-8     NaN                                               NaN
0                         7.391387485924669E-7     -7.985835472714834E-9    NaN                                               NaN
0                         7.391387485924669E-7     7.985835472714834E-9     NaN                                               NaN
0                         7.391387485924669E-7     2.3957506418144448E-8    NaN                                               NaN
0                         7.391387485924669E-7     3.9929177363574116E-8    NaN                                               NaN
0                         7.391387485924669E-7     5.590084830900378E-8     NaN                                               NaN
0                         7.391387485924669E-7     7.18725192544334E-8      NaN                                               NaN
0                         7.391387485924669E-7     8.784419019986301E-8     NaN                                               NaN
0                         7.391387485924669E-7     1.0381586114529268E-7    NaN                                               NaN
0                         7.391387485924669E-7     1.1978753209072235E-7    NaN                                               NaN
0                         7.391387485924669E-7     1.3575920303615201E-7    NaN                                               NaN
0                         7.391387485924669E-7     1.5173087398158168E-7    NaN                                               NaN
0                         7.391387485924669E-7     1.6770254492701124E-7    NaN                                               NaN
0                         7.391387485924669E-7     1.836742158724409E-7     NaN                                               NaN
0                         7.391387485924669E-7     1.9964588681787058E-7    NaN                                               NaN
0                         7.391387485924669E-7     2.1561755776330025E-7    NaN                                               NaN
0                         7.391387485924669E-7     2.3158922870872991E-7    NaN                                               NaN
0                         7.391387485924669E-7     2.475608996541595E-7     NaN                                               NaN
0                         7.391387485924669E-7     2.6353257059958914E-7    NaN                                               NaN
0                         7.391387485924669E-7     2.795042415450188E-7     NaN                                               NaN
0                         7.391387485924669E-7     2.954759124904485E-7     NaN                                               NaN
0                         7.391387485924669E-7     3.1144758343587815E-7    NaN                                               NaN
0                         7.391387485924669E-7     3.274192543813078E-7     NaN                                               NaN
0                         7.391387485924669E-7     3.433909253267374E-7     NaN                                               NaN
0                         7.391387485924669E-7     3.5936259627216704E-7    NaN                                               NaN
0                         7.391387485924669E-7     3.753342672175967E-7     NaN                                               NaN
0                         7.391387485924669E-7     3.913059381630264E-7     NaN                                               NaN
0                         7.545374725214766E-7     -3.913059381630264E-7    NaN                                               NaN
0                         7.545374725214766E-7     -3.753342672175967E-7    NaN                                               NaN
0                         7.545374725214766E-7     -3.593625962721671E-7    NaN                                               NaN
0                         7.545374725214766E-7     -3.4339092532673743E-7   NaN                                               NaN
0                         7.545374725214766E-7     -3.2741925438130776E-7   NaN                                               NaN
0                         7.545374725214766E-7     -3.1144758343587815E-7   NaN                                               NaN
0                         7.545374725214766E-7     -2.954759124904485E-7    NaN                                               NaN
0                         7.545374725214766E-7     -2.7950424154501886E-7   NaN                                               NaN
0                         7.545374725214766E-7     -2.635325705995892E-7    NaN                                               NaN
0                         7.545374725214766E-7     -2.4756089965415953E-7   NaN                                               NaN
0                         7.545374725214766E-7     -2.3158922870872991E-7   NaN                                               NaN
0                         7.545374725214766E-7     -2.1561755776330025E-7   NaN                                               NaN
0                         7.545374725214766E-7     -1.996458868178706E-7    NaN                                               NaN
0                         7.545374725214766E-7     -1.8367421587244096E-7   NaN                                               NaN
0                         7.545374725214766E-7     -1.677025449270113E-7    NaN                                               NaN
0                         7.545374725214766E-7     -1.5173087398158168E-7   NaN                                               NaN
0                         7.545374725214766E-7     -1.3575920303615201E-7   NaN                                               NaN
0                         7.545374725214766E-7     -1.1978753209072235E-7   NaN                                               NaN
0                         7.545374725214766E-7     -1.0381586114529273E-7   NaN                                               NaN
0                         7.545374725214766E-7     -8.784419019986307E-8    NaN                                               NaN
0                         7.545374725214766E-7     -7.187251925443345E-8    NaN                                               NaN
0                         7.545374725214766E-7     -5.590084830900378E-8    NaN                                               NaN
0                         7.545374725214766E-7     -3.9929177363574116E-8   NaN                                               NaN
0                         7.545374725214766E-7     -2.39575064181445E-8     NaN                                               NaN
0                         7.545374725214766E-7     -7.985835472714834E-9    NaN                                               NaN
0                         7.545374725214766E-7     7.985835472714834E-9     NaN                                               NaN
0                         7.545374725214766E-7     2.3957506418144448E-8    NaN                                               NaN
0                         7.545374725214766E-7     3.9929177363574116E-8    NaN                                               NaN
0                         7.545374725214766E-7     5.590084830900378E-8     NaN                                               NaN
0                         7.545374725214766E-7     7.18725192544334E-8      NaN                                               NaN
0                         7.545374725214766E-7     8.784419019986301E-8     NaN                                               NaN
0                         7.545374725214766E-7     1.0381586114529268E-7    NaN                                               NaN
0                         7.545374725214766E-7     1.1978753209072235E-7    NaN                                               NaN
0                         7.545374725214766E-7     1.3575920303615201E-7    NaN                                               NaN
0                         7.545374725214766E-7     1.5173087398158168E-7    NaN                                               NaN
0                         7.545374725214766E-7     1.6770254492701124E-7    NaN                                               NaN
0                         7.545374725214766E-7     1.836742158724409E-7     NaN                                               NaN
0                         7.545374725214766E-7     1.9964588681787058E-7    NaN                                               NaN
0                         7.545374725214766E-7     2.1561755776330025E-7    NaN                                               NaN
0                         7.545374725214766E-7     2.3158922870872991E-7    NaN                                               NaN
0                         7.545374725214766E-7     2.475608996541595E-7     NaN                                               NaN
0                         7.545374725214766E-7     2.6353257059958914E-7    NaN                                               NaN
0                         7.545374725214766E-7     2.795042415450188E-7     NaN                                               NaN
0                         7.545374725214766E-7     2.954759124904485E-7     NaN                                               NaN
0                         7.545374725214766E-7     3.1144758343587815E-7    NaN                                               NaN
0                         7.545374725214766E-7     3.274192543813078E-7     NaN                                               NaN
0                         7.545374725214766E-7     3.433909253267374E-7     NaN                                               NaN
0                         7.545374725214766E-7     3.5936259627216704E-7    NaN                                               NaN
0                         7.545374725214766E-7     3.753342672175967E-7     NaN                                               NaN
0                         7.545374725214766E-7     3.913059381630264E-7     NaN                                               NaN
