% Model:              omc_unitcell_iso.mph
% Version:            COMSOL 6.3.0.420
% Date:               Jul 16 2026, 12:32
% Dimension:          3
% Nodes:              2500
% Expressions:        2
% Description:        Electric field, y-component, Electric field norm
% Length unit:        m
% X                       Y                        Z                        ewfd.Ey (V/m) @ 206.09+2.1816i THz                ewfd.normE (V/m) @ 206.09+2.1816i THz
0                         0                        -3.913059381630264E-7    -1.269430136465545E7-3493643.8107128805i          1.3166276398922576E7
0                         0                        -3.753342672175967E-7    -1.2689822660496032E7-3491464.2361953086i         1.3161379930215126E7
0                         0                        -3.593625962721671E-7    -1.2581448026437702E7-3453639.536253852i          1.3046856345048368E7
0                         0                        -3.4339092532673743E-7   -1.2333059794210108E7-3373461.3627345823i         1.2786109863966636E7
0                         0                        -3.2741925438130776E-7   -1.2143015698853696E7-3288584.665276743i          1.2580445912736982E7
0                         0                        -3.1144758343587815E-7   -1.1101512894857554E7-2998091.1169024385i         1.1499223404210297E7
0                         0                        -2.954759124904485E-7    -9907510.452256847-2675454.1629183255i            1.0262398274256153E7
0                         0                        -2.7950424154501886E-7   -8724565.184266781-2357998.4141279813i            9037598.916501557
0                         0                        -2.635325705995892E-7    -8181283.512035011-2182423.162274059i             8467370.947556641
0                         0                        -2.4756089965415953E-7   -7483770.307491303-1998096.8847373764i            7745915.644782461
0                         0                        -2.3158922870872991E-7   -6800652.335249151-1817591.7467820675i            7039354.511807174
0                         0                        -2.1561755776330025E-7   -6131929.595308557-1640907.7484081334i            6347687.673523866
0                         0                        -1.996458868178706E-7    -5783549.161379462-1532646.9114236669i            5983180.379797151
0                         0                        -1.8367421587244096E-7   -5346174.623661017-1402753.9676467779i            5527142.281543491
0                         0                        -1.677025449270113E-7    -4919905.000192832-1276339.2183013994i            5082765.685244271
0                         0                        -1.5173087398158168E-7   -3786125.668967726-1004874.3847011444i            3917208.203586429
0                         0                        -1.3575920303615201E-7   -3529256.9269193048-925878.6656570226i            3648685.483804643
0                         0                        -1.1978753209072235E-7   -3185756.3487240905-831085.5314477768i            3292377.0552623044
0                         0                        -1.0381586114529273E-7   -2844329.2060961844-737084.7663020403i            2938282.250799995
0                         0                        -8.784419019986307E-8    -2504975.499035588-643876.3702198127i             2586402.7201686967
0                         0                        -7.187251925443345E-8    -2167695.2275423007-551460.3432010941i            2236741.1807433455
0                         0                        -5.590084830900378E-8    -1832488.3916163214-459836.685245884i             1889302.3798498998
0                         0                        -3.9929177363574116E-8   -1499354.9912576508-369005.39635418286i           1544095.3248901889
0                         0                        -2.39575064181445E-8     -262749.18177310686-84620.07313065945i            276039.28941198805
0                         0                        -7.985835472714834E-9    -17902.14119059505-14314.418933005087i            22921.37100170002
0                         0                        7.985835472714834E-9     281416.73207159736+67432.56929782828i             289383.0134820695
0                         0                        2.3957506418144448E-8    649543.3022655798+163748.08684461753i             669865.6114948331
0                         0                        3.9929177363574116E-8    1018981.214998391+260581.06052652345i             1051772.4115153074
0                         0                        5.590084830900378E-8     1389730.4702700302+357931.4903435457i             1435083.8762164777
0                         0                        7.18725192544334E-8      1761791.0680804942+455799.3762956837i             1819796.9224613342
0                         0                        8.784419019986301E-8     2135163.0084297853+554184.7183829377i             2205910.6452112035
0                         0                        1.0381586114529268E-7    2509846.291317905+653087.5166053085i              2593424.70690551
0                         0                        1.1978753209072235E-7    2836853.2578797583+744186.7988591437i             2932839.9885331653
0                         0                        1.3575920303615201E-7    3266030.4590983824+871314.4458681167i             3380257.9521889826
0                         0                        1.5173087398158168E-7    3824119.586920219+1016052.1594001168i             3956798.277103409
0                         0                        1.6770254492701124E-7    4385739.362584333+1161892.2632577203i             4537036.8510669805
0                         0                        1.836742158724409E-7     4950889.786090723+1308834.757440927i              5120972.378006241
0                         0                        1.9964588681787058E-7    5610202.325795429+1467535.43512267i               5798968.045238836
0                         0                        2.1561755776330025E-7    6158540.819292255+1624073.0296635057i             6369084.56754731
0                         0                        2.3158922870872991E-7    6713292.9512528535+1782602.9743617633i            6945932.307008517
0                         0                        2.475608996541595E-7     7455655.995004603+1987863.003118362i              7716113.376241618
0                         0                        2.6353257059958914E-7    8291361.529467272+2216790.513358592i              8582589.131051684
0                         0                        2.795042415450188E-7     9170812.691770323+2457167.4860936888i             9494286.57047235
0                         0                        2.954759124904485E-7     1.009400948191375E7+2708993.9213236533i           1.0451204499326054E7
0                         0                        3.1144758343587815E-7    1.1422190943182694E7+3066886.7044134364i          1.182675948855952E7
0                         0                        3.274192543813078E-7     1.2214131781830097E7+3303582.1915996494i          1.265301033274558E7
0                         0                        3.433909253267374E-7     1.2755854876482427E7+3471760.136809853i           1.3219869593813037E7
0                         0                        3.5936259627216704E-7    1.2796404484089062E7+3499626.839579451i           1.3266324123008585E7
0                         0                        3.753342672175967E-7     1.270529698585739E7+3487573.6700206557i           1.3175270077029094E7
0                         0                        3.913059381630264E-7     1.2694301364655446E7+3493643.810712852i           1.3166276398922564E7
0                         1.5398723929009728E-8    -3.913059381630264E-7    -1.2445192963874115E7-3423506.66178816i           1.2928989041870296E7
0                         1.5398723929009728E-8    -3.753342672175967E-7    -1.2433790861172125E7-3418366.5756198326i         1.2915857111417891E7
0                         1.5398723929009728E-8    -3.593625962721671E-7    -1.2315259608126314E7-3378306.896190627i          1.2789624115480127E7
0                         1.5398723929009728E-8    -3.4339092532673743E-7   -1.242054337087412E7-3380937.681090906i           1.291925300262626E7
0                         1.5398723929009728E-8    -3.2741925438130776E-7   -1.1876482063456511E7-3216083.8494323767i         1.2319294800055299E7
0                         1.5398723929009728E-8    -3.1144758343587815E-7   -1.0897101819278235E7-2941548.036868037i          1.1301108557382913E7
0                         1.5398723929009728E-8    -2.954759124904485E-7    -9833446.181929955-2649981.8392168256i            1.022568273445696E7
0                         1.5398723929009728E-8    -2.7950424154501886E-7   -8953924.037765212-2396024.9794442384i            9296421.299302232
0                         1.5398723929009728E-8    -2.635325705995892E-7    -8031887.019343343-2149683.356992082i             8345849.491909245
0                         1.5398723929009728E-8    -2.4756089965415953E-7   -7470964.840377743-1987956.9249042196i            7769404.022470402
0                         1.5398723929009728E-8    -2.3158922870872991E-7   -6789118.876390403-1807731.585575857i             7061412.715039155
0                         1.5398723929009728E-8    -2.1561755776330025E-7   -6121668.144704619-1631327.385828869i             6368505.71334186
0                         1.5398723929009728E-8    -1.996458868178706E-7    -5511619.570385731-1467314.6550828614i            5753162.101657129
0                         1.5398723929009728E-8    -1.8367421587244096E-7   -5217442.748815422-1371523.7289864535i            5409252.114860479
0                         1.5398723929009728E-8    -1.677025449270113E-7    -4583412.375184907-1202124.2672332102i            4826775.675156187
0                         1.5398723929009728E-8    -1.5173087398158168E-7   -3707942.112085108-986410.1716475247i             3864878.2017709007
0                         1.5398723929009728E-8    -1.3575920303615201E-7   -3399054.004714198-897087.8842388763i             3547167.3175173006
0                         1.5398723929009728E-8    -1.1978753209072235E-7   -3055360.31363062-802209.0247461083i              3183781.3371928628
0                         1.5398723929009728E-8    -1.0381586114529273E-7   -2713740.058114356-708122.5343168506i             2823105.0793562364
0                         1.5398723929009728E-8    -8.784419019986307E-8    -2374193.238165397-614828.4129511009i             2465375.177062383
0                         1.5398723929009728E-8    -7.187251925443345E-8    -2036719.853783749-522326.6606488604i             2110983.9686387563
0                         1.5398723929009728E-8    -5.590084830900378E-8    -1701319.9049694096-430617.2774101286i            1760630.5110783733
0                         1.5398723929009728E-8    -3.9929177363574116E-8   -1367993.3917223783-339700.2632349057i            1415685.5648690546
0                         1.5398723929009728E-8    -2.39575064181445E-8     -854180.0492340813-212107.5162206235i             1193792.1264782157
0                         1.5398723929009728E-8    -7.985835472714834E-9    -380158.55796360306-95535.7240877291i             513597.4819240247
0                         1.5398723929009728E-8    7.985835472714834E-9     321066.84842049866+75494.91938311709i             332483.01416422887
0                         1.5398723929009728E-8    2.3957506418144448E-8    618941.2042960081+155956.52695800338i             659388.1383557608
0                         1.5398723929009728E-8    3.9929177363574116E-8    988260.8489613655+252817.4218247766i              1035324.0839266249
0                         1.5398723929009728E-8    5.590084830900378E-8     1358891.8361655502+350195.7728266661i             1420242.1802297847
0                         1.5398723929009728E-8    7.18725192544334E-8      1730834.1659085604+448091.5799636714i             1809305.632409738
0                         1.5398723929009728E-8    8.784419019986301E-8     2104087.8381903977+546504.8432357928i             2201050.5276266797
0                         1.5398723929009728E-8    1.0381586114529268E-7    2414155.5088349693+637707.3737288237i             2524069.924949359
0                         1.5398723929009728E-8    1.1978753209072235E-7    2863566.418039167+755328.7887471841i              2988141.564219722
0                         1.5398723929009728E-8    1.3575920303615201E-7    3301673.9446958248+872682.8171018084i             3442144.5501578064
0                         1.5398723929009728E-8    1.5173087398158168E-7    3858556.5532919653+1017147.2152771644i            4019829.6792189525
0                         1.5398723929009728E-8    1.6770254492701124E-7    4418969.809730379+1162714.0037781224i             4601822.979883174
0                         1.5398723929009728E-8    1.836742158724409E-7     4982913.714011074+1309383.182604685i              5187911.518962048
0                         1.5398723929009728E-8    1.9964588681787058E-7    5536909.713643928+1457179.0893319068i             5756241.432668053
0                         1.5398723929009728E-8    2.1561755776330025E-7    6266216.507584813+1647922.9881073977i             6494731.6113292985
0                         1.5398723929009728E-8    2.3158922870872991E-7    6824012.684433832+1807278.2370977888i             7078015.893031328
0                         1.5398723929009728E-8    2.475608996541595E-7     7347388.904648114+1958389.8597242848i             7634507.641109188
0                         1.5398723929009728E-8    2.6353257059958914E-7    8182115.331790096+2187183.7139561204i             8500365.541365193
0                         1.5398723929009728E-8    2.795042415450188E-7     9060587.386772456+2427427.030682823i              9411924.084371643
0                         1.5398723929009728E-8    2.954759124904485E-7     9982805.069595188+2679119.8099043937i             1.036904473093702E7
0                         1.5398723929009728E-8    3.1144758343587815E-7    1.082791594036106E7+2918852.711461009i            1.1258307956913553E7
0                         1.5398723929009728E-8    3.274192543813078E-7     1.189560697916658E7+3221993.1064355457i           1.2332205145085227E7
0                         1.5398723929009728E-8    3.433909253267374E-7     1.2336093684934638E7+3362887.2979067042i          1.2803589477605518E7
0                         1.5398723929009728E-8    3.5936259627216704E-7    1.2358646684305707E7+3386054.4768389193i          1.2832148909405515E7
0                         1.5398723929009728E-8    3.753342672175967E-7     1.2391866759952014E7+3405195.8110863385i          1.2871284688430713E7
0                         1.5398723929009728E-8    3.913059381630264E-7     1.2445192963874117E7+3423506.6617881316i          1.292882117302488E7
0                         3.0797447858019456E-8    -3.913059381630264E-7    -1.2303952770324735E7-3377015.0229578344i         1.2827882825864414E7
0                         3.0797447858019456E-8    -3.753342672175967E-7    -1.2177759061848216E7-3345268.915044354i          1.2713695015011318E7
0                         3.0797447858019456E-8    -3.593625962721671E-7    -1.2049071189814918E7-3302974.256127398i          1.2573324294228027E7
0                         3.0797447858019456E-8    -3.4339092532673743E-7   -1.1964323910624431E7-3261180.12631034i           1.2513423747397583E7
0                         3.0797447858019456E-8    -3.2741925438130776E-7   -1.17477139853387E7-3178824.5631286465i           1.2228595139502235E7
0                         3.0797447858019456E-8    -3.1144758343587815E-7   -1.0819798923849838E7-2917489.687663255i          1.125990113938303E7
0                         3.0797447858019456E-8    -2.954759124904485E-7    -1.006938536018842E7-2685983.54754161i            1.0551587765687909E7
0                         3.0797447858019456E-8    -2.7950424154501886E-7   -9104822.712254329-2428542.117793435i             9550560.827215672
0                         3.0797447858019456E-8    -2.635325705995892E-7    -8178742.556636741-2181054.3794883373i            8592720.05519453
0                         3.0797447858019456E-8    -2.4756089965415953E-7   -7291144.893335674-1943520.3326263204i            7679269.281161663
0                         3.0797447858019456E-8    -2.3158922870872991E-7   -6777585.417531656-1797871.4243696476i            7154338.19465812
0                         3.0797447858019456E-8    -2.1561755776330025E-7   -6126681.11856666-1624990.746279328i              6483051.595007705
0                         3.0797447858019456E-8    -1.996458868178706E-7    -5500574.210640135-1457238.4219537482i            5827449.058206145
0                         3.0797447858019456E-8    -1.8367421587244096E-7   -4887194.793466766-1293097.1868756611i            5189932.882192707
0                         3.0797447858019456E-8    -1.677025449270113E-7    -4201585.73256823-1117909.1663205128i             4514427.965604956
0                         3.0797447858019456E-8    -1.5173087398158168E-7   -3779761.812467666-1001270.324888415i             4106982.656090111
0                         3.0797447858019456E-8    -1.3575920303615201E-7   -3542448.9595097625-915831.0234940252i            3725349.3817286356
0                         3.0797447858019456E-8    -1.1978753209072235E-7   -3083684.3998910272-798262.2942090117i            3254996.8021723144
0                         3.0797447858019456E-8    -1.0381586114529273E-7   -2627758.6146534667-681561.8588461607i            2788988.944925465
0                         3.0797447858019456E-8    -8.784419019986307E-8    -2174671.6037970753-565729.7174054708i            2328165.832845655
0                         3.0797447858019456E-8    -7.187251925443345E-8    -1724423.3673218586-450765.8698869434i            1874169.8210271813
0                         3.0797447858019456E-8    -5.590084830900378E-8    -1277013.905227814-336670.3162905778i             1430664.7379091817
0                         3.0797447858019456E-8    -3.9929177363574116E-8   -708696.1120563198-198162.71875411627i            1045188.6610995507
0                         3.0797447858019456E-8    -2.39575064181445E-8     -376102.58018971054-111039.1128268318i            842028.9968816683
0                         3.0797447858019456E-8    -7.985835472714834E-9    -111454.03323677447-37187.71501214625i            508174.0628747988
0                         3.0797447858019456E-8    7.985835472714834E-9     248193.75278042816+55682.6336151813i              624457.2284458523
0                         3.0797447858019456E-8    2.3957506418144448E-8    478497.2814203904+123500.34785604876i             612893.7449330299
0                         3.0797447858019456E-8    3.9929177363574116E-8    932615.7354539231+238730.88665860746i             1041733.66824795
0                         3.0797447858019456E-8    5.590084830900378E-8     1388185.4174352319+354444.8468245505i             1498023.1775813212
0                         3.0797447858019456E-8    7.18725192544334E-8      1845206.3273643162+470642.2283538778i             1963728.0676696813
0                         3.0797447858019456E-8    8.784419019986301E-8     2079968.9125338139+541384.0104875881i             2159196.734519203
0                         3.0797447858019456E-8    1.0381586114529268E-7    2511317.8886065856+654138.0389570971i             2680387.5928979074
0                         3.0797447858019456E-8    1.1978753209072235E-7    2960330.0553452102+771665.2561260405i             3157214.045765366
0                         3.0797447858019456E-8    1.3575920303615201E-7    3411927.2548594945+890070.4326047844i             3636600.8355368306
0                         3.0797447858019456E-8    1.5173087398158168E-7    3892993.5196637115+1018242.271154212i             4139770.771874575
0                         3.0797447858019456E-8    1.6770254492701124E-7    4452200.25687643+1163535.7442985254i              4729426.480718078
0                         3.0797447858019456E-8    1.836742158724409E-7     4990998.451292225+1304828.1061915478i             5285901.060563705
0                         3.0797447858019456E-8    1.9964588681787058E-7    5535685.168285052+1454394.9463175107i             5843461.338181556
0                         3.0797447858019456E-8    2.1561755776330025E-7    6094045.835794538+1607786.8898356906i             6416549.719972809
0                         3.0797447858019456E-8    2.3158922870872991E-7    6934732.417614813+1831953.4998338143i             7245922.78852626
0                         3.0797447858019456E-8    2.475608996541595E-7     7501986.277816027+1994126.4032737622i             7850047.729831533
0                         3.0797447858019456E-8    2.6353257059958914E-7    8072869.134112921+2157576.9145536497i             8482004.192432024
0                         3.0797447858019456E-8    2.795042415450188E-7     8950362.081774583+2397686.575271957i              9395025.645175366
0                         3.0797447858019456E-8    2.954759124904485E-7     9836066.80969095+2643169.8385935305i              1.0305752360578656E7
0                         3.0797447858019456E-8    3.1144758343587815E-7    1.058795776662403E7+2861144.1376406974i           1.1076088364789274E7
0                         3.0797447858019456E-8    3.274192543813078E-7     1.1354291054123554E7+3083426.1100577503i          1.1862848818160765E7
0                         3.0797447858019456E-8    3.433909253267374E-7     1.2043661573230123E7+3277577.1181470547i          1.2538625193820251E7
0                         3.0797447858019456E-8    3.5936259627216704E-7    1.1939282307755794E7+3275688.6800574055i          1.244991316578965E7
0                         3.0797447858019456E-8    3.753342672175967E-7     1.2287815845882947E7+3367824.6389714293i          1.279991298476877E7
0                         3.0797447858019456E-8    3.913059381630264E-7     1.2303952770324776E7+3377015.0229578163i          1.2827769186552724E7
0                         4.6196171787029183E-8    -3.913059381630264E-7    -1.176963118810089E7-3239464.550352558i           1.2421969191666923E7
0                         4.6196171787029183E-8    -3.753342672175967E-7    -1.1795268805019576E7-3240535.086286024i          1.2434476709881544E7
0                         4.6196171787029183E-8    -3.593625962721671E-7    -1.1688991955704529E7-3204434.0943476316i         1.2301864178227648E7
0                         4.6196171787029183E-8    -3.4339092532673743E-7   -1.1500875370389787E7-3139702.6445114915i         1.213165733143215E7
0                         4.6196171787029183E-8    -3.2741925438130776E-7   -1.1580672084146883E7-3146903.5110860043i         1.2115562987972835E7
0                         4.6196171787029183E-8    -3.1144758343587815E-7   -1.0277918509362807E7-2783271.7090086574i         1.083844460263111E7
0                         4.6196171787029183E-8    -2.954759124904485E-7    -9584447.786723247-2582658.509317825i             1.0081695582816422E7
0                         4.6196171787029183E-8    -2.7950424154501886E-7   -8793592.459261907-2362983.939396595i             9284634.670995852
0                         4.6196171787029183E-8    -2.635325705995892E-7    -8032844.905349651-2151339.1147227674i            8526814.186192013
0                         4.6196171787029183E-8    -2.4756089965415953E-7   -7433957.293433364-1973745.2392696354i            7981571.346627651
0                         4.6196171787029183E-8    -2.3158922870872991E-7   -6580798.985253104-1745018.7679977594i            7098634.317574287
0                         4.6196171787029183E-8    -2.1561755776330025E-7   -6114564.2549974425-1614636.8004590494i           6623677.982807021
0                         4.6196171787029183E-8    -1.996458868178706E-7    -5489528.850894539-1447162.188824635i             5950805.419808683
0                         4.6196171787029183E-8    -1.8367421587244096E-7   -4877220.937544791-1283298.6664377127i            5292444.299065172
0                         4.6196171787029183E-8    -1.677025449270113E-7    -4272391.941493155-1127204.734732252i             4707361.720207293
0                         4.6196171787029183E-8    -1.5173087398158168E-7   -3850364.724505897-1010499.0768163241i            4297718.503407019
0                         4.6196171787029183E-8    -1.3575920303615201E-7   -3398599.6380829355-889360.7025560183i            3719774.493192015
0                         4.6196171787029183E-8    -1.1978753209072235E-7   -3059383.8137344-790622.933426558i                3354619.369696838
0                         4.6196171787029183E-8    -1.0381586114529273E-7   -2604618.3212279244-674206.52563369i              2880560.139506036
0                         4.6196171787029183E-8    -8.784419019986307E-8    -2152691.603102618-558658.4117629831i             2412712.4155593067
0                         4.6196171787029183E-8    -7.187251925443345E-8    -1703603.6593584847-443978.5918144382i            1953525.9352330496
0                         4.6196171787029183E-8    -5.590084830900378E-8    -1257354.4899955234-330167.06578805525i           1508329.5744012636
0                         4.6196171787029183E-8    -3.9929177363574116E-8   -754952.9123281726-206902.04033438978i            1188604.316056422
0                         4.6196171787029183E-8    -2.39575064181445E-8     -422442.4292455272-119801.17556404813i            978338.8787375677
0                         4.6196171787029183E-8    -7.985835472714834E-9    -151232.40495799953-44810.725691334126i           623950.6003709174
0                         4.6196171787029183E-8    7.985835472714834E-9     207551.43198819496+47856.70865013974i             688368.1358766027
0                         4.6196171787029183E-8    2.3957506418144448E-8    578185.4046905949+143526.4157808198i              770935.7625536437
0                         4.6196171787029183E-8    3.9929177363574116E-8    908099.7230192502+231619.31203459544i             1146493.27657297
0                         4.6196171787029183E-8    5.590084830900378E-8     1362921.4706751378+347068.50380504306i            1586496.9092426603
0                         4.6196171787029183E-8    7.18725192544334E-8      1819194.446278801+463001.1169388747i              2049033.4661130419
0                         4.6196171787029183E-8    8.784419019986301E-8     2128926.638225165+548176.6215951028i              2282479.6831905805
0                         4.6196171787029183E-8    1.0381586114529268E-7    2608480.2683782014+670568.7041853704i             2867940.2060717214
0                         4.6196171787029183E-8    1.1978753209072235E-7    3057093.69265125+788001.7235048962i               3364333.9703855417
0                         4.6196171787029183E-8    1.3575920303615201E-7    3508292.14969996+906312.7021342225i               3862719.1951232986
0                         4.6196171787029183E-8    1.5173087398158168E-7    3927430.486035459+1019337.3270312592i             4312148.463237459
0                         4.6196171787029183E-8    1.6770254492701124E-7    4485430.704022477+1164357.484818928i              4915153.232621065
0                         4.6196171787029183E-8    1.836742158724409E-7     4990242.079492136+1302038.2585152641i             5423384.086359651
0                         4.6196171787029183E-8    1.9964588681787058E-7    5534460.622926174+1451610.8033031141i             5988319.580702332
0                         4.6196171787029183E-8    2.1561755776330025E-7    6092353.116876867+1605008.4514831803i             6568036.153890383
0                         4.6196171787029183E-8    2.3158922870872991E-7    6663919.561344232+1762231.2030554658i             7162386.651845713
0                         4.6196171787029183E-8    2.475608996541595E-7     7249159.956328243+1923279.0580199654i             7771263.616592095
0                         4.6196171787029183E-8    2.6353257059958914E-7    7963622.936435741+2127970.1151511776i             8529362.380548134
0                         4.6196171787029183E-8    2.795042415450188E-7     8840136.776776718+2367946.119861092i              9445376.65860177
0                         4.6196171787029183E-8    2.954759124904485E-7     9751898.710893545+2620338.8982108547i             1.0290715796449676E7
0                         4.6196171787029183E-8    3.1144758343587815E-7    1.074815709000706E7+2896558.173745672i            1.1287941778565224E7
0                         4.6196171787029183E-8    3.274192543813078E-7     1.1773930691957343E7+3181362.3295745607i          1.2323871687935634E7
0                         4.6196171787029183E-8    3.433909253267374E-7     1.1401576574352438E7+3112335.713430497i           1.1996495309592376E7
0                         4.6196171787029183E-8    3.5936259627216704E-7    1.16721293109357E7+3196711.3705223124i            1.227520358030654E7
0                         4.6196171787029183E-8    3.753342672175967E-7     1.175864652357717E7+3231711.90925879i             1.2388734309109058E7
0                         4.6196171787029183E-8    3.913059381630264E-7     1.1769631188100932E7+3239464.5503525417i          1.2421786378334103E7
0                         6.159489571603891E-8     -3.913059381630264E-7    -1.1235309605877044E7-3101914.07774728i           1.2103587766347062E7
0                         6.159489571603891E-8     -3.753342672175967E-7    -1.1049130989807904E7-3056228.0908581326i         1.186689517194659E7
0                         6.159489571603891E-8     -3.593625962721671E-7    -1.1196863288309326E7-3077340.0334742246i         1.2001431325079117E7
0                         6.159489571603891E-8     -3.4339092532673743E-7   -1.1164505138422968E7-3052424.360914346i          1.1935818951787252E7
0                         6.159489571603891E-8     -3.2741925438130776E-7   -1.1421501106211167E7-3104479.128250411i          1.2127010461445073E7
0                         6.159489571603891E-8     -3.1144758343587815E-7   -1.0355884547145525E7-2797021.588362161i          1.101117989320832E7
0                         6.159489571603891E-8     -2.954759124904485E-7    -9671176.463987805-2598170.2693520198i            1.0317879930057509E7
0                         6.159489571603891E-8     -2.7950424154501886E-7   -8878199.732632672-2377966.8268080493i            9527134.528125433
0                         6.159489571603891E-8     -2.635325705995892E-7    -8115330.774826618-2165793.1295114807i            8772416.502270972
0                         6.159489571603891E-8     -2.4756089965415953E-7   -7382569.590569646-1961649.1774623152i            8054248.36089141
0                         6.159489571603891E-8     -2.3158922870872991E-7   -6679916.1798617635-1765534.970660555i            7373258.1008201055
0                         6.159489571603891E-8     -2.1561755776330025E-7   -6102447.391428222-1604282.8546387707i            6815207.887205197
0                         6.159489571603891E-8     -1.996458868178706E-7    -5478483.491148942-1437085.9556955218i            6119702.117735741
0                         6.159489571603891E-8     -1.8367421587244096E-7   -4867247.081622814-1273500.145999764i             5436238.021196112
0                         6.159489571603891E-8     -1.677025449270113E-7    -4343198.15041808-1136500.3031439916i             4932770.329903765
0                         6.159489571603891E-8     -1.5173087398158168E-7   -3969534.0756698144-1028941.5720669333i           4432557.182751448
0                         6.159489571603891E-8     -1.3575920303615201E-7   -3416714.7611857885-888645.4922976689i            3892487.3556085094
0                         6.159489571603891E-8     -1.1978753209072235E-7   -3035083.2275777766-782983.5726441048i            3511746.549413521
0                         6.159489571603891E-8     -1.0381586114529273E-7   -2581478.027802383-666851.1924212194i             3021284.790600626
0                         6.159489571603891E-8     -8.784419019986307E-8    -2130711.602408159-551587.106120495i              2539409.6960995873
0                         6.159489571603891E-8     -7.187251925443345E-8    -1682783.9513951105-437191.3137419331i            2070295.4884312493
0                         6.159489571603891E-8     -5.590084830900378E-8    -1237695.0747632335-323663.81528553285i           1622720.7277022428
0                         6.159489571603891E-8     -3.9929177363574116E-8   -801209.7126000262-215641.36191466334i            1339954.8899439496
0                         6.159489571603891E-8     -2.39575064181445E-8     -468782.2783013434-128563.23830126444i            1114540.95472129
0                         6.159489571603891E-8     -7.985835472714834E-9    -191010.77667922416-52433.73637052183i            762110.8984260543
0                         6.159489571603891E-8     7.985835472714834E-9     147570.1038830886+36221.74057455281i              697908.09448711
0                         6.159489571603891E-8     2.3957506418144448E-8    584736.4569365685+145611.20072926054i             948441.6762762703
0                         6.159489571603891E-8     3.9929177363574116E-8    1020708.6124687296+254580.91510881027i            1320826.188715896
0                         6.159489571603891E-8     5.590084830900378E-8     1337657.523915044+339692.1607855357i              1722805.4473986973
0                         6.159489571603891E-8     7.18725192544334E-8      1653078.4493945453+423852.709611591i              1936119.5879447241
0                         6.159489571603891E-8     8.784419019986301E-8     2177884.3639165163+554969.2327026178i             2478321.7907880526
0                         6.159489571603891E-8     1.0381586114529268E-7    2707998.4853452016+687799.3351577776i             3032673.554548039
0                         6.159489571603891E-8     1.1978753209072235E-7    3153857.3299572906+804338.190883752i              3602499.227362413
0                         6.159489571603891E-8     1.3575920303615201E-7    3604657.044540426+922554.9716636617i              4127176.4741125097
0                         6.159489571603891E-8     1.5173087398158168E-7    4058041.791899223+1041649.711753372i              4654226.118144446
0                         6.159489571603891E-8     1.6770254492701124E-7    4459409.288333467+1153495.2647814637i             5043796.402976802
0                         6.159489571603891E-8     1.836742158724409E-7     4989485.70769205+1299248.4108389816i              5608411.9182531815
0                         6.159489571603891E-8     1.9964588681787058E-7    5533236.077567292+1448826.6602887164i             6187849.4544374505
0                         6.159489571603891E-8     2.1561755776330025E-7    6090660.397959203+1602230.0131306709i             6781853.164347259
0                         6.159489571603891E-8     2.3158922870872991E-7    6661758.668867771+1759458.4693648412i             7390244.233168767
0                         6.159489571603891E-8     2.475608996541595E-7     7246530.890292994+1920512.028991228i              8012895.565289186
0                         6.159489571603891E-8     2.6353257059958914E-7    8765280.721601998+2288061.746826429i              9341986.636844963
0                         6.159489571603891E-8     2.795042415450188E-7     8904021.748145582+2368936.500136399i              9736829.861025726
0                         6.159489571603891E-8     2.954759124904485E-7     9735413.97308572+2609789.1005282323i              1.0395569724496469E7
0                         6.159489571603891E-8     3.1144758343587815E-7    1.078428929644651E7+2900264.197888971i            1.1442630073775806E7
0                         6.159489571603891E-8     3.274192543813078E-7     1.1862139298840517E7+3199287.2363613565i          1.252544809831504E7
0                         6.159489571603891E-8     3.433909253267374E-7     1.0966844257982621E7+2997282.1045777914i          1.1705438776756216E7
0                         6.159489571603891E-8     3.5936259627216704E-7    1.114831253683858E7+3062841.038086396i            1.1944075868464546E7
0                         6.159489571603891E-8     3.753342672175967E-7     1.1229477201271396E7+3095599.1795461494i          1.2062572271297853E7
0                         6.159489571603891E-8     3.913059381630264E-7     1.1235309605877096E7+3101914.0777472667i          1.2103329219966263E7
0                         7.699361964504864E-8     -3.913059381630264E-7    -1.0700988023653187E7-2964363.6051420006i         1.187768376571211E7
0                         7.699361964504864E-8     -3.753342672175967E-7    -1.0604769396016328E7-2941241.553318369i          1.1696003209009321E7
0                         7.699361964504864E-8     -3.593625962721671E-7    -1.0645794770583747E7-2922626.8465824146i         1.174282816290799E7
0                         7.699361964504864E-8     -3.4339092532673743E-7   -1.023268808270028E7-2788850.3707572953i          1.1172536133329542E7
0                         7.699361964504864E-8     -3.2741925438130776E-7   -9771577.607720459-2638413.0919603114i            1.0584344280726442E7
0                         7.699361964504864E-8     -3.1144758343587815E-7   -1.0673556180256076E7-2856910.1105817375i         1.1475883526965877E7
0                         7.699361964504864E-8     -2.954759124904485E-7    -1.0020216058844306E7-2666751.6805552742i         1.0885908729176557E7
0                         7.699361964504864E-8     -2.7950424154501886E-7   -9129706.828208525-2430320.7072825693i            9988606.137486406
0                         7.699361964504864E-8     -2.635325705995892E-7    -8197816.644303582-2180247.1443001926i            9056405.061649347
0                         7.699361964504864E-8     -2.4756089965415953E-7   -7462934.056152811-1975574.3196282857i            8332235.187314513
0                         7.699361964504864E-8     -2.3158922870872991E-7   -6758159.241551136-1778931.2402037857i            7641496.271798432
0                         7.699361964504864E-8     -2.1561755776330025E-7   -6083492.2004985325-1590317.9060266863i           6984300.250826775
0                         7.699361964504864E-8     -1.996458868178706E-7    -5467438.131403341-1427009.7225664076i            6329962.593773204
0                         7.699361964504864E-8     -1.8367421587244096E-7   -4836246.763560604-1262943.5522919397i            5630345.040783607
0                         7.699361964504864E-8     -1.677025449270113E-7    -4414004.359343003-1145795.87155573i              5185278.767984554
0                         7.699361964504864E-8     -1.5173087398158168E-7   -3986795.439315855-1028033.045926111i             4662875.072549914
0                         7.699361964504864E-8     -1.3575920303615201E-7   -3434829.8842886398-887930.2820393193i            4108341.6149876886
0                         7.699361964504864E-8     -1.1978753209072235E-7   -2888315.248671648-749464.413796203i              3568287.153916397
0                         7.699361964504864E-8     -1.0381586114529273E-7   -2558337.7343768403-659495.8592087483i            3204684.4432264376
0                         7.699361964504864E-8     -8.784419019986307E-8    -2108731.6017137016-544515.800478007i             2702479.0324322586
0                         7.699361964504864E-8     -7.187251925443345E-8    -1661964.2434317367-430404.03566942795i           2218942.3813608694
0                         7.699361964504864E-8     -5.590084830900378E-8    -1218035.659530943-317160.5647830104i             1767412.2224886904
0                         7.699361964504864E-8     -3.9929177363574116E-8   -847466.5128718793-224380.68349493688i            1496301.467071345
0                         7.699361964504864E-8     -2.39575064181445E-8     -587868.2952168524-152154.29940261974i            1049211.2757353052
0                         7.699361964504864E-8     -7.985835472714834E-9    -230789.1484004482-60056.74704970946i             913636.1178156986
0                         7.699361964504864E-8     7.985835472714834E-9     155066.54236784764+38564.917466881234i            922224.3627925467
0                         7.699361964504864E-8     2.3957506418144448E-8    591287.509182542+147695.98567770133i              1152122.578205708
0                         7.699361964504864E-8     3.9929177363574116E-8    1026314.2784759172+256407.30811336346i            1510944.4935373715
0                         7.699361964504864E-8     5.590084830900378E-8     1312393.5771549495+332315.81776602817i            1896797.1951805209
0                         7.699361964504864E-8     7.18725192544334E-8      1702188.434927987+430700.12883955473i             2183671.3378980192
0                         7.699361964504864E-8     8.784419019986301E-8     2226842.089607868+561761.8438101326i              2730450.1903154673
0                         7.699361964504864E-8     1.0381586114529268E-7    2756803.9511944624+694537.1381448436i             3295351.8026109324
0                         7.699361964504864E-8     1.1978753209072235E-7    3250620.9672633335+820674.6582626085i             3865564.915143736
0                         7.699361964504864E-8     1.3575920303615201E-7    3701021.9393808907+938797.2411930999i             4422617.265378377
0                         7.699361964504864E-8     1.5173087398158168E-7    3925909.1069544293+1013652.4169770115i            4588127.930163489
0                         7.699361964504864E-8     1.6770254492701124E-7    4363005.654344136+1134427.0515012785i             5105417.299375087
0                         7.699361964504864E-8     1.836742158724409E-7     4850732.8773089815+1269504.4523127887i            5615765.831246581
0                         7.699361964504864E-8     1.9964588681787058E-7    5532011.532208417+1446042.517274321i              6438014.635631803
0                         7.699361964504864E-8     2.1561755776330025E-7    6088967.679041536+1599451.574778161i              7053413.018646465
0                         7.699361964504864E-8     2.3158922870872991E-7    6659597.7763913125+1756685.7356742178i            7683297.866617241
0                         7.699361964504864E-8     2.475608996541595E-7     6950534.824060891+1860892.7054055983i             7727734.214253118
0                         7.699361964504864E-8     2.6353257059958914E-7    7736239.146073189+2072323.6429727795i             8519550.960935712
0                         7.699361964504864E-8     2.795042415450188E-7     8799312.391266864+2346231.6792067946i             9615037.239923991
0                         7.699361964504864E-8     2.954759124904485E-7     9632570.019921191+2579584.3369263434i             1.0440920155188695E7
0                         7.699361964504864E-8     3.1144758343587815E-7    1.0484058033257997E7+2816751.770341247i           1.128788794623121E7
0                         7.699361964504864E-8     3.274192543813078E-7     9557752.000355482+2607690.247578871i              1.0472492219739726E7
0                         7.699361964504864E-8     3.433909253267374E-7     1.0149974277718743E7+2781130.5228998708i          1.1098786790797204E7
0                         7.699361964504864E-8     3.5936259627216704E-7    1.0624295474450871E7+2928166.051266392i           1.1698583097151946E7
0                         7.699361964504864E-8     3.753342672175967E-7     1.0700307878965627E7+2959486.4498335114i          1.1826211892318634E7
0                         7.699361964504864E-8     3.913059381630264E-7     1.0700988023653245E7+2964363.605141991i           1.1877267116050815E7
0                         9.239234357405837E-8     -3.913059381630264E-7    -9723956.294386482-2717058.314052254i             1.132830215342344E7
0                         9.239234357405837E-8     -3.753342672175967E-7    -1.025120356981643E7-2840394.20814908i            1.1825216186419968E7
0                         9.239234357405837E-8     -3.593625962721671E-7    -9768123.39137236-2706136.5248582703i             1.1268799544262778E7
0                         9.239234357405837E-8     -3.4339092532673743E-7   -9267028.514226176-2557085.319182545i             1.0618488057960091E7
0                         9.239234357405837E-8     -3.2741925438130776E-7   -8790708.37846282-2398570.7780224495i             9937490.166208902
0                         9.239234357405837E-8     -3.1144758343587815E-7   -1.0250470354272213E7-2747763.103875828i          1.121097090242964E7
0                         9.239234357405837E-8     -2.954759124904485E-7    -9620021.922329646-2563129.120248247i             1.0611762524122814E7
0                         9.239234357405837E-8     -2.7950424154501886E-7   -8922449.478927655-2363318.0941961505i            1.0032327388083661E7
0                         9.239234357405837E-8     -2.635325705995892E-7    -8044294.192654767-2129656.4263087814i            9148390.954423547
0                         9.239234357405837E-8     -2.4756089965415953E-7   -7196032.949607693-1903946.645686429i             8297662.543041015
0                         9.239234357405837E-8     -2.3158922870872991E-7   -6378526.697066121-1686419.7183193327i            7481916.591633128
0                         9.239234357405837E-8     -2.1561755776330025E-7   -6159613.858294103-1603185.3029471748i            7260655.339549905
0                         9.239234357405837E-8     -1.996458868178706E-7    -5512933.186896787-1422072.8413947367i            6617055.706388863
0                         9.239234357405837E-8     -1.8367421587244096E-7   -4907256.269372223-1272305.9371875087i            5932841.012134739
0                         9.239234357405837E-8     -1.677025449270113E-7    -4484810.568267927-1155091.439967469i             5460056.2936079735
0                         9.239234357405837E-8     -1.5173087398158168E-7   -4004056.802961897-1027124.5197852887i            4935282.187922572
0                         9.239234357405837E-8     -1.3575920303615201E-7   -3452945.0073914914-887215.0717809696i            4360860.5020439075
0                         9.239234357405837E-8     -1.1978753209072235E-7   -2907284.131231309-748942.519420326i              3797202.260204636
0                         9.239234357405837E-8     -1.0381586114529273E-7   -2367074.1744813547-612306.8627033583i            3247356.019207565
0                         9.239234357405837E-8     -8.784419019986307E-8    -2086751.6010192437-537444.4948355191i            2895924.9202215346
0                         9.239234357405837E-8     -7.187251925443345E-8    -1641144.5354683627-423616.7575969227i            2393882.3998029213
0                         9.239234357405837E-8     -5.590084830900378E-8    -1224689.7238352506-319939.88165760454i           1967741.597954362
0                         9.239234357405837E-8     -3.9929177363574116E-8   -893723.3131437323-233120.00507521033i            1655758.4316966769
0                         9.239234357405837E-8     -2.39575064181445E-8     -626782.7178670685-159574.39579595358i            1198656.5361293417
0                         9.239234357405837E-8     -7.985835472714834E-9    -270567.5201216729-67679.75772889718i             1073818.8306988124
0                         9.239234357405837E-8     7.985835472714834E-9     162562.98085260598+40908.09435920956i             1151397.4476752493
0                         9.239234357405837E-8     2.3957506418144448E-8    760864.2439757395+184140.3903633831i              1510928.39762092
0                         9.239234357405837E-8     3.9929177363574116E-8    1121289.7682847157+275990.323756489i              1792658.327436717
0                         9.239234357405837E-8     5.590084830900378E-8     1480976.7051224792+367688.69344296306i            2122141.78169569
0                         9.239234357405837E-8     7.18725192544334E-8      1839723.5613182578+461260.6468960163i             2505469.475239027
0                         9.239234357405837E-8     8.784419019986301E-8     2188289.928334919+552265.8509482424i              2916904.369526402
0                         9.239234357405837E-8     1.0381586114529268E-7    2542663.1573887705+645175.7828032048i             3335813.4909080914
0                         9.239234357405837E-8     1.1978753209072235E-7    3200167.312700157+806438.1640450797i              3889483.001814646
0                         9.239234357405837E-8     1.3575920303615201E-7    3544242.161528739+902901.2390482601i              4309247.27453273
0                         9.239234357405837E-8     1.5173087398158168E-7    3889124.5625660354+999787.04399837i               4732643.714399594
0                         9.239234357405837E-8     1.6770254492701124E-7    4224982.318880985+1100338.7429625904i             5162696.171842048
0                         9.239234357405837E-8     1.836742158724409E-7     4710454.482285791+1234836.1412167328i             5695514.131055863
0                         9.239234357405837E-8     1.9964588681787058E-7    5996632.2395058395+1536425.6997662422i            7056426.952540935
0                         9.239234357405837E-8     2.1561755776330025E-7    6041998.160000221+1577456.6865473385i             7417664.88774263
0                         9.239234357405837E-8     2.3158922870872991E-7    6653312.333789044+1746116.3326051834i             7909171.1444658
0                         9.239234357405837E-8     2.475608996541595E-7     7283947.7768705115+1920080.0828889778i            8443605.010113673
0                         9.239234357405837E-8     2.6353257059958914E-7    7933861.213282764+2099336.1573682074i             9019013.420941148
0                         9.239234357405837E-8     2.795042415450188E-7     8782721.239534274+2323718.810313486i              9803590.91667282
0                         9.239234357405837E-8     2.954759124904485E-7     9434339.624123607+2517464.637256084i              1.0429341901540192E7
0                         9.239234357405837E-8     3.1144758343587815E-7    1.015910650724368E7+2732169.1954210163i           1.1136070136932358E7
0                         9.239234357405837E-8     3.274192543813078E-7     8500272.78984534+2342729.7765991464i              9647718.631476475
0                         9.239234357405837E-8     3.433909253267374E-7     9242630.56343779+2552716.9295512354i              1.047235999303691E7
0                         9.239234357405837E-8     3.5936259627216704E-7    9841691.157430688+2721720.2099240185i             1.126063523100986E7
0                         9.239234357405837E-8     3.753342672175967E-7     1.0246171045100225E7+2836237.6147820516i          1.1777524336483838E7
0                         9.239234357405837E-8     3.913059381630264E-7     9723956.294386497+2717058.3140522363i             1.134848709719476E7
0                         1.077910675030681E-7     -3.913059381630264E-7    -9235348.449582323-2579918.7201465983i            1.1480860880031394E7
0                         1.077910675030681E-7     -3.753342672175967E-7    -8993961.348117264-2516456.853351305i             1.1158332135267174E7
0                         1.077910675030681E-7     -3.593625962721671E-7    -8695491.734334974-2434134.394141534i             1.0756694195351759E7
0                         1.077910675030681E-7     -3.4339092532673743E-7   -8339939.60823547-2332951.3425172917i             1.027943014732618E7
0                         1.077910675030681E-7     -3.2741925438130776E-7   -7804625.514806999-2164346.823252896i             9465955.389778651
0                         1.077910675030681E-7     -3.1144758343587815E-7   -7276526.572634221-1983603.0106681085i            8661316.810164588
0                         1.077910675030681E-7     -2.954759124904485E-7    -9260956.584249593-2467825.2742459686i            1.0422475699808424E7
0                         1.077910675030681E-7     -2.7950424154501886E-7   -8858988.366681527-2328406.9939773725i            1.025610585098096E7
0                         1.077910675030681E-7     -2.635325705995892E-7    -7964700.837612716-2089857.443451664i             9348676.794222938
0                         1.077910675030681E-7     -2.4756089965415953E-7   -7100021.938604867-1859177.5447279215i            8472419.273427079
0                         1.077910675030681E-7     -2.3158922870872991E-7   -6265803.108021252-1636595.6307144118i            7628626.28780778
0                         1.077910675030681E-7     -2.1561755776330025E-7   -5462934.695821099-1422350.5142178705i            6818816.2627221905
0                         1.077910675030681E-7     -1.996458868178706E-7    -6163217.07618286-1565380.7470424387i             7389298.1201867
0                         1.077910675030681E-7     -1.8367421587244096E-7   -5604733.084033904-1411279.288756854i             6804374.680282159
0                         1.077910675030681E-7     -1.677025449270113E-7    -5328323.545956029-1321158.2102489201i            6481005.000635255
0                         1.077910675030681E-7     -1.5173087398158168E-7   -4021318.166607937-1026215.9936444664i            5243072.247921836
0                         1.077910675030681E-7     -1.3575920303615201E-7   -3471060.1304943436-886499.8615226201i            4644000.76520652
0                         1.077910675030681E-7     -1.1978753209072235E-7   -2926253.013790972-748420.6250444493i             4053704.4974453575
0                         1.077910675030681E-7     -1.0381586114529273E-7   -2386896.8164978228-611978.2842099534i            3474485.9316514134
0                         1.077910675030681E-7     -8.784419019986307E-8    -1852991.5386149022-477172.83901913394i           2910414.6127415015
0                         1.077910675030681E-7     -7.187251925443345E-8    -1620324.8275049888-416829.4795244175i            2590123.648888722
0                         1.077910675030681E-7     -5.590084830900378E-8    -1270863.4753231406-328656.46208093537i           2161898.2305397354
0                         1.077910675030681E-7     -3.9929177363574116E-8   -939980.1134155856-241859.32665548386i            1817087.8967383306
0                         1.077910675030681E-7     -2.39575064181445E-8     -665697.1405172856-166994.49218928773i            1352317.8261313809
0                         1.077910675030681E-7     -7.985835472714834E-9    -25127.89938864007-15797.26978869205i             1420092.0664581244
0                         1.077910675030681E-7     7.985835472714834E-9     329985.23210996325+74965.94765576549i             1418789.5590005314
0                         1.077910675030681E-7     2.3957506418144448E-8    690523.6416567949+166819.32321621044i             1592252.3334027433
0                         1.077910675030681E-7     3.9929177363574116E-8    1050323.4637324158+258521.13507002412i            1869333.2546841097
0                         1.077910675030681E-7     5.590084830900378E-8     1409384.698336824+350071.38321720605i             2210602.7812111946
0                         1.077910675030681E-7     7.18725192544334E-8      1761966.1215181584+440950.0241752832i             2606605.5613042214
0                         1.077910675030681E-7     8.784419019986301E-8     2109036.4808525587+531567.9363678311i             3049481.1280339826
0                         1.077910675030681E-7     1.0381586114529268E-7    2461913.702224147+624090.5763631148i              3501876.858185437
0                         1.077910675030681E-7     1.1978753209072235E-7    2820597.785632924+718517.9441611345i              3962078.53397332
0                         1.077910675030681E-7     1.3575920303615201E-7    3239749.2168289013+824603.4046950884i             4259042.002100236
0                         1.077910675030681E-7     1.5173087398158168E-7    4471825.820089647+1111952.8590328183i             5765577.671639794
0                         1.077910675030681E-7     1.6770254492701124E-7    5162126.3231250085+1282613.3599567655i            6291985.507181777
0                         1.077910675030681E-7     1.836742158724409E-7     5404043.664939886+1363828.6522419867i             6571538.309970469
0                         1.077910675030681E-7     1.9964588681787058E-7    5362533.653150594+1382562.8021538402i             6996561.818358392
0                         1.077910675030681E-7     2.1561755776330025E-7    5950727.723686795+1545093.214542052i              7481587.354992557
0                         1.077910675030681E-7     2.3158922870872991E-7    6558216.493360246+1712919.653623451i              8000887.252740554
0                         1.077910675030681E-7     2.475608996541595E-7     7184957.421392158+1886030.5423967415i             8553384.207620988
0                         1.077910675030681E-7     2.6353257059958914E-7    7830907.971361809+2064414.3045156077i             9138111.883186614
0                         1.077910675030681E-7     2.795042415450188E-7     8465410.287521191+2241206.572443269i              9743514.324195832
0                         1.077910675030681E-7     2.954759124904485E-7     9319957.322107915+2475288.0246962155i             1.0484887422064265E7
0                         1.077910675030681E-7     3.1144758343587815E-7    7107604.812555656+1950527.2127256305i             8546398.13941462
0                         1.077910675030681E-7     3.274192543813078E-7     7999753.968479909+2204007.848838669i              9525431.786089417
0                         1.077910675030681E-7     3.433909253267374E-7     8761069.83872925+2418768.870411524i               1.04529859936291E7
0                         1.077910675030681E-7     3.5936259627216704E-7    8882502.290974483+2474628.6777328616i             1.084585772372669E7
0                         1.077910675030681E-7     3.753342672175967E-7     9108112.990372771+2541767.925791085i              1.1214993000266658E7
0                         1.077910675030681E-7     3.913059381630264E-7     9235348.449582336+2579918.720146582i              1.150635858774485E7
0                         1.2318979143207782E-7    -3.913059381630264E-7    -8746740.604778165-2442779.126240945i             1.1742714908936415E7
0                         1.2318979143207782E-7    -3.753342672175967E-7    -8509044.005291164-2380544.6319033443i            1.1402726490951808E7
0                         1.2318979143207782E-7    -3.593625962721671E-7    -8214264.893486935-2299449.5451512677i            1.0981529500242174E7
0                         1.2318979143207782E-7    -3.4339092532673743E-7   -7862403.269365475-2199493.865984715i             1.0482140983891448E7
0                         1.2318979143207782E-7    -3.2741925438130776E-7   -7482310.399834945-2086863.2548773151i            9814427.733649483
0                         1.2318979143207782E-7    -3.1144758343587815E-7   -7141658.580648139-1975560.458545774i             9020425.134698203
0                         1.2318979143207782E-7    -2.954759124904485E-7    -8957194.976789275-2386309.7252690797i            1.0309824517944986E7
0                         1.2318979143207782E-7    -2.7950424154501886E-7   -8358745.425550372-2206150.9577377625i            9700928.918558925
0                         1.2318979143207782E-7    -2.635325705995892E-7    -8046507.843721768-2086368.764514546i             9734106.907817308
0                         1.2318979143207782E-7    -2.4756089965415953E-7   -7201404.400672167-1882184.4508821494i            8847514.6953321
0                         1.2318979143207782E-7    -2.3158922870872991E-7   -6741992.04877052-1747328.7792651523i             8291332.728957833
0                         1.2318979143207782E-7    -2.1561755776330025E-7   -6295714.417131685-1616197.3811978633i            7749459.601092092
0                         1.2318979143207782E-7    -1.996458868178706E-7    -5735350.575917377-1461368.2331925405i            7111205.544244245
0                         1.2318979143207782E-7    -1.8367421587244096E-7   -4550551.26756409-1176216.7224323328i             6385410.247438848
0                         1.2318979143207782E-7    -1.677025449270113E-7    -4377429.323219871-1117122.9716389636i            6110465.630434562
0                         1.2318979143207782E-7    -1.5173087398158168E-7   -4113360.3656220734-1038387.1860916507i           5527365.797057963
0                         1.2318979143207782E-7    -1.3575920303615201E-7   -3764143.179112024-943393.6438032095i             5083483.111797864
0                         1.2318979143207782E-7    -1.1978753209072235E-7   -3420605.6651700963-850286.9666937445i            4645307.840825609
0                         1.2318979143207782E-7    -1.0381586114529273E-7   -3082747.8237962914-759067.1547632562i            4213392.597205357
0                         1.2318979143207782E-7    -8.784419019986307E-8    -2750569.6549906074-669734.2080117436i            3788543.0664707315
0                         1.2318979143207782E-7    -7.187251925443345E-8    -1346067.3410722935-344062.34274352994i           2557909.9611338386
0                         1.2318979143207782E-7    -5.590084830900378E-8    -1317037.2268110306-337373.042504266i             2361798.357817604
0                         1.2318979143207782E-7    -3.9929177363574116E-8   -1059122.0707831052-265739.3446611141i            1793130.3534576008
0                         1.2318979143207782E-7    -2.39575064181445E-8     -396010.1379298845-112213.59641181973i            1669185.8523577505
0                         1.2318979143207782E-7    -7.985835472714834E-9    -83431.51849405677-30570.12214271928i             1557381.2951476767
0                         1.2318979143207782E-7    7.985835472714834E-9     260270.33202437457+57793.0020478852i              1553030.3496540731
0                         1.2318979143207782E-7    2.3957506418144448E-8    620183.0393378509+149498.25606903795i             1691047.4593798653
0                         1.2318979143207782E-7    3.9929177363574116E-8    979357.1591801166+241051.9463835595i              1960174.2649201856
0                         1.2318979143207782E-7    5.590084830900378E-8     1337792.6915511703+332454.07299144927i            2314236.4825450145
0                         1.2318979143207782E-7    7.18725192544334E-8      1684208.6817180593+420639.4014545503i             2726190.8387518097
0                         1.2318979143207782E-7    8.784419019986301E-8     2029783.0333701975+510870.0217874197i             3205583.784626968
0                         1.2318979143207782E-7    1.0381586114529268E-7    2381164.247059524+603005.3699230251i              3697784.105650144
0                         1.2318979143207782E-7    1.1978753209072235E-7    2738352.322786039+697045.4458613662i              4199705.252303367
0                         1.2318979143207782E-7    1.3575920303615201E-7    3001492.5892293747+780915.0014962142i             5537151.763103799
0                         1.2318979143207782E-7    1.5173087398158168E-7    4262153.545226151+1061738.9140838552i             5679740.941772891
0                         1.2318979143207782E-7    1.6770254492701124E-7    4497555.91917534+1143762.193385349i               5923497.427329991
0                         1.2318979143207782E-7    1.836742158724409E-7     4704146.711353928+1193376.457934807i              6540617.775047253
0                         1.2318979143207782E-7    1.9964588681787058E-7    5269393.9007717315+1349823.5710181105i            7037101.176619588
0                         1.2318979143207782E-7    2.1561755776330025E-7    5853908.116680127+1511558.3485065796i             7559590.4011122575
0                         1.2318979143207782E-7    2.3158922870872991E-7    6457647.547104437+1678569.4145747386i             8107660.549065767
0                         1.2318979143207782E-7    2.475608996541595E-7     7080570.380278767+1850845.3929231968i             8680990.558322059
0                         1.2318979143207782E-7    2.6353257059958914E-7    7722634.805462778+2028374.9070040411i             9279342.300259044
0                         1.2318979143207782E-7    2.795042415450188E-7     8387771.777522897+2211129.1757576074i             9821947.683648484
0                         1.2318979143207782E-7    2.954759124904485E-7     9241591.710974928+2442278.025411284i              1.0590306762916496E7
0                         1.2318979143207782E-7    3.1144758343587815E-7    7575384.283174194+2064746.796305814i              9326066.635260267
0                         1.2318979143207782E-7    3.274192543813078E-7     7839344.272723602+2160586.456879867i              9942249.59406256
0                         1.2318979143207782E-7    3.433909253267374E-7     8049192.136598808+2238194.6282363622i             1.051336051803967E7
0                         1.2318979143207782E-7    3.5936259627216704E-7    8205014.464698477+2297600.7209947705i             1.1027036846188463E7
0                         1.2318979143207782E-7    3.753342672175967E-7     8306897.6121947095+2338834.065873128i             1.1474844701109845E7
0                         1.2318979143207782E-7    3.913059381630264E-7     8746740.604778176+2442779.1262409273i             1.1769968227787806E7
0                         1.3858851536108754E-7    -3.913059381630264E-7    -8258132.75997401-2305639.5323352907i             1.2091287737793012E7
0                         1.3858851536108754E-7    -3.753342672175967E-7    -8024126.6624650555-2244632.4104553815i           1.173392438938551E7
0                         1.3858851536108754E-7    -3.593625962721671E-7    -7733038.052638874-2164764.6961609963i            1.1294519181617372E7
0                         1.3858851536108754E-7    -3.4339092532673743E-7   -7384866.930495471-2066036.3894521375i            1.0775782537396705E7
0                         1.3858851536108754E-7    -3.2741925438130776E-7   -6995438.615706329-1951900.2488607133i            1.01818542433672E7
0                         1.3858851536108754E-7    -3.1144758343587815E-7   -6657979.349653812-1841740.365363078i             9306235.31344861
0                         1.3858851536108754E-7    -2.954759124904485E-7    -5410822.248797627-1500624.1018382933i            7283009.456198712
0                         1.3858851536108754E-7    -2.7950424154501886E-7   -7895386.127288695-2097365.7139387503i            9423160.829418786
0                         1.3858851536108754E-7    -2.635325705995892E-7    -7380788.582943069-1947351.4629819514i            9426997.479238767
0                         1.3858851536108754E-7    -2.4756089965415953E-7   -6906840.763972104-1808066.4882953034i            8825328.062012874
0                         1.3858851536108754E-7    -2.3158922870872991E-7   -6446019.8223714335-1672501.5924286623i           8232628.562324268
0                         1.3858851536108754E-7    -2.1561755776330025E-7   -5742619.812365428-1482484.1528114136i            7565415.322645182
0                         1.3858851536108754E-7    -1.996458868178706E-7    -4877590.370806107-1269408.049901369i             6863293.004473825
0                         1.3858851536108754E-7    -1.8367421587244096E-7   -4425449.264380013-1141504.5294406707i            6473618.76585818
0                         1.3858851536108754E-7    -1.677025449270113E-7    -4246231.224913684-1080152.8423865964i            6132848.738860899
0                         1.3858851536108754E-7    -1.5173087398158168E-7   -3923833.513273372-989501.8834691398i             5563221.405631107
0                         1.3858851536108754E-7    -1.3575920303615201E-7   -3575009.3110155556-894479.1378701043i            5077269.338055763
0                         1.3858851536108754E-7    -1.1978753209072235E-7   -3231864.781325862-801343.2574500456i             4599022.043681826
0                         1.3858851536108754E-7    -1.0381586114529273E-7   -2894399.9242042885-710094.2422089629i            4129995.594600565
0                         1.3858851536108754E-7    -8.784419019986307E-8    -2562614.7396508357-620732.0921468562i            3672449.474853781
0                         1.3858851536108754E-7    -7.187251925443345E-8    -2137078.936198274-515021.47443792917i            3271918.4455918414
0                         1.3858851536108754E-7    -5.590084830900378E-8    -1975258.8943831325-465069.09509584936i           2999083.5605264283
0                         1.3858851536108754E-7    -3.9929177363574116E-8   -1090761.1615715038-260438.5331858183i            2390015.419294554
0                         1.3858851536108754E-7    -2.39575064181445E-8     -774185.2691583291-179559.1673269605i             2043257.166479185
0                         1.3858851536108754E-7    -7.985835472714834E-9    -465298.15402890835-103601.05703029392i           1846505.473322472
0                         1.3858851536108754E-7    7.985835472714834E-9     -102320.06405188097-16164.349473303984i           1721669.6203753788
0                         1.3858851536108754E-7    2.3957506418144448E-8    301122.92498613195+79312.41956767978i             1775170.0699959742
0                         1.3858851536108754E-7    3.9929177363574116E-8    908390.8546278164+223582.75769709464i             2063548.7060092436
0                         1.3858851536108754E-7    5.590084830900378E-8     1266200.684765515+314836.7627656923i              2431144.4578358107
0                         1.3858851536108754E-7    7.18725192544334E-8      1623271.9274319985+405939.2041276578i             2865280.200746721
0                         1.3858851536108754E-7    8.784419019986301E-8     1934978.1151822433+488412.4633693824i             3374284.6919247764
0                         1.3858851536108754E-7    1.0381586114529268E-7    2519372.6472476376+626584.9795822732i             4058063.5165952127
0                         1.3858851536108754E-7    1.1978753209072235E-7    3108795.643381332+766558.7540664119i              4755531.484580887
0                         1.3858851536108754E-7    1.3575920303615201E-7    3437103.261732779+855890.7175144706i              4720334.274628729
0                         1.3858851536108754E-7    1.5173087398158168E-7    3526191.7290310403+898905.3629570291i             5791672.743081629
0                         1.3858851536108754E-7    1.6770254492701124E-7    4043700.3828494265+1036621.6428518202i            5976340.787126184
0                         1.3858851536108754E-7    1.836742158724409E-7     4571581.566864853+1173191.313662692i              6528792.909385447
0                         1.3858851536108754E-7    1.9964588681787058E-7    5311965.659309702+1359160.9071973232i             7148560.382520488
0                         1.3858851536108754E-7    2.1561755776330025E-7    6047487.765626585+1543847.4462718356i             7785217.837397546
0                         1.3858851536108754E-7    2.3158922870872991E-7    6777087.529792124+1727009.953919204i              8434660.418734118
0                         1.3858851536108754E-7    2.475608996541595E-7     6970929.098867049+1814557.8544313912i             8825598.364023913
0                         1.3858851536108754E-7    2.6353257059958914E-7    7609181.449128593+1991250.5111948051i             9441786.273322118
0                         1.3858851536108754E-7    2.795042415450188E-7     8266466.610432115+2173166.2992628277i             1.007750140849642E7
0                         1.3858851536108754E-7    2.954759124904485E-7     5531874.822551943+1524405.806351587i              7438499.021654046
0                         1.3858851536108754E-7    3.1144758343587815E-7    6889130.244243989+1887024.039160551i              9437718.573810445
0                         1.3858851536108754E-7    3.274192543813078E-7     7155811.947651695+1983049.02694808i               1.0135516000062494E7
0                         1.3858851536108754E-7    3.433909253267374E-7     7368387.645218166+2060845.2968026388i             1.0780607353473654E7
0                         1.3858851536108754E-7    3.5936259627216704E-7    7526943.888421075+2120442.2450449127i             1.1362582098730953E7
0                         1.3858851536108754E-7    3.753342672175967E-7     7631566.994209147+2161869.1881649555i             1.1874544782829203E7
0                         1.3858851536108754E-7    3.913059381630264E-7     8258132.7599740205+2305639.5323352725i            1.2116629380725665E7
0                         1.5398723929009728E-7    -3.913059381630264E-7    -7653976.013085767-2143208.157699433i             1.2435824680636318E7
0                         1.5398723929009728E-7    -3.753342672175967E-7    -7369397.464488987-2073028.4384037761i            1.2143865297521563E7
0                         1.5398723929009728E-7    -3.593625962721671E-7    -7024268.145341183-1983345.419073921i             1.1773171676619431E7
0                         1.5398723929009728E-7    -3.4339092532673743E-7   -6907330.591625474-1932578.9129195614i            1.1137784310431173E7
0                         1.5398723929009728E-7    -3.2741925438130776E-7   -6508564.68736819-1816936.6975645074i             1.0646937050280944E7
0                         1.5398723929009728E-7    -3.1144758343587815E-7   -5507522.77043035-1550213.2433451768i             8931840.241267709
0                         1.5398723929009728E-7    -2.954759124904485E-7    -5125362.44508288-1423957.5782235032i             7918135.000416889
0                         1.5398723929009728E-7    -2.7950424154501886E-7   -4731360.440690857-1289726.944232213i             6851262.66215029
0                         1.5398723929009728E-7    -2.635325705995892E-7    -8064748.905736926-2044745.7922286664i            9911722.872038009
0                         1.5398723929009728E-7    -2.4756089965415953E-7   -7266774.676266247-1846874.145041204i             9179652.74487385
0                         1.5398723929009728E-7    -2.3158922870872991E-7   -6469985.3339554835-1648821.9906052165i           8464148.592721082
0                         1.5398723929009728E-7    -2.1561755776330025E-7   -5676710.132581835-1451132.2637062473i            7767564.640103712
0                         1.5398723929009728E-7    -1.996458868178706E-7    -4976339.365799198-1274551.6382324977i            7136628.848841926
0                         1.5398723929009728E-7    -1.8367421587244096E-7   -4531621.579191845-1156539.1932908988i            6648768.7334928885
0                         1.5398723929009728E-7    -1.677025449270113E-7    -4068739.374898458-1034544.010224903i             6171316.423873007
0                         1.5398723929009728E-7    -1.5173087398158168E-7   -3734306.6609246708-940616.5808466286i            5617383.267536856
0                         1.5398723929009728E-7    -1.3575920303615201E-7   -3385875.4429190876-845564.6319369993i            5085574.546442523
0                         1.5398723929009728E-7    -1.1978753209072235E-7   -3043123.8974816245-752399.5482063463i            4564792.64685627
0                         1.5398723929009728E-7    -1.0381586114529273E-7   -2706052.024612286-661121.32965467i               4058196.296774188
0                         1.5398723929009728E-7    -8.784419019986307E-8    -2374659.824311066-571729.9762819691i             3570622.677891163
0                         1.5398723929009728E-7    -7.187251925443345E-8    -1624225.2699488574-399084.4177756774i            3261943.195175243
0                         1.5398723929009728E-7    -5.590084830900378E-8    -1473139.9675066648-353247.14934209i              3042979.986240113
0                         1.5398723929009728E-7    -3.9929177363574116E-8   -982696.9188131734-237852.08625420512i            2410668.0139370724
0                         1.5398723929009728E-7    -2.39575064181445E-8     -708542.7510949608-166165.09070872515i            2152278.4156378973
0                         1.5398723929009728E-7    -7.985835472714834E-9    -401576.25797882315-90558.06664434011i            1949274.3200440544
0                         1.5398723929009728E-7    7.985835472714834E-9     2865.875652892515+5359.4900329136435i             1929059.5032238893
0                         1.5398723929009728E-7    2.3957506418144448E-8    402894.47506083106+100083.75327711305i            1993650.1486381607
0                         1.5398723929009728E-7    3.9929177363574116E-8    802395.760232386+194569.91826488878i              2249205.800464035
0                         1.5398723929009728E-7    5.590084830900378E-8     1201369.7311675586+288817.9849962408i             2639941.4796142634
0                         1.5398723929009728E-7    7.18725192544334E-8      1477481.4151673133+370858.3628598914i             2996347.960101386
0                         1.5398723929009728E-7    8.784419019986301E-8     2003119.129049685+493956.0807955123i              3694041.7284846553
0                         1.5398723929009728E-7    1.0381586114529268E-7    2581428.741110189+630793.9868929058i              4407996.516608329
0                         1.5398723929009728E-7    1.1978753209072235E-7    2930685.930627766+720863.9784677622i              4514971.916785615
0                         1.5398723929009728E-7    1.3575920303615201E-7    3467886.225278054+850357.8866916513i              5013349.270242482
0                         1.5398723929009728E-7    1.5173087398158168E-7    3730709.8136264784+927816.9926335638i             5937816.562023427
0                         1.5398723929009728E-7    1.6770254492701124E-7    4044539.6440126277+1016182.6702623905i            6179771.746379823
0                         1.5398723929009728E-7    1.836742158724409E-7     4528300.803166163+1148157.7833887823i             6600985.183293848
0                         1.5398723929009728E-7    1.9964588681787058E-7    5132349.622038316+1303033.3472080466i             7196298.486624166
0                         1.5398723929009728E-7    2.1561755776330025E-7    5850885.816085339+1485512.60748069i               7860978.407187739
0                         1.5398723929009728E-7    2.3158922870872991E-7    6566072.352455974+1667035.732647985i              8533006.288231585
0                         1.5398723929009728E-7    2.475608996541595E-7     7276853.04521691+1847362.785438487i               9209853.481419489
0                         1.5398723929009728E-7    2.6353257059958914E-7    7982247.825430363+2026271.1100994307i             9889747.319519306
0                         1.5398723929009728E-7    2.795042415450188E-7     4012433.284355032+1144390.16649928i               6634486.128198329
0                         1.5398723929009728E-7    2.954759124904485E-7     4707253.320350064+1331177.980762749i              7948451.820879539
0                         1.5398723929009728E-7    3.1144758343587815E-7    5257027.809169469+1488091.296252554i              8973854.880595956
0                         1.5398723929009728E-7    3.274192543813078E-7     5958114.733279397+1684849.2997269093i             9962927.538105067
0                         1.5398723929009728E-7    3.433909253267374E-7     6686993.174018897+1883365.98525768i               1.1182979263456907E7
0                         1.5398723929009728E-7    3.5936259627216704E-7    6931262.979755085+1959570.5836359058i             1.1756521255330598E7
0                         1.5398723929009728E-7    3.753342672175967E-7     7326253.113141603+2061962.0421297697i             1.2134148142184746E7
0                         1.5398723929009728E-7    3.913059381630264E-7     7653976.013085781+2143208.157699419i              1.2437226807492789E7
0                         1.6938596321910702E-7    -3.913059381630264E-7    -6958938.319363757-1960698.6537000253i            1.2868957837548349E7
0                         1.6938596321910702E-7    -3.753342672175967E-7    -6680784.110768365-1892342.0587552446i            1.2577412113322943E7
0                         1.6938596321910702E-7    -3.593625962721671E-7    -6342079.131621944-1804482.1637762636i            1.2209181593530957E7
0                         1.6938596321910702E-7    -3.4339092532673743E-7   -5942823.381924499-1697118.9687630816i            1.1767339576063711E7
0                         1.6938596321910702E-7    -3.2741925438130776E-7   -5224178.004164658-1510080.6112405567i            1.0765822320754973E7
0                         1.6938596321910702E-7    -3.1144758343587815E-7   -4698476.168906813-1365136.8264297245i            9775787.091992963
0                         1.6938596321910702E-7    -2.954759124904485E-7    -4168066.764110642-1215074.0903400728i            8703582.047060527
0                         1.6938596321910702E-7    -2.7950424154501886E-7   -3978796.296554954-1115931.6573039587i            7408099.027995392
0                         1.6938596321910702E-7    -2.635325705995892E-7    -3127408.484997506-898728.8159065635i             6096869.486194161
0                         1.6938596321910702E-7    -2.4756089965415953E-7   -7166692.477414146-1810198.0097105112i            9435347.640728885
0                         1.6938596321910702E-7    -2.3158922870872991E-7   -6396058.44191193-1616418.1302375197i             8711538.31509573
0                         1.6938596321910702E-7    -2.1561755776330025E-7   -5631502.05441772-1423606.8803883584i             8002586.490410591
0                         1.6938596321910702E-7    -1.996458868178706E-7    -5078132.995963848-1280155.3783692415i            7404955.307400278
0                         1.6938596321910702E-7    -1.8367421587244096E-7   -4642892.532584044-1163512.089285362i             6864470.111624841
0                         1.6938596321910702E-7    -1.677025449270113E-7    -4138778.9268071116-1033998.4180036418i           6396632.76581821
0                         1.6938596321910702E-7    -1.5173087398158168E-7   -3562507.651907303-891123.6127647227i             5852272.8720642375
0                         1.6938596321910702E-7    -1.3575920303615201E-7   -2992079.675327311-750065.3350005574i             5327585.410037819
0                         1.6938596321910702E-7    -1.1978753209072235E-7   -2427497.830783025-610824.5085501933i             4827225.123282627
0                         1.6938596321910702E-7    -1.0381586114529273E-7   -1868764.9542265926-473402.05801064696i           4357658.257267623
0                         1.6938596321910702E-7    -8.784419019986307E-8    -1691787.6256323105-426404.40154636564i           3698684.7732147174
0                         1.6938596321910702E-7    -7.187251925443345E-8    -1358389.1560186818-346995.00331385614i           3395587.6954528885
0                         1.6938596321910702E-7    -5.590084830900378E-8    -1399590.8194143765-335176.19515934633i           3101886.633201788
0                         1.6938596321910702E-7    -3.9929177363574116E-8   -1151181.7445495902-275400.02924784785i           2989654.4396001548
0                         1.6938596321910702E-7    -2.39575064181445E-8     -642900.2330315926-152771.01409048992i            2270138.9206219525
0                         1.6938596321910702E-7    -7.985835472714834E-9    -289089.7086565845-67326.5261647082i              2309180.616563978
0                         1.6938596321910702E-7    7.985835472714834E-9     108051.81535766553+26883.329539131257i            2152669.085576693
0                         1.6938596321910702E-7    2.3957506418144448E-8    504666.0251355304+120855.0869865464i              2220677.223880531
0                         1.6938596321910702E-7    3.9929177363574116E-8    900752.9206770117+214588.74617753783i             2493835.2438137517
0                         1.6938596321910702E-7    5.590084830900378E-8     1296312.50198211+308084.3071121057i               2914111.286949003
0                         1.6938596321910702E-7    7.18725192544334E-8      1568372.0709757668+383325.69905757986i            3276738.6458585095
0                         1.6938596321910702E-7    8.784419019986301E-8     2071260.1429171264+499499.69822164165i            4033328.802703004
0                         1.6938596321910702E-7    1.0381586114529268E-7    2643484.834972741+635002.9942035382i              4774967.539411752
0                         1.6938596321910702E-7    1.1978753209072235E-7    2966166.2637283765+716759.7363645434i             4792347.050123708
0                         1.6938596321910702E-7    1.3575920303615201E-7    3495462.322328862+844459.9341637641i              5326643.993903605
0                         1.6938596321910702E-7    1.5173087398158168E-7    3935231.31187361+956729.1382621487i               6090442.414192572
0                         1.6938596321910702E-7    1.6770254492701124E-7    4244763.129707998+1044264.2014697383i             6380317.904122035
0                         1.6938596321910702E-7    1.836742158724409E-7     4607308.071341015+1147569.1485867805i             6807068.122232228
0                         1.6938596321910702E-7    1.9964588681787058E-7    4980376.862229717+1251853.3072320165i             7283736.423126993
0                         1.6938596321910702E-7    2.1561755776330025E-7    5680447.608635804+1431741.8740505527i             7971205.169448219
0                         1.6938596321910702E-7    2.3158922870872991E-7    6379588.518195949+1611209.9616508035i             8665379.47723128
0                         1.6938596321910702E-7    2.475608996541595E-7     7076686.147518934+1790004.684310658i              9363036.130480941
0                         1.6938596321910702E-7    2.6353257059958914E-7    2803324.3699913113+843745.2300492934i             6089008.204818564
0                         1.6938596321910702E-7    2.795042415450188E-7     3921804.3888482265+1111355.1668995149i            7688380.423609655
0                         1.6938596321910702E-7    2.954759124904485E-7     4466121.463412269+1270045.9532507048i             8820573.181893254
0                         1.6938596321910702E-7    3.1144758343587815E-7    5002013.603282278+1422774.7121383012i             9870951.659781788
0                         1.6938596321910702E-7    3.274192543813078E-7     5529498.869356297+1569563.6073025144i             1.0839155092724089E7
0                         1.6938596321910702E-7    3.433909253267374E-7     6230961.884695841+1747937.5567784682i             1.1965480690163057E7
0                         1.6938596321910702E-7    3.5936259627216704E-7    6252165.012204146+1781639.5567079065i             1.2201176968692832E7
0                         1.6938596321910702E-7    3.753342672175967E-7     6639185.2825051285+1881741.7766660673i            1.2573361500422467E7
0                         1.6938596321910702E-7    3.913059381630264E-7     6958938.319363778+1960698.6537000157i             1.2874144838569177E7
0                         1.8478468714811673E-7    -3.913059381630264E-7    -6263900.625641757-1778189.1497006188i            1.3361202205662308E7
0                         1.8478468714811673E-7    -3.753342672175967E-7    -6759550.172175853-1883513.3024753348i            1.33582693146477E7
0                         1.8478468714811673E-7    -3.593625962721671E-7    -6222954.45186362-1752250.090359894i              1.298254872434084E7
0                         1.8478468714811673E-7    -3.4339092532673743E-7   -5644966.010257289-1607311.3874089182i            1.2528809687419025E7
0                         1.8478468714811673E-7    -3.2741925438130776E-7   -5138181.256641964-1474666.719189284i             1.183829936186662E7
0                         1.8478468714811673E-7    -3.1144758343587815E-7   -4624225.423756037-1333159.4450021926i            1.0825228327202694E7
0                         1.8478468714811673E-7    -2.954759124904485E-7    -4105699.9424607106-1186588.8817306329i           9728844.195177704
0                         1.8478468714811673E-7    -2.7950424154501886E-7   -3660881.05717556-1047388.2394305611i             8374109.284588532
0                         1.8478468714811673E-7    -2.635325705995892E-7    -2840512.4824890513-837851.201900108i             7100287.316602609
0                         1.8478468714811673E-7    -2.4756089965415953E-7   -2003629.6704246446-621445.4611077418i            5779534.893217814
0                         1.8478468714811673E-7    -2.3158922870872991E-7   -6342078.695835357-1587648.3770821292i            8984551.149420826
0                         1.8478468714811673E-7    -2.1561755776330025E-7   -5605986.4611939965-1399742.1362361922i           8264634.073940565
0                         1.8478468714811673E-7    -1.996458868178706E-7    -5182926.753595425-1286215.901589982i             7667767.015716212
0                         1.8478468714811673E-7    -1.8367421587244096E-7   -4757084.548351156-1170942.627375506i             7074774.084399724
0                         1.8478468714811673E-7    -1.677025449270113E-7    -4208673.356740524-1033431.1050440888i            6634591.817069765
0                         1.8478468714811673E-7    -1.5173087398158168E-7   -3636593.952842822-891456.1861100238i             6052743.752675576
0                         1.8478468714811673E-7    -1.3575920303615201E-7   -3070359.3260410647-751297.9758429596i            5487466.243202573
0                         1.8478468714811673E-7    -1.1978753209072235E-7   -3022878.5950005907-719499.6342901747i            4914674.133917274
0                         1.8478468714811673E-7    -1.0381586114529273E-7   -2421570.7358068535-582983.9527675732i            4376924.081080646
0                         1.8478468714811673E-7    -8.784419019986307E-8    -1791733.532051341-440724.24141134025i            3893004.0710842125
0                         1.8478468714811673E-7    -7.187251925443345E-8    -1465567.1596052595-362476.1997338551i            3537021.8492430276
0                         1.8478468714811673E-7    -5.590084830900378E-8    -1109725.7370628454-274357.89649128384i           3154361.6241758936
0                         1.8478468714811673E-7    -3.9929177363574116E-8   -1081305.514945731-257839.13127456087i            3032099.7143507088
0                         1.8478468714811673E-7    -2.39575064181445E-8     -577257.7149682246-139376.93747225465i            2396059.578805813
0                         1.8478468714811673E-7    -7.985835472714834E-9    -180489.3793217378-45050.18086170629i             2564581.6005904353
0                         1.8478468714811673E-7    7.985835472714834E-9     213237.75506243878+48407.16904534884i             2390405.0039535956
0                         1.8478468714811673E-7    2.3957506418144448E-8    606437.5752102294+141626.42069597967i             2455737.949164067
0                         1.8478468714811673E-7    3.9929177363574116E-8    999110.0811216378+234607.5740901871i              2742448.463809118
0                         1.8478468714811673E-7    5.590084830900378E-8     1151362.2807049458+282027.70082769805i            2925013.657918615
0                         1.8478468714811673E-7    7.18725192544334E-8      1659294.9732195493+395816.87617460807i            3571789.9855126585
0                         1.8478468714811673E-7    8.784419019986301E-8     2139401.1567845684+505043.31564777123i            4390368.354743262
0                         1.8478468714811673E-7    1.0381586114529268E-7    2705540.9288352933+639212.0015141708i             5157401.598107281
0                         1.8478468714811673E-7    1.1978753209072235E-7    2998447.8475319925+712275.4038254444i             5086494.281777547
0                         1.8478468714811673E-7    1.3575920303615201E-7    3519909.205940594+838204.7844522059i              5658427.887001481
0                         1.8478468714811673E-7    1.5173087398158168E-7    4060404.633261298+968227.1361182005i              6302485.787453112
0                         1.8478468714811673E-7    1.6770254492701124E-7    4444990.01592342+1072346.2460910988i              6583625.842755841
0                         1.8478468714811673E-7    1.836742158724409E-7     4697182.4776058+1148557.9934585276i               7004476.421565994
0                         1.8478468714811673E-7    1.9964588681787058E-7    5074537.789552758+1256955.8425503233i             7585241.144817658
0                         1.8478468714811673E-7    2.1561755776330025E-7    5536209.194272165+1382611.3471611443i             8113653.77750224
0                         1.8478468714811673E-7    2.3158922870872991E-7    6217893.988529866+1559659.1518717096i             8828407.56159364
0                         1.8478468714811673E-7    2.475608996541595E-7     1710333.1703972118+565578.1410846083i             5737645.486471772
0                         1.8478468714811673E-7    2.6353257059958914E-7    2754876.6124493103+822978.454461943i              7116290.1943662185
0                         1.8478468714811673E-7    2.795042415450188E-7     3697926.2351965276+1055253.911568166i             8576488.556511108
0                         1.8478468714811673E-7    2.954759124904485E-7     4228113.3511783155+1209653.0796702472i            9731456.588282613
0                         1.8478468714811673E-7    3.1144758343587815E-7    4750069.699521358+1358172.12968538i               1.080305485634375E7
0                         1.8478468714811673E-7    3.274192543813078E-7     5263810.784193303+1500831.8510363027i             1.1791134947953109E7
0                         1.8478468714811673E-7    3.433909253267374E-7     5749396.391348692+1630444.3535304281i             1.2570811312016716E7
0                         1.8478468714811673E-7    3.5936259627216704E-7    6397384.422841674+1793084.1788221106i             1.3051653843527537E7
0                         1.8478468714811673E-7    3.753342672175967E-7     6998983.351275773+1941144.430101845i              1.3458180848293543E7
0                         1.8478468714811673E-7    3.913059381630264E-7     6263900.625641783+1778189.149700611i              1.3372654299171925E7
0                         2.0018341107712645E-7    -3.913059381630264E-7    -5808792.295078505-1645314.6529493115i            1.4029423307546014E7
0                         2.0018341107712645E-7    -3.753342672175967E-7    -5710152.071056367-1622202.075570658i             1.3901783236367935E7
0                         2.0018341107712645E-7    -3.593625962721671E-7    -5908308.398399261-1664508.0853058482i            1.3738304847495055E7
0                         2.0018341107712645E-7    -3.4339092532673743E-7   -5554145.343574869-1573222.6011703857i            1.3845686120520614E7
0                         2.0018341107712645E-7    -3.2741925438130776E-7   -5056419.271572222-1440158.2525530194i            1.2892225783790711E7
0                         2.0018341107712645E-7    -3.1144758343587815E-7   -4554276.364654913-1302114.0276713434i            1.1855380516888093E7
0                         2.0018341107712645E-7    -2.954759124904485E-7    -4148490.5333982627-1181068.9003780766i           1.0623878240799775E7
0                         2.0018341107712645E-7    -2.7950424154501886E-7   -3374896.327248829-985771.1291733073i             9435767.180430388
0                         2.0018341107712645E-7    -2.635325705995892E-7    -2588008.2115767-784596.5233780958i               8203428.139554565
0                         2.0018341107712645E-7    -2.4756089965415953E-7   -1787814.8106629257-577450.9238995761i            6937727.837296509
0                         2.0018341107712645E-7    -2.3158922870872991E-7   -974354.2290439173-364250.76311458123i            5660237.260099683
0                         2.0018341107712645E-7    -2.1561755776330025E-7   -5710324.4057301525-1406611.834569099i            8569890.866403092
0                         2.0018341107712645E-7    -1.996458868178706E-7    -5290676.502833795-1292729.6444539868i            7924811.656836192
0                         2.0018341107712645E-7    -1.8367421587244096E-7   -4874152.302639-1178826.2458459155i               7280118.271940464
0                         2.0018341107712645E-7    -1.677025449270113E-7    -4278421.816155028-1032841.8773018122i            6884923.384285644
0                         2.0018341107712645E-7    -1.5173087398158168E-7   -3710532.306292146-891766.4250536863i             6269841.984661589
0                         2.0018341107712645E-7    -1.3575920303615201E-7   -3526046.2205120334-830010.0650344159i            5676798.279856941
0                         2.0018341107712645E-7    -1.1978753209072235E-7   -2946707.7254086593-697332.3693511132i            5092308.443006089
0                         2.0018341107712645E-7    -1.0381586114529273E-7   -2350404.217104016-561311.6739354561i             4528516.062625099
0                         2.0018341107712645E-7    -8.784419019986307E-8    -1894728.6864879234-455463.93736856384i           4085429.3857624303
0                         2.0018341107712645E-7    -7.187251925443345E-8    -1576033.6518902655-378417.0706441392i            3679518.106105095
0                         2.0018341107712645E-7    -5.590084830900378E-8    -1181535.1941344242-284408.15933342924i           3309590.4559979886
0                         2.0018341107712645E-7    -3.9929177363574116E-8   -769812.3586657152-190612.4480840278i             3021483.3622260806
0                         2.0018341107712645E-7    -2.39575064181445E-8     -465342.5185654621-117621.44972648623i            2331314.8375440435
0                         2.0018341107712645E-7    -7.985835472714834E-9    -71889.0499868897-22773.83555870421i              2837745.33389244
0                         2.0018341107712645E-7    7.985835472714834E-9     318423.6947672112+69931.00855156641i              2640765.60872556
0                         2.0018341107712645E-7    2.3957506418144448E-8    708209.1252849291+162397.75440541314i             2698509.6296762866
0                         2.0018341107712645E-7    3.9929177363574116E-8    753268.3037037835+184594.9135141996i              2567222.940926217
0                         2.0018341107712645E-7    5.590084830900378E-8     1250459.2515440104+296249.7155272672i             3197246.1039210367
0                         2.0018341107712645E-7    7.18725192544334E-8      1750262.2070524655+408334.0478975094i             3881081.791733886
0                         2.0018341107712645E-7    8.784419019986301E-8     2207542.1706520105+510586.933073901i              4763815.207353566
0                         2.0018341107712645E-7    1.0381586114529268E-7    2532496.0575129203+587244.3047678259i             4855540.467376229
0                         2.0018341107712645E-7    1.1978753209072235E-7    3027605.8792234836+707419.00788789i               5396131.9578787945
0                         2.0018341107712645E-7    1.3575920303615201E-7    3541302.2109472128+831600.1316707602i             6007036.4921993865
0                         2.0018341107712645E-7    1.5173087398158168E-7    3677313.2706313236+878293.642891225i              5973255.449699335
0                         2.0018341107712645E-7    1.6770254492701124E-7    4645220.334347877+1100428.8102527142i             6789796.720093727
0                         2.0018341107712645E-7    1.836742158724409E-7     4948397.6680440605+1187250.3254592493i            7180688.646731566
0                         2.0018341107712645E-7    1.9964588681787058E-7    5166827.061848791+1258971.026376007i              7833373.026395262
0                         2.0018341107712645E-7    2.1561755776330025E-7    5418056.863751577+1338160.2230135836i             8286123.006093204
0                         2.0018341107712645E-7    2.3158922870872991E-7    745325.2727239924+313979.89652130427i             5564296.876678188
0                         2.0018341107712645E-7    2.475608996541595E-7     1740431.659657511+563125.650248913i               6880886.844373957
0                         2.0018341107712645E-7    2.6353257059958914E-7    2686474.189955903+798217.1106830841i              8193139.000835678
0                         2.0018341107712645E-7    2.795042415450188E-7     3477324.4352741963+999957.2933291016i             9475164.714960624
0                         2.0018341107712645E-7    2.954759124904485E-7     3993331.6711221132+1150040.5369628083i            1.0650274663472913E7
0                         2.0018341107712645E-7    3.1144758343587815E-7    4501300.771278896+1294325.249058683i              1.1742088682263149E7
0                         2.0018341107712645E-7    3.274192543813078E-7     5001244.764302977+1432830.87954874i               1.2750243000173809E7
0                         2.0018341107712645E-7    3.433909253267374E-7     5493177.201703718+1565577.0829086066i             1.36746981551675E7
0                         2.0018341107712645E-7    3.5936259627216704E-7    5903018.780079023+1671656.6042552008i             1.3667479545745658E7
0                         2.0018341107712645E-7    3.753342672175967E-7     5679506.265383607+1613885.7942931606i             1.383984456169117E7
0                         2.0018341107712645E-7    3.913059381630264E-7     5808792.295078494+1645314.6529492957i             1.4029935425434684E7
0                         2.155821350061362E-7     -3.913059381630264E-7    -5203614.10984147-1485784.592736113i              1.4683438924573638E7
0                         2.155821350061362E-7     -3.753342672175967E-7    -5103588.291953091-1462495.5063151035i            1.4563917674907427E7
0                         2.155821350061362E-7     -3.593625962721671E-7    -4972723.847500189-1429143.616277166i             1.4329364013272207E7
0                         2.155821350061362E-7     -3.4339092532673743E-7   -4281676.969910711-1262334.3043761938i            1.380348255577518E7
0                         2.155821350061362E-7     -3.2741925438130776E-7   -4163558.2160051633-1220884.0798293594i           1.3178185561427817E7
0                         2.155821350061362E-7     -3.1144758343587815E-7   -4035960.4298337735-1174267.1546051318i           1.246441280437739E7
0                         2.155821350061362E-7     -2.954759124904485E-7    -3450897.2421649205-1014527.9503090959i           1.1382408628921472E7
0                         2.155821350061362E-7     -2.7950424154501886E-7   -3062180.4625089946-910509.1784784218i            1.051872363615186E7
0                         2.155821350061362E-7     -2.635325705995892E-7    -2663546.622430561-802489.3685564838i             9591449.385263706
0                         2.155821350061362E-7     -2.4756089965415953E-7   -2254905.763600886-690432.1124301687i             8601598.208067775
0                         2.155821350061362E-7     -2.3158922870872991E-7   -1836166.783905337-574300.5378712817i             7550965.818747818
0                         2.155821350061362E-7     -2.1561755776330025E-7   -1306920.9424862834-431286.00232784427i           6154065.277527975
0                         2.155821350061362E-7     -1.996458868178706E-7    -1104881.311423839-365877.9981717473i             5188231.906615154
0                         2.155821350061362E-7     -1.8367421587244096E-7   -4994051.093949622-1187158.297105573i             7481007.60072554
0                         2.155821350061362E-7     -1.677025449270113E-7    -4548599.821343599-1062402.8047849103i            7159061.49746784
0                         2.155821350061362E-7     -1.5173087398158168E-7   -4006931.5434541376-936684.41335732i              6526242.534013743
0                         2.155821350061362E-7     -1.3575920303615201E-7   -3448690.557269264-807691.9459795699i             5903631.470915929
0                         2.155821350061362E-7     -1.1978753209072235E-7   -2874063.3064760566-675457.1033675736i            5297374.592436293
0                         2.155821350061362E-7     -1.0381586114529273E-7   -2303088.7594997245-544586.8931947204i            4734931.77573854
0                         2.155821350061362E-7     -8.784419019986307E-8    -2000867.850139759-470638.6488917435i             4276394.882004226
0                         2.155821350061362E-7     -7.187251925443345E-8    -1657989.18874721-386707.62041876354i             3870565.021799433
0                         2.155821350061362E-7     -5.590084830900378E-8    -1253301.577648313-294460.3134953187i             3483792.8377180398
0                         2.155821350061362E-7     -3.9929177363574116E-8   -849288.9256037958-202273.4055774805i             3161119.5665772366
0                         2.155821350061362E-7     -2.39575064181445E-8     -446963.0151535061-110354.31736783823i            2918527.4382904214
0                         2.155821350061362E-7     -7.985835472714834E-9    36711.27934795793-497.49025570224694i             3126465.604736417
0                         2.155821350061362E-7     7.985835472714834E-9     423609.6344719861+91454.84805778426i              2902669.381566211
0                         2.155821350061362E-7     2.3957506418144448E-8    809980.6753596282+183169.0881148464i              2948792.954046607
0                         2.155821350061362E-7     3.9929177363574116E-8    860135.1721261038+200464.24055745322i             2838065.8513229783
0                         2.155821350061362E-7     5.590084830900378E-8     1349527.0479194175+310481.828597383i              3489770.35765018
0                         2.155821350061362E-7     7.18725192544334E-8      1841285.3061398289+420879.2638042946i             4204267.566410617
0                         2.155821350061362E-7     8.784419019986301E-8     2334470.5210973867+531463.7324027689i             4960660.091035818
0                         2.155821350061362E-7     1.0381586114529268E-7    2565836.836771045+583655.1322872888i              5144773.144564683
0                         2.155821350061362E-7     1.1978753209072235E-7    2826177.9873311087+665171.9436254598i             5365285.832142265
0                         2.155821350061362E-7     1.3575920303615201E-7    3160407.640486657+749369.1366180076i              5727332.85082372
0                         2.155821350061362E-7     1.5173087398158168E-7    3486266.1916659763+832179.7401546218i             6096348.898728796
0                         2.155821350061362E-7     1.6770254492701124E-7    3803959.4858409497+913657.7310100455i             6472080.963717123
0                         2.155821350061362E-7     1.836742158724409E-7     3869562.6162864845+943690.385487601i              6916662.690839401
0                         2.155821350061362E-7     1.9964588681787058E-7    1167696.0429280517+369941.44882921234i            5309028.850846504
0                         2.155821350061362E-7     2.1561755776330025E-7    1378398.5939297897+440622.06882141717i            6353069.317013673
0                         2.155821350061362E-7     2.3158922870872991E-7    1901143.4862480897+583483.9348350735i             7626449.326309035
0                         2.155821350061362E-7     2.475608996541595E-7     2307885.8604879193+696527.480258756i              8592903.344062379
0                         2.155821350061362E-7     2.6353257059958914E-7    2705661.600238059+805720.406127733i               9508930.438008828
0                         2.155821350061362E-7     2.795042415450188E-7     3055891.074744452+905376.0526204184i              1.0406676469294894E7
0                         2.155821350061362E-7     2.954759124904485E-7     3315653.7082805727+988521.4057984493i             1.1379825677313168E7
0                         2.155821350061362E-7     3.1144758343587815E-7    3565476.644595149+1066477.09809712i               1.2265728078753766E7
0                         2.155821350061362E-7     3.274192543813078E-7     3805359.8836881774+1139243.1295164302i            1.3064097181324791E7
0                         2.155821350061362E-7     3.433909253267374E-7     4726870.408018938+1358355.3382092814i             1.375289363821535E7
0                         2.155821350061362E-7     3.5936259627216704E-7    4914562.374380726+1413703.093033395i              1.4207622075650107E7
0                         2.155821350061362E-7     3.753342672175967E-7     5075196.222806536+1454839.8152516778i             1.4498702667731335E7
0                         2.155821350061362E-7     3.913059381630264E-7     5203614.109841457+1485784.592736099i              1.468345530416162E7
0                         2.3098085893514593E-7    -3.913059381630264E-7    -4598435.924604427-1326254.5325229138i            1.5287614924983937E7
0                         2.3098085893514593E-7    -3.753342672175967E-7    -4497024.512849813-1302788.9370595482i            1.5176419804959906E7
0                         2.3098085893514593E-7    -3.593625962721671E-7    -4431172.249351002-1279396.7871133443i            1.4944294268201485E7
0                         2.3098085893514593E-7    -3.4339092532673743E-7   -4340512.652829245-1249213.2344453135i            1.4538016287310164E7
0                         2.3098085893514593E-7    -3.2741925438130776E-7   -3794555.710483899-1113256.2686319458i            1.401545067988125E7
0                         2.3098085893514593E-7    -3.1144758343587815E-7   -3466419.8202439714-1020951.8677509347i           1.3517309323757658E7
0                         2.3098085893514593E-7    -2.954759124904485E-7    -3184421.593663395-936893.529403884i              1.2533930687724011E7
0                         2.3098085893514593E-7    -2.7950424154501886E-7   -2801682.752828987-835618.8345408273i             1.1637897567887258E7
0                         2.3098085893514593E-7    -2.635325705995892E-7    -2409146.2821601126-730394.9778635897i            1.0678704554063285E7
0                         2.3098085893514593E-7    -2.4756089965415953E-7   -2006724.6724352918-621186.5877697677i            9657658.177729577
0                         2.3098085893514593E-7    -2.3158922870872991E-7   -1452333.8392365507-476515.58878174843i           8317258.137613599
0                         2.3098085893514593E-7    -2.1561755776330025E-7   -1252436.1991019745-414670.2054444695i            7327850.2589955125
0                         2.3098085893514593E-7    -1.996458868178706E-7    -595013.1669611981-272165.8600722115i             6534103.949198466
0                         2.3098085893514593E-7    -1.8367421587244096E-7   -384251.4534333818-210340.70605371165i            5627527.150354154
0                         2.3098085893514593E-7    -1.677025449270113E-7    -211904.80990252772-167412.7975005636i            4906040.105941359
0                         2.3098085893514593E-7    -1.5173087398158168E-7   -3928412.4836079315-914220.6580354329i            6797249.237243217
0                         2.3098085893514593E-7    -1.3575920303615201E-7   -3374601.366083638-785621.1355771507i             6151760.005832358
0                         2.3098085893514593E-7    -1.1978753209072235E-7   -2805212.7885837876-653919.9429648251i            5530707.251787913
0                         2.3098085893514593E-7    -1.0381586114529273E-7   -2404994.4170117546-559012.3428238373i            4968820.6520357
0                         2.3098085893514593E-7    -8.784419019986307E-8    -2110248.631184991-486264.0148454864i             4466442.780417154
0                         2.3098085893514593E-7    -7.187251925443345E-8    -1722145.1889962524-395182.6154073343i            4091580.857682325
0                         2.3098085893514593E-7    -5.590084830900378E-8    -1325041.784730284-304517.7168614893i             3676728.8132108403
0                         2.3098085893514593E-7    -3.9929177363574116E-8   -928614.7029690186-213913.6754381282i             3331038.6988198273
0                         2.3098085893514593E-7    -2.39575064181445E-8     -540275.2569302543-125606.93487032694i            3016759.1677995436
0                         2.3098085893514593E-7    -7.985835472714834E-9    -363630.4733348788-84397.44513276886i             3607307.4757542904
0                         2.3098085893514593E-7    7.985835472714834E-9     528795.5741767581+112978.68756400177i             3175331.18389048
0                         2.3098085893514593E-7    2.3957506418144448E-8    488277.83782202564+108451.69737403182i            2601949.75395527
0                         2.3098085893514593E-7    3.9929177363574116E-8    966907.9274124171+216329.55367623706i             3136711.637138192
0                         2.3098085893514593E-7    5.590084830900378E-8     1448578.1825081538+324726.31136366527i            3801316.859947478
0                         2.3098085893514593E-7    7.18725192544334E-8      1932375.2783631533+433454.4743063254i             4541053.484333508
0                         2.3098085893514593E-7    8.784419019986301E-8     2040169.8495025155+464859.3531292715i             4635663.563620136
0                         2.3098085893514593E-7    1.0381586114529268E-7    2270995.0496759797+526872.2259680149i             5023444.301040657
0                         2.3098085893514593E-7    1.1978753209072235E-7    2620179.43189021+614458.9961542696i               5409152.681168825
0                         2.3098085893514593E-7    1.3575920303615201E-7    2960716.890086806+700563.9314371707i              5813408.043474422
0                         2.3098085893514593E-7    1.5173087398158168E-7    3292805.104676702+785242.4625571314i              6229465.21649058
0                         2.3098085893514593E-7    1.6770254492701124E-7    310624.10180648183+187699.35984907113i            4859903.692693193
0                         2.3098085893514593E-7    1.836742158724409E-7     388012.15091335366+214584.7232722733i             5899595.9317918895
0                         2.3098085893514593E-7    1.9964588681787058E-7    832618.43348084+318019.2104946792i                6442236.356074997
0                         2.3098085893514593E-7    2.1561755776330025E-7    1366019.7577727623+431315.7737693434i             7490246.256463978
0                         2.3098085893514593E-7    2.3158922870872991E-7    1676109.1821036446+522264.31561316457i            8621298.481094962
0                         2.3098085893514593E-7    2.475608996541595E-7     2077921.0306983844+632901.8938341094i             9616739.992746577
0                         2.3098085893514593E-7    2.6353257059958914E-7    2471022.0870491797+739809.4260504782i             1.0562513346723339E7
0                         2.3098085893514593E-7    2.795042415450188E-7     2817039.7139906515+837370.6080038574i             1.1446822962922875E7
0                         2.3098085893514593E-7    2.954759124904485E-7     3075341.8570127906+918946.0988276931i             1.2458365045076307E7
0                         2.3098085893514593E-7    3.1144758343587815E-7    3323704.302813384+995331.9287721689i              1.3381829280235797E7
0                         2.3098085893514593E-7    3.274192543813078E-7     4148478.2421853077+1189891.1864555683i            1.4081379793734225E7
0                         2.3098085893514593E-7    3.433909253267374E-7     4290012.369577685+1233495.1419041227i             1.455823016261552E7
0                         2.3098085893514593E-7    3.5936259627216704E-7    4412993.733094259+1270817.6843810165i             1.4929250315083226E7
0                         2.3098085893514593E-7    3.753342672175967E-7     4470886.180229472+1295793.8362101954i             1.5108008211318398E7
0                         2.3098085893514593E-7    3.913059381630264E-7     4598435.924604417+1326254.5325229014i             1.528761316555631E7
0                         2.4637958286415564E-7    -3.913059381630264E-7    -3993257.7393673826-1166724.4723097144i           1.5828377955957143E7
0                         2.4637958286415564E-7    -3.753342672175967E-7    -4058605.30112022-1172455.28207085i               1.5860735456567954E7
0                         2.4637958286415564E-7    -3.593625962721671E-7    -3993344.5508402702-1150913.7931869654i           1.555541956217019E7
0                         2.4637958286415564E-7    -3.4339092532673743E-7   -3908447.8624311886-1122537.7986596066i           1.5138440205491513E7
0                         2.4637958286415564E-7    -3.2741925438130776E-7   -3803915.235892984-1087327.2984887755i            1.4609865974881265E7
0                         2.4637958286415564E-7    -3.1144758343587815E-7   -3091265.549520301-917797.3068063743i             1.4353566374808611E7
0                         2.4637958286415564E-7    -2.954759124904485E-7    -2925457.6109908014-866419.0729617235i            1.3716941259031115E7
0                         2.4637958286415564E-7    -2.7950424154501886E-7   -2541170.8794981865-760826.313607618i             1.2694042851896727E7
0                         2.4637958286415564E-7    -2.635325705995892E-7    -2154694.9125874084-658383.7422704961i            1.1701065013747372E7
0                         2.4637958286415564E-7    -2.4756089965415953E-7   -1758453.7548032948-552008.7288445013i            1.0647002268036317E7
0                         2.4637958286415564E-7    -2.3158922870872991E-7   -1396512.9548203137-458250.37525609793i           9465202.659256672
0                         2.4637958286415564E-7    -2.1561755776330025E-7   -851036.2291697655-329409.7522891258i             8667759.743260361
0                         2.4637958286415564E-7    -1.996458868178706E-7    -635549.4016221687-269191.5645398675i             7731014.838729954
0                         2.4637958286415564E-7    -1.8367421587244096E-7   -421864.307775064-208782.42425544417i             6766470.252447473
0                         2.4637958286415564E-7    -1.677025449270113E-7    -237634.00155265513-162861.85969067825i           5918874.58089909
0                         2.4637958286415564E-7    -1.5173087398158168E-7   -95387.47298726952-125406.99237636072i            5292533.687119321
0                         2.4637958286415564E-7    -1.3575920303615201E-7   27226.795522462577-91067.89615552928i             4778189.600138548
0                         2.4637958286415564E-7    -1.1978753209072235E-7   130928.2882335817-59884.62643731322i              4405340.998305362
0                         2.4637958286415564E-7    -1.0381586114529273E-7   -2509998.517343066-573864.0406361818i             5201256.829359279
0                         2.4637958286415564E-7    -8.784419019986307E-8    -2222971.577585261-502356.16947108955i            4656199.597679029
0                         2.4637958286415564E-7    -7.187251925443345E-8    -1786412.2198608038-403691.2629447654i            4324321.919839883
0                         2.4637958286415564E-7    -5.590084830900378E-8    -1396771.8184511426-314583.54466483917i           3887954.970388546
0                         2.4637958286415564E-7    -3.9929177363574116E-8   -1007809.0943856554-225537.14068465558i           3529592.1338317725
0                         2.4637958286415564E-7    -2.39575064181445E-8     -580311.2108651673-128949.06772969764i            3361805.035708934
0                         2.4637958286415564E-7    -7.985835472714834E-9    -107230.8009610837-22462.38824150794i             3231071.241392129
0                         2.4637958286415564E-7    7.985835472714834E-9     -229280.07585117006-51553.45829262237i            3068378.2791682337
0                         2.4637958286415564E-7    2.3957506418144448E-8    602372.2836637602+125871.00134177083i             2938526.029465616
0                         2.4637958286415564E-7    3.9929177363574116E-8    1073599.8333820747+232193.29807178793i            3459943.5313616307
0                         2.4637958286415564E-7    5.590084830900378E-8     1449000.032865289+316472.9107582295i              3967683.4975631055
0                         2.4637958286415564E-7    7.18725192544334E-8      1738101.8343831885+385450.7950890312i             4308837.473782591
0                         2.4637958286415564E-7    8.784419019986301E-8     1965469.259673986+443086.4077665262i              4561104.786232225
0                         2.4637958286415564E-7    1.0381586114529268E-7    2056240.4135968524+473362.7278206615i             5046595.463111227
0                         2.4637958286415564E-7    1.1978753209072235E-7    -282861.64789019874+23381.033385402872i           4322288.992673599
0                         2.4637958286415564E-7    1.3575920303615201E-7    -88735.25662801391+75325.55761509627i             4763337.905311375
0                         2.4637958286415564E-7    1.5173087398158168E-7    116411.37112448044+128817.25932436927i            5296985.9121696
0                         2.4637958286415564E-7    1.6770254492701124E-7    332307.41763129854+183685.27421594385i            5897627.887090075
0                         2.4637958286415564E-7    1.836742158724409E-7     457790.4883593532+219251.45261493037i             6878220.62820537
0                         2.4637958286415564E-7    1.9964588681787058E-7    594715.7427952471+258683.39907685312i             7713081.450202139
0                         2.4637958286415564E-7    2.1561755776330025E-7    872612.7707680215+332838.3101039787i              8643590.4260813
0                         2.4637958286415564E-7    2.3158922870872991E-7    1081150.5195645057+392622.1340385128i             9622680.397291487
0                         2.4637958286415564E-7    2.475608996541595E-7     1847929.844584597+569286.1000466022i              1.0569143318438057E7
0                         2.4637958286415564E-7    2.6353257059958914E-7    2236372.960548261+673904.9112044278i              1.1547120397528302E7
0                         2.4637958286415564E-7    2.795042415450188E-7     2578188.3532368513+769365.1633872963i             1.2415091796706788E7
0                         2.4637958286415564E-7    2.954759124904485E-7     2835030.005745006+849370.7918569371i              1.3464191492438912E7
0                         2.4637958286415564E-7    3.1144758343587815E-7    3563816.0359961507+1019163.7816531254i            1.4184415782696476E7
0                         2.4637958286415564E-7    3.274192543813078E-7     3717761.5655041877+1067040.0701118745i            1.4779815333032591E7
0                         2.4637958286415564E-7    3.433909253267374E-7     3853154.3311364236+1108634.9455989623i            1.5268823232373808E7
0                         2.4637958286415564E-7    3.5936259627216704E-7    3969994.3328928617+1143948.4081143907i            1.5651333160787253E7
0                         2.4637958286415564E-7    3.753342672175967E-7     4068281.570773508+1172980.457658159i              1.5927295544549149E7
0                         2.4637958286415564E-7    3.913059381630264E-7     3993257.7393673784+1166724.4723097037i            1.5828854129106978E7
0                         2.6177830679316536E-7    -3.913059381630264E-7    -3542067.9715933814-1029858.8997345692i           1.632602473000137E7
0                         2.6177830679316536E-7    -3.753342672175967E-7    -3615014.6944968104-1042164.7300037991i           1.6355772052237777E7
0                         2.6177830679316536E-7    -3.593625962721671E-7    -3555516.852329538-1022430.7992605862i            1.60402220371246E7
0                         2.6177830679316536E-7    -3.4339092532673743E-7   -3476383.0720331343-995862.3628738998i            1.5612693865323003E7
0                         2.6177830679316536E-7    -3.2741925438130776E-7   -3185463.3242526967-923871.701110852i             1.531737050438814E7
0                         2.6177830679316536E-7    -3.1144758343587815E-7   -2977980.5691658603-866148.2265088779i            1.48661703865905E7
0                         2.6177830679316536E-7    -2.954759124904485E-7    -2749982.390289883-802113.2996728469i             1.4308215597699074E7
0                         2.6177830679316536E-7    -2.7950424154501886E-7   -1991639.2924991567-628104.798444631i             1.4022352615153132E7
0                         2.6177830679316536E-7    -2.635325705995892E-7    -1417305.6241586055-490172.0980107332i            1.3254279547504658E7
0                         2.6177830679316536E-7    -2.4756089965415953E-7   -1238595.7749656031-440751.24361771304i           1.1873416288305312E7
0                         2.6177830679316536E-7    -2.3158922870872991E-7   -1113833.7512538063-383663.3497722676i            1.078983444158358E7
0                         2.6177830679316536E-7    -2.1561755776330025E-7   -893684.3598577804-325026.85118811857i            9839460.956323517
0                         2.6177830679316536E-7    -1.996458868178706E-7    -675313.6158888612-266206.46288038464i            8853242.173957625
0                         2.6177830679316536E-7    -1.8367421587244096E-7   -458728.68462424114-207200.65998085684i           7835639.346392309
0                         2.6177830679316536E-7    -1.677025449270113E-7    -262623.15030878485-158519.57103553478i           6873525.69747298
0                         2.6177830679316536E-7    -1.5173087398158168E-7   -114315.38356618868-121373.4089653834i            6149025.892555588
0                         2.6177830679316536E-7    -1.3575920303615201E-7   14930.087159660063-87335.88660859286i             5513260.716861864
0                         2.6177830679316536E-7    -1.1978753209072235E-7   -43391.504077842925-94001.48787440135i            5011308.009136559
0                         2.6177830679316536E-7    -1.0381586114529273E-7   -26116.100689787883-81879.88188703079i            4471309.137343489
0                         2.6177830679316536E-7    -8.784419019986307E-8    283868.1764578336-11797.080402511641i             4160884.0052034734
0                         2.6177830679316536E-7    -7.187251925443345E-8    274075.20402671734-893.3651711624407i             3834097.008408731
0                         2.6177830679316536E-7    -5.590084830900378E-8    252459.94653209212+7767.965976820386i             3607249.791169102
0                         2.6177830679316536E-7    -3.9929177363574116E-8   219986.3235466115+14827.44041539148i              3459722.265658795
0                         2.6177830679316536E-7    -2.39575064181445E-8     -621061.1680781256-132449.65981905762i            3721680.211929021
0                         2.6177830679316536E-7    -7.985835472714834E-9    -156032.21160530546-27718.202653618406i           3599085.3949493687
0                         2.6177830679316536E-7    7.985835472714834E-9     -179571.57727595398-46972.739092952135i           3583395.7331855805
0                         2.6177830679316536E-7    2.3957506418144448E-8    410511.45211671526+82904.01719609347i             3669316.1363769253
0                         2.6177830679316536E-7    3.9929177363574116E-8    -204640.25386525528-10782.92912227867i            3446231.8623533505
0                         2.6177830679316536E-7    5.590084830900378E-8     -154910.63061009685+13323.717221499392i           3577017.907670501
0                         2.6177830679316536E-7    7.18725192544334E-8      -104414.23601671797+36808.09542392728i            3795702.6156599796
0                         2.6177830679316536E-7    8.784419019986301E-8     -35528.340083774994+63134.43261850817i            3980317.5202976423
0                         2.6177830679316536E-7    1.0381586114529268E-7    80979.12410529866+93775.50381567611i              4429171.799604967
0                         2.6177830679316536E-7    1.1978753209072235E-7    -270861.43632150244+22414.564556630037i           5030717.813295985
0                         2.6177830679316536E-7    1.3575920303615201E-7    -73136.60826161003+73243.26951687713i             5580743.809889637
0                         2.6177830679316536E-7    1.5173087398158168E-7    135124.28756910935+125716.02473282626i            6201408.936422465
0                         2.6177830679316536E-7    1.6770254492701124E-7    353706.033784786+179657.69511238593i              6872062.472331905
0                         2.6177830679316536E-7    1.836742158724409E-7     526823.3802613997+223980.12413757676i             7787179.328382055
0                         2.6177830679316536E-7    1.9964588681787058E-7    712557.9638769153+274251.29050027387i             8719099.973547395
0                         2.6177830679316536E-7    2.1561755776330025E-7    994179.8439495438+347331.95035242103i             9693268.358643439
0                         2.6177830679316536E-7    2.3158922870872991E-7    1141420.9379822947+398506.787383146i              1.101752442652386E7
0                         2.6177830679316536E-7    2.475608996541595E-7     1516526.4924283754+490410.6700296182i             1.1703242353870861E7
0                         2.6177830679316536E-7    2.6353257059958914E-7    2014874.3675834415+617424.1968406043i             1.2443668359436464E7
0                         2.6177830679316536E-7    2.795042415450188E-7     2787974.093951983+787743.0893613516i              1.3230210329842921E7
0                         2.6177830679316536E-7    2.954759124904485E-7     2972883.789451473+846173.1238019553i              1.4051133168823406E7
0                         2.6177830679316536E-7    3.1144758343587815E-7    3139240.72107517+898321.7452708979i               1.4765643288735917E7
0                         2.6177830679316536E-7    3.274192543813078E-7     3287044.88882307+944188.9537681816i               1.5373518955368884E7
0                         2.6177830679316536E-7    3.433909253267374E-7     3416296.2926951647+983774.7492938031i             1.5874615137319831E7
0                         2.6177830679316536E-7    3.5936259627216704E-7    3444787.9003283028+1000428.7151863768i            1.6133404055704514E7
0                         2.6177830679316536E-7    3.753342672175967E-7     3501001.57453717+1017772.6773976583i              1.6285131088485833E7
0                         2.6177830679316536E-7    3.913059381630264E-7     3542067.9715933744+1029858.8997345604i            1.6324588358935887E7
0                         2.771770307221751E-7     -3.913059381630264E-7    -3165173.242318979-912025.7224781424i             1.6743639733976943E7
0                         2.771770307221751E-7     -3.753342672175967E-7    -3097802.5173473516-895372.2797539225i            1.6593598614024485E7
0                         2.771770307221751E-7     -3.593625962721671E-7    -3117689.1538188024-893947.805334207i             1.6392105914943296E7
0                         2.771770307221751E-7     -3.4339092532673743E-7   -2867789.9686468933-837195.8770027217i            1.6164695553346748E7
0                         2.771770307221751E-7     -3.2741925438130776E-7   -2682019.945451199-786971.3706021919i             1.5824359012762047E7
0                         2.771770307221751E-7     -3.1144758343587815E-7   -2475734.498466388-730435.4119676118i             1.5376983065746248E7
0                         2.771770307221751E-7     -2.954759124904485E-7    -2116174.0350097646-642552.4534888153i            1.5327610515714016E7
0                         2.771770307221751E-7     -2.7950424154501886E-7   -1832932.7211940086-564203.0638810508i            1.4595195129557291E7
0                         2.771770307221751E-7     -2.635325705995892E-7    -2577712.2738979375-724225.6326547653i            1.3829358421601623E7
0                         2.771770307221751E-7     -2.4756089965415953E-7   -1634206.384583995-509067.6472295691i             1.2601941689934496E7
0                         2.771770307221751E-7     -2.3158922870872991E-7   -1265346.324593991-419442.0974583252i             1.1860927004503766E7
0                         2.771770307221751E-7     -2.1561755776330025E-7   -898514.9555317275-329661.6886457746i             1.1075006803477913E7
0                         2.771770307221751E-7     -1.996458868178706E-7    -533712.2773971977-239726.42079191701i            1.0246211278319143E7
0                         2.771770307221751E-7     -1.8367421587244096E-7   -494874.3271730737-205589.39241431636i            8829804.324419664
0                         2.771770307221751E-7     -1.677025449270113E-7    -286958.87637735985-154367.52020206218i           7759290.500698705
0                         2.771770307221751E-7     -1.5173087398158168E-7   -132701.1649332816-117533.54027649123i            6947161.532080343
0                         2.771770307221751E-7     -1.3575920303615201E-7   -13811.584196022479-88768.40403328475i            6218213.501992328
0                         2.771770307221751E-7     -1.1978753209072235E-7   110881.38011857262-60466.42663617013i             5628360.618941555
0                         2.771770307221751E-7     -1.0381586114529273E-7   121463.29058502999-46968.950518595404i            5014408.290534439
0                         2.771770307221751E-7     -8.784419019986307E-8    131614.12622724252-33546.16015555423i             4447831.963898339
0                         2.771770307221751E-7     -7.187251925443345E-8    135510.5939912005-21748.436008802033i             4013643.2031923854
0                         2.771770307221751E-7     -5.590084830900378E-8    134408.91104830615-11365.300596429486i            3695146.0009358134
0                         2.771770307221751E-7     -3.9929177363574116E-8   123408.79788699222-2492.276113040665i             3459291.954007889
0                         2.771770307221751E-7     -2.39575064181445E-8     47999.43181419975-6287.690517290994i              3485402.3752878318
0                         2.771770307221751E-7     -7.985835472714834E-9    -56367.881874608516-14978.961043889532i           3430433.2945751953
0                         2.771770307221751E-7     7.985835472714834E-9     6073.922480614536+3574.8216919879924i             3440275.5462892735
0                         2.771770307221751E-7     2.3957506418144448E-8    -88391.10834472437-3004.417127623379i             3484035.499234645
0                         2.771770307221751E-7     3.9929177363574116E-8    -200343.00640359893-13709.830808016763i           3504859.761403955
0                         2.771770307221751E-7     5.590084830900378E-8     -232621.52109727636-8832.859220113562i            3848311.046971338
0                         2.771770307221751E-7     7.18725192544334E-8      -104559.62781780999+28047.415473437708i           4010598.2912000166
0                         2.771770307221751E-7     8.784419019986301E-8     -32244.081617085903+52488.85612086867i            4272673.164576875
0                         2.771770307221751E-7     1.0381586114529268E-7    -12822.095140080084+66923.67553114393i            4888244.34974306
0                         2.771770307221751E-7     1.1978753209072235E-7    51299.30771928816+91375.99817967048i              5593397.285508646
0                         2.771770307221751E-7     1.3575920303615201E-7    121060.79583750851+108998.24500642275i            6336278.0815485185
0                         2.771770307221751E-7     1.5173087398158168E-7    153495.67979657295+122596.7205941058i             7036748.13816474
0                         2.771770307221751E-7     1.6770254492701124E-7    374850.1276592087+175611.971522404i               7773467.03340144
0                         2.771770307221751E-7     1.836742158724409E-7     605896.0605758176+230021.8651957015i              8537133.749540323
0                         2.771770307221751E-7     1.9964588681787058E-7    645690.2819116247+255343.03742175503i             1.0141555725777477E7
0                         2.771770307221751E-7     2.1561755776330025E-7    1021457.9733834004+346720.851211766i              1.096234356222805E7
0                         2.771770307221751E-7     2.3158922870872991E-7    1398702.9946907642+437763.9996099092i             1.1733154573814252E7
0                         2.771770307221751E-7     2.475608996541595E-7     1777425.3458337188+528472.4826161838i             1.2452146925152825E7
0                         2.771770307221751E-7     2.6353257059958914E-7    1942703.428682493+573510.6487643193i              1.3052914487406403E7
0                         2.771770307221751E-7     2.795042415450188E-7     2259794.8526401552+655589.1090886475i             1.3861998751192898E7
0                         2.771770307221751E-7     2.954759124904485E-7     2468691.3468164774+713628.8479329844i             1.4586352976308381E7
0                         2.771770307221751E-7     3.1144758343587815E-7    2714665.4061541934+777479.7088886715i             1.5235264891571654E7
0                         2.771770307221751E-7     3.274192543813078E-7     2910613.505195091+833889.317569281i               1.5904560818002233E7
0                         2.771770307221751E-7     3.433909253267374E-7     2996974.355205058+861310.0286080653i              1.6282937876667045E7
0                         2.771770307221751E-7     3.5936259627216704E-7    3068187.9280623533+883472.9997724674i             1.6548768670898216E7
0                         2.771770307221751E-7     3.753342672175967E-7     3124254.223766994+900378.2310624905i              1.6701994811588448E7
0                         2.771770307221751E-7     3.913059381630264E-7     3165173.2423189697+912025.7224781334i             1.6742602394502584E7
0                         2.9257575465118484E-7    -3.913059381630264E-7    -2788278.5130445734-794192.5452217147i            1.7009807158722643E7
0                         2.9257575465118484E-7    -3.753342672175967E-7    -2720000.195008697-777708.451701955i              1.685909199480149E7
0                         2.9257575465118484E-7    -3.593625962721671E-7    -2527206.573047906-741833.5687257452i             1.6771980438627612E7
0                         2.9257575465118484E-7    -3.4339092532673743E-7   -2601121.6499349996-736691.863599197i             1.6538124608994085E7
0                         2.9257575465118484E-7    -3.2741925438130776E-7   -2468950.9575917004-702940.3946294022i            1.6221106524593629E7
0                         2.9257575465118484E-7    -3.1144758343587815E-7   -2315341.7120062914-663613.5888285504i            1.5796639924919449E7
0                         2.9257575465118484E-7    -2.954759124904485E-7    -2140293.913178773-618711.4461966418i             1.526503340848675E7
0                         2.9257575465118484E-7    -2.7950424154501886E-7   -2179947.5759146297-612726.8930603135i            1.5298851364946174E7
0                         2.9257575465118484E-7    -2.635325705995892E-7    -1779181.8741157306-512835.7125316316i            1.3916567419354182E7
0                         2.9257575465118484E-7    -2.4756089965415953E-7   -1655809.3772541983-472499.7414885252i            1.3294773246002547E7
0                         2.9257575465118484E-7    -2.3158922870872991E-7   -1478539.267956384-426131.30180355563i            1.2508185716543155E7
0                         2.9257575465118484E-7    -2.1561755776330025E-7   -1301472.9951103632-379638.3621239168i            1.1670750556597617E7
0                         2.9257575465118484E-7    -1.996458868178706E-7    -912818.8397502219-310341.91054877883i            1.0798145024130804E7
0                         2.9257575465118484E-7    -1.8367421587244096E-7   -544543.5034549739-221018.14570194914i            9896217.339613713
0                         2.9257575465118484E-7    -1.677025449270113E-7    -593138.9054178554-205304.20308947342i            8179032.555019999
0                         2.9257575465118484E-7    -1.5173087398158168E-7   470022.7364893898-8776.30595357524i               7806103.182562723
0                         2.9257575465118484E-7    -1.3575920303615201E-7   -99197.47056928545-97853.7055634309i              6762417.570507781
0                         2.9257575465118484E-7    -1.1978753209072235E-7   -72602.49898846145-83593.00005441002i             6057221.677131445
0                         2.9257575465118484E-7    -1.0381586114529273E-7   -46406.832295197295-69405.48962137639i            5376850.415582758
0                         2.9257575465118484E-7    -8.784419019986307E-8    -20613.369517736486-55291.38003766103i            4734279.929021573
0                         2.9257575465118484E-7    -7.187251925443345E-8    202.03258468402782-42042.84489469496i             4182638.1548769837
0                         2.9257575465118484E-7    -5.590084830900378E-8    19259.779836311354-29961.249516229407i            3770732.493211144
0                         2.9257575465118484E-7    -3.9929177363574116E-8   29348.179172207834-19300.578313717604i            3441139.1690127063
0                         2.9257575465118484E-7    -2.39575064181445E-8     32588.933452442907-9907.352925303241i             3213011.8713711374
0                         2.9257575465118484E-7    -7.985835472714834E-9    42213.946951780876-58.58768541304016i             3347926.236147566
0                         2.9257575465118484E-7    7.985835472714834E-9     -76617.36434840583-7880.243541941196i             3352551.6921113143
0                         2.9257575465118484E-7    2.3957506418144448E-8    -117757.28697460314-8644.595518103553i            3174034.6345886313
0                         2.9257575465118484E-7    3.9929177363574116E-8    -132902.81511940225-2804.2481401577097i           3458610.7990865433
0                         2.9257575465118484E-7    5.590084830900378E-8     -149907.62711634807+2406.088686662304i            3875631.1726408494
0                         2.9257575465118484E-7    7.18725192544334E-8      -167415.46941207338+7045.195404921607i            4387385.325153341
0                         2.9257575465118484E-7    8.784419019986301E-8     -28966.94353024874+41851.80195227449i             4564184.127489273
0                         2.9257575465118484E-7    1.0381586114529268E-7    16747.993354930542+60311.11858646263i             5270769.536131036
0                         2.9257575465118484E-7    1.1978753209072235E-7    87527.55896126525+83454.71695576853i              6034738.478998372
0                         2.9257575465118484E-7    1.3575920303615201E-7    164768.2187136258+108031.09642433265i             6824358.975153438
0                         2.9257575465118484E-7    1.5173087398158168E-7    213747.5257399343+124507.8731270631i              7699433.482227197
0                         2.9257575465118484E-7    1.6770254492701124E-7    318218.1669787073+154479.43950994316i             8475852.88852168
0                         2.9257575465118484E-7    1.836742158724409E-7     473761.457061599+198160.5955176878i               9675012.656572798
0                         2.9257575465118484E-7    1.9964588681787058E-7    895738.7452263508+296991.04892891506i             1.0701015555571834E7
0                         2.9257575465118484E-7    2.1561755776330025E-7    1388947.4738081738+394039.35197858536i            1.1602900059944231E7
0                         2.9257575465118484E-7    2.3158922870872991E-7    1504352.207202187+430892.65943110303i             1.237998754237836E7
0                         2.9257575465118484E-7    2.475608996541595E-7     1614504.2130573154+466365.49018348055i            1.3092082171683893E7
0                         2.9257575465118484E-7    2.6353257059958914E-7    1719403.4913735564+500457.84423571755i            1.3737909001884803E7
0                         2.9257575465118484E-7    2.795042415450188E-7     1903521.567663682+559678.8323846078i              1.433725535785839E7
0                         2.9257575465118484E-7    2.954759124904485E-7     2169522.99830952+628675.8686236633i               1.524715632414236E7
0                         2.9257575465118484E-7    3.1144758343587815E-7    2329884.4590939796+670224.8353006528i             1.5798052790543193E7
0                         2.9257575465118484E-7    3.274192543813078E-7     2472370.9419317134+707093.331833331i              1.6240163854987204E7
0                         2.9257575465118484E-7    3.433909253267374E-7     2596982.4468227206+739281.358221699i              1.657324047823073E7
0                         2.9257575465118484E-7    3.5936259627216704E-7    2691587.955796413+766517.2843585591i              1.6812468289059956E7
0                         2.9257575465118484E-7    3.753342672175967E-7     2747506.8729968183+782983.7847273226i             1.696720275357159E7
0                         2.9257575465118484E-7    3.913059381630264E-7     2788278.513044565+794192.5452217062i              1.7009100468663275E7
0                         3.0797447858019456E-7    -3.913059381630264E-7    -2017389.2212960934-597521.5409456227i            1.7301274086519267E7
0                         3.0797447858019456E-7    -3.753342672175967E-7    -2229212.5617453847-637167.4653235584i            1.7162510934808306E7
0                         3.0797447858019456E-7    -3.593625962721671E-7    -2177929.8142283745-624736.0719433567i            1.6972582397468742E7
0                         3.0797447858019456E-7    -3.4339092532673743E-7   -2287509.5271400567-640178.8983946955i            1.6864967839749236E7
0                         3.0797447858019456E-7    -3.2741925438130776E-7   -2152957.5656584958-607156.8444166742i            1.6547594579725936E7
0                         3.0797447858019456E-7    -3.1144758343587815E-7   -1996967.0509348218-568559.4536075956i            1.6122887104596948E7
0                         3.0797447858019456E-7    -2.954759124904485E-7    -1819537.9829690384-524386.7259674604i            1.5591204975643996E7
0                         3.0797447858019456E-7    -2.7950424154501886E-7   -1620670.3617611486-474638.6614962689i            1.495304402577686E7
0                         3.0797447858019456E-7    -2.635325705995892E-7    -1597978.0506136832-453975.49804532673i           1.4507501897414807E7
0                         3.0797447858019456E-7    -2.4756089965415953E-7   -1559502.082717123-434500.2371973753i             1.389691976365816E7
0                         3.0797447858019456E-7    -2.3158922870872991E-7   -1459148.0509576555-401252.9669571812i            1.3145174229447467E7
0                         3.0797447858019456E-7    -2.1561755776330025E-7   -1273875.727068772-355180.3116264028i             1.2286327397221155E7
0                         3.0797447858019456E-7    -1.996458868178706E-7    -1088807.2396316794-308983.15630095464i           1.137770870091495E7
0                         3.0797447858019456E-7    -1.8367421587244096E-7   -903942.58864639-262661.5009808388i               1.0421640688662324E7
0                         3.0797447858019456E-7    -1.677025449270113E-7    -765032.7640748385-224943.42753665743i            9225788.715181207
0                         3.0797447858019456E-7    -1.5173087398158168E-7   -369737.6831441304-143189.76451980293i            8303426.05578621
0                         3.0797447858019456E-7    -1.3575920303615201E-7   -298231.7195840691-121664.82324184461i            7225303.952076639
0                         3.0797447858019456E-7    -1.1978753209072235E-7   -256054.44636502862-106715.48049991741i           6464210.952633109
0                         3.0797447858019456E-7    -1.0381586114529273E-7   -214247.6760122697-91838.05099943656i             5722116.090864062
0                         3.0797447858019456E-7    -8.784419019986307E-8    -172814.24749635463-77032.73783217199i            5009721.251434519
0                         3.0797447858019456E-7    -7.187251925443345E-8    -131757.00930290564-62299.7446556573i             4344273.759854952
0                         3.0797447858019456E-7    -5.590084830900378E-8    -92967.2957775374-48025.825358583446i             3829417.476448629
0                         3.0797447858019456E-7    -3.9929177363574116E-8   -62162.49105887476-35602.65535266776i             3401255.96166553
0                         3.0797447858019456E-7    -2.39575064181445E-8     -29050.573457914834-22042.50197999191i            3083347.9788451972
0                         3.0797447858019456E-7    -7.985835472714834E-9    6323.970263866242-4916.966035615758i              3075346.6918979604
0                         3.0797447858019456E-7    7.985835472714834E-9     -21280.42640208293+1441.4339419383723i            3078053.6612154716
0                         3.0797447858019456E-7    2.3957506418144448E-8    54088.578235772206+27275.300731054318i            2890284.3328551645
0                         3.0797447858019456E-7    3.9929177363574116E-8    -66676.259032108+7867.702828783367i               3388245.954056264
0                         3.0797447858019456E-7    5.590084830900378E-8     -68571.07531882665+13411.35721995226i             3877190.6224648533
0                         3.0797447858019456E-7    7.18725192544334E-8      -71482.48015233624+18370.726405104233i            4451836.636180196
0                         3.0797447858019456E-7    8.784419019986301E-8     -90255.09104413341+20575.180564082344i            5072608.591471532
0                         3.0797447858019456E-7    1.0381586114529268E-7    19576.22788416152+48604.22125327893i              5664356.293948365
0                         3.0797447858019456E-7    1.1978753209072235E-7    107779.71650565858+72300.73811729217i             6458214.765293745
0                         3.0797447858019456E-7    1.3575920303615201E-7    204075.13866441743+97753.79185185721i             7266585.239283062
0                         3.0797447858019456E-7    1.5173087398158168E-7    308462.4943604432+124963.3824569754i              8079541.151551792
0                         3.0797447858019456E-7    1.6770254492701124E-7    574571.8851874983+180190.84728224197i             8871128.219034942
0                         3.0797447858019456E-7    1.836742158724409E-7     687396.7033708415+221961.3810846738i              9836838.40274021
0                         3.0797447858019456E-7    1.9964588681787058E-7    1036776.4912469834+294707.51759701583i            1.1251818475464884E7
0                         3.0797447858019456E-7    2.1561755776330025E-7    1158005.9212198209+331344.7741220374i             1.2105179154024674E7
0                         3.0797447858019456E-7    2.3158922870872991E-7    1273982.6236537744+366601.5539469189i             1.289430721650198E7
0                         3.0797447858019456E-7    2.475608996541595E-7     1384706.5985488428+400477.8570716598i             1.3617636964003276E7
0                         3.0797447858019456E-7    2.6353257059958914E-7    1490177.8459050234+432973.68349626014i            1.42740893959673E7
0                         3.0797447858019456E-7    2.795042415450188E-7     1607555.816412686+473667.4587508843i              1.48715546422698E7
0                         3.0797447858019456E-7    2.954759124904485E-7     1788805.347571587+519373.8599683857i              1.5525613458855515E7
0                         3.0797447858019456E-7    3.1144758343587815E-7    1952179.9007837495+560399.7910415736i             1.607140635303767E7
0                         3.0797447858019456E-7    3.274192543813078E-7     2097679.4760491927+596745.2519704527i             1.6508514839595778E7
0                         3.0797447858019456E-7    3.433909253267374E-7     2225304.0733679077+628410.2427550205i             1.6836643724947516E7
0                         3.0797447858019456E-7    3.5936259627216704E-7    2335053.6927398955+655394.7633952778i             1.7055586482621104E7
0                         3.0797447858019456E-7    3.753342672175967E-7     2426928.334165158+677698.8138912243i              1.716520365931411E7
0                         3.0797447858019456E-7    3.913059381630264E-7     2017389.2212960853+597521.540945617i              1.730234916014707E7
0                         3.2337320250920427E-7    -3.913059381630264E-7    -1782925.8986872558-508783.17346216785i           1.758058147563673E7
0                         3.2337320250920427E-7    -3.753342672175967E-7    -1707659.549459144-492936.6019940579i             1.745515482043681E7
0                         3.2337320250920427E-7    -3.593625962721671E-7    -1777806.437301659-504046.1652286998i             1.721662221275673E7
0                         3.2337320250920427E-7    -3.4339092532673743E-7   -1709077.445668688-488167.73858292866i            1.6920451092112165E7
0                         3.2337320250920427E-7    -3.2741925438130776E-7   -1836964.1737252902-511373.29420394613i           1.6714083592839068E7
0                         3.2337320250920427E-7    -3.1144758343587815E-7   -1678592.3898633523-473505.31838664087i           1.6289182499843722E7
0                         3.2337320250920427E-7    -2.954759124904485E-7    -1498782.0527593056-430062.0057382789i            1.5757551128771352E7
0                         3.2337320250920427E-7    -2.7950424154501886E-7   -1297533.1624131512-381043.3562588603i            1.511976141440846E7
0                         3.2337320250920427E-7    -2.635325705995892E-7    -1239558.30641891-357950.6330418451i              1.433813413005757E7
0                         3.2337320250920427E-7    -2.4756089965415953E-7   -1156295.4954053145-332105.2584873914i            1.361533212751857E7
0                         3.2337320250920427E-7    -2.3158922870872991E-7   -1057529.004113782-303499.060529822i              1.282629892859228E7
0                         3.2337320250920427E-7    -2.1561755776330025E-7   -890971.2529317224-261668.6165976774i             1.2040027465020169E7
0                         3.2337320250920427E-7    -1.996458868178706E-7    -723435.6802108401-220791.54619870734i            1.1185166787315063E7
0                         3.2337320250920427E-7    -1.8367421587244096E-7   -859933.2185190591-239044.01918104262i            1.0889421710549459E7
0                         3.2337320250920427E-7    -1.677025449270113E-7    -473936.8954886668-153434.04330313724i            9378336.39966827
0                         3.2337320250920427E-7    -1.5173087398158168E-7   -513375.4898435394-151593.39208980754i            8644823.550425721
0                         3.2337320250920427E-7    -1.3575920303615201E-7   -432912.63242273056-127149.21731990541i           7581203.919684671
0                         3.2337320250920427E-7    -1.1978753209072235E-7   -376923.28137801937-112966.61268656561i           6764478.3069764
0                         3.2337320250920427E-7    -1.0381586114529273E-7   -382059.17806057166-114266.63246931971i           6045073.209558874
0                         3.2337320250920427E-7    -8.784419019986307E-8    -324988.44445903506-98770.23132362847i            5267525.12583815
0                         3.2337320250920427E-7    -7.187251925443345E-8    -268264.9877489855-83344.8633545847i              4527146.886414515
0                         3.2337320250920427E-7    -5.590084830900378E-8    -175831.40686379734-57708.30137663509i            3860038.5325847445
0                         3.2337320250920427E-7    -3.9929177363574116E-8   -83323.4107383567-34574.542470771856i             3343708.921166017
0                         3.2337320250920427E-7    -2.39575064181445E-8     -359.15482103082104-13293.740390859264i           2961266.3910387037
0                         3.2337320250920427E-7    -7.985835472714834E-9    9894.553043708962-3019.104097405103i              2785446.7363023423
0                         3.2337320250920427E-7    7.985835472714834E-9     -12881.200643477016+1335.9955679702798i           2788476.789584575
0                         3.2337320250920427E-7    2.3957506418144448E-8    38447.995245931204+19753.958716743633i            2722969.009242867
0                         3.2337320250920427E-7    3.9929177363574116E-8    -1693.6388367937761+18307.880289842768i           3290496.741938192
0                         3.2337320250920427E-7    5.590084830900378E-8     11361.184058386949+24184.80651167911i             3850649.220677717
0                         3.2337320250920427E-7    7.18725192544334E-8      22895.2757506943+29464.508349863456i              4486573.305657953
0                         3.2337320250920427E-7    8.784419019986301E-8     25240.751299674972+34689.37770138035i             5168135.6916524
0                         3.2337320250920427E-7    1.0381586114529268E-7    90265.25252113168+52076.04730482228i              5873419.168196135
0                         3.2337320250920427E-7    1.1978753209072235E-7    186477.38913714024+74767.12526162475i             6708939.553989392
0                         3.2337320250920427E-7    1.3575920303615201E-7    290781.4592904141+99214.74008897989i              7555494.9127136
0                         3.2337320250920427E-7    1.5173087398158168E-7    495763.9008599152+143042.3936572515i              8393186.284526862
0                         3.2337320250920427E-7    1.6770254492701124E-7    563224.5512970358+171292.24612595793i             9281275.909857519
0                         3.2337320250920427E-7    1.836742158724409E-7     623390.2167295179+190122.08483433072i             1.0174127912569074E7
0                         3.2337320250920427E-7    1.9964588681787058E-7    729967.8339187629+220162.71409920257i             1.1074083946223728E7
0                         3.2337320250920427E-7    2.1561755776330025E-7    787732.6723584794+240049.15262955322i             1.2011438737800084E7
0                         3.2337320250920427E-7    2.3158922870872991E-7    964086.3295244656+282590.9755995334i              1.2893420686490646E7
0                         3.2337320250920427E-7    2.475608996541595E-7     1106259.8336888773+321418.61805078964i            1.3710131668120248E7
0                         3.2337320250920427E-7    2.6353257059958914E-7    1239603.2772844713+358211.2573026252i             1.445174997038178E7
0                         3.2337320250920427E-7    2.795042415450188E-7     1399246.5718384052+402895.77485943877i            1.5273931076880397E7
0                         3.2337320250920427E-7    2.954759124904485E-7     1408087.6968336396+410071.8513131051i             1.5645292069383023E7
0                         3.2337320250920427E-7    3.1144758343587815E-7    1574475.3424735188+450574.7467824955i             1.6185613277539603E7
0                         3.2337320250920427E-7    3.274192543813078E-7     1722988.0101666725+486397.17210757453i            1.6617464930368051E7
0                         3.2337320250920427E-7    3.433909253267374E-7     1853625.6999131013+517539.1272883436i             1.69404904829732E7
0                         3.2337320250920427E-7    3.5936259627216704E-7    1966388.4117128022+544000.6123248017i             1.7154432434228417E7
0                         3.2337320250920427E-7    3.753342672175967E-7     1706841.7285415812+492629.17774531944i            1.742470179320926E7
0                         3.2337320250920427E-7    3.913059381630264E-7     1782925.898687252+508783.1734621636i              1.7581446446065556E7
0                         3.3877192643821404E-7    -3.913059381630264E-7    -1548462.576078423-420044.80597871344i            1.7676396536027778E7
0                         3.3877192643821404E-7    -3.753342672175967E-7    -1473147.495620113-404537.7102125358i             1.7558172335140847E7
0                         3.3877192643821404E-7    -3.593625962721671E-7    -1380710.0516592362-386072.7898833564i            1.733559802977505E7
0                         3.3877192643821404E-7    -3.4339092532673743E-7   -1303796.8595284973-367255.83946370357i           1.700652446487229E7
0                         3.3877192643821404E-7    -3.2741925438130776E-7   -1217621.6237795576-347930.37955236225i           1.6604550030519012E7
0                         3.3877192643821404E-7    -3.1144758343587815E-7   -1119157.3531281315-325379.8787800204i            1.6092811054988941E7
0                         3.3877192643821404E-7    -2.954759124904485E-7    -1178026.1225495718-335737.2855090975i            1.5762561733148593E7
0                         3.3877192643821404E-7    -2.7950424154501886E-7   -1110007.9359567787-311858.7564294019i            1.520333480676559E7
0                         3.3877192643821404E-7    -2.635325705995892E-7    -1081681.7605840282-297100.55281781475i           1.4520702779385865E7
0                         3.3877192643821404E-7    -2.4756089965415953E-7   -1000741.4148612409-273626.6577412404i            1.3815834522211064E7
0                         3.3877192643821404E-7    -2.3158922870872991E-7   -904297.3888605027-247391.93926154837i            1.304419183704989E7
0                         3.3877192643821404E-7    -2.1561755776330025E-7   -788944.2456393638-217148.0508522463i             1.2200256001280705E7
0                         3.3877192643821404E-7    -1.996458868178706E-7    -620189.6890373307-178185.84746693983i            1.1345864373037681E7
0                         3.3877192643821404E-7    -1.8367421587244096E-7   -446274.54965481133-138057.34016193548i           1.0431166144398484E7
0                         3.3877192643821404E-7    -1.677025449270113E-7    -498598.28064518224-144346.27769217105i           9769930.6543921
0                         3.3877192643821404E-7    -1.5173087398158168E-7   -363373.5932439496-107964.40527895326i            8595943.15788708
0                         3.3877192643821404E-7    -1.3575920303615201E-7   -354765.69679268496-100709.25909203975i           7763891.523545383
0                         3.3877192643821404E-7    -1.1978753209072235E-7   -329233.531998656-85685.49090388976i              6920810.240372666
0                         3.3877192643821404E-7    -1.0381586114529273E-7   -271271.9967277816-74069.29384440018i             6082429.909357978
0                         3.3877192643821404E-7    -8.784419019986307E-8    -207590.0472935948-61264.43266766344i             5255797.00853193
0                         3.3877192643821404E-7    -7.187251925443345E-8    -138187.68369609676-47270.90737367989i            4455073.549497464
0                         3.3877192643821404E-7    -5.590084830900378E-8    -155842.35851704294-44558.30823942686i            3850853.6608451586
0                         3.3877192643821404E-7    -3.9929177363574116E-8   -58964.80330336766-23653.737936488833i            3276744.2000968484
0                         3.3877192643821404E-7    -2.39575064181445E-8     28336.121213805294-4561.024774213805i             2837371.9719035104
0                         3.3877192643821404E-7    -7.985835472714834E-9    13465.135823551565-1121.2421591944258i            2488732.5976572786
0                         3.3877192643821404E-7    7.985835472714834E-9     -4481.974884870957+1230.5571940021837i            2490863.852179572
0                         3.3877192643821404E-7    2.3957506418144448E-8    22807.412256089796+12232.616702432759i            2552080.285050877
0                         3.3877192643821404E-7    3.9929177363574116E-8    95797.6894710979+31472.84789980593i               3114500.2516035447
0                         3.3877192643821404E-7    5.590084830900378E-8     89863.19848172262+34728.29101024909i              3795408.370745716
0                         3.3877192643821404E-7    7.18725192544334E-8      115694.89591923254+40328.39486424187i             4491545.734876459
0                         3.3877192643821404E-7    8.784419019986301E-8     140736.59364348208+48803.57483867835i             5225249.316005243
0                         3.3877192643821404E-7    1.0381586114529268E-7    160954.27715810144+55547.87335636518i             6029993.223930008
0                         3.3877192643821404E-7    1.1978753209072235E-7    265175.0617686233+77233.51240595768i              6905406.3200851185
0                         3.3877192643821404E-7    1.3575920303615201E-7    400836.0908808769+107789.19867641048i             7783968.759440995
0                         3.3877192643821404E-7    1.5173087398158168E-7    447635.12512256857+124335.19420712383i            8658865.251566162
0                         3.3877192643821404E-7    1.6770254492701124E-7    486017.0256362031+138963.97268609353i             9510051.284516923
0                         3.3877192643821404E-7    1.836742158724409E-7     559383.7300881956+158282.78858398763i             1.0395641674444292E7
0                         3.3877192643821404E-7    1.9964588681787058E-7    663888.84610973+185625.31485346766i               1.1276741223796943E7
0                         3.3877192643821404E-7    2.1561755776330025E-7    719385.5693104689+203228.50343271368i             1.2233886565147912E7
0                         3.3877192643821404E-7    2.3158922870872991E-7    760030.3337070523+217607.93857242167i             1.3078923710210083E7
0                         3.3877192643821404E-7    2.475608996541595E-7     930292.7830678953+257863.70789904337i             1.3875611542796476E7
0                         3.3877192643821404E-7    2.6353257059958914E-7    1061872.1044667438+292464.94907975424i            1.4612021639108539E7
0                         3.3877192643821404E-7    2.795042415450188E-7     1158031.6109915024+318596.04880622076i            1.530243334756068E7
0                         3.3877192643821404E-7    2.954759124904485E-7     1277779.0415829225+351575.8136072216i             1.6014888720954228E7
0                         3.3877192643821404E-7    3.1144758343587815E-7    1196770.7841632944+340749.7025234174i             1.6138980760485394E7
0                         3.3877192643821404E-7    3.274192543813078E-7     1348296.5442841533+376049.09224469634i            1.6565312436151415E7
0                         3.3877192643821404E-7    3.433909253267374E-7     1267909.0035081194+363611.40907964384i            1.6920910665264063E7
0                         3.3877192643821404E-7    3.5936259627216704E-7    1378984.0333476155+385472.2790165447i             1.7275582251155596E7
0                         3.3877192643821404E-7    3.753342672175967E-7     1472501.8908710503+404283.41131623345i            1.752770192657807E7
0                         3.3877192643821404E-7    3.913059381630264E-7     1548462.5760784224+420044.8059787099i             1.7677064361099776E7
0                         3.5417065036722375E-7    -3.913059381630264E-7    -1013930.3900340782-282808.7152515764i            1.7902787827551357E7
0                         3.5417065036722375E-7    -3.753342672175967E-7    -1238635.4417810827-316138.81843101437i           1.74767140090286E7
0                         3.5417065036722375E-7    -3.593625962721671E-7    -1146149.266590003-298013.3738037661i             1.7261276782100923E7
0                         3.5417065036722375E-7    -3.4339092532673743E-7   -1036540.7278963565-276930.1046135164i            1.694172086625905E7
0                         3.5417065036722375E-7    -3.2741925438130776E-7   -909809.8257001392-252889.01086026407i            1.6518342088506859E7
0                         3.5417065036722375E-7    -3.1144758343587815E-7   -1218365.524351919-308152.8872734136i             1.6491523531454416E7
0                         3.5417065036722375E-7    -2.954759124904485E-7    -587651.8337936271-178026.46081375447i            1.540909767661758E7
0                         3.5417065036722375E-7    -2.7950424154501886E-7   -935937.8472407651-246354.55915930058i            1.5139006569747435E7
0                         3.5417065036722375E-7    -2.635325705995892E-7    -923805.2147491531-236250.4725937858i             1.454543824059715E7
0                         3.5417065036722375E-7    -2.4756089965415953E-7   -845187.3343171559-215148.05699508774i            1.3859022375150137E7
0                         3.5417065036722375E-7    -2.3158922870872991E-7   -751065.7736072221-191284.81799327457i            1.3105446771945259E7
0                         3.5417065036722375E-7    -2.1561755776330025E-7   -641440.5326193424-164660.75558834453i            1.228575731315657E7
0                         3.5417065036722375E-7    -1.996458868178706E-7    -516943.69786382373-135580.14873517258i           1.1367784136230865E7
0                         3.5417065036722375E-7    -1.8367421587244096E-7   -583054.3584408332-146350.35434895207i            1.0722994730287576E7
0                         3.5417065036722375E-7    -1.677025449270113E-7    -477567.9686607106-122181.58640268107i            9821624.370188283
0                         3.5417065036722375E-7    -1.5173087398158168E-7   -346226.0830839805-91029.93679795304i             8680686.144761898
0                         3.5417065036722375E-7    -1.3575920303615201E-7   -334975.26234954107-85760.87458184181i            7857196.014730157
0                         3.5417065036722375E-7    -1.1978753209072235E-7   -317390.6824333223-79631.44407675168i             7017087.862105418
0                         3.5417065036722375E-7    -1.0381586114529273E-7   -293472.34333532816-72641.64528268413i            6167633.144171472
0                         3.5417065036722375E-7    -8.784419019986307E-8    -167396.75778853637-41493.454267183i              5312698.605320888
0                         3.5417065036722375E-7    -7.187251925443345E-8    -101742.62412818772-31255.00066429662i            4475382.031460755
0                         3.5417065036722375E-7    -5.590084830900378E-8    739.2322043319582-9191.25754939107i               3670544.45773489
0                         3.5417065036722375E-7    -3.9929177363574116E-8   -34567.60116520084-12766.57309876042i             3212143.9498567902
0                         3.5417065036722375E-7    -2.39575064181445E-8     29200.858900715742+230.11275639278756i            2545249.338825324
0                         3.5417065036722375E-7    -7.985835472714834E-9    17035.718603394518+776.619779016226i              2185938.121039869
0                         3.5417065036722375E-7    7.985835472714834E-9     3917.2508737352327+1125.118820034102i             2185487.3093041806
0                         3.5417065036722375E-7    2.3957506418144448E-8    -10154.544288262048+1275.6098794464215i           2543873.955320066
0                         3.5417065036722375E-7    3.9929177363574116E-8    84993.47485878912+21859.246222422575i             2978161.5050823176
0                         3.5417065036722375E-7    5.590084830900378E-8     162538.85217555147+39056.611395723565i            3710837.4203689513
0                         3.5417065036722375E-7    7.18725192544334E-8      206894.3795654804+50964.23304369983i              4468026.634837058
0                         3.5417065036722375E-7    8.784419019986301E-8     256232.4359872893+62917.77197597633i              5243076.581430142
0                         3.5417065036722375E-7    1.0381586114529268E-7    318700.5428702135+75728.12211959466i              6033009.71990448
0                         3.5417065036722375E-7    1.1978753209072235E-7    289788.45525038266+74431.26233971957i             7044470.205217302
0                         3.5417065036722375E-7    1.3575920303615201E-7    344147.27515121736+89685.0403611426i              7948254.061611688
0                         3.5417065036722375E-7    1.5173087398158168E-7    331019.5168387983+89331.83475385548i              8737581.871057954
0                         3.5417065036722375E-7    1.6770254492701124E-7    408809.49997537304+106635.69924622949i            9623776.218614435
0                         3.5417065036722375E-7    1.836742158724409E-7     495377.2434468691+126443.49233364387i             1.049937001247638E7
0                         3.5417065036722375E-7    1.9964588681787058E-7    597809.8583006971+151087.91560773324i             1.1360253411493436E7
0                         3.5417065036722375E-7    2.1561755776330025E-7    686956.5559095127+173644.52910819685i             1.2166848792713804E7
0                         3.5417065036722375E-7    2.3158922870872991E-7    692426.7737477147+178773.12062350824i             1.3146289599387022E7
0                         3.5417065036722375E-7    2.475608996541595E-7     725742.0005419506+189999.092549345i               1.389952009538251E7
0                         3.5417065036722375E-7    2.6353257059958914E-7    884140.9316490171+226718.6408568843i              1.460829924651242E7
0                         3.5417065036722375E-7    2.795042415450188E-7     986444.6872490996+252699.46204102776i             1.526941182809967E7
0                         3.5417065036722375E-7    2.954759124904485E-7     1080596.9671574126+277368.9228182799i             1.5938683564577345E7
0                         3.5417065036722375E-7    3.1144758343587815E-7    1143709.714689639+294713.5637489903i              1.6472575740169441E7
0                         3.5417065036722375E-7    3.274192543813078E-7     905307.4184969487+251532.8382395506i              1.6404601862765977E7
0                         3.5417065036722375E-7    3.433909253267374E-7     1033816.1357142054+276050.8447592953i             1.685409102866331E7
0                         3.5417065036722375E-7    3.5936259627216704E-7    1144767.6806154002+297519.1136418282i             1.720141783095255E7
0                         3.5417065036722375E-7    3.753342672175967E-7     1238162.0532005266+315937.64488714875i            1.744623524536492E7
0                         3.5417065036722375E-7    3.913059381630264E-7     1013930.3900340648+282808.71525157354i            1.790353899060662E7
0                         3.6956937429623347E-7    -3.913059381630264E-7    -493391.05395248905-136989.1484582185i            1.7696364966573413E7
0                         3.6956937429623347E-7    -3.753342672175967E-7    -493601.07283810375-137693.89710713705i           1.7778872843501028E7
0                         3.6956937429623347E-7    -3.593625962721671E-7    -911588.4815207794-209953.95772417774i            1.7001917401207916E7
0                         3.6956937429623347E-7    -3.4339092532673743E-7   -801931.211596934-189210.16423586017i             1.668957262098282E7
0                         3.6956937429623347E-7    -3.2741925438130776E-7   -970778.2120497072-223149.22738352i               1.681365445848799E7
0                         3.6956937429623347E-7    -3.1144758343587815E-7   -931639.6956604542-217382.5617549077i             1.6311731737204721E7
0                         3.6956937429623347E-7    -2.954759124904485E-7    -1155142.1696765318-255987.69920934943i           1.570159408689126E7
0                         3.6956937429623347E-7    -2.7950424154501886E-7   -1110512.711942343-244329.57821383583i            1.517016656668707E7
0                         3.6956937429623347E-7    -2.635325705995892E-7    -765928.668914272-175400.39236975525i             1.4411650980128044E7
0                         3.6956937429623347E-7    -2.4756089965415953E-7   -689633.2537730782-156669.45624893619i            1.3744077551023133E7
0                         3.6956937429623347E-7    -2.3158922870872991E-7   -597834.1583539398-135177.6967250005i             1.3009078317852458E7
0                         3.6956937429623347E-7    -2.1561755776330025E-7   -490531.3826568604-110925.11379794872i            1.2207606082843374E7
0                         3.6956937429623347E-7    -1.996458868178706E-7    -413697.70669031376-92974.45000340522i            1.1250348052747617E7
0                         3.6956937429623347E-7    -1.8367421587244096E-7   -552692.5621435037-120156.91520646331i            1.0633677442130677E7
0                         3.6956937429623347E-7    -1.677025449270113E-7    -456537.6566762456-100016.89511319244i            9764636.374716733
0                         3.6956937429623347E-7    -1.5173087398158168E-7   -407719.8165308633-89750.15733645298i             8874958.980847873
0                         3.6956937429623347E-7    -1.3575920303615201E-7   -315184.8279063941-70812.4900716434i              7854349.128744549
0                         3.6956937429623347E-7    -1.1978753209072235E-7   -294957.3237070013-66669.1435373554i              7021732.3610714665
0                         3.6956937429623347E-7    -1.0381586114529273E-7   -268396.0603258312-61665.42871408976i             6174932.664926306
0                         3.6956937429623347E-7    -8.784419019986307E-8    -235501.03776288277-55801.34560184527i            5323692.426890056
0                         3.6956937429623347E-7    -7.187251925443345E-8    -58909.65385480497-11547.892420989658i            4464172.2271907125
0                         3.6956937429623347E-7    -5.590084830900378E-8    51302.416381804505+7725.938589021796i             3651503.535246499
0                         3.6956937429623347E-7    -3.9929177363574116E-8   161968.30992382125+27010.550098184394i            2883425.482190784
0                         3.6956937429623347E-7    -2.39575064181445E-8     27942.798701795036+4131.27500678214i              2280863.205577218
0                         3.6956937429623347E-7    -7.985835472714834E-9    20606.301383237354+2674.481717226874i             1878383.5200860293
0                         3.6956937429623347E-7    7.985835472714834E-9     12316.476632341393+1019.6804460660205i            1872876.1943637494
0                         3.6956937429623347E-7    2.3957506418144448E-8    3073.3244491074875-833.1288067004516i             2266993.8313863003
0                         3.6956937429623347E-7    3.9929177363574116E-8    74189.26024648023+12245.644545039162i             2843974.6888254145
0                         3.6956937429623347E-7    5.590084830900378E-8     156571.00594077492+27350.75005526771i             3601817.4129648195
0                         3.6956937429623347E-7    7.18725192544334E-8      296472.6057370788+61373.86323444155i              4418605.834285347
0                         3.6956937429623347E-7    8.784419019986301E-8     346850.77862485405+75836.47972358903i             5223832.776786003
0                         3.6956937429623347E-7    1.0381586114529268E-7    335305.7193411095+76400.7001838357i               6044915.557894719
0                         3.6956937429623347E-7    1.1978753209072235E-7    224539.59952841199+56930.14515931081i             7106662.4496385325
0                         3.6956937429623347E-7    1.3575920303615201E-7    167938.10784360254+43685.747650045436i            7850184.020482346
0                         3.6956937429623347E-7    1.5173087398158168E-7    250333.15103156818+58885.63309601066i             8754497.744970666
0                         3.6956937429623347E-7    1.6770254492701124E-7    331601.97431454016+74307.42580636495i             9621079.7828068
0                         3.6956937429623347E-7    1.836742158724409E-7     431370.75680554553+94604.19608330086i             1.0483906215242585E7
0                         3.6956937429623347E-7    1.9964588681787058E-7    531730.8704916658+116550.51636199857i             1.1323572535671517E7
0                         3.6956937429623347E-7    2.1561755776330025E-7    618805.0669327707+136409.02686707076i             1.2108043896782361E7
0                         3.6956937429623347E-7    2.3158922870872991E-7    692593.3461288614+154179.72759851656i             1.2835799986379072E7
0                         3.6956937429623347E-7    2.475608996541595E-7     658881.9836712833+149150.10584835662i             1.380976202862698E7
0                         3.6956937429623347E-7    2.6353257059958914E-7    684867.6728631789+157222.6145603233i              1.4469877161121517E7
0                         3.6956937429623347E-7    2.795042415450188E-7     814857.7635066907+186802.87527583409i             1.507256548014754E7
0                         3.6956937429623347E-7    2.954759124904485E-7     883414.8927319003+203162.03202933766i             1.5687622411692614E7
0                         3.6956937429623347E-7    3.1144758343587815E-7    928683.9812973756+215420.02511964587i             1.625783628838588E7
0                         3.6956937429623347E-7    3.274192543813078E-7     977029.1072748525+223144.48346941674i             1.677616152411967E7
0                         3.6956937429623347E-7    3.433909253267374E-7     799723.2679202949+188490.28043894714i             1.6602271502060877E7
0                         3.6956937429623347E-7    3.5936259627216704E-7    454112.6990131602+129538.7985568617i              1.7704975096833333E7
0                         3.6956937429623347E-7    3.753342672175967E-7     488085.6688569102+136107.620271155i               1.7746167331983976E7
0                         3.6956937429623347E-7    3.913059381630264E-7     493391.05395248084+136989.14845821718i            1.7696978957729064E7
0                         3.849680982252432E-7     -3.913059381630264E-7    -4164040.026541538-852038.061417355i              1.837243697269216E7
0                         3.849680982252432E-7     -3.753342672175967E-7    -4261837.347591745-868791.4028093634i             1.847957662991902E7
0                         3.849680982252432E-7     -3.593625962721671E-7    -3720880.838435014-764654.4474919998i             1.7301141587191064E7
0                         3.849680982252432E-7     -3.4339092532673743E-7   -3712350.816776269-763082.9531343819i             1.7144072609162778E7
0                         3.849680982252432E-7     -3.2741925438130776E-7   -3509690.2551737805-720489.4518617932i            1.7129702500300396E7
0                         3.849680982252432E-7     -3.1144758343587815E-7   -3512760.7230420117-721519.522875624i             1.6647170547707962E7
0                         3.849680982252432E-7     -2.954759124904485E-7    -3266672.1563546103-653653.9737668849i            1.5972693428763025E7
0                         3.849680982252432E-7     -2.7950424154501886E-7   -3120232.5864812965-625490.0591729572i            1.5440052267698318E7
0                         3.849680982252432E-7     -2.635325705995892E-7    -2993009.0799562046-600243.6536584848i            1.4831242025900353E7
0                         3.849680982252432E-7     -2.4756089965415953E-7   -2712884.0415550787-544663.1328359102i            1.4004015327378271E7
0                         3.849680982252432E-7     -2.3158922870872991E-7   -2662092.0447219145-528304.3206508616i            1.3295564750013065E7
0                         3.849680982252432E-7     -2.1561755776330025E-7   -2591187.577300781-508579.0057850762i             1.2518178170193404E7
0                         3.849680982252432E-7     -1.996458868178706E-7    -2482855.832641068-476904.20590107265i            1.1630416835782893E7
0                         3.849680982252432E-7     -1.8367421587244096E-7   -2044439.1790347628-387330.86425065884i           1.0900777316921355E7
0                         3.849680982252432E-7     -1.677025449270113E-7    -1872714.726402621-358727.0260428641i             1.0025524323108464E7
0                         3.849680982252432E-7     -1.5173087398158168E-7   -1616210.5947080574-312227.17572677066i           9129503.609121809
0                         3.849680982252432E-7     -1.3575920303615201E-7   -1438922.0263964608-278747.6303855961i            8059938.055277817
0                         3.849680982252432E-7     -1.1978753209072235E-7   -1258453.3111667666-244283.76647975866i           7221808.4504762525
0                         3.849680982252432E-7     -1.0381586114529273E-7   -1071827.4272120604-209101.8743539645i            6365547.951989842
0                         3.849680982252432E-7     -8.784419019986307E-8    -879044.3745323378-173201.95400821284i            5498800.3607343845
0                         3.849680982252432E-7     -7.187251925443345E-8    -922252.7878830116-176160.88545101197i            4627476.868307111
0                         3.849680982252432E-7     -5.590084830900378E-8    -808480.6405889059-150495.0749652882i             3788967.4597088634
0                         3.849680982252432E-7     -3.9929177363574116E-8   -412448.24805153476-81980.71980720438i            2958631.153827578
0                         3.849680982252432E-7     -2.39575064181445E-8     -116436.2640127256-22738.072894296518i            2068206.526187614
0                         3.849680982252432E-7     -7.985835472714834E-9    4778.753791175026+4966.658910226077i              1591229.3378601975
0                         3.849680982252432E-7     7.985835472714834E-9     98928.3835231782+20755.84568054631i               1615179.6527478762
0                         3.849680982252432E-7     2.3957506418144448E-8    192121.35653615822+36429.21661343413i             2072961.102730269
0                         3.849680982252432E-7     3.9929177363574116E-8    308948.252331621+59204.01249888737i               2873879.187128983
0                         3.849680982252432E-7     5.590084830900378E-8     715389.4429469076+131041.60368634736i             3684360.4872458684
0                         3.849680982252432E-7     7.18725192544334E-8      812074.5213941538+152055.1983692685i              4547442.591142025
0                         3.849680982252432E-7     8.784419019986301E-8     948805.7116846347+178068.10303259347i             5397265.960888188
0                         3.849680982252432E-7     1.0381586114529268E-7    1134736.1912271255+213520.96886901045i            6241137.356506707
0                         3.849680982252432E-7     1.1978753209072235E-7    1312909.7114949333+247902.0839055415i             7073258.203593211
0                         3.849680982252432E-7     1.3575920303615201E-7    1546024.5160008431+291766.3225332706i             8119278.049969532
0                         3.849680982252432E-7     1.5173087398158168E-7    1786267.0502624582+337214.008482961i              9030425.149544865
0                         3.849680982252432E-7     1.6770254492701124E-7    2021634.8863369655+382244.8867021093i             9902946.116133552
0                         3.849680982252432E-7     1.836742158724409E-7     2137461.9945773077+412772.2164555731i             1.0782499434351437E7
0                         3.849680982252432E-7     1.9964588681787058E-7    2354657.44891703+455378.2007801302i               1.1623679840323135E7
0                         3.849680982252432E-7     2.1561755776330025E-7    2559668.7125984253+496383.12985002925i            1.2408079732572054E7
0                         3.849680982252432E-7     2.3158922870872991E-7    2752495.7856214917+535787.0036652673i             1.3134545355872506E7
0                         3.849680982252432E-7     2.475608996541595E-7     2915045.772531847+567706.6507885018i              1.4151524011243917E7
0                         3.849680982252432E-7     2.6353257059958914E-7    3127329.553319031+609018.5771931615i              1.481830997485251E7
0                         3.849680982252432E-7     2.795042415450188E-7     3124936.5487720687+624470.2185791453i             1.5304345059924146E7
0                         3.849680982252432E-7     2.954759124904485E-7     3266505.0454251063+675226.5270960653i             1.5852937824107585E7
0                         3.849680982252432E-7     3.1144758343587815E-7    3444806.8056612695+709840.0549059173i             1.6578147860055493E7
0                         3.849680982252432E-7     3.274192543813078E-7     3449659.1719359914+710347.0210849652i             1.7078558402215067E7
0                         3.849680982252432E-7     3.433909253267374E-7     3592835.102292273+740607.3567967128i              1.721449031495892E7
0                         3.849680982252432E-7     3.5936259627216704E-7    4182245.63234875+853452.4655017611i               1.8394458360337738E7
0                         3.849680982252432E-7     3.753342672175967E-7     4183642.744383186+854521.6248293207i              1.8429498350616064E7
0                         3.849680982252432E-7     3.913059381630264E-7     4164040.026567162+852038.0614219509i              1.837232060807963E7
0                         4.003668221542529E-7     -3.913059381630264E-7    -4342979.268492244-852133.8513950204i             1.908770983260676E7
0                         4.003668221542529E-7     -3.753342672175967E-7    -3601491.6135223424-709132.3138590169i            1.7590254243925665E7
0                         4.003668221542529E-7     -3.593625962721671E-7    -3612868.1925069103-710686.7020643201i            1.75257680202646E7
0                         4.003668221542529E-7     -3.4339092532673743E-7   -3605802.404658924-709444.1054562907i             1.737267884446573E7
0                         4.003668221542529E-7     -3.2741925438130776E-7   -3580294.249978384-705404.5240349277i             1.7130989992693875E7
0                         4.003668221542529E-7     -3.1144758343587815E-7   -3206759.3724326715-615755.239830028i             1.6787782502337612E7
0                         4.003668221542529E-7     -2.954759124904485E-7    -3173030.544810652-610592.0625163978i             1.6255067806269135E7
0                         4.003668221542529E-7     -2.7950424154501886E-7   -3036411.881418976-584495.4469466277i             1.5713223373001365E7
0                         4.003668221542529E-7     -2.635325705995892E-7    -2948458.2808419517-564759.9136477333i            1.506883697368013E7
0                         4.003668221542529E-7     -2.4756089965415953E-7   -2844626.6438107407-541469.7572498369i            1.4434693623416526E7
0                         4.003668221542529E-7     -2.3158922870872991E-7   -2499791.5440688524-477026.9021914406i            1.3523224420212027E7
0                         4.003668221542529E-7     -2.1561755776330025E-7   -2501069.4478695784-464264.8306862901i            1.2818214930353826E7
0                         4.003668221542529E-7     -1.996458868178706E-7    -2411384.232979689-446957.9698526161i             1.1942179511982553E7
0                         4.003668221542529E-7     -1.8367421587244096E-7   -2056109.9196996996-375078.8772695486i            1.1238194154828709E7
0                         4.003668221542529E-7     -1.677025449270113E-7    -1876189.4747194422-345656.19081751717i           1.0342634400677674E7
0                         4.003668221542529E-7     -1.5173087398158168E-7   -1621393.428352723-299555.5402901764i             9473227.92593722
0                         4.003668221542529E-7     -1.3575920303615201E-7   -1476061.0224098153-271443.9764070873i            8303215.367539491
0                         4.003668221542529E-7     -1.1978753209072235E-7   -1298277.8533725254-237641.1685236423i            7484826.078572236
0                         4.003668221542529E-7     -1.0381586114529273E-7   -1114337.515610223-203120.33242024062i            6645704.6284315875
0                         4.003668221542529E-7     -8.784419019986307E-8    -1127773.5199960766-199734.87003657984i           5877268.47994251
0                         4.003668221542529E-7     -7.187251925443345E-8    -826581.7707864377-150593.97827696553i            4813318.919314308
0                         4.003668221542529E-7     -5.590084830900378E-8    -759030.5596785647-136833.75877500666i            3911626.093889079
0                         4.003668221542529E-7     -3.9929177363574116E-8   -422178.1815279184-72738.12154424282i             3004060.0291784024
0                         4.003668221542529E-7     -2.39575064181445E-8     -173194.28247632307-32094.805875026446i           2041539.0115421133
0                         4.003668221542529E-7     -7.985835472714834E-9    69528.6076481475+13473.449377297653i              1339460.568840825
0                         4.003668221542529E-7     7.985835472714834E-9     157470.87834441164+27770.717797683923i            1440232.937186151
0                         4.003668221542529E-7     2.3957506418144448E-8    244456.49232165288+41952.17038063769i             1972797.6219945496
0                         4.003668221542529E-7     3.9929177363574116E-8    369202.9574405522+61949.952926306825i             2875228.6305214795
0                         4.003668221542529E-7     5.590084830900378E-8     554473.8193778715+92136.54490660789i              3742142.4050747748
0                         4.003668221542529E-7     7.18725192544334E-8      734998.6957133804+129184.59504135203i             4735901.197778787
0                         4.003668221542529E-7     8.784419019986301E-8     980726.9936437662+171873.90833906597i             5661370.203000946
0                         4.003668221542529E-7     1.0381586114529268E-7    1162546.2098035119+206358.48219903256i            6490976.081760277
0                         4.003668221542529E-7     1.1978753209072235E-7    1336608.4666885764+239771.3052591132i             7304781.269901265
0                         4.003668221542529E-7     1.3575920303615201E-7    1561041.0827737586+281969.11289974605i            8406753.537460955
0                         4.003668221542529E-7     1.5173087398158168E-7    1798141.3158724399+326715.71083252464i            9291488.674501762
0                         4.003668221542529E-7     1.6770254492701124E-7    1901700.818082795+349921.936187988i               1.018202653216709E7
0                         4.003668221542529E-7     1.836742158724409E-7     2086678.7169486715+383914.8995743749i             1.1053382802266803E7
0                         4.003668221542529E-7     1.9964588681787058E-7    2303100.7310659974+426327.2599422367i             1.1870018367786467E7
0                         4.003668221542529E-7     2.1561755776330025E-7    2507338.554524997+467138.565055439i               1.2629403085601699E7
0                         4.003668221542529E-7     2.3158922870872991E-7    2699392.1873256634+506348.81491398124i            1.3330522532042818E7
0                         4.003668221542529E-7     2.475608996541595E-7     2836949.071582755+534782.3942973396i              1.441327051840207E7
0                         4.003668221542529E-7     2.6353257059958914E-7    2805927.7085178364+543651.2147989089i             1.4919377512035968E7
0                         4.003668221542529E-7     2.795042415450188E-7     3261214.9506568974+611904.5044523i                1.549393428170294E7
0                         4.003668221542529E-7     2.954759124904485E-7     3348908.776334166+625679.7321304169i              1.609267604969179E7
0                         4.003668221542529E-7     3.1144758343587815E-7    3181520.644000574+631981.976907661i               1.6677529517351631E7
0                         4.003668221542529E-7     3.274192543813078E-7     3419099.9103633724+675060.9163656865i             1.722645835651314E7
0                         4.003668221542529E-7     3.433909253267374E-7     3485847.121617646+686856.3584141631i              1.7445955299248178E7
0                         4.003668221542529E-7     3.5936259627216704E-7    3533524.9849285744+695741.5098432126i             1.7575909136694983E7
0                         4.003668221542529E-7     3.753342672175967E-7     3562133.500296161+701716.3706528333i              1.7616315856249973E7
0                         4.003668221542529E-7     3.913059381630264E-7     4342979.268519605+852133.8513998477i              1.90860223491885E7
0                         4.1576554608326266E-7    -3.913059381630264E-7    -3460731.554155598-650155.3999135238i             1.7810247236802187E7
0                         4.1576554608326266E-7    -3.753342672175967E-7    -3492014.733783472-654835.6706817477i             1.7838339649263732E7
0                         4.1576554608326266E-7    -3.593625962721671E-7    -3504855.5465787975-656718.9566366392i            1.7777864506320126E7
0                         4.1576554608326266E-7    -3.4339092532673743E-7   -3499253.992541575-655805.2577781987i             1.7628817495687585E7
0                         4.1576554608326266E-7    -3.2741925438130776E-7   -3256473.515951628-597300.1487412791i             1.725623444756047E7
0                         4.1576554608326266E-7    -3.1144758343587815E-7   -3112873.9974786076-572590.432192647i             1.7086836375219557E7
0                         4.1576554608326266E-7    -2.954759124904485E-7    -3079388.9332666905-567530.1512659097i            1.656156332609155E7
0                         4.1576554608326266E-7    -2.7950424154501886E-7   -2952591.1763566593-543500.8347202983i            1.6008837968723483E7
0                         4.1576554608326266E-7    -2.635325705995892E-7    -2903907.4817276984-529276.173636982i             1.532709981521826E7
0                         4.1576554608326266E-7    -2.4756089965415953E-7   -2800790.7304448336-506209.00620613794i           1.4709090082500279E7
0                         4.1576554608326266E-7    -2.3158922870872991E-7   -2743576.916713498-487846.588020406i              1.4099087096776338E7
0                         4.1576554608326266E-7    -2.1561755776330025E-7   -2421719.4876660225-432575.4660515698i            1.3133293363701621E7
0                         4.1576554608326266E-7    -1.996458868178706E-7    -2339912.6333183064-417011.733804159i             1.2272135940369863E7
0                         4.1576554608326266E-7    -1.8367421587244096E-7   -2245816.750250054-399470.18003699195i            1.1365781151719442E7
0                         4.1576554608326266E-7    -1.677025449270113E-7    -1817321.0031830976-317401.4030844664i            1.0663431143223254E7
0                         4.1576554608326266E-7    -1.5173087398158168E-7   -1626576.2619973859-286883.9048535818i            9826105.217548428
0                         4.1576554608326266E-7    -1.3575920303615201E-7   -1513200.0184231699-264140.3224285784i            8559335.374653649
0                         4.1576554608326266E-7    -1.1978753209072235E-7   -1338102.3955782854-230998.5705675262i            7761628.340758879
0                         4.1576554608326266E-7    -1.0381586114529273E-7   -1156847.6040083882-197138.7904865172i            6941101.982846004
0                         4.1576554608326266E-7    -8.784419019986307E-8    -1032827.7894626391-174316.60631244158i           6050751.8863495765
0                         4.1576554608326266E-7    -7.187251925443345E-8    -730910.7536898637-125027.07110291907i            5009114.189485136
0                         4.1576554608326266E-7    -5.590084830900378E-8    -422765.0071492933-74663.87748222858i             3983099.2568321815
0                         4.1576554608326266E-7    -3.9929177363574116E-8   -476989.08359260316-81611.19537617722i            2979513.3542184895
0                         4.1576554608326266E-7    -2.39575064181445E-8     -229952.30093992097-41451.5388557564i             2019554.1728406597
0                         4.1576554608326266E-7    -7.985835472714834E-9    13097.43289906872-2427.259322800779i              1297496.6881529856
0                         4.1576554608326266E-7    7.985835472714834E-9     216013.3731656457+34785.58991482151i              1305983.0249651363
0                         4.1576554608326266E-7    2.3957506418144448E-8    296791.6281071482+47475.12414784138i              1909694.1876697128
0                         4.1576554608326266E-7    3.9929177363574116E-8    396009.21293158905+62763.566747242236i            2909176.5642098454
0                         4.1576554608326266E-7    5.590084830900378E-8     573818.3305283226+91450.2368110127i               3797160.5557161914
0                         4.1576554608326266E-7    7.18725192544334E-8      764911.7328147332+121197.32454914844i             4856434.466403625
0                         4.1576554608326266E-7    8.784419019986301E-8     934953.9415408315+154726.77076941717i             5868646.518129923
0                         4.1576554608326266E-7    1.0381586114529268E-7    1190356.2283798987+199195.99552905455i            6755903.000381396
0                         4.1576554608326266E-7    1.1978753209072235E-7    1360307.2218822204+231640.52661268495i            7549800.652828662
0                         4.1576554608326266E-7    1.3575920303615201E-7    1576057.6495466768+272171.9032662222i             8703398.424193304
0                         4.1576554608326266E-7    1.5173087398158168E-7    1659059.0387107097+290787.12782675575i            9582961.471185608
0                         4.1576554608326266E-7    1.6770254492701124E-7    1854084.5178884878+323544.15371531283i            1.048897325615833E7
0                         4.1576554608326266E-7    1.836742158724409E-7     2035895.4393200327+355057.5826931764i             1.1342262090329412E7
0                         4.1576554608326266E-7    1.9964588681787058E-7    2251544.0132149626+397276.3191043421i             1.2134063696625076E7
0                         4.1576554608326266E-7    2.1561755776330025E-7    2455008.396451568+437894.00026084896i             1.2868215359091926E7
0                         4.1576554608326266E-7    2.3158922870872991E-7    2646288.5890298393+476910.62616269523i            1.3543819492996817E7
0                         4.1576554608326266E-7    2.475608996541595E-7     2758852.3706336617+501858.13780617714i            1.4689947375207374E7
0                         4.1576554608326266E-7    2.6353257059958914E-7    2986115.71664273+541957.5084920675i               1.5093721011640912E7
0                         4.1576554608326266E-7    2.795042415450188E-7     2968947.0110999784+549014.9801440667i             1.586326272856028E7
0                         4.1576554608326266E-7    2.954759124904485E-7     3036923.693114727+560052.3841757583i              1.6524390964007199E7
0                         4.1576554608326266E-7    3.1144758343587815E-7    3168885.5254440643+580240.8491558877i             1.7037285385107566E7
0                         4.1576554608326266E-7    3.274192543813078E-7     3290693.326767104+599350.6414190844i              1.7474307073229153E7
0                         4.1576554608326266E-7    3.433909253267374E-7     3378859.1409430164+633105.3600316138i             1.770474215923642E7
0                         4.1576554608326266E-7    3.5936259627216704E-7    3425219.2932948526+641698.9972790836i             1.7829887397914298E7
0                         4.1576554608326266E-7    3.753342672175967E-7     3452510.097703345+647382.3439071254i              1.786554952246087E7
0                         4.1576554608326266E-7    3.913059381630264E-7     3460731.554168496+650155.3999157399i              1.7811728809542302E7
0                         4.311642700122724E-7     -3.913059381630264E-7    -3349790.440605969-595529.8589866664i             1.808180950739837E7
0                         4.311642700122724E-7     -3.753342672175967E-7    -3382537.854044604-600539.0275044789i             1.8113894375643823E7
0                         4.311642700122724E-7     -3.593625962721671E-7    -3396842.9006506884-602751.211208959i             1.8057465092875432E7
0                         4.311642700122724E-7     -3.4339092532673743E-7   -3250696.8453414794-567589.7724358798i            1.7831774891486693E7
0                         4.311642700122724E-7     -3.2741925438130776E-7   -3196058.2404080667-558888.4546311887i            1.7497990745892905E7
0                         4.311642700122724E-7     -3.1144758343587815E-7   -3129671.6983394525-548765.4186492441i            1.7088751709367245E7
0                         4.311642700122724E-7     -2.954759124904485E-7    -2985747.321722731-524468.2400154222i             1.689217952548328E7
0                         4.311642700122724E-7     -2.7950424154501886E-7   -2952216.0704987817-515727.01846591744i           1.6142066234666651E7
0                         4.311642700122724E-7     -2.635325705995892E-7    -2859356.6826134454-493792.4336262307i            1.5606039813907256E7
0                         4.311642700122724E-7     -2.4756089965415953E-7   -2756954.8170789336-470948.25516244024i           1.5004302596063524E7
0                         4.311642700122724E-7     -2.3158922870872991E-7   -2636774.1794985984-447358.67927947926i           1.4319585630310351E7
0                         4.311642700122724E-7     -2.1561755776330025E-7   -2466170.2213946-420298.67450473114i              1.3517111883401409E7
0                         4.311642700122724E-7     -1.996458868178706E-7    -2268441.0336569236-387065.497755702i             1.261947146922129E7
0                         4.311642700122724E-7     -1.8367421587244096E-7   -2182223.511130839-371267.0725747973i             1.17275651282527E7
0                         4.311642700122724E-7     -1.677025449270113E-7    -2083716.9598842193-353490.8258741376i            1.0791755352060426E7
0                         4.311642700122724E-7     -1.5173087398158168E-7   -1716593.922363989-288599.33606877236i            9577491.104656836
0                         4.311642700122724E-7     -1.3575920303615201E-7   -1550339.0144365225-256836.6684500695i            8827934.01536151
0                         4.311642700122724E-7     -1.1978753209072235E-7   -1377926.937784045-224355.97261141002i            8051711.47817383
0                         4.311642700122724E-7     -1.0381586114529273E-7   -1234295.670497322-197262.8628365667i             7250407.343815688
0                         4.311642700122724E-7     -8.784419019986307E-8    -937882.0589292018-148898.34258830332i            6233180.567420085
0                         4.311642700122724E-7     -7.187251925443345E-8    -686056.1344827786-110021.16875922098i            5163338.867427179
0                         4.311642700122724E-7     -5.590084830900378E-8    -509493.04456046503-82017.37195161462i            4015352.9392846944
0                         4.311642700122724E-7     -3.9929177363574116E-8   -531799.9856572875-90484.26920811147i             2957621.2172995564
0                         4.311642700122724E-7     -2.39575064181445E-8     -286710.3194035182-50808.271836486245i            2002071.9795389744
0                         4.311642700122724E-7     -7.985835472714834E-9    -45607.70196344187-12267.651452326247i            1261293.1444313747
0                         4.311642700122724E-7     7.985835472714834E-9     274555.8679868797+41800.46203195916i              1219752.1701529329
0                         4.311642700122724E-7     2.3957506418144448E-8    349126.76389264315+52998.07791504508i             1883345.4724734032
0                         4.311642700122724E-7     3.9929177363574116E-8    422815.4684226259+63577.18056817757i              2960938.842134093
0                         4.311642700122724E-7     5.590084830900378E-8     593162.8416787735+90763.92871541737i              3861642.4028539793
0                         4.311642700122724E-7     7.18725192544334E-8      778812.4109794557+119190.0061277467i              4915771.594993767
0                         4.311642700122724E-7     8.784419019986301E-8     961830.9399937277+147447.97790004447i             5968684.764260676
0                         4.311642700122724E-7     1.0381586114529268E-7    1218166.2469562865+192033.5088590768i             7034938.488171309
0                         4.311642700122724E-7     1.1978753209072235E-7    1384005.9770758634+223509.74796625652i            7807618.1680442905
0                         4.311642700122724E-7     1.3575920303615201E-7    1413239.5827360905+231840.2353850808i             9004747.282108339
0                         4.311642700122724E-7     1.5173087398158168E-7    1611554.0222345889+264465.0653746169i             9929285.85121605
0                         4.311642700122724E-7     1.6770254492701124E-7    1806468.217694181+297166.37124263786i             1.0812779612737022E7
0                         4.311642700122724E-7     1.836742158724409E-7     1997982.1691148672+329944.152989144i              1.165507074719149E7
0                         4.311642700122724E-7     1.9964588681787058E-7    2199987.295363931+368225.37826644804i             1.2415812491792183E7
0                         4.311642700122724E-7     2.1561755776330025E-7    2306903.478495336+389553.2926697446i              1.3253274656946314E7
0                         4.311642700122724E-7     2.3158922870872991E-7    2427321.5657926076+415443.23130725115i            1.400626793852168E7
0                         4.311642700122724E-7     2.475608996541595E-7     2669950.391197537+464004.35744087276i             1.4822494787700176E7
0                         4.311642700122724E-7     2.6353257059958914E-7    2788805.941656001+485967.3673725716i              1.5500936775588218E7
0                         4.311642700122724E-7     2.795042415450188E-7     2873805.429125361+503444.5225085198i              1.6150072470217435E7
0                         4.311642700122724E-7     2.954759124904485E-7     2975692.1311714333+522768.02762619196i            1.6740882588032383E7
0                         4.311642700122724E-7     3.1144758343587815E-7    3103693.4796068193+542038.5635055498i             1.7247548740906287E7
0                         4.311642700122724E-7     3.274192543813078E-7     3221540.797035914+560230.4266679761i              1.7678258487022582E7
0                         4.311642700122724E-7     3.433909253267374E-7     3271871.1602683906+579354.3616490641i             1.7990899734374747E7
0                         4.311642700122724E-7     3.5936259627216704E-7    3316913.60166113+587656.4847149544i               1.8111222823967185E7
0                         4.311642700122724E-7     3.753342672175967E-7     3342886.6951105315+593048.3171614174i             1.814214456701202E7
0                         4.311642700122724E-7     3.913059381630264E-7     3349790.440616591+595529.8589884528i              1.8083663308443848E7
0                         4.465629939412821E-7     -3.913059381630264E-7    -3238849.3270563367-540904.3180598083i            1.838085693924408E7
0                         4.465629939412821E-7     -3.753342672175967E-7    -3273060.974305728-546242.3843272092i             1.841694422633424E7
0                         4.465629939412821E-7     -3.593625962721671E-7    -3288830.2547225747-548783.4657812787i            1.8364588663318172E7
0                         4.465629939412821E-7     -3.4339092532673743E-7   -3186483.988520208-528305.3669987356i             1.808792726471019E7
0                         4.465629939412821E-7     -3.2741925438130776E-7   -3135642.9648645017-520476.7605210979i            1.775886797535632E7
0                         4.465629939412821E-7     -3.1144758343587815E-7   -3073054.0040736008-511226.43586620747i           1.735426149470505E7
0                         4.465629939412821E-7     -2.954759124904485E-7    -2892105.710178769-481406.3287649343i             1.724690079437145E7
0                         4.465629939412821E-7     -2.7950424154501886E-7   -2906950.385636173-480020.28948811267i            1.6425144487446439E7
0                         4.465629939412821E-7     -2.635325705995892E-7    -2814805.8834991883-458308.69361547875i           1.5905659484140428E7
0                         4.465629939412821E-7     -2.4756089965415953E-7   -2693350.554527803-433252.00277799304i            1.5291830076745262E7
0                         4.465629939412821E-7     -2.3158922870872991E-7   -2529971.442283706-406870.7705385536i             1.4557147061132435E7
0                         4.465629939412821E-7     -2.1561755776330025E-7   -2360245.53565386-380041.6639138142i              1.3769778883127663E7
0                         4.465629939412821E-7     -1.996458868178706E-7    -2184172.8346382556-352764.68290377356i           1.2929861444696663E7
0                         4.465629939412821E-7     -1.8367421587244096E-7   -2118630.272011623-343063.96511260245i            1.2107026636943273E7
0                         4.465629939412821E-7     -1.677025449270113E-7    -2028002.08130717-327030.84699820454i             1.1185103793293571E7
0                         4.465629939412821E-7     -1.5173087398158168E-7   -1368958.5797152086-210620.43001361913i           1.0584664743250526E7
0                         4.465629939412821E-7     -1.3575920303615201E-7   -1587478.0104498789-249533.01447156083i           9108681.780851444
0                         4.465629939412821E-7     -1.1978753209072235E-7   -1417751.4799898034-217713.37465529388i           8354624.600684183
0                         4.465629939412821E-7     -1.0381586114529273E-7   -1070914.8768869769-166209.98220318308i           7484379.957732072
0                         4.465629939412821E-7     -8.784419019986307E-8    -908094.8797070219-140436.77089468658i            6361597.951781784
0                         4.465629939412821E-7     -7.187251925443345E-8    -742538.3418456777-114504.28059519758i            5226053.991963947
0                         4.465629939412821E-7     -5.590084830900378E-8    -574245.2633029348-88412.51130471565i             4084190.6346610133
0                         4.465629939412821E-7     -3.9929177363574116E-8   -428756.5061230199-67527.76488091865i             2992245.098266249
0                         4.465629939412821E-7     -2.39575064181445E-8     -343468.33786711557-60165.004817216126i           1988900.7150782007
0                         4.465629939412821E-7     -7.985835472714834E-9    -104312.8368259526-22108.043581851765i            1232652.8119955647
0                         4.465629939412821E-7     7.985835472714834E-9     130855.61540151652+14813.540666047189i            1171090.6577733478
0                         4.465629939412821E-7     2.3957506418144448E-8    401461.89967813785+58521.03168224865i             1891522.3809438082
0                         4.465629939412821E-7     3.9929177363574116E-8    449621.7239136613+64390.794389112736i             3028184.744047474
0                         4.465629939412821E-7     5.590084830900378E-8     612507.3528292249+90077.62061982218i              3934309.0260785646
0                         4.465629939412821E-7     7.18725192544334E-8      792713.0891441781+117182.68770634505i             4981036.547482917
0                         4.465629939412821E-7     8.784419019986301E-8     970287.785172723+144119.64915283644i              6022585.747955433
0                         4.465629939412821E-7     1.0381586114529268E-7    1145231.4409148586+170888.50495929638i            7051324.409119938
0                         4.465629939412821E-7     1.1978753209072235E-7    1407367.4553943058+213786.89947680634i            8091034.773567484
0                         4.465629939412821E-7     1.3575920303615201E-7    1556538.126609771+238184.85121246232i             9214312.66304641
0                         4.465629939412821E-7     1.5173087398158168E-7    1674649.7313660919+258291.6877995776i             1.0233318117695447E7
0                         4.465629939412821E-7     1.6770254492701124E-7    1787913.8512289245+278089.6615595538i             1.1212650800509943E7
0                         4.465629939412821E-7     1.836742158724409E-7     1896330.486198267+297578.77249238896i             1.2151989489797808E7
0                         4.465629939412821E-7     1.9964588681787058E-7    2148824.1081485897+336263.89341230225i            1.2798700929901564E7
0                         4.465629939412821E-7     2.1561755776330025E-7    2277011.2810448073+362803.6371027094i             1.358988033824087E7
0                         4.465629939412821E-7     2.3158922870872991E-7    2481239.543014674+401215.937586279i               1.4400297446191268E7
0                         4.465629939412821E-7     2.475608996541595E-7     2605426.520440167+423293.48840140854i             1.5125192997673107E7
0                         4.465629939412821E-7     2.6353257059958914E-7    2722188.9957034625+444768.2236493421i             1.5790529386803262E7
0                         4.465629939412821E-7     2.795042415450188E-7     2823405.9046013486+464833.426783224i              1.641467457137202E7
0                         4.465629939412821E-7     2.954759124904485E-7     2954819.471339709+489680.40350889054i             1.6943739393902853E7
0                         4.465629939412821E-7     3.1144758343587815E-7    3038501.433769566+503836.27785521117i             1.7477657318937387E7
0                         4.465629939412821E-7     3.274192543813078E-7     3152388.2673047194+521110.21191686735i            1.7902048190431572E7
0                         4.465629939412821E-7     3.433909253267374E-7     3256121.069833591+537305.4732615935i              1.8250382754059855E7
0                         4.465629939412821E-7     3.5936259627216704E-7    3208607.9100274118+533613.972150826i              1.841995623257515E7
0                         4.465629939412821E-7     3.753342672175967E-7     3233263.2925177184+538714.2904157095i             1.8446147951287415E7
0                         4.465629939412821E-7     3.913059381630264E-7     3238849.3270646846+540904.3180611654i             1.8383033495021787E7
0                         4.6196171787029186E-7    -3.913059381630264E-7    -3127908.2135067037-486278.77713295026i           1.870740653192821E7
0                         4.6196171787029186E-7    -3.753342672175967E-7    -3163584.0945668546-491945.74114993913i           1.874750056772806E7
0                         4.6196171787029186E-7    -3.593625962721671E-7    -3157566.636941728-494555.13853492076i            1.861178343579508E7
0                         4.6196171787029186E-7    -3.4339092532673743E-7   -3122271.131698936-489020.96156159067i            1.836314210165237E7
0                         4.6196171787029186E-7    -3.2741925438130776E-7   -3075227.689320939-482065.0664110072i             1.8038838559395738E7
0                         4.6196171787029186E-7    -3.1144758343587815E-7   -3016436.3098077443-473687.45308317064i           1.7638908962709554E7
0                         4.6196171787029186E-7    -2.954759124904485E-7    -2945896.993159349-463888.1215780801i             1.716340467368472E7
0                         4.6196171787029186E-7    -2.7950424154501886E-7   -2861684.7007735698-444313.56051030825i           1.6728799447828067E7
0                         4.6196171787029186E-7    -2.635325705995892E-7    -2770255.084384935-422824.953604727i              1.6225955139383076E7
0                         4.6196171787029186E-7    -2.4756089965415953E-7   -2585669.7658387464-392533.1958870569i            1.5531159851728316E7
0                         4.6196171787029186E-7    -2.3158922870872991E-7   -2423168.705068809-366382.8617976272i             1.4811764868207429E7
0                         4.6196171787029186E-7    -2.1561755776330025E-7   -2254320.849913118-339784.6533228969i             1.4039645531905008E7
0                         4.6196171787029186E-7    -1.996458868178706E-7    -2079126.2003716766-312738.5704628664i            1.3214926904039098E7
0                         4.6196171787029186E-7    -1.8367421587244096E-7   -1897584.7564444833-285244.6132175357i            1.2337788074341783E7
0                         4.6196171787029186E-7    -1.677025449270113E-7    -1972287.2027301216-300570.8681222719i            1.1596502924399044E7
0                         4.6196171787029186E-7    -1.5173087398158168E-7   -1859294.036086079-281375.80047641095i            1.07650798748333E7
0                         4.6196171787029186E-7    -1.3575920303615201E-7   -1186396.6818241542-161090.5850845066i            1.0141234589397937E7
0                         4.6196171787029186E-7    -1.1978753209072235E-7   -1262670.5066097088-190570.94380528902i           8623643.577685213
0                         4.6196171787029186E-7    -1.0381586114529273E-7   -1110857.0614907236-166869.0390049101i            7530791.088904925
0                         4.6196171787029186E-7    -8.784419019986307E-8    -956307.0756903435-143007.85521353837i            6421317.481376552
0                         4.6196171787029186E-7    -7.187251925443345E-8    -799020.5492085712-118987.39243117406i            5297536.851056052
0                         4.6196171787029186E-7    -5.590084830900378E-8    -638997.482045406-94807.65065781726i              4164387.6450326224
0                         4.6196171787029186E-7    -3.9929177363574116E-8   -498231.1599776658-74989.17499390112i             3060175.1553915497
0                         4.6196171787029186E-7    -2.39575064181445E-8     -350234.1259677927-54362.29626675673i             1991210.700591331
0                         4.6196171787029186E-7    -7.985835472714834E-9    -163017.97168846353-31948.43571137723i            1211593.2765767018
0                         4.6196171787029186E-7    7.985835472714834E-9     70203.36414009261+4489.489387726106i              1106604.440910911
0                         4.6196171787029186E-7    2.3957506418144448E-8    299437.6511549539+39792.03749936382i              1798953.7002920387
0                         4.6196171787029186E-7    3.9929177363574116E-8    476427.97940469865+65204.40821004819i             3108651.258440032
0                         4.6196171787029186E-7    5.590084830900378E-8     631851.8639796746+89391.31252422681i              4014005.899638878
0                         4.6196171787029186E-7    7.18725192544334E-8      806613.7673089015+115175.36928494331i             5051438.069638576
0                         4.6196171787029186E-7    8.784419019986301E-8     978744.6303517177+140791.3204056284i              6080537.827711381
0                         4.6196171787029186E-7    1.0381586114529268E-7    1148244.4531081247+166239.16588628187i            7095221.130301192
0                         4.6196171787029186E-7    1.1978753209072235E-7    1369698.9968185064+201680.08443235088i            8354591.591734071
0                         4.6196171787029186E-7    1.3575920303615201E-7    1733419.7821746469+254200.90322174542i            9522798.132703416
0                         4.6196171787029186E-7    1.5173087398158168E-7    1843308.9341706154+272402.81032889325i            1.052648137649399E7
0                         4.6196171787029186E-7    1.6770254492701124E-7    1948350.6012730915+290295.8546089006i             1.1490409665004382E7
0                         4.6196171787029186E-7    1.836742158724409E-7     2048544.7834820785+307880.03606176795i            1.2414293550459066E7
0                         4.6196171787029186E-7    1.9964588681787058E-7    2026328.6663310714+305980.8548518064i             1.3231383620647974E7
0                         4.6196171787029186E-7    2.1561755776330025E-7    2247119.08359428+336053.98153567413i              1.3944081979401005E7
0                         4.6196171787029186E-7    2.3158922870872991E-7    2418808.7474524686+360993.3432305781i             1.4736078584324036E7
0                         4.6196171787029186E-7    2.475608996541595E-7     2540902.6496827984+382582.61936194357i            1.5447870421299579E7
0                         4.6196171787029186E-7    2.6353257059958914E-7    2655572.049750928+403569.07992611313i             1.6100002001479998E7
0                         4.6196171787029186E-7    2.795042415450188E-7     2773006.380077332+426222.33105792745i             1.6701170217414245E7
0                         4.6196171787029186E-7    2.954759124904485E-7     2901035.5737280156+450287.5119055208i             1.7220320442199092E7
0                         4.6196171787029186E-7    3.1144758343587815E-7    3014608.5658530174+472485.5242439504i             1.767326951512605E7
0                         4.6196171787029186E-7    3.274192543813078E-7     3083235.7375735287+481989.9971657593i             1.8145729708229452E7
0                         4.6196171787029186E-7    3.433909253267374E-7     3183008.056208458+497267.3294097151i              1.848768284284286E7
0                         4.6196171787029186E-7    3.5936259627216704E-7    3272626.343837093+511465.98893673916i             1.8753503182911977E7
0                         4.6196171787029186E-7    3.753342672175967E-7     3123639.889924905+484380.2636700016i              1.877759141428998E7
0                         4.6196171787029186E-7    3.913059381630264E-7     3127908.213512778+486278.77713387826i             1.8709875779315207E7
0                         4.773604417993015E-7     -3.913059381630264E-7    -3016967.099957064-431653.2362060918i             1.9061461475713715E7
0                         4.773604417993015E-7     -3.753342672175967E-7    -3109306.185672639-457637.76923974673i            1.9069275005103976E7
0                         4.773604417993015E-7     -3.593625962721671E-7    -3089556.1988427527-454398.0217707233i            1.890121251493224E7
0                         4.773604417993015E-7     -3.4339092532673743E-7   -3058058.2748776665-449736.5561244468i            1.8657407756509833E7
0                         4.773604417993015E-7     -3.2741925438130776E-7   -3014812.4137773784-443653.37230091693i           1.8337880439201146E7
0                         4.773604417993015E-7     -3.1144758343587815E-7   -2959818.615541892-436148.47030013386i            1.7942660697239533E7
0                         4.773604417993015E-7     -2.954759124904485E-7    -2929168.5800381554-430391.93353997346i           1.7380583624774963E7
0                         4.773604417993015E-7     -2.7950424154501886E-7   -2816419.0159109626-408606.83153250325i           1.7053029191842943E7
0                         4.773604417993015E-7     -2.635325705995892E-7    -2633265.1920597204-377285.9505502413i            1.6438593000269616E7
0                         4.773604417993015E-7     -2.4756089965415953E-7   -2477988.977149691-351814.38899612107i            1.5787422019043999E7
0                         4.773604417993015E-7     -2.3158922870872991E-7   -2316365.9678539075-325894.9530567006i            1.508342248226275E7
0                         4.773604417993015E-7     -2.1561755776330025E-7   -2148396.1641723774-299527.64273198i              1.4326679277157659E7
0                         4.773604417993015E-7     -1.996458868178706E-7    -1974079.5661050924-272712.45802195877i           1.3517312028970702E7
0                         4.773604417993015E-7     -1.8367421587244096E-7   -1793416.1736520599-245449.39892663778i           1.2655490465138966E7
0                         4.773604417993015E-7     -1.677025449270113E-7    -1606405.9868132768-217738.46544601693i           1.174145927477455E7
0                         4.773604417993015E-7     -1.5173087398158168E-7   -1820604.2887693264-258551.81755589618i           1.130490331471041E7
0                         4.773604417993015E-7     -1.3575920303615201E-7   -2310077.6937139505-367571.8297693101i            9940681.33415801
0                         4.773604417993015E-7     -1.1978753209072235E-7   -1294342.6798338832-189317.97308989128i           8660895.691023847
0                         4.773604417993015E-7     -1.0381586114529273E-7   -1150799.246094471-167528.09580663708i            7582789.595255378
0                         4.773604417993015E-7     -8.784419019986307E-8    -1004519.271673664-145578.93953239007i            6487425.914880431
0                         4.773604417993015E-7     -7.187251925443345E-8    -855502.7565714682-123470.50426715089i            5376644.130322412
0                         4.773604417993015E-7     -5.590084830900378E-8    -703749.7007878735-101202.7900109181i             4254307.718506454
0                         4.773604417993015E-7     -3.9929177363574116E-8   -567705.8138323117-82450.58510688343i             3145198.038668048
0                         4.773604417993015E-7     -2.39575064181445E-8     -427993.0068118669-63735.11701478989i             2052541.6646237161
0                         4.773604417993015E-7     -7.985835472714834E-9    -285461.7306943414-44420.38767518685i             1238276.5341774023
0                         4.773604417993015E-7     7.985835472714834E-9     9551.112878668944-5834.561890594946i              1049395.0220208687
0                         4.773604417993015E-7     2.3957506418144448E-8    236838.2834946171+28984.327072247186i             1715496.648465517
0                         4.773604417993015E-7     3.9929177363574116E-8    503234.2348957344+66018.02203098335i              3200237.6989530856
0                         4.773604417993015E-7     5.590084830900378E-8     651196.3751301272+88705.0044286318i               4099713.4668741007
0                         4.773604417993015E-7     7.18725192544334E-8      820514.4454736249+113168.05086354178i             5126279.719695607
0                         4.773604417993015E-7     8.784419019986301E-8     987201.4755307131+137462.99165842027i             6142023.960065203
0                         4.773604417993015E-7     1.0381586114529268E-7    1182842.4977254546+165634.37461598255i            7322033.003341895
0                         4.773604417993015E-7     1.1978753209072235E-7    1349814.7514846332+186981.69429528326i            8492660.001690878
0                         4.773604417993015E-7     1.3575920303615201E-7    1586134.109619959+224113.59428389385i             9628357.352466961
0                         4.773604417993015E-7     1.5173087398158168E-7    1806106.5841028374+255649.4964154281i             1.0698956044169283E7
0                         4.773604417993015E-7     1.6770254492701124E-7    2108787.3513172558+302502.0476582473i             1.177874294494244E7
0                         4.773604417993015E-7     1.836742158724409E-7     2200759.080765887+318181.2996311465i              1.2686779496313287E7
0                         4.773604417993015E-7     1.9964588681787058E-7    2171972.3936914853+314601.34788280935i            1.3534564851442149E7
0                         4.773604417993015E-7     2.1561755776330025E-7    2091174.1979575814+289132.229697743i              1.4327713167243848E7
0                         4.773604417993015E-7     2.3158922870872991E-7    2356377.951890261+320770.74887487746i             1.5091904089112893E7
0                         4.773604417993015E-7     2.475608996541595E-7     2476378.7789254207+341871.7503224788i             1.579048501753968E7
0                         4.773604417993015E-7     2.6353257059958914E-7    2588955.103798393+362369.93620288605i             1.6429325106158214E7
0                         4.773604417993015E-7     2.795042415450188E-7     2722606.855553323+387611.23533263267i             1.7009574055906978E7
0                         4.773604417993015E-7     2.954759124904485E-7     2847251.676116338+410894.6203021527i              1.7518793097086165E7
0                         4.773604417993015E-7     3.1144758343587815E-7    2957440.295153668+432310.83676250884i             1.7961779624702495E7
0                         4.773604417993015E-7     3.274192543813078E-7     3014083.20784235+442869.78241465264i              1.8409358681296606E7
0                         4.773604417993015E-7     3.433909253267374E-7     3109895.042583326+457229.1855578368i              1.8744949937951438E7
0                         4.773604417993015E-7     3.5936259627216704E-7    3195552.8463180168+470509.9159840906i             1.900434938664421E7
0                         4.773604417993015E-7     3.753342672175967E-7     3271056.6190464157+482711.97369341296i            1.9187554630449E7
0                         4.773604417993015E-7     3.913059381630264E-7     3016967.099960874+431653.236206591i               1.9064211495711908E7
0                         4.927591657283113E-7     -3.913059381630264E-7    -3355275.7412609677-469241.4217043553i            1.9555392249744717E7
0                         4.927591657283113E-7     -3.753342672175967E-7    -3328769.4529068973-464829.02303305967i           1.950133883158092E7
0                         4.927591657283113E-7     -3.593625962721671E-7    -3021545.7607437763-414240.90500652476i           1.9209685451108634E7
0                         4.927591657283113E-7     -3.4339092532673743E-7   -2993845.418056397-410452.1506873021i             1.897071730057132E7
0                         4.927591657283113E-7     -3.2741925438130776E-7   -2954397.1382338163-405241.6781908259i            1.8655976885344826E7
0                         4.927591657283113E-7     -3.1144758343587815E-7   -2903200.9212760353-398609.48751709686i           1.826548927310113E7
0                         4.927591657283113E-7     -2.954759124904485E-7    -2873381.7205470456-390428.0654773282i            1.7752500986700926E7
0                         4.927591657283113E-7     -2.7950424154501886E-7   -2771153.3310483564-372900.1025546985i            1.7397827064518426E7
0                         4.927591657283113E-7     -2.635325705995892E-7    -2524706.3518965025-336336.2455092951i            1.669628235514826E7
0                         4.927591657283113E-7     -2.4756089965415953E-7   -2370308.188460634-311095.5821051852i             1.6060603890509292E7
0                         4.927591657283113E-7     -2.3158922870872991E-7   -2209563.230639008-285407.0443157737i             1.5372094301669037E7
0                         4.927591657283113E-7     -2.1561755776330025E-7   -2226672.408872721-288677.1889858076i             1.457955582810953E7
0                         4.927591657283113E-7     -1.996458868178706E-7    -2089778.4579031162-271695.2011668104i            1.3740130403669208E7
0                         4.927591657283113E-7     -1.8367421587244096E-7   -1945343.3983066506-254056.47377601825i           1.2845096391689558E7
0                         4.927591657283113E-7     -1.677025449270113E-7    -1793367.2300833217-235761.00681343075i           1.1894614571987875E7
0                         4.927591657283113E-7     -1.5173087398158168E-7   -1645404.5013073834-217123.4680104993i            1.0931570830586245E7
0                         4.927591657283113E-7     -1.3575920303615201E-7   -1541995.494899687-204500.7514365048i             9899758.882530628
0                         4.927591657283113E-7     -1.1978753209072235E-7   -1417617.470031622-187165.99006766788i            8882097.004337309
0                         4.927591657283113E-7     -1.0381586114529273E-7   -1551468.652665305-203189.78515712614i            7754122.139510854
0                         4.927591657283113E-7     -8.784419019986307E-8    -1299820.2612343628-170278.28459983037i           6630115.474873531
0                         4.927591657283113E-7     -7.187251925443345E-8    -1045880.1424344413-137315.96348218518i           5490501.271530403
0                         4.927591657283113E-7     -5.590084830900378E-8    -789648.296265542-104302.82180419119i             4338761.992395397
0                         4.927591657283113E-7     -3.9929177363574116E-8   -574678.115534436-77636.7888574081i               3210371.8940350334
0                         4.927591657283113E-7     -2.39575064181445E-8     -505751.8876559421-73107.93776282315i             2138385.195397537
0                         4.927591657283113E-7     -7.985835472714834E-9    -371504.83852784755-55704.61905827125i            1245389.5355170993
0                         4.927591657283113E-7     7.985835472714834E-9     -234439.3203026707-37702.039106209566i            1227830.1333853435
0                         4.927591657283113E-7     2.3957506418144448E-8    174238.9158342799+18176.616645130405i             1636494.7000885978
0                         4.927591657283113E-7     3.9929177363574116E-8    499491.30343510665+68844.77925025283i             3260593.872858185
0                         4.927591657283113E-7     5.590084830900378E-8     670540.8862805774+88018.69633303635i              4190550.3342767926
0                         4.927591657283113E-7     7.18725192544334E-8      834415.1236383477+111160.73244214006i             5204959.926667466
0                         4.927591657283113E-7     8.784419019986301E-8     957653.1380578764+124781.15582980623i             6380394.999647741
0                         4.927591657283113E-7     1.0381586114529268E-7    1164887.6069153515+151486.4379778131i             7474157.386489976
0                         4.927591657283113E-7     1.1978753209072235E-7    1329930.5061507598+172283.3041582157i             8635151.610065987
0                         4.927591657283113E-7     1.3575920303615201E-7    1491096.6810421746+192861.64801379963i            9765952.48579757
0                         4.927591657283113E-7     1.5173087398158168E-7    1728639.2754844874+228589.73775466654i            1.083671602683438E7
0                         4.927591657283113E-7     1.6770254492701124E-7    1941069.4474568237+259165.09598321415i            1.1855994891403485E7
0                         4.927591657283113E-7     1.836742158724409E-7     2050702.143797856+271083.25954085594i             1.2852449614339119E7
0                         4.927591657283113E-7     1.9964588681787058E-7    2132014.0774714006+281684.4240316953i             1.3694712723191695E7
0                         4.927591657283113E-7     2.1561755776330025E-7    2165531.689057331+285707.6851162776i              1.4490998125057947E7
0                         4.927591657283113E-7     2.3158922870872991E-7    2258599.069644781+294964.96282636805i             1.5302884070795238E7
0                         4.927591657283113E-7     2.475608996541595E-7     2348686.168792475+305228.1132167757i              1.6046572984678475E7
0                         4.927591657283113E-7     2.6353257059958914E-7    2434615.0459358254+315390.5167101739i             1.6724519666475914E7
0                         4.927591657283113E-7     2.795042415450188E-7     2530336.675075819+329162.69711095555i             1.733279624618517E7
0                         4.927591657283113E-7     2.954759124904485E-7     2793467.7785046576+371501.728698784i              1.7839184971999772E7
0                         4.927591657283113E-7     3.1144758343587815E-7    2900272.0244543273+392136.14928106894i            1.827221489813397E7
0                         4.927591657283113E-7     3.274192543813078E-7     2992620.0688782856+410903.4013541858i             1.8638934821095716E7
0                         4.927591657283113E-7     3.433909253267374E-7     3036782.0289581856+417191.0417059576i             1.9022249175687097E7
0                         4.927591657283113E-7     3.5936259627216704E-7    3118479.348798941+429553.8430314425i              1.9275263302827038E7
0                         4.927591657283113E-7     3.753342672175967E-7     3330475.2251053024+464545.2905819504i             1.9511202991902787E7
0                         4.927591657283113E-7     3.913059381630264E-7     3355275.7412630017+469241.421704694i              1.9555394277406517E7
0                         5.081578896573211E-7     -3.913059381630264E-7    -3141167.227466961-409798.014116764i              1.9658061857189998E7
0                         5.081578896573211E-7     -3.753342672175967E-7    -3114403.862378436-405320.6772260926i             1.9605378600792814E7
0                         5.081578896573211E-7     -3.593625962721671E-7    -3080769.881829964-400875.6323813193i             1.948152391276517E7
0                         5.081578896573211E-7     -3.4339092532673743E-7   -3040265.2858215496-396462.8795824434i            1.9286493172286734E7
0                         5.081578896573211E-7     -3.2741925438130776E-7   -2992890.07435318-392082.41882946435i             1.9020288129624676E7
0                         5.081578896573211E-7     -3.1144758343587815E-7   -2866283.3273206046-360808.93344706326i           1.8556288772760168E7
0                         5.081578896573211E-7     -2.954759124904485E-7    -2836535.954945573-348564.7834724984i             1.813104356054312E7
0                         5.081578896573211E-7     -2.7950424154501886E-7   -2634522.3180242893-324136.6960287791i            1.7576884243551575E7
0                         5.081578896573211E-7     -2.635325705995892E-7    -2579228.72082374-319190.73171497585i             1.6864568736981627E7
0                         5.081578896573211E-7     -2.4756089965415953E-7   -2466171.9015920577-304604.8721195479i            1.6198860576816784E7
0                         5.081578896573211E-7     -2.3158922870872991E-7   -2345573.9737335127-289362.27295232494i           1.5477254241305873E7
0                         5.081578896573211E-7     -2.1561755776330025E-7   -2217434.9372481066-273462.93421330693i           1.4699799987304332E7
0                         5.081578896573211E-7     -1.996458868178706E-7    -2081754.7921358407-256906.8559024938i            1.386656640723011E7
0                         5.081578896573211E-7     -1.8367421587244096E-7   -1938533.5383967129-239694.0380198854i            1.2977648870728841E7
0                         5.081578896573211E-7     -1.677025449270113E-7    -1787771.1760307234-221824.48056548188i           1.203318321156095E7
0                         5.081578896573211E-7     -1.5173087398158168E-7   -1664412.156104434-206719.93381991566i            1.1043938993057344E7
0                         5.081578896573211E-7     -1.3575920303615201E-7   -1578318.7379390292-193894.09761944253i           1.006734211530236E7
0                         5.081578896573211E-7     -1.1978753209072235E-7   -1383443.8095626533-171311.5430667976i            8937997.72083337
0                         5.081578896573211E-7     -1.0381586114529273E-7   -1185628.6986265967-148586.51459071942i           7792162.44418977
0                         5.081578896573211E-7     -8.784419019986307E-8    -984873.4051308569-125719.01219120799i            6631082.654134591
0                         5.081578896573211E-7     -7.187251925443345E-8    -1004724.2973643283-127552.47693762241i           5492427.318915101
0                         5.081578896573211E-7     -5.590084830900378E-8    -747953.7857167735-94569.19659875953i             4352362.697847086
0                         5.081578896573211E-7     -3.9929177363574116E-8   -488891.5467002379-61535.09569954693i             3209252.0965921767
0                         5.081578896573211E-7     -2.39575064181445E-8     -262640.4933007456-35063.91987254979i             2073481.5737779227
0                         5.081578896573211E-7     -7.985835472714834E-9    -24476.464528447017-6654.906789398796i            1060708.6590145421
0                         5.081578896573211E-7     7.985835472714834E-9     212410.41186834837+21541.47919434523i             981293.6750543126
0                         5.081578896573211E-7     2.3957506418144448E-8    -197166.89479277632-34207.25055982442i            1934360.0356932182
0                         5.081578896573211E-7     3.9929177363574116E-8    467962.25381622085+62815.69066532207i             3298811.597417629
0                         5.081578896573211E-7     5.590084830900378E-8     650075.6735565084+77311.19476368051i              4226114.234712279
0                         5.081578896573211E-7     7.18725192544334E-8      887682.5047857501+110616.51555654031i             5366072.6402300615
0                         5.081578896573211E-7     8.784419019986301E-8     962605.492912197+114528.00225684093i              6493238.297907453
0                         5.081578896573211E-7     1.0381586114529268E-7    1146932.7161052458+137338.5013396434i             7630849.978346782
0                         5.081578896573211E-7     1.1978753209072235E-7    1310046.2608168866+157584.9140211481i             8781947.255721789
0                         5.081578896573211E-7     1.3575920303615201E-7    1469283.0811845325+177612.8043778338i             9902490.396316402
0                         5.081578896573211E-7     1.5173087398158168E-7    1651171.9668661368+201529.97909390484i            1.0980483771699294E7
0                         5.081578896573211E-7     1.6770254492701124E-7    1862507.9492829838+231764.10358001356i            1.1989483488003245E7
0                         5.081578896573211E-7     1.836742158724409E-7     1996968.2855172511+247064.59363086027i            1.2953495536514599E7
0                         5.081578896573211E-7     1.9964588681787058E-7    2200554.985422526+275330.8404025354i              1.3850474487967493E7
0                         5.081578896573211E-7     2.1561755776330025E-7    2262885.884926912+283998.3444917658i              1.465731024735061E7
0                         5.081578896573211E-7     2.3158922870872991E-7    2326226.7242140905+289271.26980304776i            1.547147811842418E7
0                         5.081578896573211E-7     2.475608996541595E-7     2414462.742157962+298999.7859835988i              1.6209746364357995E7
0                         5.081578896573211E-7     2.6353257059958914E-7    2496844.0113352886+308247.4917989973i             1.6878102017889146E7
0                         5.081578896573211E-7     2.795042415450188E-7     2590851.292688237+321525.2528069814i              1.7481683718094785E7
0                         5.081578896573211E-7     2.954759124904485E-7     2672266.898862267+333386.73737050244i             1.8017523303035032E7
0                         5.081578896573211E-7     3.1144758343587815E-7    2741090.8298573717+343831.9454895597i             1.8485599999779332E7
0                         5.081578896573211E-7     3.274192543813078E-7     2797323.08567354+352860.8771641515i               1.8885898930022087E7
0                         5.081578896573211E-7     3.433909253267374E-7     3049380.9007297065+395910.08049598173i            1.9318795397716213E7
0                         5.081578896573211E-7     3.5936259627216704E-7    3085477.5320341727+400436.45140784804i            1.950294790347596E7
0                         5.081578896573211E-7     3.753342672175967E-7     3116072.9742802978+405065.76261483686i            1.961603500150138E7
0                         5.081578896573211E-7     3.913059381630264E-7     3141167.227468092+409798.0141169491i              1.965805582404307E7
0                         5.235566135863307E-7     -3.913059381630264E-7    -2927058.7136729606-350354.6065291732i            1.9773004455670234E7
0                         5.235566135863307E-7     -3.753342672175967E-7    -2900038.2718499796-345812.3314191261i            1.9721703137697E7
0                         5.235566135863307E-7     -3.593625962721671E-7    -2866147.2145670587-341302.3483549778i            1.9599168171959054E7
0                         5.235566135863307E-7     -3.4339092532673743E-7   -2608148.6038326537-294520.7044111255i            1.9525365067807034E7
0                         5.235566135863307E-7     -3.2741925438130776E-7   -2627163.227250604-299665.1615035505i             1.925359259210834E7
0                         5.235566135863307E-7     -3.1144758343587815E-7   -2635020.2506095907-303761.2090060273i            1.891326273526657E7
0                         5.235566135863307E-7     -2.954759124904485E-7    -2492278.595679652-287065.52980706224i            1.8104416995286305E7
0                         5.235566135863307E-7     -2.7950424154501886E-7   -2704672.8153444156-320834.98829112167i           1.7654553510367878E7
0                         5.235566135863307E-7     -2.635325705995892E-7    -2538604.005568535-297527.7837567035i             1.7021155072124686E7
0                         5.235566135863307E-7     -2.4756089965415953E-7   -2454506.8182527646-288538.79833067936i           1.6309608914827535E7
0                         5.235566135863307E-7     -2.3158922870872991E-7   -2335122.696251558-273722.1086716403i             1.5594314170325594E7
0                         5.235566135863307E-7     -2.1561755776330025E-7   -2208197.465623493-258248.67944080624i            1.4823131902270151E7
0                         5.235566135863307E-7     -1.996458868178706E-7    -2073731.1263685657-242118.51063817716i           1.3996120201854596E7
0                         5.235566135863307E-7     -1.8367421587244096E-7   -1931723.6784867758-225331.60226375266i           1.3113359690717133E7
0                         5.235566135863307E-7     -1.677025449270113E-7    -1782175.1219781258-207887.95431753315i           1.2174964866664868E7
0                         5.235566135863307E-7     -1.5173087398158168E-7   -1683419.8109014817-196316.39962933163i           1.116089924292025E7
0                         5.235566135863307E-7     -1.3575920303615201E-7   -1542861.5770332925-177592.88679582396i           1.0117689348934384E7
0                         5.235566135863307E-7     -1.1978753209072235E-7   -1349270.149093684-155457.0960659274i             8997325.505502475
0                         5.235566135863307E-7     -1.0381586114529273E-7   -1152738.5385943947-133178.83141259782i           7860341.24383991
0                         5.235566135863307E-7     -8.784419019986307E-8    -953266.7455354244-110758.09283583495i            6707890.6724002855
0                         5.235566135863307E-7     -7.187251925443345E-8    -750854.7699167717-88194.88033563894i             5542142.370052842
0                         5.235566135863307E-7     -5.590084830900378E-8    -545502.6117384383-65489.19391200959i             4367686.884238326
0                         5.235566135863307E-7     -3.9929177363574116E-8   -446658.37067281664-51831.33183324692i            3236078.9393580905
0                         5.235566135863307E-7     -2.39575064181445E-8     -189943.11070769397-21269.252576994506i           2108634.1310801217
0                         5.235566135863307E-7     -7.985835472714834E-9    48321.85957176669+6983.198999411252i              1099291.971964025
0                         5.235566135863307E-7     7.985835472714834E-9     285309.67747572385+35023.023476409886i            968283.8070561991
0                         5.235566135863307E-7     2.3957506418144448E-8    521020.34300417715+62850.22085400188i             1912494.3179921885
0                         5.235566135863307E-7     3.9929177363574116E-8    611096.0151692363+64592.06150533288i              3291917.013265847
0                         5.235566135863307E-7     5.590084830900378E-8     611697.0221443647+68142.60038144i                 4281433.408578468
0                         5.235566135863307E-7     7.18725192544334E-8      765273.1920063843+78884.08513056336i              5440447.913337513
0                         5.235566135863307E-7     8.784419019986301E-8     963916.910763277+103276.08319404908i              6620780.136861754
0                         5.235566135863307E-7     1.0381586114529268E-7    1128977.8252951421+123190.56470147414i            7791963.599947982
0                         5.235566135863307E-7     1.1978753209072235E-7    1290162.0154830157+142886.52388408076i            8932937.645608557
0                         5.235566135863307E-7     1.3575920303615201E-7    1447469.4813268916+162363.96074186824i            1.0043068436727842E7
0                         5.235566135863307E-7     1.5173087398158168E-7    1600900.2228267721+181622.87527483667i            1.1121997524942845E7
0                         5.235566135863307E-7     1.6770254492701124E-7    1734395.8726270208+194762.4751332514i             1.213384428110774E7
0                         5.235566135863307E-7     1.836742158724409E-7     1943234.4272366469+223045.92772086526i            1.3060563062041894E7
0                         5.235566135863307E-7     1.9964588681787058E-7    2145039.4133149614+250772.18413302934i            1.394824929576889E7
0                         5.235566135863307E-7     2.1561755776330025E-7    2360240.0807964834+282289.0038672531i             1.4830314160156302E7
0                         5.235566135863307E-7     2.3158922870872991E-7    2393854.378783403+283577.5767797277i              1.564525167396018E7
0                         5.235566135863307E-7     2.475608996541595E-7     2480239.315523454+292771.45875042304i             1.6378042125590688E7
0                         5.235566135863307E-7     2.6353257059958914E-7    2559072.9767347514+301104.4668878215i             1.7036647135603625E7
0                         5.235566135863307E-7     2.795042415450188E-7     2651365.910300656+313887.8085030072i              1.763549579220811E7
0                         5.235566135863307E-7     2.954759124904485E-7     2731067.168687635+325254.87367372913i             1.816656572160733E7
0                         5.235566135863307E-7     3.1144758343587815E-7    2798176.7518956866+335205.6623999871i             1.862984196491969E7
0                         5.235566135863307E-7     3.274192543813078E-7     2945899.9023065437+357385.90271500335i            1.9137796218282413E7
0                         5.235566135863307E-7     3.433909253267374E-7     2918052.3615411064+352654.33219901845i            1.9411878479289073E7
0                         5.235566135863307E-7     3.5936259627216704E-7    2881285.3607359976+347426.2545153055i             1.9619505413630333E7
0                         5.235566135863307E-7     3.753342672175967E-7     2901670.7234552987+345586.23464772396i            1.9733149194280524E7
0                         5.235566135863307E-7     3.913059381630264E-7     2927058.713673189+350354.6065292047i              1.9772986186070018E7
0                         5.389553375153405E-7     -3.913059381630264E-7    -2712950.199878953-290911.19894158153i            1.9900217194910295E7
0                         5.389553375153405E-7     -3.753342672175967E-7    -2628142.740511773-275473.3182367565i             1.988926516280524E7
0                         5.389553375153405E-7     -3.593625962721671E-7    -2669464.13242656-282741.4139832277i              1.9754645217522416E7
0                         5.389553375153405E-7     -3.4339092532673743E-7   -2699627.9242823888-288961.1001397518i            1.9551442076764766E7
0                         5.389553375153405E-7     -3.2741925438130776E-7   -2718634.116079269-294132.3767063292i             1.927965167454695E7
0                         5.389553375153405E-7     -3.1144758343587815E-7   -2847841.1352714547-319949.8815141005i            1.899953178390194E7
0                         5.389553375153405E-7     -2.954759124904485E-7    -2773193.0825782325-311207.03522775223i           1.8582939263097722E7
0                         5.389553375153405E-7     -2.7950424154501886E-7   -2390041.25455736-258797.44756455533i             1.7604416423841767E7
0                         5.389553375153405E-7     -2.635325705995892E-7    -2612848.9219575357-295268.4450816873i            1.7107986204254635E7
0                         5.389553375153405E-7     -2.4756089965415953E-7   -2442841.7349134726-272472.7245418106i            1.6423400287205542E7
0                         5.389553375153405E-7     -2.3158922870872991E-7   -2324671.4187696073-258081.94439095593i           1.5714429775664978E7
0                         5.389553375153405E-7     -2.1561755776330025E-7   -2198959.9939988786-243034.42466830555i           1.4949538088785661E7
0                         5.389553375153405E-7     -1.996458868178706E-7    -2065707.4606012902-227330.16537386033i           1.4128774291878287E7
0                         5.389553375153405E-7     -1.8367421587244096E-7   -1924913.8185768398-210969.16650761987i           1.325220639567253E7
0                         5.389553375153405E-7     -1.677025449270113E-7    -1776579.0679255293-193951.42806958448i           1.231993074907073E7
0                         5.389553375153405E-7     -1.5173087398158168E-7   -1702427.4656985316-185912.86543874757i           1.1282338256127622E7
0                         5.389553375153405E-7     -1.3575920303615201E-7   -1507404.4161275555-161291.67597220524i           1.0171389065366145E7
0                         5.389553375153405E-7     -1.1978753209072235E-7   -1315096.4886247143-139602.64906505716i           9060067.395184206
0                         5.389553375153405E-7     -1.0381586114529273E-7   -1119848.3785621934-117771.14823447596i           7932019.786871595
0                         5.389553375153405E-7     -8.784419019986307E-8    -921660.0859399892-95797.17348046156i             6788323.23299414
0                         5.389553375153405E-7     -7.187251925443345E-8    -720531.6107581053-73680.72480301408i             5630980.704845786
0                         5.389553375153405E-7     -5.590084830900378E-8    -516462.95301653864-51421.80220213323i            4464171.123682744
0                         5.389553375153405E-7     -3.9929177363574116E-8   -309454.1127152927-29020.40567781939i             3298202.0843038997
0                         5.389553375153405E-7     -2.39575064181445E-8     -141993.8973025761-9102.369185648393i             2171600.2725306926
0                         5.389553375153405E-7     -7.985835472714834E-9    121120.18367197993+20621.304788221198i            1143732.981320283
0                         5.389553375153405E-7     7.985835472714834E-9     358208.94308310014+48504.56775847466i             965389.7479582671
0                         5.389553375153405E-7     2.3957506418144448E-8    86882.79153667775+11367.441383393743i             1962212.7899788588
0                         5.389553375153405E-7     3.9929177363574116E-8    187541.47977473715+20996.159350014328i            3149333.637677758
0                         5.389553375153405E-7     5.590084830900378E-8     625132.4182739733+71920.24335273495i              4331874.46802567
0                         5.389553375153405E-7     7.18725192544334E-8      781219.5531170054+80635.56919722985i              5594472.521879091
0                         5.389553375153405E-7     8.784419019986301E-8     994231.6135525269+102719.15875410722i             6824244.256703461
0                         5.389553375153405E-7     1.0381586114529268E-7    1105958.2923874436+110034.99970220358i            7906338.731202184
0                         5.389553375153405E-7     1.1978753209072235E-7    1253664.572856153+124537.7830644864i              9038619.59556145
0                         5.389553375153405E-7     1.3575920303615201E-7    1396103.8050367553+138487.58661940973i            1.0140093372221822E7
0                         5.389553375153405E-7     1.5173087398158168E-7    1533275.9889292521+151884.4103669736i             1.121048003652745E7
0                         5.389553375153405E-7     1.6770254492701124E-7    1664791.464841227+167137.85347667418i             1.2252215002560325E7
0                         5.389553375153405E-7     1.836742158724409E-7     1889500.568956043+199027.2618108695i              1.3173671217533195E7
0                         5.389553375153405E-7     1.9964588681787058E-7    2089523.8412073997+226213.52786352296i            1.4052033730818562E7
0                         5.389553375153405E-7     2.1561755776330025E-7    2282513.544927436+252842.59774072538i             1.489098278856669E7
0                         5.389553375153405E-7     2.3158922870872991E-7    2461482.0333527224+277883.88375640806i            1.5824147535104262E7
0                         5.389553375153405E-7     2.475608996541595E-7     2546015.888888942+286543.1315172466i              1.6551410480320426E7
0                         5.389553375153405E-7     2.6353257059958914E-7    2621301.9421342155+293961.4419766456i             1.7200125543059904E7
0                         5.389553375153405E-7     2.795042415450188E-7     2711880.527913078+306250.3641990332i              1.7794208836442567E7
0                         5.389553375153405E-7     2.954759124904485E-7     2789867.438513006+317123.0099769564i              1.8320485396695532E7
0                         5.389553375153405E-7     3.1144758343587815E-7    2913310.7711110217+330744.8158399879i             1.885711819269832E7
0                         5.389553375153405E-7     3.274192543813078E-7     2895760.873525518+326771.3904740096i              1.919538014664117E7
0                         5.389553375153405E-7     3.433909253267374E-7     2869291.515900343+322301.45794030145i             1.946716695746362E7
0                         5.389553375153405E-7     3.5936259627216704E-7    2833902.698235506+317335.01823886606i             1.9672439080628846E7
0                         5.389553375153405E-7     3.753342672175967E-7     2789594.420530981+311872.0713697i                 1.981116805329694E7
0                         5.389553375153405E-7     3.913059381630264E-7     2712950.1998782787+290911.19894145994i            1.9900182769032937E7
0                         5.543540614443501E-7     -3.913059381630264E-7    -2667168.363850979-261516.750206507i              1.9985504818086613E7
0                         5.543540614443501E-7     -3.753342672175967E-7    -2719638.92420365-269860.0750170776i              1.991955042820347E7
0                         5.543540614443501E-7     -3.593625962721671E-7    -2760951.884497367-277154.9902377012i             1.9785001420341942E7
0                         5.543540614443501E-7     -3.4339092532673743E-7   -2791107.2447321285-283401.4958683788i            1.958184877590289E7
0                         5.543540614443501E-7     -3.2741925438130776E-7   -2810105.0049079265-288599.591909108i             1.9310088900867794E7
0                         5.543540614443501E-7     -3.1144758343587815E-7   -2830451.1865796614-296364.3629602024i            1.8997330131559793E7
0                         5.543540614443501E-7     -2.954759124904485E-7    -2756449.381177335-287818.0718891789i             1.8584368192863595E7
0                         5.543540614443501E-7     -2.7950424154501886E-7   -2673473.031251092-278653.32481962687i            1.811109881265707E7
0                         5.543540614443501E-7     -2.635325705995892E-7    -2282916.994053131-230860.63814313686i            1.705904626604663E7
0                         5.543540614443501E-7     -2.4756089965415953E-7   -2132400.6771575846-213506.12056008773i           1.643986479789125E7
0                         5.543540614443501E-7     -2.3158922870872991E-7   -2314220.1412876537-242441.78011027115i           1.5837592087485582E7
0                         5.543540614443501E-7     -2.1561755776330025E-7   -2189722.5223742663-227820.1698958052i            1.5079006405521287E7
0                         5.543540614443501E-7     -1.996458868178706E-7    -2057683.794834015-212541.82010954374i            1.4264512738454474E7
0                         5.543540614443501E-7     -1.8367421587244096E-7   -1918103.958666904-196606.73075148725i            1.3394168373485316E7
0                         5.543540614443501E-7     -1.677025449270113E-7    -1811273.5542581722-185385.0124979139i            1.2369883397081714E7
0                         5.543540614443501E-7     -1.5173087398158168E-7   -1660031.4997282098-166090.2543095529i            1.1313250125074161E7
0                         5.543540614443501E-7     -1.3575920303615201E-7   -1471947.2552218183-144990.46514858655i           1.022843440332088E7
0                         5.543540614443501E-7     -1.1978753209072235E-7   -1280922.828155745-123748.20206418696i            9126212.051153379
0                         5.543540614443501E-7     -1.0381586114529273E-7   -1086958.2185299916-102363.4650563543i            8007180.066160052
0                         5.543540614443501E-7     -8.784419019986307E-8    -890053.4263445558-80836.25412508845i             6872351.674745789
0                         5.543540614443501E-7     -7.187251925443345E-8    -690208.4515994391-59166.56927038927i             5723591.729960225
0                         5.543540614443501E-7     -5.590084830900378E-8    -487423.2942946409-37354.41049225698i             4564734.438233366
0                         5.543540614443501E-7     -3.9929177363574116E-8   -410192.45409091003-36685.814752411214i           3313077.318424288
0                         5.543540614443501E-7     -2.39575064181445E-8     -257344.94430580514-21442.1509323746i             2107158.388971462
0                         5.543540614443501E-7     -7.985835472714834E-9    -147088.61027544085-11717.906061795307i           993833.4534274145
0                         5.543540614443501E-7     7.985835472714834E-9     -54213.13055687258-3853.9129896720406i            858141.8254785913
0                         5.543540614443501E-7     2.3957506418144448E-8    40464.759585949825+4281.858019499239i             1897471.262745896
0                         5.543540614443501E-7     3.9929177363574116E-8    421722.2474246966+40481.451416701246i             3235103.1258505154
0                         5.543540614443501E-7     5.590084830900378E-8     607890.7028281416+55952.71982166835i              4353586.726108696
0                         5.543540614443501E-7     7.18725192544334E-8      775222.7535879804+73439.75859792264i              5605597.153714413
0                         5.543540614443501E-7     8.784419019986301E-8     986796.7994171036+94983.64106443014i              6831068.164696074
0                         5.543540614443501E-7     1.0381586114529268E-7    1138701.3666341552+107162.72106717562i            7946232.882586152
0                         5.543540614443501E-7     1.1978753209072235E-7    1284295.4071445297+120959.18185388634i            9074408.905919882
0                         5.543540614443501E-7     1.3575920303615201E-7    1424622.399366797+134202.66283323755i             1.0171594217393983E7
0                         5.543540614443501E-7     1.5173087398158168E-7    1559682.3433009544+146893.16400522913i            1.123757004480423E7
0                         5.543540614443501E-7     1.6770254492701124E-7    1690677.1006481377+161614.56699610187i            1.2276593088015258E7
0                         5.543540614443501E-7     1.836742158724409E-7     1816581.0319715324+174177.86257688096i            1.3273704724614706E7
0                         5.543540614443501E-7     1.9964588681787058E-7    2034008.2690998383+201654.87159401688i            1.4161851568923654E7
0                         5.543540614443501E-7     2.1561755776330025E-7    2225216.258992917+227743.95111170836i             1.4991458265582018E7
0                         5.543540614443501E-7     2.3158922870872991E-7    2411900.0050812815+252761.52143607964i            1.588328998809081E7
0                         5.543540614443501E-7     2.475608996541595E-7     2611792.4622544353+280314.8042840711i             1.6729805418547891E7
0                         5.543540614443501E-7     2.6353257059958914E-7    2686616.1998204626+287710.77628337126i            1.7388470645367704E7
0                         5.543540614443501E-7     2.795042415450188E-7     2772395.1455254974+298612.9198950594i             1.795780157360438E7
0                         5.543540614443501E-7     2.954759124904485E-7     2869045.813595295+303083.94583269034i             1.852063408378256E7
0                         5.543540614443501E-7     3.1144758343587815E-7    2861793.5591897285+299868.6656167171i             1.8923117034292806E7
0                         5.543540614443501E-7     3.274192543813078E-7     2845621.844744487+296156.8782330149i              1.9259105764158636E7
0                         5.543540614443501E-7     3.433909253267374E-7     2820530.670259581+291948.5836815844i              1.9528557629976273E7
0                         5.543540614443501E-7     3.5936259627216704E-7    2786520.0357349943+287243.7819624238i             1.9731441370949067E7
0                         5.543540614443501E-7     3.753342672175967E-7     2743589.941170752+282042.4730755368i              1.986773528993918E7
0                         5.543540614443501E-7     3.913059381630264E-7     2667168.3638415937+261516.75020512246i            1.9985487532435644E7
0                         5.697527853733599E-7     -3.913059381630264E-7    -2758672.9791639266-255876.68751267483i           2.001991543775485E7
0                         5.697527853733599E-7     -3.753342672175967E-7    -2811135.107895527-264246.83179739874i            1.9954081741744302E7
0                         5.697527853733599E-7     -3.593625962721671E-7    -2852439.63656817-271568.56649217475i             1.9819638107472412E7
0                         5.697527853733599E-7     -3.4339092532673743E-7   -2882586.5651818607-277841.8915970051i            1.9616576886435796E7
0                         5.697527853733599E-7     -3.2741925438130776E-7   -2877442.25147538-280510.124263473i               1.934839558294289E7
0                         5.697527853733599E-7     -3.1144758343587815E-7   -2813061.237887868-272778.8444063041i             1.8999420102430545E7
0                         5.697527853733599E-7     -2.954759124904485E-7    -2739705.679776437-264429.10855060606i            1.8590092402984004E7
0                         5.697527853733599E-7     -2.7950424154501886E-7   -2657375.5771410894-255460.91669637893i           1.8120428684968747E7
0                         5.697527853733599E-7     -2.635325705995892E-7    -2566070.9299818156-245874.26884362256i           1.7590450552354887E7
0                         5.697527853733599E-7     -2.4756089965415953E-7   -2465791.7382986317-235669.16499233764i           1.7000186525726646E7
0                         5.697527853733599E-7     -2.3158922870872991E-7   -2013614.9267901983-185736.45788432937i           1.5796935087160114E7
0                         5.697527853733599E-7     -2.1561755776330025E-7   -2180485.0507496507-212605.9151233043i            1.5211526022737406E7
0                         5.697527853733599E-7     -1.996458868178706E-7    -2049660.1290667392-197753.4748452269i            1.4403321122091545E7
0                         5.697527853733599E-7     -1.8367421587244096E-7   -1911294.098756967-182244.29499535452i            1.3539226808969935E7
0                         5.697527853733599E-7     -1.677025449270113E-7    -1828752.0660751164-174462.23232693283i           1.2490995135414809E7
0                         5.697527853733599E-7     -1.5173087398158168E-7   -1623290.8383857051-149342.27966318565i           1.1364445717208937E7
0                         5.697527853733599E-7     -1.3575920303615201E-7   -1436490.0943160807-128689.2543249678i            1.0288819917499376E7
0                         5.697527853733599E-7     -1.1978753209072235E-7   -1246749.1676867758-107893.75506331674i           9195749.745740514
0                         5.697527853733599E-7     -1.0381586114529273E-7   -1054068.058497789-86955.78187823249i             8085805.997596536
0                         5.697527853733599E-7     -8.784419019986307E-8    -858446.7667491217-65875.33476971503i             6959949.816964874
0                         5.697527853733599E-7     -7.187251925443345E-8    -746245.9206943205-68890.1980784582i              5752892.05055481
0                         5.697527853733599E-7     -5.590084830900378E-8    -602656.1050494164-54954.118240510405i            4542579.139380853
0                         5.697527853733599E-7     -3.9929177363574116E-8   -456149.4280684837-40881.2177475504i              3322423.4138824823
0                         5.697527853733599E-7     -2.39575064181445E-8     -306725.88975151983-26671.49659957792i            2110643.1534857214
0                         5.697527853733599E-7     -7.985835472714834E-9    -185149.86688420456-16361.151384887635i           925413.1479814687
0                         5.697527853733599E-7     7.985835472714834E-9     -96452.77483661962-9718.327333165536i             762159.6634945611
0                         5.697527853733599E-7     2.3957506418144448E-8    270654.06897482206+23209.381664408887i            1997398.8051438134
0                         5.697527853733599E-7     3.9929177363574116E-8    432476.7353546183+38097.35040723931i              3226291.8500108877
0                         5.697527853733599E-7     5.590084830900378E-8     613658.1776529704+52875.5267461879i               4366722.637095084
0                         5.697527853733599E-7     7.18725192544334E-8      769225.9540589547+66243.94799861546i              5617732.336370026
0                         5.697527853733599E-7     8.784419019986301E-8     979361.9852816832+87248.12337475328i              6838815.608319771
0                         5.697527853733599E-7     1.0381586114529268E-7    1185636.8713809706+107933.7193991044i             8037736.208383711
0                         5.697527853733599E-7     1.1978753209072235E-7    1314926.2414329066+117380.58064328623i            9110622.523078272
0                         5.697527853733599E-7     1.3575920303615201E-7    1453140.9936968414+129917.73904706561i            1.020340913775317E7
0                         5.697527853733599E-7     1.5173087398158168E-7    1586060.589775526+143737.12315381784i             1.1267128273439663E7
0                         5.697527853733599E-7     1.6770254492701124E-7    1716562.7364550484+156091.28051552945i            1.2301855259077506E7
0                         5.697527853733599E-7     1.836742158724409E-7     1840548.0791559485+168014.816024157i              1.3293909963301439E7
0                         5.697527853733599E-7     1.9964588681787058E-7    1958016.6178782193+179507.72967970063i            1.4243214317411385E7
0                         5.697527853733599E-7     2.1561755776330025E-7    2167918.973058396+202645.30448269087i             1.5097973653391084E7
0                         5.697527853733599E-7     2.3158922870872991E-7    2351220.779957325+226503.2273031972i              1.5970230997883992E7
0                         5.697527853733599E-7     2.475608996541595E-7     2517051.211885088+247232.5715700474i              1.6742090366346164E7
0                         5.697527853733599E-7     2.6353257059958914E-7    2750541.6919821315+280947.81484033924i            1.7566235369255602E7
0                         5.697527853733599E-7     2.795042415450188E-7     2813105.029759367+274403.29269311053i             1.812837751970132E7
0                         5.697527853733599E-7     2.954759124904485E-7     2816150.418533736+271946.15762714227i             1.8595115904688008E7
0                         5.697527853733599E-7     3.1144758343587815E-7    2810276.3472684314+268992.5153934454i             1.899534115603802E7
0                         5.697527853733599E-7     3.274192543813078E-7     2795482.815963451+265542.36599201907i             1.9329008080798004E7
0                         5.697527853733599E-7     3.433909253267374E-7     2771769.8246188094+261595.70942286588i            1.9596083259936642E7
0                         5.697527853733599E-7     3.5936259627216704E-7    2723801.950727501+249358.02698793495i             1.9820055481858075E7
0                         5.697527853733599E-7     3.753342672175967E-7     2746929.2065146645+253190.57291487372i            1.995172483764455E7
0                         5.697527853733599E-7     3.913059381630264E-7     2758672.9791540042+255876.68751126272i            2.0019974901481036E7
0                         5.851515093023697E-7     -3.913059381630264E-7    -2850177.5944768777-250236.62481884408i           2.005853549406606E7
0                         5.851515093023697E-7     -3.753342672175967E-7    -2902631.2915874105-258633.58857772022i           1.999285064123977E7
0                         5.851515093023697E-7     -3.593625962721671E-7    -2943927.3886389844-265982.14274664945i           1.985854648178283E7
0                         5.851515093023697E-7     -3.4339092532673743E-7   -2914166.277265394-263644.3191375645i             1.9636047055429526E7
0                         5.851515093023697E-7     -3.2741925438130776E-7   -2859406.0554926936-256728.05049424968i           1.9351118004653174E7
0                         5.851515093023697E-7     -3.1144758343587815E-7   -2795671.289196074-249193.32585240554i            1.9005802812289126E7
0                         5.851515093023697E-7     -2.954759124904485E-7    -2722961.9783755364-241040.1452120328i            1.8600112006126422E7
0                         5.851515093023697E-7     -2.7950424154501886E-7   -2641278.1230310844-232268.50857313117i           1.8134059866344374E7
0                         5.851515093023697E-7     -2.635325705995892E-7    -2550619.7231627074-222878.41593569977i           1.7607665347384375E7
0                         5.851515093023697E-7     -2.4756089965415953E-7   -2450986.7787704137-212869.86729973985i           1.7020953389930688E7
0                         5.851515093023697E-7     -2.3158922870872991E-7   -2342379.289854202-202242.86266525066i            1.6373956802042471E7
0                         5.851515093023697E-7     -2.1561755776330025E-7   -1889942.2570408676-158298.0680296591i            1.5108560063809702E7
0                         5.851515093023697E-7     -1.996458868178706E-7    -2041636.4632994642-182965.12958091023i           1.454518650227146E7
0                         5.851515093023697E-7     -1.8367421587244096E-7   -1904484.238847031-167881.8592392216i             1.3687364633385452E7
0                         5.851515093023697E-7     -1.677025449270113E-7    -1769127.238116374-152658.09260885458i            1.246752083364091E7
0                         5.851515093023697E-7     -1.5173087398158168E-7   -1586550.1770432-132594.30501681857i              1.141894078687145E7
0                         5.851515093023697E-7     -1.3575920303615201E-7   -1401032.9334103437-112388.04350134896i           1.0352541557154732E7
0                         5.851515093023697E-7     -1.1978753209072235E-7   -1188351.3162497077-108903.2032970424i            9276328.225237783
0                         5.851515093023697E-7     -1.0381586114529273E-7   -1056936.0560810352-96411.52809619682i            8122505.885802724
0                         5.851515093023697E-7     -8.784419019986307E-8    -922603.9345763372-83783.03224033862i             6950038.01616589
0                         5.851515093023697E-7     -7.187251925443345E-8    -785354.9517356083-71017.71572946815i             5759754.0612110635
0                         5.851515093023697E-7     -5.590084830900378E-8    -645189.1075588479-58115.57856358483i             4553396.823618714
0                         5.851515093023697E-7     -3.9929177363574116E-8   -502106.40204605786-45076.62074268947i            3335338.811828
0                         5.851515093023697E-7     -2.39575064181445E-8     -356106.8351972356-31900.842266781125i            2120336.4840371525
0                         5.851515093023697E-7     -7.985835472714834E-9    -223211.12349296897-21004.396707979962i           876324.6548033764
0                         5.851515093023697E-7     7.985835472714834E-9     124076.50803371193+7691.153157453664i             889064.0458519539
0                         5.851515093023697E-7     2.3957506418144448E-8    283755.5907918286+21593.710776085747i             1989915.7509792391
0                         5.851515093023697E-7     3.9929177363574116E-8    443231.2232845409+35713.249397777436i             3220582.5333386394
0                         5.851515093023697E-7     5.590084830900378E-8     619425.6524778003+49798.33367070758i              4380815.217096544
0                         5.851515093023697E-7     7.18725192544334E-8      800321.4056296388+63484.73952143997i              5630622.565780302
0                         5.851515093023697E-7     8.784419019986301E-8     971927.1711462624+79512.60568507643i              6847489.92751612
0                         5.851515093023697E-7     1.0381586114529268E-7    1176764.04263915+99658.49461905748i               8041818.4836658165
0                         5.851515093023697E-7     1.1978753209072235E-7    1377739.7690086016+119485.80420125254i            9211754.877280373
0                         5.851515093023697E-7     1.3575920303615201E-7    1481659.5880268835+125632.81526089349i            1.023547019094864E7
0                         5.851515093023697E-7     1.5173087398158168E-7    1613864.8142049396+138853.59674539755i            1.1298274775321959E7
0                         5.851515093023697E-7     1.6770254492701124E-7    1742448.372261969+150567.99403495784i             1.232795335153211E7
0                         5.851515093023697E-7     1.836742158724409E-7     1864515.126340365+161851.7694714333i              1.3314897772353232E7
0                         5.851515093023697E-7     1.9964588681787058E-7    1980065.0764401313+172704.92305482505i            1.4259046015093245E7
0                         5.851515093023697E-7     2.1561755776330025E-7    2089098.2225612765+183127.45478513354i            1.5160355287793476E7
0                         5.851515093023697E-7     2.3158922870872991E-7    2330047.2394194566+210777.17697339793i            1.611016258467348E7
0                         5.851515093023697E-7     2.475608996541595E-7     2495841.471687576+228149.91884288337i             1.687731751909156E7
0                         5.851515093023697E-7     2.6353257059958914E-7    2649033.426404966+238292.59985968904i             1.7583619869602285E7
0                         5.851515093023697E-7     2.795042415450188E-7     2758831.451557545+243003.86650528523i             1.8211430386776004E7
0                         5.851515093023697E-7     2.954759124904485E-7     2763255.023472172+240808.36942159384i             1.8675918529146645E7
0                         5.851515093023697E-7     3.1144758343587815E-7    2758759.135347131+238116.36517017358i             1.9073827262219146E7
0                         5.851515093023697E-7     3.274192543813078E-7     2745343.7871824205+234927.8537510251i             1.9405121554783773E7
0                         5.851515093023697E-7     3.433909253267374E-7     2782264.1634131614+239166.37649305235i            1.966616592601599E7
0                         5.851515093023697E-7     3.5936259627216704E-7    2816285.4569120673+244002.8905983849i             1.9860394893255606E7
0                         5.851515093023697E-7     3.753342672175967E-7     2838923.267263146+247692.9733731674i              1.9991185287186086E7
0                         5.851515093023697E-7     3.913059381630264E-7     2850177.5944664143+250236.62481740164i            2.0058535170846548E7
0                         6.005502332313793E-7     -3.913059381630264E-7    -2941682.2097898293-244596.56212501286i           2.0101356057741333E7
0                         6.005502332313793E-7     -3.753342672175967E-7    -2994127.475279281-253020.345358041i              2.0035847881328527E7
0                         6.005502332313793E-7     -3.593625962721671E-7    -2940623.2639496946-245766.94758247642i           1.9860225185473744E7
0                         6.005502332313793E-7     -3.4339092532673743E-7   -2895483.833991809-239665.69015301537i            1.963938642916889E7
0                         6.005502332313793E-7     -3.2741925438130776E-7   -2841369.8595100073-232945.9767250262i            1.9358135587585755E7
0                         6.005502332313793E-7     -3.1144758343587815E-7   -2778281.340504285-225607.80729850766i            1.9016479351600002E7
0                         6.005502332313793E-7     -2.954759124904485E-7    -2706218.2769746403-217651.18187345986i           1.8614427086252928E7
0                         6.005502332313793E-7     -2.7950424154501886E-7   -2625180.6689210786-209076.10044988355i           1.81519913940314E7
0                         6.005502332313793E-7     -2.635325705995892E-7    -2535168.516343599-199882.56302777733i            1.762918891572802E7
0                         6.005502332313793E-7     -2.4756089965415953E-7   -2436181.819242197-190070.56960714207i            1.7046041467587564E7
0                         6.005502332313793E-7     -2.3158922870872991E-7   -2328220.577616876-179640.12018797785i            1.6402577668826694E7
0                         6.005502332313793E-7     -2.1561755776330025E-7   -2211284.791467643-168591.21477028533i            1.5698835304922035E7
0                         6.005502332313793E-7     -1.996458868178706E-7    -1761382.667909599-131190.95099607692i            1.4374723396473048E7
0                         6.005502332313793E-7     -1.8367421587244096E-7   -1897674.3789370942-153519.42348308908i           1.3838566471000623E7
0                         6.005502332313793E-7     -1.677025449270113E-7    -1731103.076337102-135463.35413973907i            1.2516048191242216E7
0                         6.005502332313793E-7     -1.5173087398158168E-7   -1464420.426279523-130433.89602438395i            1.1506629314084819E7
0                         6.005502332313793E-7     -1.3575920303615201E-7   -1342262.8602510588-119249.80480562791i           1.0397181710790077E7
0                         6.005502332313793E-7     -1.1978753209072235E-7   -1217188.4328865623-107928.89293185901i           9268294.839894349
0                         6.005502332313793E-7     -1.0381586114529273E-7   -1089197.1441860404-96471.16040307796i            8120185.919796577
0                         6.005502332313793E-7     -8.784419019986307E-8    -958288.9941494819-84876.6072192844i              6953226.422346193
0                         6.005502332313793E-7     -7.187251925443345E-8    -824463.982776897-73145.23338047846i              5768107.801470156
0                         6.005502332313793E-7     -5.590084830900378E-8    -687722.1100682793-61277.0388866592i              4566278.166573253
0                         6.005502332313793E-7     -3.9929177363574116E-8   -453346.9415903676-30598.33336252776i             3306048.8576563126
0                         6.005502332313793E-7     -2.39575064181445E-8     -261329.74352843929-21024.822406260482i           2069523.8212885517
0                         6.005502332313793E-7     -7.985835472714834E-9    -18010.43539863528-6073.234104164643i             889176.5030307296
0                         6.005502332313793E-7     7.985835472714834E-9     139525.06373780195+6843.912390269208i             865955.8715852384
0                         6.005502332313793E-7     2.3957506418144448E-8    296857.11260883475+19978.039887762658i            1986485.5458661956
0                         6.005502332313793E-7     3.9929177363574116E-8    453985.7112144631+33329.14838831565i              3217754.347132927
0                         6.005502332313793E-7     5.590084830900378E-8     625193.1273026293+46721.140595227225i             4395794.936760378
0                         6.005502332313793E-7     7.18725192544334E-8      804373.4600626902+59822.30519766145i              5640435.720184131
0                         6.005502332313793E-7     8.784419019986301E-8     964492.3570108417+71777.08799539953i              6857098.102497836
0                         6.005502332313793E-7     1.0381586114529268E-7    1167891.2138973316+91383.26983901078i             8046782.825436668
0                         6.005502332313793E-7     1.1978753209072235E-7    1367428.9256603871+110670.87233083593i            9212027.06484819
0                         6.005502332313793E-7     1.3575920303615201E-7    1510178.1823569261+121347.89147472125i            1.0267715717902452E7
0                         6.005502332313793E-7     1.5173087398158168E-7    1641669.0386343524+133970.07033697667i            1.1330273743724352E7
0                         6.005502332313793E-7     1.6770254492701124E-7    1768334.008068881+145044.70755438542i             1.235484315716615E7
0                         6.005502332313793E-7     1.836742158724409E-7     1948010.4263370186+164903.4414596167i             1.3417077399917671E7
0                         6.005502332313793E-7     1.9964588681787058E-7    2046318.9640873505+170095.25161465173i            1.4353509542966936E7
0                         6.005502332313793E-7     2.1561755776330025E-7    2138754.6604279173+175273.92394350312i            1.5246613816350384E7
0                         6.005502332313793E-7     2.3158922870872991E-7    2225317.515358706+180439.45844616962i             1.6096348960227123E7
0                         6.005502332313793E-7     2.475608996541595E-7     2355379.693917933+188477.69855437175i             1.6878082310015105E7
0                         6.005502332313793E-7     2.6353257059958914E-7    2489349.484883775+192899.91208300542i             1.7563726660386436E7
0                         6.005502332313793E-7     2.795042415450188E-7     2596688.939279553+200464.70444984178i             1.8175246529999346E7
0                         6.005502332313793E-7     2.954759124904485E-7     2710359.6284106174+209670.58121604606i            1.8763080053543344E7
0                         6.005502332313793E-7     3.1144758343587815E-7    2774022.96946468+221126.30735765235i              1.9134363132206544E7
0                         6.005502332313793E-7     3.274192543813078E-7     2830321.783823154+228113.22097193066i             1.9454627519097764E7
0                         6.005502332313793E-7     3.433909253267374E-7     2875237.1150337914+233953.70325565618i            1.9711442557550214E7
0                         6.005502332313793E-7     3.5936259627216704E-7    2908768.9630966214+238647.75420883426i            1.9904804670163967E7
0                         6.005502332313793E-7     3.753342672175967E-7     2930917.328011635+242195.37383146252i             2.0034711483700052E7
0                         6.005502332313793E-7     3.913059381630264E-7     2941682.2097788285+244596.56212354236i            2.0101161696247384E7
0                         6.159489571603891E-7     -3.913059381630264E-7    -3033186.8251027693-238956.49943118024i           2.0148367477900766E7
0                         6.159489571603891E-7     -3.753342672175967E-7    -2956813.2115282984-226878.00959820952i           2.0020895829539422E7
0                         6.159489571603891E-7     -3.593625962721671E-7    -2921294.5733852247-221591.7633826026i            1.9864177968881145E7
0                         6.159489571603891E-7     -3.4339092532673743E-7   -2876801.390718225-215687.06116846623i            1.96470281211112E7
0                         6.159489571603891E-7     -3.2741925438130776E-7   -2823333.6635273183-209163.90295580262i           1.936945037555674E7
0                         6.159489571603891E-7     -3.1144758343587815E-7   -2760891.3918124903-202022.28874460934i           1.9031450783099648E7
0                         6.159489571603891E-7     -2.954759124904485E-7    -2689474.5755737433-194262.21853488713i           1.8633037698503822E7
0                         6.159489571603891E-7     -2.7950424154501886E-7   -2609083.214811072-185883.69232663512i            1.8174222272387527E7
0                         6.159489571603891E-7     -2.635325705995892E-7    -2519717.3095244854-176886.71011985454i           1.7655019148205027E7
0                         6.159489571603891E-7     -2.4756089965415953E-7   -2421376.859713979-167271.27191454428i            1.7075447449424133E7
0                         6.159489571603891E-7     -2.3158922870872991E-7   -2314061.865379557-157037.37771070574i            1.643553218965088E7
0                         6.159489571603891E-7     -2.1561755776330025E-7   -2197772.326521214-146185.02750833792i            1.5735306316776784E7
0                         6.159489571603891E-7     -1.996458868178706E-7    -2169521.7811563835-188322.900499826i             1.5020644422630962E7
0                         6.159489571603891E-7     -1.8367421587244096E-7   -1905850.889165379-138643.56585540657i            1.368370613876717E7
0                         6.159489571603891E-7     -1.677025449270113E-7    -1912884.300631238-106423.76938433986i            1.2717179572724395E7
0                         6.159489571603891E-7     -1.5173087398158168E-7   -1736768.4237236846-96375.66743566796i            1.1604589710048912E7
0                         6.159489571603891E-7     -1.3575920303615201E-7   -1558705.9898739285-86420.91145714722i            1.0472709517713862E7
0                         6.159489571603891E-7     -1.1978753209072235E-7   -1378696.9990819744-76559.50144877893i            9321677.721312635
0                         6.159489571603891E-7     -1.0381586114529273E-7   -1196741.45134782-66791.43741056204i              8151718.243993248
0                         6.159489571603891E-7     -8.784419019986307E-8    -1012839.346671466-57116.719342496974i            6963216.732466123
0                         6.159489571603891E-7     -7.187251925443345E-8    -826990.6850529124-47535.34724458387i             5756897.389099622
0                         6.159489571603891E-7     -5.590084830900378E-8    -639195.466492159-38047.321116822335i             4534295.463134728
0                         6.159489571603891E-7     -3.9929177363574116E-8   -449453.6909892058-28652.64095921279i             3299317.7741038008
0                         6.159489571603891E-7     -2.39575064181445E-8     -257765.3585440523-19351.306771754855i            2065522.9124210076
0                         6.159489571603891E-7     -7.985835472714834E-9    -76527.48005322745-10850.632001060636i            908621.7783669959
0                         6.159489571603891E-7     7.985835472714834E-9     92474.99933194625-2575.429300086471i              836518.9186642596
0                         6.159489571603891E-7     2.3957506418144448E-8    309958.6344258414+18362.36899943954i              1986789.1460188136
0                         6.159489571603891E-7     3.9929177363574116E-8    464740.1991443845+30945.047378853647i             3217599.64212555
0                         6.159489571603891E-7     5.590084830900378E-8     630960.6021274579+43643.94751974671i              4411601.0140650915
0                         6.159489571603891E-7     7.18725192544334E-8      808425.5144957395+56159.870873882406i             5650960.660046462
0                         6.159489571603891E-7     8.784419019986301E-8     957057.5428754173+64041.57030572227i              6867650.721284553
0                         6.159489571603891E-7     1.0381586114529268E-7    1159018.3851555146+83108.04505896423i             8052641.240909649
0                         6.159489571603891E-7     1.1978753209072235E-7    1357118.0823121716+101855.94046041946i            9213159.291103138
0                         6.159489571603891E-7     1.3575920303615201E-7    1552823.2501425995+125133.72268499027i            1.0351764399315273E7
0                         6.159489571603891E-7     1.5173087398158168E-7    1672964.0749321915+130678.30955464992i            1.140674337913006E7
0                         6.159489571603891E-7     1.6770254492701124E-7    1782926.2434008643+135715.3363332763i             1.2424723683177447E7
0                         6.159489571603891E-7     1.836742158724409E-7     1887015.5704597756+140739.22528571932i            1.3399423638690377E7
0                         6.159489571603891E-7     1.9964588681787058E-7    1985232.0561089087+145749.97641197674i            1.4330783502932677E7
0                         6.159489571603891E-7     2.1561755776330025E-7    2077575.7003482715+150747.5897120505i             1.5218761849463366E7
0                         6.159489571603891E-7     2.3158922870872991E-7    2164046.5031778575+155732.06518593896i            1.6063329140183022E7
0                         6.159489571603891E-7     2.475608996541595E-7     2217689.29917116+140280.18589926325i              1.6883357845051214E7
0                         6.159489571603891E-7     2.6353257059958914E-7    2484257.48747036+187286.43789155153i              1.7540086773422956E7
0                         6.159489571603891E-7     2.795042415450188E-7     2577875.245723557+191496.20778983925i             1.8143995682525072E7
0                         6.159489571603891E-7     2.954759124904485E-7     2666666.395415853+196018.2379354262i              1.86910572311824E7
0                         6.159489571603891E-7     3.1144758343587815E-7    2736904.4135203604+198347.77042796795i            1.9110839826063868E7
0                         6.159489571603891E-7     3.274192543813078E-7     2792214.3074866757+199691.69750860456i            1.9435797932284117E7
0                         6.159489571603891E-7     3.433909253267374E-7     2968210.0666544363+228741.03001826094i            1.9760789394265927E7
0                         6.159489571603891E-7     3.5936259627216704E-7    3001252.4692811845+233292.61781928397i            1.9953275814249594E7
0                         6.159489571603891E-7     3.753342672175967E-7     3022911.3887601187+236697.77428975707i            2.0082295419498045E7
0                         6.159489571603891E-7     3.913059381630264E-7     3033186.8250912316+238956.49942968079i            2.014784740181811E7
0                         6.313476810893989E-7     -3.913059381630264E-7    -2890698.2235365286-182727.4449528205i            2.007662236486204E7
0                         6.313476810893989E-7     -3.753342672175967E-7    -2867016.078737569-181182.7771460947i             1.9982044150392614E7
0                         6.313476810893989E-7     -3.593625962721671E-7    -2836161.8381180754-179693.64788300343i           1.9827520960645873E7
0                         6.313476810893989E-7     -3.4339092532673743E-7   -2798135.5016780403-178260.05716354662i           1.96130527510592E7
0                         6.313476810893989E-7     -3.2741925438130776E-7   -2752937.069417468-176882.00498772413i            1.9338641076123513E7
0                         6.313476810893989E-7     -3.1144758343587815E-7   -2700566.5413363623-175559.49135553636i           1.9004289228643756E7
0                         6.313476810893989E-7     -2.954759124904485E-7    -2641023.917434714-174292.5162669826i             1.8610002473957375E7
0                         6.313476810893989E-7     -2.7950424154501886E-7   -2574309.1977125295-173081.0797220634i            1.8155788405383553E7
0                         6.313476810893989E-7     -2.635325705995892E-7    -2500422.382169806-171925.18172077832i            1.7641657462322798E7
0                         6.313476810893989E-7     -2.4756089965415953E-7   -2419363.4708065484-170824.82226312818i           1.706762367546954E7
0                         6.313476810893989E-7     -2.3158922870872991E-7   -2331132.4636227526-169780.00134911243i           1.6433705740063425E7
0                         6.313476810893989E-7     -2.1561755776330025E-7   -2235729.36061842-168790.71897873093i             1.573992857782966E7
0                         6.313476810893989E-7     -1.996458868178706E-7    -2225005.113069792-156825.4847694247i             1.4886998249097902E7
0                         6.313476810893989E-7     -1.8367421587244096E-7   -1899010.5570126516-125672.62458763886i           1.3642422359742649E7
0                         6.313476810893989E-7     -1.677025449270113E-7    -1811396.8034726093-99362.60859100842i            1.2692458529794056E7
0                         6.313476810893989E-7     -1.5173087398158168E-7   -1730573.1138050943-92524.73765068641i            1.1572421902757343E7
0                         6.313476810893989E-7     -1.3575920303615201E-7   -1552839.5455721146-82842.15844097536i            1.0444263159447853E7
0                         6.313476810893989E-7     -1.1978753209072235E-7   -1373159.4203969343-73252.92520141619i            9296941.016116092
0                         6.313476810893989E-7     -1.0381586114529273E-7   -1191532.7382795564-63757.037932008956i           8130673.783611119
0                         6.313476810893989E-7     -8.784419019986307E-8    -1007959.4992199771-54354.49663275348i            6945837.4004460145
0                         6.313476810893989E-7     -7.187251925443345E-8    -822439.7032181993-45045.30130364974i             5743137.710346118
0                         6.313476810893989E-7     -5.590084830900378E-8    -634973.3502742208-35829.45194469781i             4524070.653598757
0                         6.313476810893989E-7     -3.9929177363574116E-8   -445560.44038804236-26706.94855589761i            3292441.663530877
0                         6.313476810893989E-7     -2.39575064181445E-8     -254200.9735596646-17677.791137249198i            2061452.2937868503
0                         6.313476810893989E-7     -7.985835472714834E-9    -75516.65810575319-9638.658838959673i             887052.0326026538
0                         6.313476810893989E-7     7.985835472714834E-9     92503.83794365686-1786.1482085665266i             813100.0593179906
0                         6.313476810893989E-7     2.3957506418144448E-8    260243.53090743232+6149.252059639664i             1948352.4650930408
0                         6.313476810893989E-7     3.9929177363574116E-8    427702.42078557477+14167.54196565901i             3188161.079236231
0                         6.313476810893989E-7     5.590084830900378E-8     636728.0769522875+40566.75444426632i              4428181.384566557
0                         6.313476810893989E-7     7.18725192544334E-8      812477.5689287912+52497.43655010367i              5662159.544292741
0                         6.313476810893989E-7     8.784419019986301E-8     987682.4641563809+64618.24967552989i              6884376.770359818
0                         6.313476810893989E-7     1.0381586114529268E-7    1150145.5564136952+74832.82027891738i             8059408.838089652
0                         6.313476810893989E-7     1.1978753209072235E-7    1346807.238963955+93041.00859000298i              9215167.263575817
0                         6.313476810893989E-7     1.3575920303615201E-7    1496410.3654801147+102007.10586227482i            1.034430415619419E7
0                         6.313476810893989E-7     1.5173087398158168E-7    1612153.3232573618+106876.21143830862i            1.1400592677036213E7
0                         6.313476810893989E-7     1.6770254492701124E-7    1722023.4396248385+111732.17918815807i            1.2413584795178274E7
0                         6.313476810893989E-7     1.836742158724409E-7     1826020.7145825354+116575.00911182235i            1.338322009528247E7
0                         6.313476810893989E-7     1.9964588681787058E-7    1924145.1481304653+121404.7012093023i             1.4309458163925603E7
0                         6.313476810893989E-7     2.1561755776330025E-7    2016396.7402686244+126221.25548059773i            1.5192271052945629E7
0                         6.313476810893989E-7     2.3158922870872991E-7    2205298.244851757+134453.09057744103i             1.6042781830951147E7
0                         6.313476810893989E-7     2.475608996541595E-7     2340101.1650288007+151648.24859770603i            1.6849018916723344E7
0                         6.313476810893989E-7     2.6353257059958914E-7    2447384.791983281+166319.235324141i               1.7498793906714257E7
0                         6.313476810893989E-7     2.795042415450188E-7     2540529.605775027+170369.0197130972i              1.8101528910833713E7
0                         6.313476810893989E-7     2.954759124904485E-7     2628847.811005863+174731.06434935192i             1.8647381122027427E7
0                         6.313476810893989E-7     3.1144758343587815E-7    2699558.519594919+177382.33077002002i             1.9072100252739906E7
0                         6.313476810893989E-7     3.274192543813078E-7     2754738.4844090277+178691.0044548654i             1.9396783888089094E7
0                         6.313476810893989E-7     3.433909253267374E-7     2801442.437208931+179879.8527154168i              1.9659583725276157E7
0                         6.313476810893989E-7     3.5936259627216704E-7    2839670.377994635+180948.87555167405i             1.986049955602405E7
0                         6.313476810893989E-7     3.753342672175967E-7     2869422.3067661263+181898.07296363666i            1.9999531533757012E7
0                         6.313476810893989E-7     3.913059381630264E-7     2890698.223523416+182727.44495130557i             2.0076680160231173E7
0                         6.467464050184085E-7     -3.913059381630264E-7    -2852702.6838495512-161585.73831583493i           2.0035207607585583E7
0                         6.467464050184085E-7     -3.753342672175967E-7    -2829156.199077606-160097.38561653803i            1.994119375829315E7
0                         6.467464050184085E-7     -3.593625962721671E-7    -2798437.618485117-158664.57146087498i            1.9787224344653938E7
0                         6.467464050184085E-7     -3.4339092532673743E-7   -2760546.9420720986-157287.29584884713i           1.9573299189230964E7
0                         6.467464050184085E-7     -3.2741925438130776E-7   -2715484.1698385403-155965.55878045346i           1.9299419511994258E7
0                         6.467464050184085E-7     -3.1144758343587815E-7   -2663249.301784442-154699.36025569378i            1.896558804769817E7
0                         6.467464050184085E-7     -2.954759124904485E-7    -2603842.3379098047-153488.70027456857i           1.857180924585617E7
0                         6.467464050184085E-7     -2.7950424154501886E-7   -2537263.2782146353-152333.5788370784i            1.8118089575940106E7
0                         6.467464050184085E-7     -2.635325705995892E-7    -2463512.1226989254-151233.995943222i             1.760443797357951E7
0                         6.467464050184085E-7     -2.4756089965415953E-7   -2382588.8713626815-150189.9515930005i            1.7030866483529646E7
0                         6.467464050184085E-7     -2.3158922870872991E-7   -2294493.5242058993-149201.4457864137i            1.639739118681785E7
0                         6.467464050184085E-7     -2.1561755776330025E-7   -2199226.081228576-148268.4785234609i             1.570403355132453E7
0                         6.467464050184085E-7     -1.996458868178706E-7    -2003453.7874346501-113790.20792411122i           1.447503542831597E7
0                         6.467464050184085E-7     -1.8367421587244096E-7   -1902827.7516852673-113253.51708187361i           1.358683298721571E7
0                         6.467464050184085E-7     -1.677025449270113E-7    -1743980.5726174726-108319.40387875546i           1.2565225600054087E7
0                         6.467464050184085E-7     -1.5173087398158168E-7   -1623193.0623708928-82810.35451689467i            1.1551454606516713E7
0                         6.467464050184085E-7     -1.3575920303615201E-7   -1438934.7351350156-71036.6622080445i             1.0429371277683534E7
0                         6.467464050184085E-7     -1.1978753209072235E-7   -1367621.841711895-69946.3489540536i              9272023.922156448
0                         6.467464050184085E-7     -1.0381586114529273E-7   -1186324.0252112926-60722.63845345593i            8109445.132705331
0                         6.467464050184085E-7     -8.784419019986307E-8    -1003079.6517684888-51592.27392301001i            6928272.569572302
0                         6.467464050184085E-7     -7.187251925443345E-8    -817888.7213834862-42555.25536271569i             5729195.285366991
0                         6.467464050184085E-7     -5.590084830900378E-8    -630751.234056282-33611.582772573034i             4513673.278456116
0                         6.467464050184085E-7     -3.9929177363574116E-8   -441667.1897868797-24761.256152582515i            3285419.294193848
0                         6.467464050184085E-7     -2.39575064181445E-8     -250636.58857527765-16004.275502743629i           2057308.3372333194
0                         6.467464050184085E-7     -7.985835472714834E-9    -74505.83615827728-8426.685676858513i             867143.563460952
0                         6.467464050184085E-7     7.985835472714834E-9     92532.67655536701-996.8671170467023i              791369.4228187627
0                         6.467464050184085E-7     2.3957506418144448E-8    259290.3861833787+6515.841080578428i              1932993.1380877532
0                         6.467464050184085E-7     3.9929177363574116E-8    425767.29272575787+14111.438916016741i            3171009.7053381647
0                         6.467464050184085E-7     5.590084830900378E-8     597830.9308393416+21383.155448274018i             4417195.242192844
0                         6.467464050184085E-7     7.18725192544334E-8      794473.7112283686+27190.694312706444i             5660900.119674407
0                         6.467464050184085E-7     8.784419019986301E-8     990019.0981976534+60370.57410345244i              6890577.065066049
0                         6.467464050184085E-7     1.0381586114529268E-7    1141272.7276718772+66557.59549887081i             8067103.797599267
0                         6.467464050184085E-7     1.1978753209072235E-7    1291847.6786699062+71703.9887884599i              9200731.662215672
0                         6.467464050184085E-7     1.3575920303615201E-7    1435691.6659064884+78386.06677471167i             1.0344732843620155E7
0                         6.467464050184085E-7     1.5173087398158168E-7    1551342.571582531+83074.11332196771i              1.13960368461293E7
0                         6.467464050184085E-7     1.6770254492701124E-7    1661120.635848802+87749.0220430388i               1.2403962108486934E7
0                         6.467464050184085E-7     1.836742158724409E-7     1765025.858705297+92410.79293792543i              1.3368470878566222E7
0                         6.467464050184085E-7     1.9964588681787058E-7    1976587.2330876663+105254.7233236141i             1.42971874443092E7
0                         6.467464050184085E-7     2.1561755776330025E-7    2094941.1675301846+114125.1875244109i             1.518008316875529E7
0                         6.467464050184085E-7     2.3158922870872991E-7    2206637.111660145+122671.391952798i               1.6023827212351808E7
0                         6.467464050184085E-7     2.475608996541595E-7     2326269.4249448474+135136.81180263613i            1.6799291941531662E7
0                         6.467464050184085E-7     2.6353257059958914E-7    2385025.165657439+134839.17940142154i             1.747237312727181E7
0                         6.467464050184085E-7     2.795042415450188E-7     2503183.9658264946+149241.83163635497i            1.8058200174836416E7
0                         6.467464050184085E-7     2.954759124904485E-7     2591029.2265958763+153443.89076327806i            1.860283622508121E7
0                         6.467464050184085E-7     3.1144758343587815E-7    2662212.625669471+156416.8911120714i              1.903208681920226E7
0                         6.467464050184085E-7     3.274192543813078E-7     2717262.661331388+157690.31140112743i             1.935649324501209E7
0                         6.467464050184085E-7     3.433909253267374E-7     2763836.6849791007+158843.90626588918i            1.961901981728459E7
0                         6.467464050184085E-7     3.5936259627216704E-7    2801934.6966125984+159877.67570635577i            1.9819666171486896E7
0                         6.467464050184085E-7     3.753342672175967E-7     2831556.6962319002+160791.619722529i              1.9958432383249406E7
0                         6.467464050184085E-7     3.913059381630264E-7     2852702.6838370017+161585.73831440843i            2.0035318948661484E7
0                         6.621451289474183E-7     -3.913059381630264E-7    -2814707.1441625725-140444.03167884922i           1.9992535864705555E7
0                         6.621451289474183E-7     -3.753342672175967E-7    -2791296.3194176364-139011.99408698076i           1.989907917047343E7
0                         6.621451289474183E-7     -3.593625962721671E-7    -2760713.3988521653-137635.49503874694i           1.974565843893872E7
0                         6.621451289474183E-7     -3.4339092532673743E-7   -2722958.382466156-136314.53453414724i            1.953227336397738E7
0                         6.621451289474183E-7     -3.2741925438130776E-7   -2678031.2702596076-135049.11257318174i           1.925892487424853E7
0                         6.621451289474183E-7     -3.1144758343587815E-7   -2625932.062232523-133839.22915585124i            1.8925615232228156E7
0                         6.621451289474183E-7     -2.954759124904485E-7    -2566660.7583849025-132684.8842821552i            1.8532348205779567E7
0                         6.621451289474183E-7     -2.7950424154501886E-7   -2500217.358716743-131586.07795209333i            1.807912933188038E7
0                         6.621451289474183E-7     -2.635325705995892E-7    -2426601.8632280473-130542.81016566604i           1.7565966303637765E7
0                         6.621451289474183E-7     -2.4756089965415953E-7   -2345814.2719188146-129555.08092287305i           1.6992869529215455E7
0                         6.621451289474183E-7     -2.3158922870872991E-7   -2257854.584789041-128622.89022371464i            1.6359852938976541E7
0                         6.621451289474183E-7     -2.1561755776330025E-7   -2087858.946804902-100809.19228714445i            1.5263765799118556E7
0                         6.621451289474183E-7     -1.996458868178706E-7    -1993858.3173578635-100348.20068440851i           1.4427162062094968E7
0                         6.621451289474183E-7     -1.8367421587244096E-7   -1893923.0416529218-100117.41862040674i           1.3542545707906023E7
0                         6.621451289474183E-7     -1.677025449270113E-7    -1737837.2073082512-95710.17060782513i            1.2527694255240485E7
0                         6.621451289474183E-7     -1.5173087398158168E-7   -1619205.7898839829-78661.23235399637i            1.1516579014931314E7
0                         6.621451289474183E-7     -1.3575920303615201E-7   -1436544.943255552-67457.99414417229i             1.0398254812640509E7
0                         6.621451289474183E-7     -1.1978753209072235E-7   -1252244.7573986086-56313.74143768777i            9260228.549994463
0                         6.621451289474183E-7     -1.0381586114529273E-7   -1181115.3121430285-57688.238974902895i           8088033.74233674
0                         6.621451289474183E-7     -8.784419019986307E-8    -998199.8043169996-48830.05121326618i             6910523.41688892
0                         6.621451289474183E-7     -7.187251925443345E-8    -813337.7395487722-40065.2094217815i              5715070.937802156
0                         6.621451289474183E-7     -5.590084830900378E-8    -626529.1178383438-31393.71360044842i             4503103.650919384
0                         6.621451289474183E-7     -3.9929177363574116E-8   -437773.93918571726-22815.5637492674i             3278250.1030019303
0                         6.621451289474183E-7     -2.39575064181445E-8     -247072.20359089033-14330.75986823796i            2053088.493309794
0                         6.621451289474183E-7     -7.985835472714834E-9    -73495.01421080154-7214.712514757353i             848820.407818066
0                         6.621451289474183E-7     7.985835472714834E-9     92561.51516707896-207.58602552659067i             771258.0399570393
0                         6.621451289474183E-7     2.3957506418144448E-8    258337.2414593251+6882.43010151723i               1918433.9633766613
0                         6.621451289474183E-7     3.9929177363574116E-8    423832.16466594057+14055.335866374538i            3154365.3318233574
0                         6.621451289474183E-7     5.590084830900378E-8     588993.1269721265+21216.503353865373i             4418647.063349243
0                         6.621451289474183E-7     7.18725192544334E-8      785551.9571791666+26821.730134095582i             5659244.847369802
0                         6.621451289474183E-7     8.784419019986301E-8     981749.2265164898+32454.742354660964i             6887162.604687733
0                         6.621451289474183E-7     1.0381586114529268E-7    1073204.7248901424+41200.98446614201i             8045516.347259766
0                         6.621451289474183E-7     1.1978753209072235E-7    1244835.9358491441+49058.132626552135i            9193420.9116284
0                         6.621451289474183E-7     1.3575920303615201E-7    1374972.9663328552+54765.02768714767i             1.034685941835942E7
0                         6.621451289474183E-7     1.5173087398158168E-7    1490531.819907698+59272.01520562597i              1.1393078418292636E7
0                         6.621451289474183E-7     1.6770254492701124E-7    1726026.0190005545+76566.28868844942i             1.2401517344763901E7
0                         6.621451289474183E-7     1.836742158724409E-7     1856500.4943363965+85633.52950699069i             1.3360933419782083E7
0                         6.621451289474183E-7     1.9964588681787058E-7    1980316.979359666+94376.51055312157i              1.4281199728056632E7
0                         6.621451289474183E-7     2.1561755776330025E-7    2097475.4740703814+102795.23182684323i            1.5162313282048773E7
0                         6.621451289474183E-7     2.3158922870872991E-7    2247020.069317907+119171.61541168392i             1.6028667934946574E7
0                         6.621451289474183E-7     2.475608996541595E-7     2312437.684860891+118625.3750075659i              1.674888033699527E7
0                         6.621451289474183E-7     2.6353257059958914E-7    2370974.4010149147+118182.50392202652i            1.7418918524381824E7
0                         6.621451289474183E-7     2.795042415450188E-7     2465838.3258779645+128114.64355961315i            1.8014017923008952E7
0                         6.621451289474183E-7     2.954759124904485E-7     2553210.642185893+132156.7171772042i              1.8557431142308213E7
0                         6.621451289474183E-7     3.1144758343587815E-7    2624866.7317440184+135451.45145412209i            1.8990805857507564E7
0                         6.621451289474183E-7     3.274192543813078E-7     2679786.838253746+136689.6183473888i              1.931493241364594E7
0                         6.621451289474183E-7     3.433909253267374E-7     2726230.932749272+137807.95981636143i             1.9577185893315133E7
0                         6.621451289474183E-7     3.5936259627216704E-7    2764199.015230576+138806.4758610385i              1.9777565664316177E7
0                         6.621451289474183E-7     3.753342672175967E-7     2793691.08569768+139685.16648142168i              1.9916071669309117E7
0                         6.621451289474183E-7     3.913059381630264E-7     2814707.144150576+140444.0316775106i              1.999270439523023E7
0                         6.775438528764281E-7     -3.913059381630264E-7    -2776711.604475592-119302.32504186343i            1.9948614411151446E7
0                         6.775438528764281E-7     -3.753342672175967E-7    -2753436.4397576707-117926.60255742355i           1.985570744468971E7
0                         6.775438528764281E-7     -3.593625962721671E-7    -2722989.17921921-116606.41861661828i             1.970283011583188E7
0                         6.775438528764281E-7     -3.4339092532673743E-7   -2685369.8228602116-115341.77321944741i           1.9489981992435E7
0                         6.775438528764281E-7     -3.2741925438130776E-7   -2640578.370680679-114132.66636591117i            1.9217163754275385E7
0                         6.775438528764281E-7     -3.1144758343587815E-7   -2588614.8226806065-112979.09805600898i           1.8884377277298734E7
0                         6.775438528764281E-7     -2.954759124904485E-7    -2529479.1788599957-111881.06828974129i           1.8491625782696333E7
0                         6.775438528764281E-7     -2.7950424154501886E-7   -2463171.4392188503-110838.57706710813i           1.8038914068072945E7
0                         6.775438528764281E-7     -2.635325705995892E-7    -2389691.603757167-109851.6243881096i             1.7526248848217025E7
0                         6.775438528764281E-7     -2.4756089965415953E-7   -2309039.6724749426-108920.21025274502i           1.695363924853873E7
0                         6.775438528764281E-7     -2.3158922870872991E-7   -2306730.494160248-104781.73202775244i            1.6242245154966053E7
0                         6.775438528764281E-7     -2.1561755776330025E-7   -2077572.7166836686-87061.27626920595i            1.5212099564753445E7
0                         6.775438528764281E-7     -1.996458868178706E-7    -1984262.8472810742-86906.19344470566i            1.4379181178448746E7
0                         6.775438528764281E-7     -1.8367421587244096E-7   -1885018.331620582-86981.32015893975i             1.3498176943640407E7
0                         6.775438528764281E-7     -1.677025449270113E-7    -1731693.8419990335-83100.93733689535i            1.2489892296895837E7
0                         6.775438528764281E-7     -1.5173087398158168E-7   -1581491.8579130382-79333.62016499869i            1.1435488221424917E7
0                         6.775438528764281E-7     -1.3575920303615201E-7   -1434155.151376089-63879.326080300205i            1.0367225956468377E7
0                         6.775438528764281E-7     -1.1978753209072235E-7   -1251452.4461265933-53305.52747284202i            9232951.89410467
0                         6.775438528764281E-7     -1.0381586114529273E-7   -1067110.4016485764-42790.714368722285i           8079137.377557536
0                         6.775438528764281E-7     -8.784419019986307E-8    -881129.0179420435-32334.8867679424i              6906082.217112025
0                         6.775438528764281E-7     -7.187251925443345E-8    -808786.7577140599-37575.163480847565i            5700765.883760226
0                         6.775438528764281E-7     -5.590084830900378E-8    -622307.0016204071-29175.844428324053i            4492362.577159573
0                         6.775438528764281E-7     -3.9929177363574116E-8   -433880.68858455453-20869.871345952262i           3270934.2024432076
0                         6.775438528764281E-7     -2.39575064181445E-8     -243507.8186065029-12657.244233732337i            2048791.3012551537
0                         6.775438528764281E-7     -7.985835472714834E-9    -72484.19226332824-6002.73935265655i              832005.8778446068
0                         6.775438528764281E-7     7.985835472714834E-9     92590.35377878853+581.6950659931244i              752695.7571532944
0                         6.775438528764281E-7     2.3957506418144448E-8    257384.09673527192+7249.019122456073i             1904614.5066288246
0                         6.775438528764281E-7     3.9929177363574116E-8    421897.0366061237+13999.232816732325i             3138188.3532762364
0                         6.775438528764281E-7     5.590084830900378E-8     586129.1733913425+20832.336148821843i             4381964.482314513
0                         6.775438528764281E-7     7.18725192544334E-8      776630.2031299644+26452.765955485003i             5656397.603270216
0                         6.775438528764281E-7     8.784419019986301E-8     984547.9181134559+31079.90479061799i              6888700.741471888
0                         6.775438528764281E-7     1.0381586114529268E-7    1144597.1590384417+28178.5407578437i              8072292.878450138
0                         6.775438528764281E-7     1.1978753209072235E-7    1302839.42151625+25503.407429498155i              9229817.854947941
0                         6.775438528764281E-7     1.3575920303615201E-7    1453614.602590447+48387.78667194865i              1.0355778891817888E7
0                         6.775438528764281E-7     1.5173087398158168E-7    1596209.618819585+57651.80410823331i              1.1391708790080845E7
0                         6.775438528764281E-7     1.6770254492701124E-7    1732146.644736181+66591.56177210878i              1.2388494115174951E7
0                         6.775438528764281E-7     1.836742158724409E-7     1861425.6803402044+75207.05966357421i             1.3346129959977549E7
0                         6.775438528764281E-7     1.9964588681787058E-7    1984046.725631673+83498.2977826295i               1.4264613557185974E7
0                         6.775438528764281E-7     2.1561755776330025E-7    2100009.780610582+91465.27612927556i              1.5143943531214211E7
0                         6.775438528764281E-7     2.3158922870872991E-7    2233407.353792522+102805.41730093872i             1.5980578396954551E7
0                         6.775438528764281E-7     2.475608996541595E-7     2298605.944776939+102113.93821249578i             1.6697785579837536E7
0                         6.775438528764281E-7     2.6353257059958914E-7    2356923.6363723944+101525.82844263189i            1.7364765927626316E7
0                         6.775438528764281E-7     2.795042415450188E-7     2408360.428578883+101041.0879913464i              1.7981462330782477E7
0                         6.775438528764281E-7     2.954759124904485E-7     2515392.0577759068+110869.5435911302i             1.8511174866758525E7
0                         6.775438528764281E-7     3.1144758343587815E-7    2597464.8210614775+115063.89194668886i            1.899628222384731E7
0                         6.775438528764281E-7     3.274192543813078E-7     2642311.0151761044+115688.92529365025i            1.927210806186168E7
0                         6.775438528764281E-7     3.433909253267374E-7     2688625.1805194328+116772.0133668331i             1.9534088733547583E7
0                         6.775438528764281E-7     3.5936259627216704E-7    2726463.3338485435+117735.27601572021i            1.9734204964311745E7
0                         6.775438528764281E-7     3.753342672175967E-7     2755825.475163455+118578.71324031381i             1.987245650887913E7
0                         6.775438528764281E-7     3.913059381630264E-7     2776711.6044641603+119302.325040613i              1.9948843842780516E7
0                         6.929425768054377E-7     -3.913059381630264E-7    -2738716.064788615-98160.61840487784i             1.9903450791256316E7
0                         6.929425768054377E-7     -3.753342672175967E-7    -2715576.5600977037-96841.21102786671i            1.9811085903851364E7
0                         6.929425768054377E-7     -3.593625962721671E-7    -2685264.9595862543-95577.34219448976i            1.9658746510467015E7
0                         6.929425768054377E-7     -3.4339092532673743E-7   -2647781.263254269-94369.01190474763i             1.9446432054100282E7
0                         6.929425768054377E-7     -3.2741925438130776E-7   -2603125.4711017497-93216.22015864018i            1.9174143007356282E7
0                         6.929425768054377E-7     -3.1144758343587815E-7   -2551297.5831286865-92118.96695616632i            1.8841880945500653E7
0                         6.929425768054377E-7     -2.954759124904485E-7    -2492297.5993350903-91077.25229732768i            1.8449648679033946E7
0                         6.929425768054377E-7     -2.7950424154501886E-7   -2426125.519720959-90091.07618212345i             1.7997450461365003E7
0                         6.929425768054377E-7     -2.635325705995892E-7    -2352781.344286285-89160.43861055328i             1.7485292296522997E7
0                         6.929425768054377E-7     -2.4756089965415953E-7   -2338939.396059067-87272.13344679668i             1.6851876526984055E7
0                         6.929425768054377E-7     -2.3158922870872991E-7   -2153970.949662694-73392.74383626675i             1.5941254573718024E7
0                         6.929425768054377E-7     -2.1561755776330025E-7   -2067286.4865624413-73313.36025126756i            1.5160300482919738E7
0                         6.929425768054377E-7     -1.996458868178706E-7    -1974667.3772042939-73464.18620500341i            1.4331086673626129E7
0                         6.929425768054377E-7     -1.8367421587244096E-7   -1876113.621588236-73845.2216974725i              1.3453719248680204E7
0                         6.929425768054377E-7     -1.677025449270113E-7    -1725550.4766898095-70491.704065965i              1.2451821590559242E7
0                         6.929425768054377E-7     -1.5173087398158168E-7   -1576045.4594473236-67086.09489090608i            1.1401697699854137E7
0                         6.929425768054377E-7     -1.3575920303615201E-7   -1423134.1766742768-63572.031991391035i           1.0324396309605336E7
0                         6.929425768054377E-7     -1.1978753209072235E-7   -1250660.1348545817-50297.3135079965i             9205781.035489915
0                         6.929425768054377E-7     -1.0381586114529273E-7   -1067915.5709840176-40352.954502903856i           8055717.226841354
0                         6.929425768054377E-7     -8.784419019986307E-8    -883531.6678849263-30467.581001149316i            6886396.431788159
0                         6.929425768054377E-7     -7.187251925443345E-8    -697508.4255573251-20641.193002734886i            5698371.636536476
0                         6.929425768054377E-7     -5.590084830900378E-8    -618084.8854024686-26957.975256199352i            4481451.362428092
0                         6.929425768054377E-7     -3.9929177363574116E-8   -429987.4379833921-18924.17894263708i             3263472.388055653
0                         6.929425768054377E-7     -2.39575064181445E-8     -239943.43362211544-10983.728599226688i           2044416.3996899498
0                         6.929425768054377E-7     -7.985835472714834E-9    -71473.37031585333-4790.766190555485i             816623.9320969514
0                         6.929425768054377E-7     7.985835472714834E-9     92619.19239049929+1370.9761575131124i             735612.5847840989
0                         6.929425768054377E-7     2.3957506418144448E-8    256430.95201121815+7615.608143394831i             1891478.3914901544
0                         6.929425768054377E-7     3.9929177363574116E-8    419961.90854630567+13943.129767089944i            3122442.204885182
0                         6.929425768054377E-7     5.590084830900378E-8     583212.0619957612+20353.541028598367i             4362355.32206447
0                         6.929425768054377E-7     7.18725192544334E-8      767708.4490807621+26083.8017768743i               5652360.109997906
0                         6.929425768054377E-7     8.784419019986301E-8     960561.9180012238+23023.62018492917i              6872984.787838283
0                         6.929425768054377E-7     1.0381586114529268E-7    1063120.1540179185+26908.603009912855i            8046927.180642284
0                         6.929425768054377E-7     1.1978753209072235E-7    1246504.8882854122+30816.29731606318i             9193558.980928408
0                         6.929425768054377E-7     1.3575920303615201E-7    1428320.0698994554+34815.74919753012i             1.0313864533148373E7
0                         6.929425768054377E-7     1.5173087398158168E-7    1603525.6842870158+48128.82011896797i             1.1379885539220097E7
0                         6.929425768054377E-7     1.6770254492701124E-7    1738267.2704717955+56616.834855767665i            1.2374882553474575E7
0                         6.929425768054377E-7     1.836742158724409E-7     1866350.8663440142+64780.58982015727i             1.3330730844616383E7
0                         6.929425768054377E-7     1.9964588681787058E-7    1987776.4719036743+72620.08501213789i             1.4247428687237397E7
0                         6.929425768054377E-7     2.1561755776330025E-7    2102544.087150773+80135.32043170813i              1.5124975518042559E7
0                         6.929425768054377E-7     2.3158922870872991E-7    2219794.638267138+86439.21919019367i              1.5931825869459525E7
0                         6.929425768054377E-7     2.475608996541595E-7     2284774.204692988+85602.50141742607i              1.6646009321597582E7
0                         6.929425768054377E-7     2.6353257059958914E-7    2342872.8717298713+84869.15296323723i             1.7309917308060076E7
0                         6.929425768054377E-7     2.795042415450188E-7     2394090.639377792+84239.17382762715i              1.792349993745228E7
0                         6.929425768054377E-7     2.954759124904485E-7     2477573.4733659197+89582.37000505641i             1.84640767915432E7
0                         6.929425768054377E-7     3.1144758343587815E-7    2559173.292190036+93616.73285128284i              1.8947923086670283E7
0                         6.929425768054377E-7     3.274192543813078E-7     2604835.1920984657+94688.23223991244i             1.9228027121981658E7
0                         6.929425768054377E-7     3.433909253267374E-7     2651019.4282895923+95736.06691730453i             1.9489735380525157E7
0                         6.929425768054377E-7     3.5936259627216704E-7    2688727.6524665174+96664.07617040252i             1.9689591263807517E7
0                         6.929425768054377E-7     3.753342672175967E-7     2717959.8646292384+97472.25999920687i             1.98275942837782E7
0                         6.929425768054377E-7     3.913059381630264E-7     2738716.064777751+98160.61840371655i              1.990374490352116E7
0                         7.083413007344475E-7     -3.913059381630264E-7    -2700720.525101636-77018.91176789206i             1.9857052826469496E7
0                         7.083413007344475E-7     -3.753342672175967E-7    -2677716.6804377357-75755.81949830946i            1.9765222143573668E7
0                         7.083413007344475E-7     -3.593625962721671E-7    -2647540.739953299-74548.26577236131i             1.9613415028227966E7
0                         7.083413007344475E-7     -3.4339092532673743E-7   -2610192.7036483255-73396.25059004768i            1.9401630798228666E7
0                         7.083413007344475E-7     -3.2741925438130776E-7   -2565672.571522817-72299.77395136881i             1.912986976007119E7
0                         7.083413007344475E-7     -3.1144758343587815E-7   -2513980.34357677-71258.83585632406i              1.879813327442356E7
0                         7.083413007344475E-7     -2.954759124904485E-7    -2455116.0198101853-70273.43630491389i            1.8406423878284015E7
0                         7.083413007344475E-7     -2.7950424154501886E-7   -2389079.60022306-69343.57529713801i              1.7954745478394274E7
0                         7.083413007344475E-7     -2.635325705995892E-7    -2361581.903778298-69512.50031689089i             1.740209362099253E7
0                         7.083413007344475E-7     -2.4756089965415953E-7   -2223053.016294934-59342.60338559072i             1.6614346077797852E7
0                         7.083413007344475E-7     -2.3158922870872991E-7   -2142993.959497026-59338.919040093526i            1.5885544780951107E7
0                         7.083413007344475E-7     -2.1561755776330025E-7   -2057000.256441216-59565.44423333004i             1.5108364033201026E7
0                         7.083413007344475E-7     -1.996458868178706E-7    -1965071.9071275056-60022.17896530041i            1.4282872850222543E7
0                         7.083413007344475E-7     -1.8367421587244096E-7   -1867208.9115558926-60709.12323600517i            1.3409165600047287E7
0                         7.083413007344475E-7     -1.677025449270113E-7    -1719407.1113805883-57882.47079503483i            1.2413484625098601E7
0                         7.083413007344475E-7     -1.5173087398158168E-7   -1570599.0609816108-54838.569616813125i           1.1367645299792008E7
0                         7.083413007344475E-7     -1.3575920303615201E-7   -1418384.745052066-51686.21471413587i             1.029459289680172E7
0                         7.083413007344475E-7     -1.1978753209072235E-7   -1249867.823582569-47289.0995431511i              9178728.10971472
0                         7.083413007344475E-7     -1.0381586114529273E-7   -1068720.7403194506-37915.19463708438i            8032431.160433708
0                         7.083413007344475E-7     -8.784419019986307E-8    -885934.3178278151-28600.27523435696i             6866870.5237617735
0                         7.083413007344475E-7     -7.187251925443345E-8    -701508.556107659-19344.34133496834i              5682595.380190824
0                         7.083413007344475E-7     -5.590084830900378E-8    -515443.45515898685-10147.392938919154i           4480768.511352389
0                         7.083413007344475E-7     -3.9929177363574116E-8   -327739.0149817935-1009.4300462088431i            3264343.056358126
0                         7.083413007344475E-7     -2.39575064181445E-8     -236379.0486377283-9310.212964721046i             2039964.5380592898
0                         7.083413007344475E-7     -7.985835472714834E-9    -70462.54836837843-3578.793028454442i             802600.6368410565
0                         7.083413007344475E-7     7.985835472714834E-9     92648.0310022094+2160.2572490329185i              719940.190350671
0                         7.083413007344475E-7     2.3957506418144448E-8    255477.8072871648+7982.197164333615i              1878973.6629060532
0                         7.083413007344475E-7     3.9929177363574116E-8    418026.78048648895+13887.026717447745i            3107093.494627788
0                         7.083413007344475E-7     5.590084830900378E-8     580294.9506001803+19874.745908375087i             4343044.134571467
0                         7.083413007344475E-7     7.18725192544334E-8      773403.2955152849+18123.606711649976i             5659139.480688989
0                         7.083413007344475E-7     8.784419019986301E-8     880222.5185312051+23295.568752717547i             6847053.015335724
0                         7.083413007344475E-7     1.0381586114529268E-7    1063826.4828136074+26653.36602632748i             8014208.458603681
0                         7.083413007344475E-7     1.1978753209072235E-7    1245860.8944425648+30102.92087525429i             9155554.516049108
0                         7.083413007344475E-7     1.3575920303615201E-7    1426325.7534180917+33644.23329949819i             1.0270585771742314E7
0                         7.083413007344475E-7     1.5173087398158168E-7    1605221.0597401732+37277.3032990596i              1.1359012830855023E7
0                         7.083413007344475E-7     1.6770254492701124E-7    1744387.8962074136+46642.1079394269i              1.2360679550893236E7
0                         7.083413007344475E-7     1.836742158724409E-7     1871276.052347824+54354.11997674126i              1.3314735252800975E7
0                         7.083413007344475E-7     1.9964588681787058E-7    1991506.2181756794+61741.87224164582i             1.4229646292646147E7
0                         7.083413007344475E-7     2.1561755776330025E-7    2134540.4814855144+71158.34685511907i             1.5121007624501694E7
0                         7.083413007344475E-7     2.3158922870872991E-7    2206181.922741758+70073.02107944833i              1.5882411860159533E7
0                         7.083413007344475E-7     2.475608996541595E-7     2270942.464609035+69091.06462235595i              1.6593553392000718E7
0                         7.083413007344475E-7     2.6353257059958914E-7    2328822.1070873463+68212.47748384232i             1.725437480983218E7
0                         7.083413007344475E-7     2.795042415450188E-7     2379820.8501766967+67437.25966390743i             1.7864832873408005E7
0                         7.083413007344475E-7     2.954759124904485E-7     2423938.6938770856+66765.41116255155i             1.842489479008292E7
0                         7.083413007344475E-7     3.1144758343587815E-7    2520881.763318596+72169.57375587724i              1.889872773749345E7
0                         7.083413007344475E-7     3.274192543813078E-7     2567359.3690208206+73687.53918617335i             1.9182696798284747E7
0                         7.083413007344475E-7     3.433909253267374E-7     2613413.67605975+74700.12046777562i               1.9444133146624077E7
0                         7.083413007344475E-7     3.5936259627216704E-7    2650991.9710844895+75592.87632508471i             1.9643732025169287E7
0                         7.083413007344475E-7     3.753342672175967E-7     2680094.254095013+76365.80675809906i              1.9781492648287706E7
0                         7.083413007344475E-7     3.913059381630264E-7     2700720.525091335+77018.91176681918i              1.9857415466762945E7
0                         7.237400246634572E-7     -3.913059381630264E-7    -2662724.9854146554-55877.20513090642i            1.9809428623404082E7
0                         7.237400246634572E-7     -3.753342672175967E-7    -2639856.800777767-54670.427968752265i            1.9718124040062703E7
0                         7.237400246634572E-7     -3.593625962721671E-7    -2609816.520320347-53519.1893502333i              1.9566843352529496E7
0                         7.237400246634572E-7     -3.4339092532673743E-7   -2572604.144042386-52423.489275348256i            1.9355585751569018E7
0                         7.237400246634572E-7     -3.2741925438130776E-7   -2528219.6719438843-51383.327744097565i           1.9084351418046456E7
0                         7.237400246634572E-7     -3.1144758343587815E-7   -2476663.1040248517-50398.70475648169i            1.875314158448037E7
0                         7.237400246634572E-7     -2.954759124904485E-7    -2417934.440285277-49469.62031250005i             1.8361958652973052E7
0                         7.237400246634572E-7     -2.7950424154501886E-7   -2374658.0173179284-51502.83263803483i            1.789288915265698E7
0                         7.237400246634572E-7     -2.635325705995892E-7    -2350424.6619975697-51418.36098815792i            1.7344934911336124E7
0                         7.237400246634572E-7     -2.4756089965415953E-7   -2211385.266084816-44982.86981118105i             1.6554657464859137E7
0                         7.237400246634572E-7     -2.3158922870872991E-7   -2132016.969331352-45285.09424391971i             1.5829680819261422E7
0                         7.237400246634572E-7     -2.1561755776330025E-7   -2046714.0263199864-45817.52821539156i            1.5056286095074901E7
0                         7.237400246634572E-7     -1.996458868178706E-7    -1955476.437050718-46580.17172559802i             1.4234534423579426E7
0                         7.237400246634572E-7     -1.8367421587244096E-7   -1858304.2015235485-47573.024774538244i           1.3364509404071089E7
0                         7.237400246634572E-7     -1.677025449270113E-7    -1713263.7460713652-45273.23752410457i            1.2374884522836186E7
0                         7.237400246634572E-7     -1.5173087398158168E-7   -1565152.6625158945-42591.044342720554i           1.1333333492516503E7
0                         7.237400246634572E-7     -1.3575920303615201E-7   -1413635.313429866-39800.39743688077i             1.0264537436317276E7
0                         7.237400246634572E-7     -1.1978753209072235E-7   -1258711.6988132698-36901.29680658458i            9168825.33874876
0                         7.237400246634572E-7     -1.0381586114529273E-7   -1069525.909654891-35477.43477126543i             8009295.882791501
0                         7.237400246634572E-7     -8.784419019986307E-8    -888336.9677706994-26732.969467563817i            6847522.479755142
0                         7.237400246634572E-7     -7.187251925443345E-8    -705508.6866579994-18047.48966720242i             5667040.509311343
0                         7.237400246634572E-7     -5.590084830900378E-8    -521041.0663167685-9420.995370178876i             4469018.016182443
0                         7.237400246634572E-7     -3.9929177363574116E-8   -334934.10674702795-853.4865764952847i            3256420.3832522174
0                         7.237400246634572E-7     -2.39575064181445E-8     -268738.6311182353-15773.256686589419i            1961955.7492499256
0                         7.237400246634572E-7     -7.985835472714834E-9    -100719.81475758087-10394.168290562688i           782860.5991139984
0                         7.237400246634572E-7     7.985835472714834E-9     70028.14225601451-488.51228860100673i             710801.8117041155
0                         7.237400246634572E-7     2.3957506418144448E-8    240750.62085315888+9506.511986799243i             1871853.464734348
0                         7.237400246634572E-7     3.9929177363574116E-8    411447.62103385536+19590.904535638347i            3095491.846902543
0                         7.237400246634572E-7     5.590084830900378E-8     582119.1427981014+29764.66535791608i              4325902.251857467
0                         7.237400246634572E-7     7.18725192544334E-8      698455.9756680907+20690.570985284983i             5632044.018705942
0                         7.237400246634572E-7     8.784419019986301E-8     882279.1699654108+23498.4712263548i               6818656.188383887
0                         7.237400246634572E-7     1.0381586114529268E-7    1064532.8116092908+26398.12904274158i             7980472.651934531
0                         7.237400246634572E-7     1.1978753209072235E-7    1245216.9005997283+29389.5444344453i              9116509.996621378
0                         7.237400246634572E-7     1.3575920303615201E-7    1424331.4369367259+32472.717401466594i            1.0226251797750283E7
0                         7.237400246634572E-7     1.5173087398158168E-7    1601876.4206202794+35647.64794380414i             1.1309402292094884E7
0                         7.237400246634572E-7     1.6770254492701124E-7    1750508.5219430309+36667.38102308591i             1.234588362348262E7
0                         7.237400246634572E-7     1.836742158724409E-7     1876201.2383516375+43927.650133324554i            1.3298143879883805E7
0                         7.237400246634572E-7     1.9964588681787058E-7    1995235.964447679+50863.65947115375i              1.4211268975815248E7
0                         7.237400246634572E-7     2.1561755776330025E-7    2121146.790518704+54937.38742869909i              1.5073944956238272E7
0                         7.237400246634572E-7     2.3158922870872991E-7    2192569.207216374+53706.82296870313i              1.5832338065835197E7
0                         7.237400246634572E-7     2.475608996541595E-7     2257110.7245250815+52579.627827286015i            1.6540419802500116E7
0                         7.237400246634572E-7     2.6353257059958914E-7    2314771.3424448255+51555.802004447796i            1.7198140753812443E7
0                         7.237400246634572E-7     2.795042415450188E-7     2365551.0609756066+50635.34550018818i             1.780546376797029E7
0                         7.237400246634572E-7     2.954759124904485E-7     2409449.8801174248+49818.25831450732i             1.836236073879606E7
0                         7.237400246634572E-7     3.1144758343587815E-7    2446467.7998702778+49104.54044740522i             1.8868810399148617E7
0                         7.237400246634572E-7     3.274192543813078E-7     2529883.5459431726+52686.84613243444i             1.913612457485518E7
0                         7.237400246634572E-7     3.433909253267374E-7     2575807.923829927+53664.17401824874i              1.939728962185985E7
0                         7.237400246634572E-7     3.5936259627216704E-7    2613256.289702455+54521.67647976655i              1.9596634988625363E7
0                         7.237400246634572E-7     3.753342672175967E-7     2642228.6435607956+55259.353516992036i            1.973415953707033E7
0                         7.237400246634572E-7     3.913059381630264E-7     2662724.985404919+55877.20512992204i              1.980986370698847E7
0                         7.391387485924669E-7     -3.913059381630264E-7    -2624729.4457276757-34735.49849392038i            1.976058658223137E7
0                         7.391387485924669E-7     -3.753342672175967E-7    -2601996.921117801-33585.03643919516i             1.966979975834431E7
0                         7.391387485924669E-7     -3.593625962721671E-7    -2572092.300687388-32490.11292810444i             1.951903945294217E7
0                         7.391387485924669E-7     -3.4339092532673743E-7   -2535015.584436442-31450.727960648423i            1.9308304726445585E7
0                         7.391387485924669E-7     -3.2741925438130776E-7   -2490766.7723649573-30466.881536826724i           1.903759567405678E7
0                         7.391387485924669E-7     -3.1144758343587815E-7   -2439345.8644729345-29538.573656639433i           1.870691348709628E7
0                         7.391387485924669E-7     -2.954759124904485E-7    -2378167.7366779624-33243.13041022839i            1.832428235962646E7
0                         7.391387485924669E-7     -2.7950424154501886E-7   -2363559.366403505-33328.823283770704i            1.7832143286024705E7
0                         7.391387485924669E-7     -2.635325705995892E-7    -2272460.4063258306-30245.21256453284i            1.716745420205542E7
0                         7.391387485924669E-7     -2.4756089965415953E-7   -2199717.515874703-30623.136236772276i            1.6494803788149754E7
0                         7.391387485924669E-7     -2.3158922870872991E-7   -2121039.9791656826-31231.269447745668i           1.5773660017807735E7
0                         7.391387485924669E-7     -2.1561755776330025E-7   -2036427.7961987571-32069.612197453214i           1.5004062954451809E7
0                         7.391387485924669E-7     -1.996458868178706E-7    -1945880.9669739353-33138.164485895526i           1.4186066528344508E7
0                         7.391387485924669E-7     -1.8367421587244096E-7   -1849399.4914912092-34436.92631307118i            1.3319744503078327E7
0                         7.391387485924669E-7     -1.677025449270113E-7    -1707120.3807621482-32664.004253174848i           1.233602505006084E7
0                         7.391387485924669E-7     -1.5173087398158168E-7   -1559706.2640501778-30343.519068627647i           1.1298765440291427E7
0                         7.391387485924669E-7     -1.3575920303615201E-7   -1408885.8818076625-27914.580159626148i           1.0234232390979912E7
0                         7.391387485924669E-7     -1.1978753209072235E-7   -1254659.2340345704-25377.187526166992i           9142743.63303644
0                         7.391387485924669E-7     -1.0381586114529273E-7   -1070331.0789903263-33039.674905446096i           7986332.326342995
0                         7.391387485924669E-7     -8.784419019986307E-8    -890739.6177135888-24865.66370077165i             6828375.205199627
0                         7.391387485924669E-7     -7.187251925443345E-8    -709508.8172083307-16750.637999435414i            5651732.819353007
0                         7.391387485924669E-7     -5.590084830900378E-8    -526638.6774745556-8694.597801439057i             4457592.726172566
0                         7.391387485924669E-7     -3.9929177363574116E-8   -438817.1704102815-21579.342993453298i            3193489.1153987055
0                         7.391387485924669E-7     -2.39575064181445E-8     -266193.14487813925-13595.938520001291i           1957615.6259678295
0                         7.391387485924669E-7     -7.985835472714834E-9    -100328.44019041501-9881.478510365312i            774365.17603272
0                         7.391387485924669E-7     7.985835472714834E-9     69104.18864409707-511.75150548815145i             698823.4480475889
0                         7.391387485924669E-7     2.3957506418144448E-8    238511.339062159+8947.343772827691i               1864104.2790600408
0                         7.391387485924669E-7     3.9929177363574116E-8    407893.01106377336+18495.807324582405i            3087503.0038433652
0                         7.391387485924669E-7     5.590084830900378E-8     575927.5287709101+14310.216184331468i             4313945.347828253
0                         7.391387485924669E-7     7.18725192544334E-8      752977.9695625436+22115.471718659326i             5537843.746775799
0                         7.391387485924669E-7     8.784419019986301E-8     884335.8213996219+23701.3736999924i               6789300.486400603
0                         7.391387485924669E-7     1.0381586114529268E-7    1065239.1404049727+26142.892059156176i            7945740.591886668
0                         7.391387485924669E-7     1.1978753209072235E-7    1244572.9067568853+28676.16799363683i             9076444.596937632
0                         7.391387485924669E-7     1.3575920303615201E-7    1422337.120455356+31301.201503434655i             1.0180880577973723E7
0                         7.391387485924669E-7     1.5173087398158168E-7    1598531.7815003819+34017.99258854908i             1.1258743827688374E7
0                         7.391387485924669E-7     1.6770254492701124E-7    1773156.8898919718+36826.54124898126i             1.2309848414890217E7
0                         7.391387485924669E-7     1.836742158724409E-7     1881126.4243554492+33501.18028990866i             1.3280958946910048E7
0                         7.391387485924669E-7     1.9964588681787058E-7    1998965.7107196879+39985.44670066191i             1.4192300777153347E7
0                         7.391387485924669E-7     2.1561755776330025E-7    2107753.0995518877+38716.42800227812i             1.5026246671615968E7
0                         7.391387485924669E-7     2.3158922870872991E-7    2178956.4916909877+37340.62485795765i             1.578160637602011E7
0                         7.391387485924669E-7     2.475608996541595E-7     2243278.9844411258+36068.19103221559i             1.6486610749995774E7
0                         7.391387485924669E-7     2.6353257059958914E-7    2300720.577802304+34899.12652505299i              1.714121764139233E7
0                         7.391387485924669E-7     2.795042415450188E-7     2351281.2717745136+33833.43133646869i             1.7745395428105902E7
0                         7.391387485924669E-7     2.954759124904485E-7     2394961.0663577616+32871.10546646312i             1.8299120263560086E7
0                         7.391387485924669E-7     3.1144758343587815E-7    2431759.9615520476+32012.14891503645i             1.880237418776709E7
0                         7.391387485924669E-7     3.274192543813078E-7     2519653.0824545613+33141.92213059586i             1.9220674097380493E7
0                         7.391387485924669E-7     3.433909253267374E-7     2538202.1716000857+32628.227568719944i            1.9349212682042513E7
0                         7.391387485924669E-7     3.5936259627216704E-7    2575520.6083204327+33450.47663444944i             1.9548308180441562E7
0                         7.391387485924669E-7     3.753342672175967E-7     2604363.0330265723+34152.90027588434i             1.968560317343223E7
0                         7.391387485924669E-7     3.913059381630264E-7     2624729.445718497+34735.49849302415i              1.976109809226767E7
0                         7.545374725214766E-7     -3.913059381630264E-7    -2586733.9060406946-13593.791856934713i           1.9710535405434664E7
0                         7.545374725214766E-7     -3.753342672175967E-7    -2564137.0414578337-12499.644909638228i           1.9620257760849852E7
0                         7.545374725214766E-7     -3.593625962721671E-7    -2534368.0810544374-11461.036505976343i           1.947001159367442E7
0                         7.545374725214766E-7     -3.4339092532673743E-7   -2497427.0248304997-10477.966645948647i           1.9259795829200506E7
0                         7.545374725214766E-7     -3.2741925438130776E-7   -2453313.872786028-9550.435329555825i             1.898961051649446E7
0                         7.545374725214766E-7     -3.1144758343587815E-7   -2372111.0618584016-14733.393633472268i           1.8696316131586343E7
0                         7.545374725214766E-7     -2.954759124904485E-7    -2367127.676629862-14989.251030434738i            1.8259935095096473E7
0                         7.545374725214766E-7     -2.7950424154501886E-7   -2326219.3802200444-15125.94730014677i            1.772380344866153E7
0                         7.545374725214766E-7     -2.635325705995892E-7    -2260101.8960712655-15579.570211887658i           1.7103566990981556E7
0                         7.545374725214766E-7     -2.4756089965415953E-7   -2188049.765664587-16263.402662362729i            1.643478373427129E7
0                         7.545374725214766E-7     -2.3158922870872991E-7   -2110062.989000012-17177.444651572587i            1.5717480109372556E7
0                         7.545374725214766E-7     -2.1561755776330025E-7   -2026141.5660775332-18321.696179515595i           1.495169131039762E7
0                         7.545374725214766E-7     -1.996458868178706E-7    -1880893.6760079684-8098.86068350845i             1.4107129563912012E7
0                         7.545374725214766E-7     -1.8367421587244096E-7   -1787590.4257147866-17352.23281829482i            1.3245050373557094E7
0                         7.545374725214766E-7     -1.677025449270113E-7    -1671277.4639998656-28383.794177002244i           1.2278178178606233E7
0                         7.545374725214766E-7     -1.5173087398158168E-7   -1544770.5289156549-39726.653286071494i           1.1257049138241263E7
0                         7.545374725214766E-7     -1.3575920303615201E-7   -1404136.4501854554-16028.762882371062i           1.0203680986254735E7
0                         7.545374725214766E-7     -1.1978753209072235E-7   -1250606.7692558751-13853.078245749755i           9116426.323057052
0                         7.545374725214766E-7     -1.0381586114529273E-7   -1093670.822795737-11568.939884672815i            8002677.3709311485
0                         7.545374725214766E-7     -8.784419019986307E-8    -893142.2676564729-22998.357933978412i            6809456.58766367
0                         7.545374725214766E-7     -7.187251925443345E-8    -713508.9477586657-15453.786331669035i            5636704.082998616
0                         7.545374725214766E-7     -5.590084830900378E-8    -603741.050561798-26360.04491263307i              4406488.267739347
0                         7.545374725214766E-7     -3.9929177363574116E-8   -434658.02039097145-18871.2337055428i             3186216.7643759088
0                         7.545374725214766E-7     -2.39575064181445E-8     -263647.65863804123-11418.620353413047i           1953676.8891356706
0                         7.545374725214766E-7     -7.985835472714834E-9    -99937.06562325126-9368.788730168126i             767327.4829445904
0                         7.545374725214766E-7     7.985835472714834E-9     68180.23503217893-534.990722375318i               688486.850622627
0                         7.545374725214766E-7     2.3957506418144448E-8    236272.0572711588+8388.17555885618i               1857070.1408407046
0                         7.545374725214766E-7     3.9929177363574116E-8    404338.40109368955+17400.710113526344i            3079991.9598218533
0                         7.545374725214766E-7     5.590084830900378E-8     571504.9814588088+9828.789426354051i              4304001.58761151
0                         7.545374725214766E-7     7.18725192544334E-8      747023.256238278+17138.34830162621i               5521886.19937741
0                         7.545374725214766E-7     8.784419019986301E-8     886392.4728338341+23904.276173630467i             6759013.203266173
0                         7.545374725214766E-7     1.0381586114529268E-7    1065945.4692006567+25887.655075570452i            7910036.6174959475
0                         7.545374725214766E-7     1.1978753209072235E-7    1243928.912914042+27962.791552828567i             9035380.565753883
0                         7.545374725214766E-7     1.3575920303615201E-7    1420342.8039739872+30129.68560540257i             1.0134492828993797E7
0                         7.545374725214766E-7     1.5173087398158168E-7    1595187.1423804874+32388.337233294238i            1.1207057003871169E7
0                         7.545374725214766E-7     1.6770254492701124E-7    1768461.928133553+34738.746436502675i             1.2252879952980233E7
0                         7.545374725214766E-7     1.836742158724409E-7     1940167.1612331672+37180.91321502789i             1.327183812777737E7
0                         7.545374725214766E-7     1.9964588681787058E-7    2016494.1416155756+24119.879723080958i            1.4175263739982195E7
0                         7.545374725214766E-7     2.1561755776330025E-7    2094359.408585074+22495.46857585758i              1.497791455227803E7
0                         7.545374725214766E-7     2.3158922870872991E-7    2165343.7761656037+20974.426747212332i            1.5730218876860093E7
0                         7.545374725214766E-7     2.475608996541595E-7     2229447.244357174+19556.754237146037i             1.6432128620737111E7
0                         7.545374725214766E-7     2.6353257059958914E-7    2286669.8131597806+18242.451045658283i            1.7083608158466674E7
0                         7.545374725214766E-7     2.795042415450188E-7     2337011.482573423+17031.517172749474i             1.768463084252169E7
0                         7.545374725214766E-7     2.954759124904485E-7     2380472.2525981013+15923.95261841912i             1.823517666246326E7
0                         7.545374725214766E-7     3.1144758343587815E-7    2417052.1232338147+14919.75738266755i             1.8735230641374797E7
0                         7.545374725214766E-7     3.274192543813078E-7     2446751.0944805695+14018.931465494996i            1.9184781719532195E7
0                         7.545374725214766E-7     3.433909253267374E-7     2500596.419370249+11592.281119191612i             1.9299910497293614E7
0                         7.545374725214766E-7     3.5936259627216704E-7    2537784.9269384006+12379.2767891314i              1.9498759921453778E7
0                         7.545374725214766E-7     3.753342672175967E-7     2566497.422492345+13046.44703477624i              1.9635832077941526E7
0                         7.545374725214766E-7     3.913059381630264E-7     2586733.906032094+13593.791856128291i             1.9711127393031545E7
