% Model:              omc_unitcell_iso.mph
% Version:            COMSOL 6.2.0.658
% Date:               Jul 1 2026, 14:34
% Dimension:          3
% Nodes:              2500
% Expressions:        2
% Description:        Electric field, y-component, Electric field norm
% Length unit:        m
% X                       Y                        Z                        ewfd.Ey (V/m) @ lambda=2E-12                      ewfd.normE (V/m) @ lambda=2E-12
0                         0                        -4.455E-7                -35699.48610606545+13407.93560436765i             181833.04290490362
0                         0                        -4.2731632653061225E-7   -3304084.314776362+1348889.2735757916i            3568819.893398798
0                         0                        -4.091326530612245E-7    -6389591.624607753+2621492.709836121i             6906453.87713416
0                         0                        -3.9094897959183674E-7   -9365598.334518045+3858873.5394719834i            1.0129429261175785E7
0                         0                        -3.72765306122449E-7     -1.2232104444507243E7+5061031.762483378i          1.3237764979111822E7
0                         0                        -3.545816326530612E-7    -1.4989109954575371E7+6227967.378870317i          1.6231481599121606E7
0                         0                        -3.3639795918367346E-7   -1.7604253794287167E7+7349740.532700443i          1.907690849041568E7
0                         0                        -3.1821428571428575E-7   -2.0023819521156304E7+8407402.553194514i          2.1717222794531114E7
0                         0                        -3.0003061224489794E-7   -2.247936680247281E7+9501582.934641218i           2.4404958719571356E7
0                         0                        -2.8184693877551024E-7   -2.4547173195723277E7+1.04545110572134E7i         2.6680714258546986E7
0                         0                        -2.636632653061224E-7    -2.6306232164900668E7+1.1301248870536258E7i       2.8631033455805458E7
0                         0                        -2.454795918367347E-7    -2.775654371000498E7+1.20417963746098E7i          3.025608333299244E7
0                         0                        -2.2729591836734696E-7   -2.8898107831036184E7+1.2676153569433998E7i       3.1556069234460574E7
0                         0                        -2.091122448979592E-7    -2.8475865549821373E7+1.2796815327626834E7i       3.121911916343715E7
0                         0                        -1.9092857142857144E-7   -2.815271664826739E7+1.2822457096678052E7i        3.0935268879933484E7
0                         0                        -1.7274489795918368E-7   -2.781286465018867E7+1.2834263063619228E7i        3.0631254437843308E7
0                         0                        -1.5456122448979592E-7   -2.7456309555585306E7+1.2832233228450406E7i       3.0307014766246308E7
0                         0                        -1.3637755102040816E-7   -2.7083051364457224E7+1.2816367591171542E7i       2.9962492377001293E7
0                         0                        -1.181938775510204E-7    -2.6693090076804448E7+1.2786666151782658E7i       2.9597633167629138E7
0                         0                        -1.0001020408163265E-7   -2.628642569262698E7+1.274312891028375E7i         2.921238624484671E7
0                         0                        -8.182653061224489E-8    -2.586305821192482E7+1.2685755866674814E7i        2.8806703768086456E7
0                         0                        -6.364285714285713E-8    -2.5422987634697996E7+1.261454702095586E7i        2.8380540812639806E7
0                         0                        -4.545918367346937E-8    -2.536934207499225E7+1.2649304836996958E7i        2.8347988115159895E7
0                         0                        -2.7275510204081612E-8   -2.5425500735191084E7+1.268760626400005E7i        2.841533811774014E7
0                         0                        -9.091836734693906E-9    -2.546218818632831E7+1.2709269241589693E7i        2.8457838145073757E7
0                         0                        9.091836734693853E-9     -2.5479404428403925E7+1.2714293769765887E7i       2.847548623096851E7
0                         0                        2.7275510204081612E-8    -2.5477149461417925E7+1.2702679848528624E7i       2.8468284458562702E7
0                         0                        4.5459183673469424E-8    -2.566507390703794E7+1.2724322376243735E7i        2.864619343976258E7
0                         0                        6.364285714285713E-8     -2.5809864405881435E7+1.2727047040821122E7i       2.877719282746771E7
0                         0                        8.182653061224494E-8     -2.523101249907714E7+1.250275355750023E7i         2.8158885600253634E7
0                         0                        1.0001020408163265E-7    -2.5804033135460686E7+1.2599309493526988E7i       2.871568779899991E7
0                         0                        1.1819387755102046E-7    -2.636384259692373E7+1.2683593279281046E7i        2.92562084855436E7
0                         0                        1.3637755102040816E-7    -2.691044088346623E7+1.2755604914762385E7i        2.978048497395637E7
0                         0                        1.5456122448979587E-7    -2.7443827995088242E7+1.2815344399971023E7i       3.028855802302014E7
0                         0                        1.7274489795918368E-7    -2.7964003931789715E7+1.2862811734906953E7i       3.0780471757671464E7
0                         0                        1.909285714285714E-7     -2.8470968693570666E7+1.2898006919570167E7i       3.125627362382728E7
0                         0                        2.091122448979592E-7     -2.8964722280431133E7+1.292092995396068E7i        3.1716014372201025E7
0                         0                        2.272959183673469E-7     -2.8707156864910197E7+1.2590269501619026E7i       3.134670224106451E7
0                         0                        2.454795918367347E-7     -2.7610840164129287E7+1.197621266607096E7i        3.0096314797530502E7
0                         0                        2.636632653061224E-7     -2.6220739398146123E7+1.1261001436362397E7i       2.853659629204661E7
0                         0                        2.8184693877551024E-7    -2.453685456696064E7+1.044463581249331E7i         2.666735174882941E7
0                         0                        3.0003061224489794E-7    -2.2559185670572896E7+9527115.794463718i          2.448842162084975E7
0                         0                        3.1821428571428575E-7    -2.0151229585394785E7+8452066.724956615i          2.1851990429395873E7
0                         0                        3.3639795918367346E-7    -1.770361296405816E7+7384591.0614064485i          1.9182025365570035E7
0                         0                        3.5458163265306127E-7    -1.5083850103927108E7+6260349.836250027i          1.6331396573164757E7
0                         0                        3.72765306122449E-7      -1.233785747055678E7+5095956.972439811i           1.334883906670283E7
0                         0                        3.909489795918368E-7     -9471102.063095449+3892497.8708382905i            1.0239790718762346E7
0                         0                        4.091326530612245E-7     -6483583.881543161+2649972.5314454883i            7004228.320551943
0                         0                        4.273163265306122E-7     -3375302.9258998833+1368380.95426139i             3642133.4788244134
0                         0                        4.455E-7                 -8938.383592615572+3415.794210974079i             105674.22432176668
0                         1.6530612244897957E-8    -4.455E-7                10452.519200594785-4094.861154465286i             980422.7178893068
0                         1.6530612244897957E-8    -4.2731632653061225E-7   -3169324.5322623253+1296579.3953283527i           3572738.0914807874
0                         1.6530612244897957E-8    -4.091326530612245E-7    -6250516.871147809+2568919.3888139576i            6826682.778852784
0                         1.6530612244897957E-8    -3.9094897959183674E-7   -9222208.610112207+3806036.7756750993i            1.0018619433305977E7
0                         1.6530612244897957E-8    -3.72765306122449E-7     -1.2084399749155514E7+5007931.555911778i          1.3109462653584765E7
0                         1.6530612244897957E-8    -3.545816326530612E-7    -1.483709028827773E7+6174603.729523989i           1.6091145137275457E7
0                         1.6530612244897957E-8    -3.3639795918367346E-7   -1.7448822307361744E7+7297028.543958269i          1.892605525658832E7
0                         1.6530612244897957E-8    -3.1821428571428575E-7   -1.989606183001432E7+8367726.397421965i           2.158894119646378E7
0                         1.6530612244897957E-8    -3.0003061224489794E-7   -2.2200104800280195E7+9400101.220593201i          2.41099992300459E7
0                         1.6530612244897957E-8    -2.8184693877551024E-7   -2.4272928952059574E7+1.0355236130921695E7i       2.6390041796633136E7
0                         1.6530612244897957E-8    -2.636632653061224E-7    -2.603700567976586E7+1.1204180732000861E7i        2.8345625752642356E7
0                         1.6530612244897957E-8    -2.454795918367347E-7    -2.7492334983399056E7+1.1946935023830697E7i       2.9976721296760302E7
0                         1.6530612244897957E-8    -2.2729591836734696E-7   -2.8958223015702344E7+1.2689273318876747E7i       3.162570331558212E7
0                         1.6530612244897957E-8    -2.091122448979592E-7    -2.925347223072293E7+1.2997460944033511E7i        3.2057121021563455E7
0                         1.6530612244897957E-8    -1.9092857142857144E-7   -2.8338014504416168E7+1.286429531920475E7i        3.113588906756011E7
0                         1.6530612244897957E-8    -1.7274489795918368E-7   -2.752485804860004E7+1.2745496342554154E7i        3.0338568118958335E7
0                         1.6530612244897957E-8    -1.5456122448979592E-7   -2.7168317858962756E7+1.274356265645065E7i        3.001445327119809E7
0                         1.6530612244897957E-8    -1.3637755102040816E-7   -2.6795074572800778E7+1.2727793168237124E7i       2.9670066828746706E7
0                         1.6530612244897957E-8    -1.181938775510204E-7    -2.6405128190114096E7+1.2698187877913566E7i       2.930535466227436E7
0                         1.6530612244897957E-8    -1.0001020408163265E-7   -2.599847871090275E7+1.2654746785479996E7i        2.892026593060916E7
0                         1.6530612244897957E-8    -8.182653061224489E-8    -2.5575126135166682E7+1.2597469890936388E7i       2.8514752928192485E7
0                         1.6530612244897957E-8    -6.364285714285713E-8    -2.523016245445686E7+1.2555800992783437E7i        2.8184496996330224E7
0                         1.6530612244897957E-8    -4.545918367346937E-8    -2.510996091160574E7+1.2561480916809676E7i        2.807672637909682E7
0                         1.6530612244897957E-8    -2.7275510204081612E-8   -2.5166160939578805E7+1.2599812605156941E7i       2.814413439918778E7
0                         1.6530612244897957E-8    -9.091836734693906E-9    -2.5202889758490253E7+1.2621505844090752E7i       2.8186689105146855E7
0                         1.6530612244897957E-8    9.091836734693853E-9     -2.52201473683401E7+1.2626560633611118E7i         2.820438853229103E7
0                         1.6530612244897957E-8    2.7275510204081612E-8    -2.5217933769128315E7+1.2614976973718029E7i       2.8197234786551047E7
0                         1.6530612244897957E-8    4.5459183673469424E-8    -2.530261033961101E7+1.2614639577090234E7i        2.8275573222571038E7
0                         1.6530612244897957E-8    6.364285714285713E-8     -2.560404311208542E7+1.265841673475962E7i         2.8563282545209143E7
0                         1.6530612244897957E-8    8.182653061224494E-8     -2.569538673928627E7+1.263448309586345E7i         2.8635809841973547E7
0                         1.6530612244897957E-8    1.0001020408163265E-7    -2.5586922741268672E7+1.2538260152345441E7i       2.8502895436483253E7
0                         1.6530612244897957E-8    1.1819387755102046E-7    -2.6147392532133758E7+1.2622756485165808E7i       2.9043883241368167E7
0                         1.6530612244897957E-8    1.3637755102040816E-7    -2.6694651148078304E7+1.2694980667713467E7i       2.956864598041626E7
0                         1.6530612244897957E-8    1.5456122448979587E-7    -2.7228698589102354E7+1.2754932699988421E7i       3.007722335492489E7
0                         1.6530612244897957E-8    1.7274489795918368E-7    -2.7749534855205886E7+1.2802612581990669E7i       3.056965858186401E7
0                         1.6530612244897957E-8    1.909285714285714E-7     -2.8257159946388904E7+1.2838020313720208E7i       3.104599833089774E7
0                         1.6530612244897957E-8    2.091122448979592E-7     -2.9254482185630254E7+1.2998816569849025E7i       3.205046717234956E7
0                         1.6530612244897957E-8    2.272959183673469E-7     -2.89504771165159E7+1.268543569531541E7i          3.1619975810776778E7
0                         1.6530612244897957E-8    2.454795918367347E-7     -2.7329770627368264E7+1.188005535551422E7i        2.9800551252763197E7
0                         1.6530612244897957E-8    2.636632653061224E-7     -2.594195163901675E7+1.1164879463422388E7i        2.8242815540117405E7
0                         1.6530612244897957E-8    2.8184693877551024E-7    -2.4260348585462958E7+1.0348549177170044E7i       2.6376326369376406E7
0                         1.6530612244897957E-8    3.0003061224489794E-7    -2.228496146670686E7+9431064.496757183i           2.420112323345507E7
0                         1.6530612244897957E-8    3.1821428571428575E-7    -2.001579028274847E7+8412425.42218381i            2.171743119880252E7
0                         1.6530612244897957E-8    3.3639795918367346E-7    -1.757647422663037E7+7339835.310970119i           1.905969824414348E7
0                         1.6530612244897957E-8    3.5458163265306127E-7    -1.4972045900859388E7+6221085.461770829i          1.6232938726617036E7
0                         1.6530612244897957E-8    3.72765306122449E-7      -1.223122862039657E7+5057791.091928125i           1.326366194929616E7
0                         1.6530612244897957E-8    3.909489795918368E-7     -9367939.332683679+3858054.832884178i             1.0173110884924224E7
0                         1.6530612244897957E-8    4.091326530612245E-7     -6349216.3368335515+2602469.7253821595i           6930860.44288052
0                         1.6530612244897957E-8    4.273163265306122E-7     -3085857.46477168+1264228.2552996525i             3458143.0365896663
0                         1.6530612244897957E-8    4.455E-7                 -10452.519200575309+4094.8611544572504i           1021812.8305603168
0                         3.3061224489795914E-8    -4.455E-7                9746.99003724137-3796.163218186234i               2096002.7731991264
0                         3.3061224489795914E-8    -4.2731632653061225E-7   -3020356.8799922257+1241594.5787883205i           3806068.384664169
0                         3.3061224489795914E-8    -4.091326530612245E-7    -6111442.117687872+2516346.067791795i             6884266.986967357
0                         3.3061224489795914E-8    -3.9094897959183674E-7   -9078818.885706361+3753200.0118782124i            9991699.246835636
0                         3.3061224489795914E-8    -3.72765306122449E-7     -1.193669505380378E7+4954831.3493401725i          1.3038103135288864E7
0                         3.3061224489795914E-8    -3.545816326530612E-7    -1.46850706219801E7+6121240.080177664i            1.5991741245799512E7
0                         3.3061224489795914E-8    -3.3639795918367346E-7   -1.7293390820436317E7+7244316.555216093i          1.880086401296045E7
0                         3.3061224489795914E-8    -3.1821428571428575E-7   -1.971718489712834E7+8305780.99587708i            2.14188342912255E7
0                         3.3061224489795914E-8    -3.0003061224489794E-7   -2.1920842798087597E7+9298619.506545193i          2.381888254396952E7
0                         3.3061224489795914E-8    -2.8184693877551024E-7   -2.3998684708395872E7+1.0255961204629987E7i       2.6100544200720865E7
0                         3.3061224489795914E-8    -2.636632653061224E-7    -2.5767779194631055E7+1.1107112593465457E7i       2.8060732661597725E7
0                         3.3061224489795914E-8    -2.454795918367347E-7    -2.7301139563639995E7+1.1879436393315956E7i       2.9779384597189147E7
0                         3.3061224489795914E-8    -2.2729591836734696E-7   -2.8469986409369513E7+1.2535108896882301E7i       3.112813212987129E7
0                         3.3061224489795914E-8    -2.091122448979592E-7    -2.896167573973921E7+1.2918842473888066E7i        3.1814582445240635E7
0                         3.3061224489795914E-8    -1.9092857142857144E-7   -2.810321262274998E7+1.2796945431883011E7i        3.092408353613347E7
0                         3.3061224489795914E-8    -1.7274489795918368E-7   -2.7581437095551006E7+1.2757935067685362E7i       3.0425049059254356E7
0                         3.3061224489795914E-8    -1.5456122448979592E-7   -2.7043524060269035E7+1.2705732018336056E7i       2.9907994040286914E7
0                         3.3061224489795914E-8    -1.3637755102040816E-7   -2.6507097781144317E7+1.2639218745302698E7i       2.93893934884915E7
0                         3.3061224489795914E-8    -1.181938775510204E-7    -2.611716630342375E7+1.2609709604044482E7i        2.902459735514275E7
0                         3.3061224489795914E-8    -1.0001020408163265E-7   -2.5710531729178485E7+1.2566364660676232E7i       2.8639449064224266E7
0                         3.3061224489795914E-8    -8.182653061224489E-8    -2.528719405840854E7+1.2509183915197972E7i        2.823390113773537E7
0                         3.3061224489795914E-8    -6.364285714285713E-8    -2.5106612418375626E7+1.250726307977929E7i        2.8057541080468222E7
0                         3.3061224489795914E-8    -4.545918367346937E-8    -2.4850579748219226E7+1.2473656996622397E7i       2.7805569256703835E7
0                         3.3061224489795914E-8    -2.7275510204081612E-8   -2.4906821143966507E7+1.2512018946313826E7i       2.787302593326909E7
0                         3.3061224489795914E-8    -9.091836734693906E-9    -2.494359133065219E7+1.2533742446591811E7i        2.791563572878261E7
0                         3.3061224489795914E-8    9.091836734693853E-9     -2.4960890308276266E7+1.2538827497456353E7i       2.793339663652482E7
0                         3.3061224489795914E-8    2.7275510204081612E-8    -2.5006966950422842E7+1.2539242953674119E7i       2.797619135231713E7
0                         3.3061224489795914E-8    4.5459183673469424E-8    -2.5075379877590716E7+1.2535921745610848E7i       2.803960225370083E7
0                         3.3061224489795914E-8    6.364285714285713E-8     -2.5120059013466593E7+1.2514651156998925E7i       2.80766345123125E7
0                         3.3061224489795914E-8    8.182653061224494E-8     -2.5535019286111932E7+1.257982307338402E7i        2.8466251914184034E7
0                         3.3061224489795914E-8    1.0001020408163265E-7    -2.5898253462829217E7+1.2627552483880157E7i       2.8820740691349644E7
0                         3.3061224489795914E-8    1.1819387755102046E-7    -2.5930942467343777E7+1.2561919691050576E7i       2.88499587391877E7
0                         3.3061224489795914E-8    1.3637755102040816E-7    -2.647886141269038E7+1.263435642066455E7i         2.9375242792450134E7
0                         3.3061224489795914E-8    1.5456122448979587E-7    -2.7013569183116466E7+1.269452100000582E7i        2.988437808605812E7
0                         3.3061224489795914E-8    1.7274489795918368E-7    -2.753506577862205E7+1.2742413429074382E7i        3.0377406042619787E7
0                         3.3061224489795914E-8    1.909285714285714E-7     -2.8228991188777424E7+1.2832095395786041E7i       3.106048964557143E7
0                         3.3061224489795914E-8    2.091122448979592E-7     -2.895135488928871E7+1.2917847115615375E7i        3.179210678348002E7
0                         3.3061224489795914E-8    2.272959183673469E-7     -2.8462333670974553E7+1.2532089020878896E7i       3.1123363378468655E7
0                         3.3061224489795914E-8    2.454795918367347E-7     -2.7335844710789386E7+1.1889977870996106E7i       2.981614702720282E7
0                         3.3061224489795914E-8    2.636632653061224E-7     -2.5663163879887402E7+1.106875749048239E7i        2.794963328354856E7
0                         3.3061224489795914E-8    2.8184693877551024E-7    -2.3983842603965253E7+1.0252462541846775E7i       2.6087307058738198E7
0                         3.3061224489795914E-8    3.0003061224489794E-7    -2.2010737262840834E7+9335013.199050654i          2.3919193204744115E7
0                         3.3061224489795914E-8    3.1821428571428575E-7    -1.9743847856514107E7+8316409.462094015i          2.144661904113532E7
0                         3.3061224489795914E-8    3.3639795918367346E-7    -1.736384483687177E7+7268726.485924432i           1.8873374557414103E7
0                         3.3061224489795914E-8    3.5458163265306127E-7    -1.4750888988708837E7+6145217.767367649i          1.6057110806154247E7
0                         3.3061224489795914E-8    3.72765306122449E-7      -1.1989326662542293E7+4972032.164911084i          1.3088654010387024E7
0                         3.3061224489795914E-8    3.909489795918368E-7     -9104339.202346528+3758690.992407153i             1.0012980572504811E7
0                         3.3061224489795914E-8    4.091326530612245E-7     -6031881.372094161+2484054.9459267743i            6779064.303293125
0                         3.3061224489795914E-8    4.273163265306122E-7     -3059005.4774047853+1255841.9305465654i           3863197.898537515
0                         3.3061224489795914E-8    4.455E-7                 -9746.990037220621+3796.163218177545i             2158393.506208418
0                         4.959183673469387E-8     -4.455E-7                9041.460873887945-3497.4652819071785i             3185887.092730717
0                         4.959183673469387E-8     -4.2731632653061225E-7   -3007067.495576213+1239300.4917765087i            4434251.311592773
0                         4.959183673469387E-8     -4.091326530612245E-7    -5958641.591147434+2460419.5785211124i            7045625.355581711
0                         4.959183673469387E-8     -3.9094897959183674E-7   -8935429.16130053+3700363.248081331i              1.0047254890528886E7
0                         4.959183673469387E-8     -3.72765306122449E-7     -1.1788990358452037E7+4901731.142768566i          1.3023102974950759E7
0                         4.959183673469387E-8     -3.545816326530612E-7    -1.4548942741856843E7+6074920.34748194i           1.593680476921745E7
0                         4.959183673469387E-8     -3.3639795918367346E-7   -1.7128825824236628E7+7184540.53221878i           1.8687527568944126E7
0                         4.959183673469387E-8     -3.1821428571428575E-7   -1.953830796424236E7+8243835.594332194i           2.1262301381112467E7
0                         4.959183673469387E-8     -3.0003061224489794E-7   -2.172613356534402E7+9228033.39916065i            2.3627948045906093E7
0                         4.959183673469387E-8     -2.8184693877551024E-7   -2.3724440464732163E7+1.015668627833828E7i        2.5812373695770916E7
0                         4.959183673469387E-8     -2.636632653061224E-7    -2.542280726706486E7+1.0986429470371127E7i        2.7696752716719415E7
0                         4.959183673469387E-8     -2.454795918367347E-7    -2.6850474777425148E7+1.1728435193785496E7i       2.9310386471834056E7
0                         4.959183673469387E-8     -2.2729591836734696E-7   -2.794896635966636E7+1.235570689842306E7i         3.0593199166172557E7
0                         4.959183673469387E-8     -2.091122448979592E-7    -2.8757304660767514E7+1.2864253885604253E7i       3.1688228889542095E7
0                         4.959183673469387E-8     -1.9092857142857144E-7   -2.8134182357339326E7+1.2799936357713655E7i       3.103979887570679E7
0                         4.959183673469387E-8     -1.7274489795918368E-7   -2.7373732874217052E7+1.2697581682388958E7i       3.0257812203177202E7
0                         4.959183673469387E-8     -1.5456122448979592E-7   -2.6836211419514813E7+1.2645153452046214E7i       2.9737699520867303E7
0                         4.959183673469387E-8     -1.3637755102040816E-7   -2.6282521150326915E7+1.2579486271743186E7i       2.9199421033912703E7
0                         4.959183673469387E-8     -1.181938775510204E-7    -2.5712522732348476E7+1.2500464207882829E7i       2.864278560612401E7
0                         4.959183673469387E-8     -1.0001020408163265E-7   -2.542258474745424E7+1.2477982535872476E7i        2.8370271753486585E7
0                         4.959183673469387E-8     -8.182653061224489E-8    -2.514326031709671E7+1.2459589632747004E7i        2.8097257443089537E7
0                         4.959183673469387E-8     -6.364285714285713E-8    -2.4983062382294398E7+1.2458725166775145E7i       2.793334658236098E7
0                         4.959183673469387E-8     -4.545918367346937E-8    -2.4801275073814522E7+1.2440900685404258E7i       2.775092849921214E7
0                         4.959183673469387E-8     -2.7275510204081612E-8   -2.4647481348354235E7+1.242422528747072E7i        2.760200900026825E7
0                         4.959183673469387E-8     -9.091836734693906E-9    -2.4684292902814142E7+1.2445979049092878E7i       2.764467425063191E7
0                         4.959183673469387E-8     9.091836734693853E-9     -2.4701633248212434E7+1.2451094361301586E7i       2.7662507015244942E7
0                         4.959183673469387E-8     2.7275510204081612E-8    -2.477956347781302E7+1.2460474996630765E7i        2.7739304556389604E7
0                         4.959183673469387E-8     4.5459183673469424E-8    -2.484814941557044E7+1.2457203914131463E7i        2.780446703319771E7
0                         4.959183673469387E-8     6.364285714285713E-8     -2.4893001562035847E7+1.2435983451083507E7i       2.7843536736481383E7
0                         4.959183673469387E-8     8.182653061224494E-8     -2.547796172559494E7+1.2558815387569495E7i        2.8411681263914753E7
0                         4.959183673469387E-8     1.0001020408163265E-7    -2.5739543792681918E7+1.2573578350266963E7i       2.867041813827466E7
0                         4.959183673469387E-8     1.1819387755102046E-7    -2.608648087874632E7+1.2607249580168977E7i        2.9021188635654688E7
0                         4.959183673469387E-8     1.3637755102040816E-7    -2.6263071677302446E7+1.257373217361563E7i        2.920054615453871E7
0                         4.959183673469387E-8     1.5456122448979587E-7    -2.6798439777130585E7+1.2634109300023217E7i       2.9710285550898205E7
0                         4.959183673469387E-8     1.7274489795918368E-7    -2.732059670203822E7+1.2682214276158102E7i        3.020397071742434E7
0                         4.959183673469387E-8     1.909285714285714E-7     -2.8097264833719537E7+1.2795742371618759E7i       3.0994439089616045E7
0                         4.959183673469387E-8     2.091122448979592E-7     -2.873815588764899E7+1.2861263569614893E7i        3.1653232930065293E7
0                         4.959183673469387E-8     2.272959183673469E-7     -2.794231360804225E7+1.2354001019952096E7i        3.0589683208488766E7
0                         4.959183673469387E-8     2.454795918367347E-7     -2.685254024280021E7+1.1731413947465532E7i        2.9314593761773556E7
0                         4.959183673469387E-8     2.636632653061224E-7     -2.542010540787287E7+1.098618977740868E7i         2.76949065835404E7
0                         4.959183673469387E-8     2.8184693877551024E-7    -2.3685980474080734E7+1.014333832786603E7i        2.5775286327565834E7
0                         4.959183673469387E-8     3.0003061224489794E-7    -2.1736513058974802E7+9238961.901344124i          2.36426120213186E7
0                         4.959183673469387E-8     3.1821428571428575E-7    -1.9471905430279743E7+8220393.50200422i           2.1187362150719985E7
0                         4.959183673469387E-8     3.3639795918367346E-7    -1.708000375403007E7+7166636.184101446i           1.863974300458875E7
0                         4.959183673469387E-8     3.5458163265306127E-7    -1.4466668055121366E7+6041677.196989166i          1.5848590135540964E7
0                         4.959183673469387E-8     3.72765306122449E-7      -1.1715416130579984E7+4870579.959483331i          1.2930073657241588E7
0                         4.959183673469387E-8     3.909489795918368E-7     -8862111.759353798+3669803.0792661943i            9955583.996186128
0                         4.959183673469387E-8     4.091326530612245E-7     -5990467.446153433+2472851.3645602255i            7084984.6288427515
0                         4.959183673469387E-8     4.273163265306122E-7     -3043208.0604324793+1252672.6399485567i           4496986.724562298
0                         4.959183673469387E-8     4.455E-7                 -9041.460873865934+3497.465281897839i             3267200.2649869453
0                         6.612244897959183E-8     -4.455E-7                8335.931710534516-3198.7673456281223i             4250022.98338622
0                         6.612244897959183E-8     -4.2731632653061225E-7   -2993778.1111601996+1237006.4047646963i           5183972.943469246
0                         6.612244897959183E-8     -4.091326530612245E-7    -5931357.293152053+2455532.7065612082i            7483274.456817556
0                         6.612244897959183E-8     -3.9094897959183674E-7   -8792039.436894689+3647526.4842844466i            1.0181894484600741E7
0                         6.612244897959183E-8     -3.72765306122449E-7     -1.1641285663100302E7+4848630.93619696i           1.3063155727317838E7
0                         6.612244897959183E-8     -3.545816326530612E-7    -1.4397147301376034E7+6022622.985408566i          1.590833998187198E7
0                         6.612244897959183E-8     -3.3639795918367346E-7   -1.6956220512289666E7+7123750.098776228i          1.858580554876574E7
0                         6.612244897959183E-8     -3.1821428571428575E-7   -1.935943103135639E7+8181890.192787309i           2.1118699215831544E7
0                         6.612244897959183E-8     -3.0003061224489794E-7   -2.1599777160587806E7+9185616.721117558i          2.3517159547259055E7
0                         6.612244897959183E-8     -2.8184693877551024E-7   -2.3238522323946897E7+9982867.335719708i          2.530183377616741E7
0                         6.612244897959183E-8     -2.636632653061224E-7    -2.4907081205997005E7+1.0805070886185747E7i       2.7154182333550885E7
0                         6.612244897959183E-8     -2.454795918367347E-7    -2.633137971968737E7+1.1542606113955662E7i        2.8764940056833636E7
0                         6.612244897959183E-8     -2.2729591836734696E-7   -2.740123858847649E7+1.2154703071342496E7i        3.0026007736053202E7
0                         6.612244897959183E-8     -2.091122448979592E-7    -2.864365606354343E7+1.2834689553433752E7i        3.1684567444368143E7
0                         6.612244897959183E-8     -1.9092857142857144E-7   -2.796938655082419E7+1.2755045947288072E7i        3.096617375251253E7
0                         6.612244897959183E-8     -1.7274489795918368E-7   -2.7192222523243453E7+1.2644365933996864E7i       3.013718254096542E7
0                         6.612244897959183E-8     -1.5456122448979592E-7   -2.665515322852743E7+1.2591734386799421E7i        2.96139810290011E7
0                         6.612244897959183E-8     -1.3637755102040816E-7   -2.6102022170600176E7+1.2525932624230005E7i       2.907267012465511E7
0                         6.612244897959183E-8     -1.181938775510204E-7    -2.5532691769224398E7+1.2446845872437038E7i       2.8513053089581314E7
0                         6.612244897959183E-8     -1.0001020408163265E-7   -2.545255483765168E7+1.2477790169834072E7i        2.8410798073923446E7
0                         6.612244897959183E-8     -8.182653061224489E-8    -2.502026506484058E7+1.2411297347489178E7i        2.7981807150254566E7
0                         6.612244897959183E-8     -6.364285714285713E-8    -2.4859512346213166E7+1.2410187253771E7i          2.7811918802718475E7
0                         6.612244897959183E-8     -4.545918367346937E-8    -2.4677170253908195E7+1.2392117144653795E7i       2.762389935738142E7
0                         6.612244897959183E-8     -2.7275510204081612E-8   -2.438814155274195E7+1.233643162862761E7i         2.7331080118863683E7
0                         6.612244897959183E-8     -9.091836734693906E-9    -2.4424994474976085E7+1.235821565159394E7i        2.7373801141583424E7
0                         6.612244897959183E-8     9.091836734693853E-9     -2.4442376188148614E7+1.2363361225146823E7i       2.7391716385299817E7
0                         6.612244897959183E-8     2.7275510204081612E-8    -2.4552160005203176E7+1.2381707039587406E7i       2.750310894155961E7
0                         6.612244897959183E-8     4.5459183673469424E-8    -2.4620918953550152E7+1.2378486082652077E7i       2.757017113789879E7
0                         6.612244897959183E-8     6.364285714285713E-8     -2.466594411060511E7+1.2357315745168094E7i        2.761144468127048E7
0                         6.612244897959183E-8     8.182653061224494E-8     -2.516341175128797E7+1.2456297774994923E7i        2.8100460825005986E7
0                         6.612244897959183E-8     1.0001020408163265E-7    -2.557483241453526E7+1.2520864218060628E7i        2.8524154717667483E7
0                         6.612244897959183E-8     1.1819387755102046E-7    -2.5929428991626088E7+1.2553961335422045E7i       2.889072563950035E7
0                         6.612244897959183E-8     1.3637755102040816E-7    -2.6047281941914514E7+1.2513107926566705E7i       2.9044798143052157E7
0                         6.612244897959183E-8     1.5456122448979587E-7    -2.658331037114471E7+1.257369760004062E7i         2.9555180530120894E7
0                         6.612244897959183E-8     1.7274489795918368E-7    -2.723473573414162E7+1.2662119635541007E7i        3.0203243690400835E7
0                         6.612244897959183E-8     1.909285714285714E-7     -2.7913339522782527E7+1.2746011033232752E7i       3.0900529677465357E7
0                         6.612244897959183E-8     2.091122448979592E-7     -2.8621505837186903E7+1.2830931600090848E7i       3.1645071394786447E7
0                         6.612244897959183E-8     2.272959183673469E-7     -2.7396727807551328E7+1.2155054210599776E7i       3.002449336530029E7
0                         6.612244897959183E-8     2.454795918367347E-7     -2.6339006604556635E7+1.1549611939911023E7i       2.877609844203477E7
0                         6.612244897959183E-8     2.636632653061224E-7     -2.4940713834673848E7+1.0822898725786319E7i       2.719208753435001E7
0                         6.612244897959183E-8     2.8184693877551024E-7    -2.330051226968393E7+1.0010746616931805E7i        2.537335388843305E7
0                         6.612244897959183E-8     3.0003061224489794E-7    -2.128394404680674E7+9070670.270274764i           2.318398689588837E7
0                         6.612244897959183E-8     3.1821428571428575E-7    -1.919996300404538E7+8124377.541914423i           2.093977555866956E7
0                         6.612244897959183E-8     3.3639795918367346E-7    -1.6796162671188377E7+7064545.882278459i          1.8435278374707166E7
0                         6.612244897959183E-8     3.5458163265306127E-7    -1.4182447121533891E7+5938136.626610681i          1.567547161462858E7
0                         6.612244897959183E-8     3.72765306122449E-7      -1.1576548626550606E7+4821472.655317918i          1.2988657140029157E7
0                         6.612244897959183E-8     3.909489795918368E-7     -8807521.338918313+3655869.0566171524i            1.0200581874137932E7
0                         6.612244897959183E-8     4.091326530612245E-7     -5959578.141372175+2466811.4813004876i            7517379.443764099
0                         6.612244897959183E-8     4.273163265306122E-7     -3027410.643460172+1249503.349350548i             5250852.904950025
0                         6.612244897959183E-8     4.455E-7                 -8335.93171051124+3198.7673456181333i             4348197.947043829
0                         8.265306122448978E-8     -4.455E-7                7630.402547181091-2900.069409349066i              5288404.943954586
0                         8.265306122448978E-8     -4.2731632653061225E-7   -2980488.726744185+1234712.3177528842i            5996626.520733236
0                         8.265306122448978E-8     -4.091326530612245E-7    -5904072.995156671+2450645.834601305i             8007634.771346783
0                         8.265306122448978E-8     -3.9094897959183674E-7   -8763122.402690277+3644900.481135912i             1.0543555768785723E7
0                         8.265306122448978E-8     -3.72765306122449E-7     -1.1493580967748566E7+4795530.729625355i          1.3156282787964627E7
0                         8.265306122448978E-8     -3.545816326530612E-7    -1.4165019763310922E7+5930877.2821399765i         1.5872678261141893E7
0                         8.265306122448978E-8     -3.3639795918367346E-7   -1.678361520034271E7+7062959.665333682i           1.8504365906121083E7
0                         8.265306122448978E-8     -3.1821428571428575E-7   -1.9143127226780202E7+8106344.574146663i          2.0949763906020477E7
0                         8.265306122448978E-8     -3.0003061224489794E-7   -2.1059290227002375E7+9012488.085343797i          2.299477610332847E7
0                         8.265306122448978E-8     -2.8184693877551024E-7   -2.273196438403712E7+9815292.985344572i           2.479665840789957E7
0                         8.265306122448978E-8     -2.636632653061224E-7    -2.4440135103367846E7+1.0641869050972534E7i       2.666368838687764E7
0                         8.265306122448978E-8     -2.454795918367347E-7    -2.565672744901593E7+1.1306887780822756E7i        2.8056391631030772E7
0                         8.265306122448978E-8     -2.2729591836734696E-7   -2.6832685111071207E7+1.1935466578087091E7i       2.9431290153013784E7
0                         8.265306122448978E-8     -2.091122448979592E-7    -2.8624179512466334E7+1.2831220251484461E7i       3.1810057219206836E7
0                         8.265306122448978E-8     -1.9092857142857144E-7   -2.7897421853037734E7+1.273577766178976E7i        3.101920614866044E7
0                         8.265306122448978E-8     -1.7274489795918368E-7   -2.7179373285603814E7+1.263687775133625E7i        3.0245163295562923E7
0                         8.265306122448978E-8     -1.5456122448979592E-7   -2.64996860311449E7+1.254530726902015E7i          2.953583536383294E7
0                         8.265306122448978E-8     -1.3637755102040816E-7   -2.5998155040996317E7+1.2477655226160089E7i       2.9026752199796136E7
0                         8.265306122448978E-8     -1.181938775510204E-7    -2.5636224077313855E7+1.245350708428001E7i        2.8645411470300905E7
0                         8.265306122448978E-8     -1.0001020408163265E-7   -2.526123777214921E7+1.2416215574248238E7i        2.8252923802124824E7
0                         8.265306122448978E-8     -8.182653061224489E-8    -2.4997196647371233E7+1.2396293450558014E7i       2.7992695560359087E7
0                         8.265306122448978E-8     -6.364285714285713E-8    -2.473596231013193E7+1.2361649340766853E7i        2.7693262446144763E7
0                         8.265306122448978E-8     -4.545918367346937E-8    -2.455306543400186E7+1.2343333603903336E7i        2.749940033305276E7
0                         8.265306122448978E-8     -2.7275510204081612E-8   -2.434857918419422E7+1.2308057851640789E7i        2.7287905856366795E7
0                         8.265306122448978E-8     -9.091836734693906E-9    -2.416569604713803E7+1.2270452254095003E7i        2.7103013120690133E7
0                         8.265306122448978E-8     9.091836734693853E-9     -2.4183119128084786E7+1.227562808899206E7i        2.7121021721182384E7
0                         8.265306122448978E-8     2.7275510204081612E-8    -2.4324756532593355E7+1.2302939082544055E7i       2.726760591759843E7
0                         8.265306122448978E-8     4.5459183673469424E-8    -2.439368849152988E7+1.2299768251172699E7i        2.7336718690462444E7
0                         8.265306122448978E-8     6.364285714285713E-8     -2.4650179610046715E7+1.2340731451652465E7i       2.7622377691278398E7
0                         8.265306122448978E-8     8.182653061224494E-8     -2.484886177698102E7+1.235378016242036E7i         2.780073246201498E7
0                         8.265306122448978E-8     1.0001020408163265E-7    -2.5261849199165482E7+1.241890348807939E7i        2.8236636367275357E7
0                         8.265306122448978E-8     1.1819387755102046E-7    -2.566095048706467E7+1.2470633289506745E7i        2.866414546438976E7
0                         8.265306122448978E-8     1.3637755102040816E-7    -2.6104674882944427E7+1.2520972028849248E7i       2.912823511685781E7
0                         8.265306122448978E-8     1.5456122448979587E-7    -2.6447170836110648E7+1.253948045043963E7i        2.9515705540180486E7
0                         8.265306122448978E-8     1.7274489795918368E-7    -2.7060224118335E7+1.2614515209942417E7i          3.0124873005821206E7
0                         8.265306122448978E-8     1.909285714285714E-7     -2.7830090915212635E7+1.2723611119402673E7i       3.094462054164525E7
0                         8.265306122448978E-8     2.091122448979592E-7     -2.860848419934517E7+1.2828886263433084E7i        3.1779317424728457E7
0                         8.265306122448978E-8     2.272959183673469E-7     -2.68314295002774E7+1.1938711526440369E7i         2.943280804950536E7
0                         8.265306122448978E-8     2.454795918367347E-7     -2.580141873858608E7+1.1348256923595399E7i        2.8206916964629926E7
0                         8.265306122448978E-8     2.636632653061224E-7     -2.4440786603135E7+1.0640232964198845E7i          2.6663138891273532E7
0                         8.265306122448978E-8     2.8184693877551024E-7    -2.2743443569288086E7+9812461.93664362i           2.4800674974623665E7
0                         8.265306122448978E-8     3.0003061224489794E-7    -2.0897180248357996E7+8934048.73060545i           2.27986200906365E7
0                         8.265306122448978E-8     3.1821428571428575E-7    -1.8883238456549056E7+8004629.234664116i          2.0710062244973343E7
0                         8.265306122448978E-8     3.3639795918367346E-7    -1.6505432175208282E7+6961360.993789217i          1.8248817101011682E7
0                         8.265306122448978E-8     3.5458163265306127E-7    -1.4175191973684551E7+5939063.674081934i          1.587992159830831E7
0                         8.265306122448978E-8     3.72765306122449E-7      -1.150666302227635E7+4804399.68199921i            1.3180171731143082E7
0                         8.265306122448978E-8     3.909489795918368E-7     -8758857.23285633+3646212.6872739783i             1.0521784330129774E7
0                         8.265306122448978E-8     4.091326530612245E-7     -5928688.83659092+2460771.5980407503i             8034356.179727279
0                         8.265306122448978E-8     4.273163265306122E-7     -3011613.226487867+1246334.0587525396i            6066006.069014965
0                         8.265306122448978E-8     4.455E-7                 -7630.402547156553+2900.069409338428i             5401384.15333027
0                         9.918367346938774E-8     -4.455E-7                18316.344066387363-6144.31389286491i              6346127.266646876
0                         9.918367346938774E-8     -4.2731632653061225E-7   -2820817.232124432+1174844.2709688384i            6781417.662621683
0                         9.918367346938774E-8     -4.091326530612245E-7    -5610366.3510157205+2338582.480642484i            8377133.008712616
0                         9.918367346938774E-8     -3.9094897959183674E-7   -8350331.012607474+3485070.315128074i             1.0577767288942508E7
0                         9.918367346938774E-8     -3.72765306122449E-7     -1.1502362824190894E7+4807403.8155006245i         1.352919262715855E7
0                         9.918367346938774E-8     -3.545816326530612E-7    -1.4082939804435126E7+5918930.697004299i          1.5977809461062262E7
0                         9.918367346938774E-8     -3.3639795918367346E-7   -1.6361838961336134E7+6926827.698224036i          1.8215124824562334E7
0                         9.918367346938774E-8     -3.1821428571428575E-7   -1.8429130451375682E7+7862462.246905639i          2.0313692170432847E7
0                         9.918367346938774E-8     -3.0003061224489794E-7   -2.0284814274553787E7+8725834.343049107i          2.224468709703726E7
0                         9.918367346938774E-8     -2.8184693877551024E-7   -2.1959300879180916E7+9532724.976355312i          2.4005734891807172E7
0                         9.918367346938774E-8     -2.636632653061224E-7    -2.334491920865636E7+1.0240592542899167E7i        2.5500830458553087E7
0                         9.918367346938774E-8     -2.454795918367347E-7    -2.4659733402616367E7+1.0934392985521039E7i       2.6994870346507695E7
0                         9.918367346938774E-8     -2.2729591836734696E-7   -2.55803081296424E7+1.1495132239093687E7i         2.8121177594195936E7
0                         9.918367346938774E-8     -2.091122448979592E-7    -2.6345726905661598E7+1.2013261468553716E7i       2.922948541795981E7
0                         9.918367346938774E-8     -1.9092857142857144E-7   -2.7711054475742437E7+1.2711144855325377E7i       3.098821835270656E7
0                         9.918367346938774E-8     -1.7274489795918368E-7   -2.709938790584726E7+1.2628185174851019E7i        3.0303259950946257E7
0                         9.918367346938774E-8     -1.5456122448979592E-7   -2.6484897349161994E7+1.2538935582517134E7i       2.9645149561698224E7
0                         9.918367346938774E-8     -1.3637755102040816E-7   -2.5870717215226043E7+1.2442551037655512E7i       2.8978595927802E7
0                         9.918367346938774E-8     -1.181938775510204E-7    -2.5230616517025817E7+1.2329893624387067E7i       2.8288827683495462E7
0                         9.918367346938774E-8     -1.0001020408163265E-7   -2.506992070664675E7+1.235464097866242E7i         2.8105625106052235E7
0                         9.918367346938774E-8     -8.182653061224489E-8    -2.4790861295852583E7+1.233095676725167E7i        2.7806192985524416E7
0                         9.918367346938774E-8     -6.364285714285713E-8    -2.460372558861054E7+1.2318382632686384E7i        2.7574925197462555E7
0                         9.918367346938774E-8     -4.545918367346937E-8    -2.442896061409554E7+1.2294550063152878E7i        2.737743537354882E7
0                         9.918367346938774E-8     -2.7275510204081612E-8   -2.4223919580462795E7+1.2259028683144012E7i       2.716025377436561E7
0                         9.918367346938774E-8     -9.091836734693906E-9    -2.390639761929998E7+1.2182688856596066E7i        2.6832307167801615E7
0                         9.918367346938774E-8     9.091836734693853E-9     -2.4004514299165454E7+1.2209342450759431E7i       2.6936325928980853E7
0                         9.918367346938774E-8     2.7275510204081612E-8    -2.4097353059983518E7+1.2224171125500696E7i       2.7032797396154396E7
0                         9.918367346938774E-8     4.5459183673469424E-8    -2.416645802950959E7+1.2221050419693308E7i        2.710411438167915E7
0                         9.918367346938774E-8     6.364285714285713E-8     -2.440893187998427E7+1.2259113930674069E7i        2.738486652722657E7
0                         9.918367346938774E-8     8.182653061224494E-8     -2.450587196524208E7+1.2243861362284262E7i        2.7523256226896975E7
0                         9.918367346938774E-8     1.0001020408163265E-7    -2.49488659837957E7+1.2316942758098153E7i         2.796108395349789E7
0                         9.918367346938774E-8     1.1819387755102046E-7    -2.534953403063207E7+1.2369229442118838E7i        2.8401225266382586E7
0                         9.918367346938774E-8     1.3637755102040816E-7    -2.5736315943183158E7+1.2408122601907833E7i       2.8832794927838333E7
0                         9.918367346938774E-8     1.5456122448979587E-7    -2.6404613846154906E7+1.2513190597398706E7i       2.9569629519726146E7
0                         9.918367346938774E-8     1.7274489795918368E-7    -2.7022816673937332E7+1.2606663272749847E7i       3.0229125125944443E7
0                         9.918367346938774E-8     1.909285714285714E-7     -2.7664547679631397E7+1.2695343949608061E7i       3.0938688588089805E7
0                         9.918367346938774E-8     2.091122448979592E-7     -2.6294408771284055E7+1.1994652459027514E7i       2.9184514640575152E7
0                         9.918367346938774E-8     2.272959183673469E-7     -2.5476584165588938E7+1.1473290661448585E7i       2.8007198456933185E7
0                         9.918367346938774E-8     2.454795918367347E-7     -2.47389670002822E7+1.099116318871576E7i          2.7089133257455796E7
0                         9.918367346938774E-8     2.636632653061224E-7     -2.3729384317147534E7+1.0411758595480049E7i       2.5924619008140914E7
0                         9.918367346938774E-8     2.8184693877551024E-7    -2.2447953324008107E7+9735118.831661073i          2.4519109633373465E7
0                         9.918367346938774E-8     3.0003061224489794E-7    -2.0711970882261053E7+8889383.261851087i          2.265657887945543E7
0                         9.918367346938774E-8     3.1821428571428575E-7    -1.8612738229892354E7+7920971.275307537i          2.051855592675081E7
0                         9.918367346938774E-8     3.3639795918367346E-7    -1.6271987495289542E7+6876161.742112966i          1.8098010327888794E7
0                         9.918367346938774E-8     3.5458163265306127E-7    -1.3603625622217674E7+5731443.5813179i            1.5555341590153132E7
0                         9.918367346938774E-8     3.72765306122449E-7      -1.0950752836704325E7+4585859.726587504i          1.291808737752955E7
0                         9.918367346938774E-8     3.909489795918368E-7     -8332401.09784748+3479831.5359035833i             1.0538813173347188E7
0                         9.918367346938774E-8     4.091326530612245E-7     -5637544.436122213+2347869.5702265054i            8408490.570811704
0                         9.918367346938774E-8     4.273163265306122E-7     -2866182.851528513+1189973.8295562647i            6869986.382551581
0                         9.918367346938774E-8     4.455E-7                 -18316.344066359383+6144.313892853306i            6480672.470838482
0                         1.1571428571428571E-7    -4.455E-7                17778.090818926008-5383.48332750563i              7415860.738796765
0                         1.1571428571428571E-7    -4.2731632653061225E-7   -2790703.933941418+1169243.129629696i             7717537.101186049
0                         1.1571428571428571E-7    -4.091326530612245E-7    -5487078.574616462+2306109.4410727737i            9048102.939068511
0                         1.1571428571428571E-7    -3.9094897959183674E-7   -8080299.683623629+3400803.9384533037i            1.09485208061546E7
0                         1.1571428571428571E-7    -3.72765306122449E-7     -1.0796566200619685E7+4558304.677589689i          1.3197083528937224E7
0                         1.1571428571428571E-7    -3.545816326530612E-7    -1.3096638644967E7+5540498.928250608i             1.5177246237495124E7
0                         1.1571428571428571E-7    -3.3639795918367346E-7   -1.560816532815084E7+6641753.668094308i           1.7649581095124543E7
0                         1.1571428571428571E-7    -3.1821428571428575E-7   -1.766505565855873E7+7576598.360693425i           1.9655340626585986E7
0                         1.1571428571428571E-7    -3.0003061224489794E-7   -1.95103383221052E7+8439180.600754423i            2.151881648230784E7
0                         1.1571428571428571E-7    -2.8184693877551024E-7   -2.1172606633851927E7+9243881.408374531i          2.3217046187866326E7
0                         1.1571428571428571E-7    -2.636632653061224E-7    -2.2536434986032046E7+9947248.049060427i          2.4657272044589914E7
0                         1.1571428571428571E-7    -2.454795918367347E-7    -2.3638067965775657E7+1.055629629849241E7i        2.5907219280434262E7
0                         1.1571428571428571E-7    -2.2729591836734696E-7   -2.459656414526225E7+1.1128477508025726E7i        2.708057227346395E7
0                         1.1571428571428571E-7    -2.091122448979592E-7    -2.5193696631405115E7+1.1585770137789259E7i       2.800720465648256E7
0                         1.1571428571428571E-7    -1.9092857142857144E-7   -2.7260106541500468E7+1.2587738761385445E7i       3.069872788494821E7
0                         1.1571428571428571E-7    -1.7274489795918368E-7   -2.6626984750558123E7+1.249784572278472E7i        2.9979619268252455E7
0                         1.1571428571428571E-7    -1.5456122448979592E-7   -2.598043059697687E7+1.2397877745732345E7i        2.9268239117990293E7
0                         1.1571428571428571E-7    -1.3637755102040816E-7   -2.5348577835361607E7+1.229548732918702E7i        2.857270058174356E7
0                         1.1571428571428571E-7    -1.181938775510204E-7    -2.4690545455068983E7+1.2176726967554707E7i       2.785275599505811E7
0                         1.1571428571428571E-7    -1.0001020408163265E-7   -2.4581304378369156E7+1.2210721280982906E7i       2.763332573965426E7
0                         1.1571428571428571E-7    -8.182653061224489E-8    -2.436916349117722E7+1.2199172268085485E7i        2.7391569013242327E7
0                         1.1571428571428571E-7    -6.364285714285713E-8    -2.4396547040516153E7+1.22527513994483E7i         2.7383114848000765E7
0                         1.1571428571428571E-7    -4.545918367346937E-8    -2.4304855794189215E7+1.2245766522402417E7i       2.7258007932151485E7
0                         1.1571428571428571E-7    -2.7275510204081612E-8   -2.4099259976731382E7+1.2209999514647244E7i       2.703490947323837E7
0                         1.1571428571428571E-7    -9.091836734693906E-9    -2.3872074785595983E7+1.215727249149304E7i        2.679514775524767E7
0                         1.1571428571428571E-7    9.091836734693853E-9     -2.3776937815966077E7+1.2130524368152104E7i       2.6700210868730474E7
0                         1.1571428571428571E-7    2.7275510204081612E-8    -2.3869949587373693E7+1.2145403168457342E7i       2.6798685812310234E7
0                         1.1571428571428571E-7    4.5459183673469424E-8    -2.4053105286932882E7+1.2177057301452614E7i       2.6999999982582383E7
0                         1.1571428571428571E-7    6.364285714285713E-8     -2.416768414992182E7+1.2177496409695664E7i        2.714948788712872E7
0                         1.1571428571428571E-7    8.182653061224494E-8     -2.4265774885602213E7+1.2162650880876591E7i       2.7295656571037676E7
0                         1.1571428571428571E-7    1.0001020408163265E-7    -2.4635882768425915E7+1.2214982028116917E7i       2.769762369070018E7
0                         1.1571428571428571E-7    1.1819387755102046E-7    -2.5038117574199468E7+1.226782559473093E7i        2.815070385580563E7
0                         1.1571428571428571E-7    1.3637755102040816E-7    -2.528476840899338E7+1.2304219822472522E7i        2.844677072714988E7
0                         1.1571428571428571E-7    1.5456122448979587E-7    -2.5815165780283626E7+1.2361554112529194E7i       2.9128988052180048E7
0                         1.1571428571428571E-7    1.7274489795918368E-7    -2.657550982986673E7+1.248011878259969E7i         2.993192455123382E7
0                         1.1571428571428571E-7    1.909285714285714E-7     -2.7213023399051942E7+1.2568109367969595E7i       3.06439557304194E7
0                         1.1571428571428571E-7    2.091122448979592E-7     -2.51038915383927E7+1.1552481516839335E7i         2.792212875099714E7
0                         1.1571428571428571E-7    2.272959183673469E-7     -2.441278454739726E7+1.106666621840619E7i         2.686324482346695E7
0                         1.1571428571428571E-7    2.454795918367347E-7     -2.3667006570727605E7+1.0579477111644177E7i       2.5939454433457155E7
0                         1.1571428571428571E-7    2.636632653061224E-7     -2.264929231284616E7+9995021.663167212i           2.4783533266710453E7
0                         1.1571428571428571E-7    2.8184693877551024E-7    -2.12492260062975E7+9269848.409674287i            2.3267177406920914E7
0                         1.1571428571428571E-7    3.0003061224489794E-7    -1.9697176449852195E7+8504665.337191857i          2.1669955351069298E7
0                         1.1571428571428571E-7    3.1821428571428575E-7    -1.7894166900486093E7+7649493.8561551925i         1.9897618250412297E7
0                         1.1571428571428571E-7    3.3639795918367346E-7    -1.5654711639904482E7+6663469.276076209i          1.7693316117686655E7
0                         1.1571428571428571E-7    3.5458163265306127E-7    -1.308916672734445E7+5545512.444215145i           1.533972021821689E7
0                         1.1571428571428571E-7    3.72765306122449E-7      -1.0679540607824491E7+4508171.975964324i          1.3103475244693302E7
0                         1.1571428571428571E-7    3.909489795918368E-7     -8188932.204631132+3443391.932287827i             1.0981003916391224E7
0                         1.1571428571428571E-7    4.091326530612245E-7     -5617341.517764422+2351172.313185677i             9129020.511950092
0                         1.1571428571428571E-7    4.273163265306122E-7     -2835718.828516135+1183040.8575617361i            7818978.3316096775
0                         1.1571428571428571E-7    4.455E-7                 -17778.090818898218+5383.483327494044i            7577801.936246526
0                         1.3224489795918366E-7    -4.455E-7                -89059.11772470595+38308.92448567264i             8447571.434678009
0                         1.3224489795918366E-7    -4.2731632653061225E-7   -2747531.1028916514+1160616.7579414719i           8693028.191789195
0                         1.3224489795918366E-7    -4.091326530612245E-7    -5356363.430607606+2265536.9607624817i            9797388.739077564
0                         1.3224489795918366E-7    -3.9094897959183674E-7   -8042122.8416773565+3409581.147579498i            1.1471519799182743E7
0                         1.3224489795918366E-7    -3.72765306122449E-7     -1.0431569086801322E7+4428593.680500784i          1.3359761222979717E7
0                         1.3224489795918366E-7    -3.545816326530612E-7    -1.2636009387585446E7+5380014.769699343i          1.5167965042353634E7
0                         1.3224489795918366E-7    -3.3639795918367346E-7   -1.4854491694965534E7+6356679.637964575i          1.714079513598115E7
0                         1.3224489795918366E-7    -3.1821428571428575E-7   -1.690098086574179E7+7290734.4744812185i          1.903508142407996E7
0                         1.3224489795918366E-7    -3.0003061224489794E-7   -1.873586236965661E7+8152526.858459736i           2.081787112773338E7
0                         1.3224489795918366E-7    -2.8184693877551024E-7   -2.0367357013202224E7+8949383.293169426i          2.2431025361841377E7
0                         1.3224489795918366E-7    -2.636632653061224E-7    -2.1727950763407756E7+9653903.555221692i          2.382334267986156E7
0                         1.3224489795918366E-7    -2.454795918367347E-7    -2.282634914117675E7+1.0264105426020037E7i        2.5048392334253002E7
0                         1.3224489795918366E-7    -2.2729591836734696E-7   -2.3468010550247975E7+1.0748500394561246E7i       2.588796271191753E7
0                         1.3224489795918366E-7    -2.091122448979592E-7    -2.3780010789415736E7+1.1079058602829404E7i       2.6505927665104825E7
0                         1.3224489795918366E-7    -1.9092857142857144E-7   -2.6867694400512245E7+1.2481672087905599E7i       3.0497348990248665E7
0                         1.3224489795918366E-7    -1.7274489795918368E-7   -2.6214348393195424E7+1.2385183915641E7i          2.974662477264665E7
0                         1.3224489795918366E-7    -1.5456122448979592E-7   -2.553235356540417E7+1.2273059082133964E7i        2.897110670924273E7
0                         1.3224489795918366E-7    -1.3637755102040816E-7   -2.4881602524179086E7+1.2164388492596133E7i       2.825055487811023E7
0                         1.3224489795918366E-7    -1.181938775510204E-7    -2.4612534626380216E7+1.2145139474463074E7i       2.7832606178213485E7
0                         1.3224489795918366E-7    -1.0001020408163265E-7   -2.426293855800792E7+1.2097904502384178E7i        2.7362444393438008E7
0                         1.3224489795918366E-7    -8.182653061224489E-8    -2.3989933640236422E7+1.206665176947187E7i        2.7022837461644657E7
0                         1.3224489795918366E-7    -6.364285714285713E-8    -2.385710022484257E7+1.20697207047685E7i          2.683245379793361E7
0                         1.3224489795918366E-7    -4.545918367346937E-8    -2.370776491074402E7+1.2057798356984764E7i        2.6642883190286368E7
0                         1.3224489795918366E-7    -2.7275510204081612E-8   -2.3974600372999962E7+1.2160970346150465E7i       2.691187575433133E7
0                         1.3224489795918366E-7    -9.091836734693906E-9    -2.3833878632091425E7+1.2119017851282822E7i       2.6749714109156575E7
0                         1.3224489795918366E-7    9.091836734693853E-9     -2.3549361332766693E7+1.2051706285544775E7i       2.6464655889590453E7
0                         1.3224489795918366E-7    2.7275510204081612E-8    -2.3642546114763863E7+1.2066635211413985E7i       2.6565274147077978E7
0                         1.3224489795918366E-7    4.5459183673469424E-8    -2.3810706906447854E7+1.2095032740903486E7i       2.6759342302457105E7
0                         1.3224489795918366E-7    6.364285714285713E-8     -2.3926436419859394E7+1.2095878888717275E7i       2.691620834222693E7
0                         1.3224489795918366E-7    8.182653061224494E-8     -2.4025677805962335E7+1.2081440399468914E7i       2.707035533300932E7
0                         1.3224489795918366E-7    1.0001020408163265E-7    -2.432289955305612E7+1.2113021298135677E7i        2.7446373280187603E7
0                         1.3224489795918366E-7    1.1819387755102046E-7    -2.4616267168755867E7+1.2151656890429905E7i       2.779035322817492E7
0                         1.3224489795918366E-7    1.3637755102040816E-7    -2.498242299399985E7+1.2172973767334996E7i        2.8246155052429665E7
0                         1.3224489795918366E-7    1.5456122448979587E-7    -2.5533919123153687E7+1.2260937238889238E7i       2.8994556876495443E7
0                         1.3224489795918366E-7    1.7274489795918368E-7    -2.6184378744779427E7+1.2373788242714075E7i       2.9708502215727095E7
0                         1.3224489795918366E-7    1.909285714285714E-7     -2.6826609628582675E7+1.2470485584116722E7i       3.0435749269703053E7
0                         1.3224489795918366E-7    2.091122448979592E-7     -2.3888973022248656E7+1.109317612823401E7i        2.6616615777196247E7
0                         1.3224489795918366E-7    2.272959183673469E-7     -2.3348998226582225E7+1.0660068044934522E7i       2.5720249668961924E7
0                         1.3224489795918366E-7    2.454795918367347E-7     -2.2595059520555884E7+1.0167817334388455E7i       2.4794884564138185E7
0                         1.3224489795918366E-7    2.636632653061224E-7     -2.1537323894428685E7+9566058.639729336i          2.3614630885967802E7
0                         1.3224489795918366E-7    2.8184693877551024E-7    -2.02353329523964E7+8887997.2304081i              2.2253845017663833E7
0                         1.3224489795918366E-7    3.0003061224489794E-7    -1.8682382017443333E7+8119947.41253263i           2.072055800781771E7
0                         1.3224489795918366E-7    3.1821428571428575E-7    -1.6920458895408183E7+7295196.203376805i          1.9045305592899702E7
0                         1.3224489795918366E-7    3.3639795918367346E-7    -1.499608049755148E7+6426734.21753252i            1.7325828044491187E7
0                         1.3224489795918366E-7    3.5458163265306127E-7    -1.28179912611743E7+5472061.98602378i             1.5435607979714593E7
0                         1.3224489795918366E-7    3.72765306122449E-7      -1.0590428579814773E7+4503730.867329465i          1.345235322907135E7
0                         1.3224489795918366E-7    3.909489795918368E-7     -7957302.176131289+3366949.510560513i             1.1419924873402E7
0                         1.3224489795918366E-7    4.091326530612245E-7     -5410623.892771972+2278940.796872947i             9804606.609425964
0                         1.3224489795918366E-7    4.273163265306122E-7     -2782963.325739286+1163492.5077597185i            8773578.860270584
0                         1.3224489795918366E-7    4.455E-7                 89059.11772472558-38308.92448568229i              8345009.712797833
0                         1.487755102040816E-7     -4.455E-7                -26400.85120024678+12060.29456399684i             9501680.902726972
0                         1.487755102040816E-7     -4.2731632653061225E-7   -2650844.3976249928+1127206.202825488i            9636580.708496258
0                         1.487755102040816E-7     -4.091326530612245E-7    -5302841.739921996+2255737.1920445277i            1.0512713267101433E7
0                         1.487755102040816E-7     -3.9094897959183674E-7   -7662220.00730131+3267004.34027459i               1.1948516072039621E7
0                         1.487755102040816E-7     -3.72765306122449E-7     -9969026.373847274+4261530.552890079i             1.360974459972372E7
0                         1.487755102040816E-7     -3.545816326530612E-7    -1.214339139533922E7+5207824.081030415i           1.516730138353234E7
0                         1.487755102040816E-7     -3.3639795918367346E-7   -1.4196089544447167E7+6114864.6346734455i         1.6796883630073857E7
0                         1.487755102040816E-7     -3.1821428571428575E-7   -1.6136906072924847E7+7004870.58826901i           1.84544744835923E7
0                         1.487755102040816E-7     -3.0003061224489794E-7   -1.7961386417208027E7+7865873.116165054i          2.014263099435198E7
0                         1.487755102040816E-7     -2.8184693877551024E-7   -1.956210739255253E7+8654885.177964324i           2.166417789087157E7
0                         1.487755102040816E-7     -2.636632653061224E-7    -2.0919466540783446E7+9360559.061382955i          2.2999525129291356E7
0                         1.487755102040816E-7     -2.454795918367347E-7    -2.17577582772128E7+9895569.329624886i            2.392693038378454E7
0                         1.487755102040816E-7     -2.2729591836734696E-7   -2.2299445543202743E7+1.027718689322131E7i        2.461979863405981E7
0                         1.487755102040816E-7     -2.091122448979592E-7    -2.254338390286536E7+1.0586817974878259E7i        2.5130262449133214E7
0                         1.487755102040816E-7     -1.9092857142857144E-7   -2.617260634333905E7+1.2276979142921168E7i        2.9963746264726683E7
0                         1.487755102040816E-7     -1.7274489795918368E-7   -2.5625828924366735E7+1.2204388693683572E7i       2.9328064483492024E7
0                         1.487755102040816E-7     -1.5456122448979592E-7   -2.5028672867923647E7+1.2109298697274484E7i       2.8639771571688313E7
0                         1.487755102040816E-7     -1.3637755102040816E-7   -2.4640842753831E7+1.207084475827162E7i           2.809773299174607E7
0                         1.487755102040816E-7     -1.181938775510204E-7    -2.4297998650650214E7+1.203391435506774E7i        2.759275347615272E7
0                         1.487755102040816E-7     -1.0001020408163265E-7   -2.3944572737646673E7+1.1985087723785453E7i       2.710077642586398E7
0                         1.487755102040816E-7     -8.182653061224489E-8    -2.361070378929561E7+1.1934131270858252E7i        2.6657216884279095E7
0                         1.487755102040816E-7     -6.364285714285713E-8    -2.3475600284912266E7+1.193625090543157E7i        2.645600925110013E7
0                         1.487755102040816E-7     -4.545918367346937E-8    -2.3323994881824188E7+1.192337925692452E7i        2.6256366962714326E7
0                         1.487755102040816E-7     -2.7275510204081612E-8   -2.315588758003141E7+1.1895516325337104E7i        2.605866316746222E7
0                         1.487755102040816E-7     -9.091836734693906E-9    -2.363715571110155E7+1.2050804841508567E7i        2.654748064014169E7
0                         1.487755102040816E-7     9.091836734693853E-9     -2.3313300516633958E7+1.1952959360314248E7i       2.6210827089434944E7
0                         1.487755102040816E-7     2.7275510204081612E-8    -2.3415142642154038E7+1.1987867254370634E7i       2.6332565950876188E7
0                         1.487755102040816E-7     4.5459183673469424E-8    -2.3568308525962833E7+1.2013008180354355E7i       2.6520562442819957E7
0                         1.487755102040816E-7     6.364285714285713E-8     -2.3685188689796932E7+1.2014261367738869E7i       2.6684994396589965E7
0                         1.487755102040816E-7     8.182653061224494E-8     -2.378558072632249E7+1.2000229918061253E7i        2.6847319261697907E7
0                         1.487755102040816E-7     1.0001020408163265E-7    -2.393020663435486E7+1.1984249403574778E7i        2.7110538485206373E7
0                         1.487755102040816E-7     1.1819387755102046E-7    -2.412967174401121E7+1.196917825447768E7i         2.7338195348682567E7
0                         1.487755102040816E-7     1.3637755102040816E-7    -2.4644919567412674E7+1.2058332387064354E7i       2.80320210006633E7
0                         1.487755102040816E-7     1.5456122448979587E-7    -2.5116199761471044E7+1.2132832324002517E7i       2.8717872081630684E7
0                         1.487755102040816E-7     1.7274489795918368E-7    -2.5692439615095504E7+1.2230337696608324E7i       2.9417733442080453E7
0                         1.487755102040816E-7     1.909285714285714E-7     -2.6320966812386777E7+1.2323299269282365E7i       3.012992830006411E7
0                         1.487755102040816E-7     2.091122448979592E-7     -2.265465814412429E7+1.0619244219655626E7i        2.5273791183923084E7
0                         1.487755102040816E-7     2.272959183673469E-7     -2.230230695556654E7+1.0271128512480613E7i        2.4617244334678408E7
0                         1.487755102040816E-7     2.454795918367347E-7     -2.1576264546654597E7+9778013.952016229i          2.371784686368777E7
0                         1.487755102040816E-7     2.636632653061224E-7     -2.052433221903535E7+9187074.205856193i           2.2576169301083986E7
0                         1.487755102040816E-7     2.8184693877551024E-7    -1.92214398984953E7+8506146.05114191i             2.126637167574802E7
0                         1.487755102040816E-7     3.0003061224489794E-7    -1.7863834462953642E7+7821384.764408356i          2.0026596789945908E7
0                         1.487755102040816E-7     3.1821428571428575E-7    -1.6206615871658487E7+7042466.614932131i          1.8571245182316348E7
0                         1.487755102040816E-7     3.3639795918367346E-7    -1.4337449355198488E7+6189999.158988834i          1.7015281628819577E7
0                         1.487755102040816E-7     3.5458163265306127E-7    -1.2227587835462246E7+5252092.699174405i          1.534540877163486E7
0                         1.487755102040816E-7     3.72765306122449E-7      -1.0030862435449269E7+4289617.698641564i          1.354100409593791E7
0                         1.487755102040816E-7     3.909489795918368E-7     -7731554.626455743+3291833.0642858027i            1.188396202889462E7
0                         1.487755102040816E-7     4.091326530612245E-7     -5203906.267779529+2206709.2805602173i            1.0508900138479868E7
0                         1.487755102040816E-7     4.273163265306122E-7     -2526947.2707998455+1072170.0962547935i           9531558.453938706
0                         1.487755102040816E-7     4.455E-7                 26400.851200267447-12060.29456400688i             9468359.435868435
0                         1.6530612244897956E-7    -4.455E-7                36257.41532421236-14188.335357678949i             1.0493500808790151E7
0                         1.6530612244897956E-7    -4.2731632653061225E-7   -2578722.8953536144+1096772.8109847847i           1.0517776394091815E7
0                         1.6530612244897956E-7    -4.091326530612245E-7    -4960614.410253471+2121169.728771366i             1.125826389916986E7
0                         1.6530612244897956E-7    -3.9094897959183674E-7   -7282317.17292527+3124427.5329696834i             1.2469512361249559E7
0                         1.6530612244897956E-7    -3.72765306122449E-7     -9504634.492242748+4089791.5474378504i            1.39336042667276E7
0                         1.6530612244897956E-7    -3.545816326530612E-7    -1.1650773403093E7+5035633.392361491i             1.5216087236997547E7
0                         1.6530612244897956E-7    -3.3639795918367346E-7   -1.3668586116657998E7+5935356.07686051i           1.666312156647676E7
0                         1.6530612244897956E-7    -3.1821428571428575E-7   -1.5558072632937742E7+6788959.600934909i          1.8186131627278674E7
0                         1.6530612244897956E-7    -3.0003061224489794E-7   -1.7186910464759447E7+7579219.373870368i          1.949395213324259E7
0                         1.6530612244897956E-7    -2.8184693877551024E-7   -1.8756857771902844E7+8360387.062759224i          2.0917930117952667E7
0                         1.6530612244897956E-7    -2.636632653061224E-7    -1.9820144267939273E7+8951639.41531794i           2.1896505052010458E7
0                         1.6530612244897956E-7    -2.454795918367347E-7    -2.0514147647639815E7+9399424.294283554i          2.2609264546247527E7
0                         1.6530612244897956E-7    -2.2729591836734696E-7   -2.1029768964846004E7+9774666.480688099i          2.323237481930847E7
0                         1.6530612244897956E-7    -2.091122448979592E-7    -2.115964744839926E7+1.0016319053176904E7i        2.360627566751652E7
0                         1.6530612244897956E-7    -1.9092857142857144E-7   -2.1037635274243966E7+1.0207377774289895E7i       2.3902397539093908E7
0                         1.6530612244897956E-7    -1.7274489795918368E-7   -2.51815803533354E7+1.2075267781361135E7i         2.9082983307085186E7
0                         1.6530612244897956E-7    -1.5456122448979592E-7   -2.461745157416038E7+1.1977159261072377E7i        2.839612170640727E7
0                         1.6530612244897956E-7    -1.3637755102040816E-7   -2.4231922860924922E7+1.1928302779999925E7i       2.7779132581911094E7
0                         1.6530612244897956E-7    -1.181938775510204E-7    -2.398346267492024E7+1.1922689235672414E7i        2.7362056959130738E7
0                         1.6530612244897956E-7    -1.0001020408163265E-7   -2.3626206917285435E7+1.187227094518673E7i        2.6848158470076922E7
0                         1.6530612244897956E-7    -8.182653061224489E-8    -2.325836934982786E7+1.1809956426622635E7i        2.6348525265322067E7
0                         1.6530612244897956E-7    -6.364285714285713E-8    -2.3094100344981946E7+1.1802781106094642E7i       2.6082347401306033E7
0                         1.6530612244897956E-7    -4.545918367346937E-8    -2.294022485290437E7+1.1788960156864276E7i        2.587237717574468E7
0                         1.6530612244897956E-7    -2.7275510204081612E-8   -2.2479630918729484E7+1.1670106597660834E7i       2.536398845507795E7
0                         1.6530612244897956E-7    -9.091836734693906E-9    -2.2217214702071726E7+1.1605556533003926E7i       2.5074109044501655E7
0                         1.6530612244897956E-7    9.091836734693853E-9     -2.276586833921483E7+1.1758456557730308E7i        2.563477635786451E7
0                         1.6530612244897956E-7    2.7275510204081612E-8    -2.265540113294359E7+1.171294822192984E7i         2.5534808058536656E7
0                         1.6530612244897956E-7    4.5459183673469424E-8    -2.2739597922706205E7+1.1722236985804506E7i       2.5667388823538452E7
0                         1.6530612244897956E-7    6.364285714285713E-8     -2.2937632035380915E7+1.17533070537725E7i         2.592698601849961E7
0                         1.6530612244897956E-7    8.182653061224494E-8     -2.3121485666363288E7+1.177023898491728E7i        2.6188244510880854E7
0                         1.6530612244897956E-7    1.0001020408163265E-7    -2.3426476406143438E7+1.1802178581109764E7i       2.6638151670595065E7
0                         1.6530612244897956E-7    1.1819387755102046E-7    -2.37349662516737E7+1.1840154602694102E7i         2.7044975541675E7
0                         1.6530612244897956E-7    1.3637755102040816E-7    -2.422323821416573E7+1.1928595176380217E7i        2.7743271593202118E7
0                         1.6530612244897956E-7    1.5456122448979587E-7    -2.469820067117161E7+1.2004632847054798E7i        2.8456866477367375E7
0                         1.6530612244897956E-7    1.7274489795918368E-7    -2.522049150731885E7+1.209281218762613E7i         2.9168503035914097E7
0                         1.6530612244897956E-7    1.909285714285714E-7     -2.1109942563194428E7+1.0235246035356425E7i       2.397117094875126E7
0                         1.6530612244897956E-7    2.091122448979592E-7     -2.128550108506307E7+1.009215382973788E7i         2.3756968843443524E7
0                         1.6530612244897956E-7    2.272959183673469E-7     -2.108231160622426E7+9801873.313286362i           2.329704366895741E7
0                         1.6530612244897956E-7    2.454795918367347E-7     -2.041893307251495E7+9346671.838874573i           2.2502780793285266E7
0                         1.6530612244897956E-7    2.636632653061224E-7     -1.9511340543642007E7+8808089.771983046i          2.1554304636514634E7
0                         1.6530612244897956E-7    2.8184693877551024E-7    -1.8575476275650777E7+8272323.158314455i          2.074211724841033E7
0                         1.6530612244897956E-7    3.0003061224489794E-7    -1.7125339051458478E7+7564145.073896663i          1.9462787125796262E7
0                         1.6530612244897956E-7    3.1821428571428575E-7    -1.5492772847908793E7+6789737.0264874585i         1.814428659396524E7
0                         1.6530612244897956E-7    3.3639795918367346E-7    -1.367881821284549E7+5953264.100445145i           1.675646632308654E7
0                         1.6530612244897956E-7    3.5458163265306127E-7    -1.1656245722326905E7+5040337.63865637i           1.5231801293118253E7
0                         1.6530612244897956E-7    3.72765306122449E-7      -9471296.291083764+4075504.5299536646i            1.3699273955053346E7
0                         1.6530612244897956E-7    3.909489795918368E-7     -7202825.763436797+3083576.0137593774i            1.2276119792635791E7
0                         1.6530612244897956E-7    4.091326530612245E-7     -4902691.895435925+2093636.407420764i             1.120466085558191E7
0                         1.6530612244897956E-7    4.273163265306122E-7     -2554843.9056924703+1091056.2488936535i           1.0545725159142617E7
0                         1.6530612244897956E-7    4.455E-7                 -36257.41532419071+14188.335357668542i            1.0528112826092323E7
0                         1.8183673469387754E-7    -4.455E-7                98915.6818486716-40436.96527935478i               1.1422899524127837E7
0                         1.8183673469387754E-7    -4.2731632653061225E-7   -2274171.0703926007+970214.6917433675i            1.1455067289711284E7
0                         1.8183673469387754E-7    -4.091326530612245E-7    -4618387.080584945+1986602.2654982046i            1.2004442488653723E7
0                         1.8183673469387754E-7    -3.9094897959183674E-7   -6875398.76540393+2974010.8543824814i             1.3020789578286964E7
0                         1.8183673469387754E-7    -3.72765306122449E-7     -9046901.93553946+3924918.7279129326i             1.4241364489704061E7
0                         1.8183673469387754E-7    -3.545816326530612E-7    -1.1158155410846766E7+4863442.703692561i          1.5301877083545985E7
0                         1.8183673469387754E-7    -3.3639795918367346E-7   -1.3141082688868832E7+5755847.519047577i          1.656196709317125E7
0                         1.8183673469387754E-7    -3.1821428571428575E-7   -1.4995683769605631E7+6602133.173977964i          1.7930387646323822E7
0                         1.8183673469387754E-7    -3.0003061224489794E-7   -1.6412434512310866E7+7292565.631575684i          1.8872768426426183E7
0                         1.8183673469387754E-7    -2.8184693877551024E-7   -1.7655168522427395E7+7916710.65164041i           1.9925475816474687E7
0                         1.8183673469387754E-7    -2.636632653061224E-7    -1.856880052403021E7+8450450.202663556i           2.0667375370675527E7
0                         1.8183673469387754E-7    -2.454795918367347E-7    -1.9270537018066816E7+8903279.25894222i           2.131756886463939E7
0                         1.8183673469387754E-7    -2.2729591836734696E-7   -1.9494630959994886E7+9184959.68679125i           2.1590027560022317E7
0                         1.8183673469387754E-7    -2.091122448979592E-7    -1.969103891500897E7+9435016.362182224i           2.1974736172003224E7
0                         1.8183673469387754E-7    -1.9092857142857144E-7   -1.965177756358323E7+9624397.027702387i           2.2316987246987298E7
0                         1.8183673469387754E-7    -1.7274489795918368E-7   -2.4767783412480164E7+1.1955443451234238E7i       2.8889315307352208E7
0                         1.8183673469387754E-7    -1.5456122448979592E-7   -2.427415853442183E7+1.1868894091895858E7i        2.8199290790586088E7
0                         1.8183673469387754E-7    -1.3637755102040816E-7   -2.3881392867796466E7+1.1817317973804003E7i       2.7553775353389464E7
0                         1.8183673469387754E-7    -1.181938775510204E-7    -2.347741312101698E7+1.1753979384427724E7i        2.6923551113630343E7
0                         1.8183673469387754E-7    -1.0001020408163265E-7   -2.3062193377680328E7+1.1678832677827429E7i       2.631092953212193E7
0                         1.8183673469387754E-7    -8.182653061224489E-8    -2.314000093083415E7+1.1751656138131026E7i        2.6273740383063853E7
0                         1.8183673469387754E-7    -6.364285714285713E-8    -2.2402600971214004E7+1.1562987976921277E7i       2.5402757022596855E7
0                         1.8183673469387754E-7    -4.545918367346937E-8    -2.2491554728407763E7+1.1630273135146083E7i       2.541940252473763E7
0                         1.8183673469387754E-7    -2.7275510204081612E-8   -2.237273698465499E7+1.1607573515024778E7i        2.5242591195175916E7
0                         1.8183673469387754E-7    -9.091836734693906E-9    -2.2239293401527107E7+1.1570639550360939E7i       2.5075924916907337E7
0                         1.8183673469387754E-7    9.091836734693853E-9     -2.186877585221946E7+1.1459807831926653E7i        2.470230262253017E7
0                         1.8183673469387754E-7    2.7275510204081612E-8    -2.2087474506798614E7+1.1509723684753992E7i       2.4946477006462105E7
0                         1.8183673469387754E-7    4.5459183673469424E-8    -2.2247316392299503E7+1.154185013768688E7i        2.5166328801459167E7
0                         1.8183673469387754E-7    6.364285714285713E-8     -2.2404131825644795E7+1.1566003484349838E7i       2.5400685848901816E7
0                         1.8183673469387754E-7    8.182653061224494E-8     -2.2590425732569315E7+1.1583967996036319E7i       2.5674910579741396E7
0                         1.8183673469387754E-7    1.0001020408163265E-7    -2.286917835251048E7+1.1625689513057394E7i        2.611239474558907E7
0                         1.8183673469387754E-7    1.1819387755102046E-7    -2.3309341021705702E7+1.1708803148869125E7i       2.6743438872421354E7
0                         1.8183673469387754E-7    1.3637755102040816E-7    -2.3801286603291348E7+1.1798767638436992E7i       2.7470125669363424E7
0                         1.8183673469387754E-7    1.5456122448979587E-7    -2.427993300064622E7+1.187634294214652E7i         2.8211222212787643E7
0                         1.8183673469387754E-7    1.7274489795918368E-7    -2.4745387169370703E7+1.1941627872082073E7i       2.8964077878717884E7
0                         1.8183673469387754E-7    1.909285714285714E-7     -1.970369919952122E7+9671937.644034581i           2.2381000754517697E7
0                         1.8183673469387754E-7    2.091122448979592E-7     -1.990841409025043E7+9544884.662490899i           2.2226957456606075E7
0                         1.8183673469387754E-7    2.272959183673469E-7     -1.993174081544929E7+9353806.318030268i           2.2055482183753714E7
0                         1.8183673469387754E-7    2.454795918367347E-7     -1.918143650021605E7+8857719.38791255i            2.1201800973215446E7
0                         1.8183673469387754E-7    2.636632653061224E-7     -1.8473412642275628E7+8419178.084885433i          2.0597792093141943E7
0                         1.8183673469387754E-7    2.8184693877551024E-7    -1.781232847641014E7+8010573.365735743i           2.0093342079542354E7
0                         1.8183673469387754E-7    3.0003061224489794E-7    -1.6386843639963312E7+7306905.383384972i          1.8930789768195592E7
0                         1.8183673469387754E-7    3.1821428571428575E-7    -1.4778929824159097E7+6537007.438042784i          1.776122622827148E7
0                         1.8183673469387754E-7    3.3639795918367346E-7    -1.3020187070492499E7+5716529.041901458i          1.6543803205815995E7
0                         1.8183673469387754E-7    3.5458163265306127E-7    -1.1024863703698514E7+4808643.198595701i          1.5205570426119765E7
0                         1.8183673469387754E-7    3.72765306122449E-7      -8911730.14671826+3861391.3612657627i             1.3912567773566606E7
0                         1.8183673469387754E-7    3.909489795918368E-7     -6954121.012754895+2998214.671196719i             1.2965667478700591E7
0                         1.8183673469387754E-7    4.091326530612245E-7     -4689935.183545317+2013441.7986700814i            1.2035650793861613E7
0                         1.8183673469387754E-7    4.273163265306122E-7     -2364667.0725826737+1007701.9197880871i           1.1567864115171885E7
0                         1.8183673469387754E-7    4.455E-7                 -98915.68184864895+40436.965279344i               1.1524116359058138E7
0                         1.9836734693877549E-7    -4.455E-7                14863.295385191846-6629.311336593041i             1.2677608744860195E7
0                         1.9836734693877549E-7    -4.2731632653061225E-7   -2183810.9449695884+940306.1543044567i            1.2522411974493224E7
0                         1.9836734693877549E-7    -4.091326530612245E-7    -4276159.750916419+1852034.8022250445i            1.2734376662598127E7
0                         1.9836734693877549E-7    -3.9094897959183674E-7   -6450432.190749966+2814888.563491847i             1.3593840945942998E7
0                         1.9836734693877549E-7    -3.72765306122449E-7     -8589169.37883618+3760045.908388015i              1.457055930425258E7
0                         1.9836734693877549E-7    -3.545816326530612E-7    -1.0665537418600544E7+4691252.015023638i          1.5412993383782132E7
0                         1.9836734693877549E-7    -3.3639795918367346E-7   -1.261357926107966E7+5576338.9612346385i          1.6484385133965814E7
0                         1.9836734693877549E-7    -3.1821428571428575E-7   -1.3636307562423494E7+6064783.57941946i           1.7083218149221398E7
0                         1.9836734693877549E-7    -3.0003061224489794E-7   -1.5389356889502596E7+6922567.84104755i           1.8134403235258084E7
0                         1.9836734693877549E-7    -2.8184693877551024E-7   -1.6629887153978152E7+7511735.235642772i          1.910016145210647E7
0                         1.9836734693877549E-7    -2.636632653061224E-7    -1.743620587187069E7+7997597.872466928i           1.961796653413301E7
0                         1.9836734693877549E-7    -2.454795918367347E-7    -1.8037136763363566E7+8404606.959798176i          2.00741904773135E7
0                         1.9836734693877549E-7    -2.2729591836734696E-7   -1.8369948384690937E7+8721768.56961062i           2.0382255811623182E7
0                         1.9836734693877549E-7    -2.091122448979592E-7    -1.844323768080566E7+8938706.49962013i            2.0595562569634438E7
0                         1.9836734693877549E-7    -1.9092857142857144E-7   -1.8448054491361115E7+9113046.520188317i          2.093101154358482E7
0                         1.9836734693877549E-7    -1.7274489795918368E-7   -2.3801156937898472E7+1.1666543293110207E7i       2.82237409567527E7
0                         1.9836734693877549E-7    -1.5456122448979592E-7   -2.3549628862386335E7+1.165709683573892E7i        2.764776921319596E7
0                         1.9836734693877549E-7    -1.3637755102040816E-7   -2.323655655867446E7+1.1621299543551836E7i        2.7047159935444828E7
0                         1.9836734693877549E-7    -1.181938775510204E-7    -2.2856814107977357E7+1.1556981206420224E7i       2.641531409782256E7
0                         1.9836734693877549E-7    -1.0001020408163265E-7   -2.240471809473163E7+1.146173752509221E7i         2.5745037745078318E7
0                         1.9836734693877549E-7    -8.182653061224489E-8    -2.206904912132899E7+1.1400368172449637E7i        2.5244178237414062E7
0                         1.9836734693877549E-7    -6.364285714285713E-8    -2.1763753816410497E7+1.1336932977459688E7i       2.475473804454612E7
0                         1.9836734693877549E-7    -4.545918367346937E-8    -2.1675845051195163E7+1.1335533514777701E7i       2.4578302553629722E7
0                         1.9836734693877549E-7    -2.7275510204081612E-8   -2.1574797061575443E7+1.1320133617339492E7i       2.441454805734779E7
0                         1.9836734693877549E-7    -9.091836734693906E-9    -2.145207121299352E7+1.1290205635012586E7i        2.4257843844946653E7
0                         1.9836734693877549E-7    9.091836734693853E-9     -2.142540587981887E7+1.1290319721533014E7i        2.4231298212674595E7
0                         1.9836734693877549E-7    2.7275510204081612E-8    -2.1451111567961838E7+1.128895802150501E7i        2.4293763871875465E7
0                         1.9836734693877549E-7    4.5459183673469424E-8    -2.1464564862876475E7+1.127426019760475E7i        2.4385305416203935E7
0                         1.9836734693877549E-7    6.364285714285713E-8     -2.187063161590866E7+1.1378699914927172E7i        2.4878164059432838E7
0                         1.9836734693877549E-7    8.182653061224494E-8     -2.2210848787613664E7+1.1434321013609845E7i       2.5456188043571264E7
0                         1.9836734693877549E-7    1.0001020408163265E-7    -2.237443677317656E7+1.1473401679744603E7i        2.5719071917572677E7
0                         1.9836734693877549E-7    1.1819387755102046E-7    -2.288345496213594E7+1.1577365543081943E7i        2.645744831897749E7
0                         1.9836734693877549E-7    1.3637755102040816E-7    -2.33790758544702E7+1.166885388518658E7i          2.7212294669681E7
0                         1.9836734693877549E-7    1.5456122448979587E-7    -2.354878392954076E7+1.1649915256541064E7i        2.7641579658399496E7
0                         1.9836734693877549E-7    1.7274489795918368E-7    -2.379016954210222E7+1.1656612814046206E7i        2.8165509586890265E7
0                         1.9836734693877549E-7    1.909285714285714E-7     -1.7865229193135515E7+8897297.320857495i          2.0297602761887774E7
0                         1.9836734693877549E-7    2.091122448979592E-7     -1.8283403799087573E7+8881735.677911464i          2.041240725874581E7
0                         1.9836734693877549E-7    2.272959183673469E-7     -1.8460821438187778E7+8775299.727085173i          2.0483981997069348E7
0                         1.9836734693877549E-7    2.454795918367347E-7     -1.8171022627367906E7+8466737.22045586i           2.018701913689148E7
0                         1.9836734693877549E-7    2.636632653061224E-7     -1.746878963784191E7+8028762.448254497i           1.9688152038038E7
0                         1.9836734693877549E-7    2.8184693877551024E-7    -1.6506634924683118E7+7506636.103386693i          1.8970636367699333E7
0                         1.9836734693877549E-7    3.0003061224489794E-7    -1.537972269530497E7+6922681.10090748i            1.8227839183885355E7
0                         1.9836734693877549E-7    3.1821428571428575E-7    -1.4088052949707445E7+6276897.440816846i          1.7494623610509057E7
0                         1.9836734693877549E-7    3.3639795918367346E-7    -1.2456373817115702E7+5492116.990203273i          1.6373380848493269E7
0                         1.9836734693877549E-7    3.5458163265306127E-7    -1.0558502870252607E7+4627397.392907035i          1.5432347970440464E7
0                         1.9836734693877549E-7    3.72765306122449E-7      -8669113.629071739+3781634.8080863506i            1.4622409139372563E7
0                         1.9836734693877549E-7    3.909489795918368E-7     -6696686.089302537+2907758.5720502418i            1.3586005025747273E7
0                         1.9836734693877549E-7    4.091326530612245E-7     -4477178.4716546945+1933247.1899193942i           1.2824914403353045E7
0                         1.9836734693877549E-7    4.273163265306122E-7     -2237462.223090547+962643.0571344218i             1.25434496815799E7
0                         1.9836734693877549E-7    4.455E-7                 -14863.295385165535+6629.311336581205i            1.2792027126191152E7
0                         2.1489795918367344E-7    -4.455E-7                7791.92434574632-2357.8920417511963i              1.3698124066805393E7
0                         2.1489795918367344E-7    -4.2731632653061225E-7   -2018514.8319015065+886095.42293299i              1.352538336527948E7
0                         2.1489795918367344E-7    -4.091326530612245E-7    -3995051.3531508367+1751587.6520775135i           1.372811406054969E7
0                         2.1489795918367344E-7    -3.9094897959183674E-7   -6412148.201921925+2791001.615594048i             1.446226981830372E7
0                         2.1489795918367344E-7    -3.72765306122449E-7     -8263756.062002946+3624880.951092113i             1.5042411002747811E7
0                         2.1489795918367344E-7    -3.545816326530612E-7    -9870376.124927115+4391965.243297864i             1.5519477934148718E7
0                         2.1489795918367344E-7    -3.3639795918367346E-7   -1.1429904031554641E7+5109240.036224629i          1.6170287402482102E7
0                         2.1489795918367344E-7    -3.1821428571428575E-7   -1.2881592253100237E7+5786171.090997765i          1.6925921962567568E7
0                         2.1489795918367344E-7    -3.0003061224489794E-7   -1.4391268339685515E7+6527978.535277859i          1.7616925061252173E7
0                         2.1489795918367344E-7    -2.8184693877551024E-7   -1.5325444407640133E7+7037391.104953776i          1.808012317188732E7
0                         2.1489795918367344E-7    -2.636632653061224E-7    -1.6142494994168615E7+7471298.709552317i          1.848068322470692E7
0                         2.1489795918367344E-7    -2.454795918367347E-7    -1.6742217484562537E7+7880907.365402299i          1.8818102005841296E7
0                         2.1489795918367344E-7    -2.2729591836734696E-7   -1.7124404834559087E7+8210040.044393168i          1.9098947250415463E7
0                         2.1489795918367344E-7    -2.091122448979592E-7    -1.702568135946841E7+8358718.300639482i           1.9030819967083484E7
0                         2.1489795918367344E-7    -1.9092857142857144E-7   -1.6623717708553722E7+8368368.19258289i           1.8843967212763894E7
0                         2.1489795918367344E-7    -1.7274489795918368E-7   -1.5977728345788619E7+8283986.864169064i          1.8567000712970953E7
0                         2.1489795918367344E-7    -1.5456122448979592E-7   -2.2877433794425745E7+1.1430873302113494E7i       2.7122254674416594E7
0                         2.1489795918367344E-7    -1.3637755102040816E-7   -2.2500968196402095E7+1.1374218031539489E7i       2.6453115968166523E7
0                         2.1489795918367344E-7    -1.181938775510204E-7    -2.2052672567859314E7+1.1287203767503455E7i       2.574497801186352E7
0                         2.1489795918367344E-7    -1.0001020408163265E-7   -2.177468766154511E7+1.1238124676833652E7i        2.519007033019816E7
0                         2.1489795918367344E-7    -8.182653061224489E-8    -2.143343241368491E7+1.1169156804946382E7i        2.465404193964E7
0                         2.1489795918367344E-7    -6.364285714285713E-8    -2.1223064439358227E7+1.1138767045402687E7i       2.424136076914894E7
0                         2.1489795918367344E-7    -4.545918367346937E-8    -2.1002343467491683E7+1.1094535204312453E7i       2.3888723407404177E7
0                         2.1489795918367344E-7    -2.7275510204081612E-8   -2.0899904363873914E7+1.1078620332416426E7i       2.3715958487877633E7
0                         2.1489795918367344E-7    -9.091836734693906E-9    -2.0898926333984546E7+1.10893185759015E7i         2.3675525730724577E7
0                         2.1489795918367344E-7    9.091836734693853E-9     -2.0968313633470125E7+1.1111850467924632E7i       2.374260337991189E7
0                         2.1489795918367344E-7    2.7275510204081612E-8    -2.1026504107872766E7+1.1121219882534642E7i       2.384070988130971E7
0                         2.1489795918367344E-7    4.5459183673469424E-8    -2.1073497757192478E7+1.1117426819731537E7i       2.3969358782208055E7
0                         2.1489795918367344E-7    6.364285714285713E-8     -2.110929458142924E7+1.1100471279515306E7i        2.412799661427718E7
0                         2.1489795918367344E-7    8.182653061224494E-8     -2.164381192843762E7+1.1236983107150583E7i        2.4826656359814893E7
0                         2.1489795918367344E-7    1.0001020408163265E-7    -2.1764083115691673E7+1.1240444061805638E7i       2.5209805085575156E7
0                         2.1489795918367344E-7    1.1819387755102046E-7    -2.2187780347323775E7+1.1327392993608465E7i       2.587994919872746E7
0                         2.1489795918367344E-7    1.3637755102040816E-7    -2.256877310032545E7+1.1392759912069865E7i        2.6524758976557735E7
0                         2.1489795918367344E-7    1.5456122448979587E-7    -2.2908965083649173E7+1.1437770331174027E7i       2.714317182525606E7
0                         2.1489795918367344E-7    1.7274489795918368E-7    -1.6019858988898428E7+8277631.137218715i          1.8602507873556014E7
0                         2.1489795918367344E-7    1.909285714285714E-7     -1.6625615347443208E7+8352534.873341665i          1.8827535147126693E7
0                         2.1489795918367344E-7    2.091122448979592E-7     -1.7030240542300377E7+8330178.425600333i          1.90105999791513E7
0                         2.1489795918367344E-7    2.272959183673469E-7     -1.7197724985854413E7+8217608.846327421i          1.915921342059375E7
0                         2.1489795918367344E-7    2.454795918367347E-7     -1.683274381757115E7+7942045.228337034i           1.888933523250373E7
0                         2.1489795918367344E-7    2.636632653061224E-7     -1.6205432104881028E7+7513400.465809358i          1.8582834012154754E7
0                         2.1489795918367344E-7    2.8184693877551024E-7    -1.5522723881816342E7+7119481.028303098i          1.8234076399288043E7
0                         2.1489795918367344E-7    3.0003061224489794E-7    -1.4416523614005126E7+6538786.587371221i          1.7653118889582627E7
0                         2.1489795918367344E-7    3.1821428571428575E-7    -1.3145565829974541E7+5896263.488827923i          1.7115016686827857E7
0                         2.1489795918367344E-7    3.3639795918367346E-7    -1.1595401043070275E7+5150012.087835606i          1.6243643607129877E7
0                         2.1489795918367344E-7    3.5458163265306127E-7    -9957570.033294901+4400383.034347181i             1.5598248192427976E7
0                         2.1489795918367344E-7    3.72765306122449E-7      -8157369.8886507945+3592411.360240939i            1.5013311812506903E7
0                         2.1489795918367344E-7    3.909489795918368E-7     -5877382.013890174+2574908.7621538616i            1.395355589156078E7
0                         2.1489795918367344E-7    4.091326530612245E-7     -3972499.717044294+1736087.762499245i             1.3665838389343785E7
0                         2.1489795918367344E-7    4.273163265306122E-7     -1992529.4689290188+868438.1185793756i            1.3548144709467478E7
0                         2.1489795918367344E-7    4.455E-7                 -7791.924345726651+2357.892041741219i             1.3797257232261926E7
0                         2.3142857142857141E-7    -4.455E-7                -9541.22003412277+6209.233223312737i              1.4710273975543084E7
0                         2.3142857142857141E-7    -4.2731632653061225E-7   -1943184.5622630317+863523.7565265596i            1.4527807076677967E7
0                         2.3142857142857141E-7    -4.091326530612245E-7    -3856810.640538403+1712660.3508044698i            1.4654485487124499E7
0                         2.3142857142857141E-7    -3.9094897959183674E-7   -5666550.963890538+2517065.058733343i             1.481317370289793E7
0                         2.3142857142857141E-7    -3.72765306122449E-7     -7613142.0807222305+3397490.316810283i            1.5549244563240621E7
0                         2.3142857142857141E-7    -3.545816326530612E-7    -9225560.053489076+4141190.150219175i             1.5816356868664363E7
0                         2.3142857142857141E-7    -3.3639795918367346E-7   -1.0730138341173992E7+4844546.245474436i          1.6250460384173602E7
0                         2.3142857142857141E-7    -3.1821428571428575E-7   -1.2325184335063279E7+5619103.610101931i          1.6718072909088306E7
0                         2.3142857142857141E-7    -3.0003061224489794E-7   -1.339317978986843E7+6133389.229508173i           1.7185033924261104E7
0                         2.3142857142857141E-7    -2.8184693877551024E-7   -1.4295219028831868E7+6618691.99186877i           1.7464361749252066E7
0                         2.3142857142857141E-7    -2.636632653061224E-7    -1.4998312859852642E7+7032989.962410667i          1.758400944369737E7
0                         2.3142857142857141E-7    -2.454795918367347E-7    -1.5557756760603467E7+7388711.349989373i          1.7749496328837045E7
0                         2.3142857142857141E-7    -2.2729591836734696E-7   -1.5878861284427226E7+7698311.519175713i          1.7876085005656462E7
0                         2.3142857142857141E-7    -2.091122448979592E-7    -1.5769784860751087E7+7813297.063372411i          1.766000966630058E7
0                         2.3142857142857141E-7    -1.9092857142857144E-7   -1.5148625601606559E7+7746748.41484277i           1.7148785981943745E7
0                         2.3142857142857141E-7    -1.7274489795918368E-7   -1.4674262011618463E7+7694663.451290474i          1.696495725963826E7
0                         2.3142857142857141E-7    -1.5456122448979592E-7   -2.217115484551703E7+1.1193195579634797E7i        2.6595063870292004E7
0                         2.3142857142857141E-7    -1.3637755102040816E-7   -2.1699876714713626E7+1.1097560905209435E7i       2.5826863010229167E7
0                         2.3142857142857141E-7    -1.181938775510204E-7    -2.1380403126842167E7+1.104509774345684E7i        2.5178144049292974E7
0                         2.3142857142857141E-7    -1.0001020408163265E-7   -2.095902133451009E7+1.095165933626427E7i         2.448432697759865E7
0                         2.3142857142857141E-7    -8.182653061224489E-8    -2.0761785732077166E7+1.0929868731417404E7i       2.4009347201974243E7
0                         2.3142857142857141E-7    -6.364285714285713E-8    -2.0565227846871153E7+1.0902768222856823E7i       2.3598232753649622E7
0                         2.3142857142857141E-7    -4.545918367346937E-8    -2.0364024844837457E7+1.0863366091923816E7i       2.3243678757580347E7
0                         2.3142857142857141E-7    -2.7275510204081612E-8   -2.0264686362157863E7+1.0852519107240606E7i       2.3056623272323295E7
0                         2.3142857142857141E-7    -9.091836734693906E-9    -2.0345781454975575E7+1.088843151679042E7i        2.309383171240827E7
0                         2.3142857142857141E-7    9.091836734693853E-9     -2.0415679722710334E7+1.091118144892712E7i        2.3164284660046592E7
0                         2.3142857142857141E-7    2.7275510204081612E-8    -2.0559711760679357E7+1.0964303426625337E7i       2.336731238810933E7
0                         2.3142857142857141E-7    4.5459183673469424E-8    -2.0636991355226032E7+1.0967877160304215E7i       2.3538979989467666E7
0                         2.3142857142857141E-7    6.364285714285713E-8     -2.0706809289991383E7+1.096006800939883E7i        2.3749197573278446E7
0                         2.3142857142857141E-7    8.182653061224494E-8     -2.07629955295172E7+1.0939243773729883E7i         2.399373347907355E7
0                         2.3142857142857141E-7    1.0001020408163265E-7    -2.1128862093151007E7+1.1009116999314195E7i       2.4639663880474914E7
0                         2.3142857142857141E-7    1.1819387755102046E-7    -2.1464769254840482E7+1.106995538964864E7i        2.5275394990414727E7
0                         2.3142857142857141E-7    1.3637755102040816E-7    -2.180823953774775E7+1.1141426957684135E7i        2.5927911325311434E7
0                         2.3142857142857141E-7    1.5456122448979587E-7    -2.2221270545441173E7+1.1209982684778268E7i       2.662855930050753E7
0                         2.3142857142857141E-7    1.7274489795918368E-7    -1.4762897591109417E7+7716127.320838851i          1.706545390989128E7
0                         2.3142857142857141E-7    1.909285714285714E-7     -1.5385988109801404E7+7807762.100040709i          1.738698473445239E7
0                         2.3142857142857141E-7    2.091122448979592E-7     -1.5754314146148628E7+7781533.741256912i          1.7646774299406588E7
0                         2.3142857142857141E-7    2.272959183673469E-7     -1.5803467759565257E7+7650966.190940447i          1.7784165633249264E7
0                         2.3142857142857141E-7    2.454795918367347E-7     -1.562080485172953E7+7439399.899529583i           1.780001895433419E7
0                         2.3142857142857141E-7    2.636632653061224E-7     -1.5256214652552815E7+7149003.642552178i          1.7761680501954652E7
0                         2.3142857142857141E-7    2.8184693877551024E-7    -1.434232659721825E7+6636078.271013598i           1.7427690839385796E7
0                         2.3142857142857141E-7    3.0003061224489794E-7    -1.3376545719176343E7+6115921.871852364i          1.711581188734184E7
0                         2.3142857142857141E-7    3.1821428571428575E-7    -1.2251553483241899E7+5535439.44659364i           1.685473729495303E7
0                         2.3142857142857141E-7    3.3639795918367346E-7    -1.0599986548348634E7+4778573.039040003i          1.6083559552288443E7
0                         2.3142857142857141E-7    3.5458163265306127E-7    -9189107.620026523+4121135.2937175934i            1.582376810944917E7
0                         2.3142857142857141E-7    3.72765306122449E-7      -7484940.874257634+3333131.366736587i             1.5313133747671979E7
0                         2.3142857142857141E-7    3.909489795918368E-7     -5701211.09181723+2532358.727359062i              1.4794934103556098E7
0                         2.3142857142857141E-7    4.091326530612245E-7     -3858839.319317572+1709790.358585067i             1.4581137182940723E7
0                         2.3142857142857141E-7    4.273163265306122E-7     -1941909.183397917+858397.4323921958i             1.454238242521351E7
0                         2.3142857142857141E-7    4.455E-7                 9541.22003414537-6209.2332233234665i              1.4817483613888144E7
0                         2.4795918367346934E-7    -4.455E-7                2878.6066303851703-6.798316501021873i             1.5629599816259122E7
0                         2.4795918367346934E-7    -4.2731632653061225E-7   -1867854.2926245613+840952.0901201309i            1.5417575560932219E7
0                         2.4795918367346934E-7    -4.091326530612245E-7    -3718569.927925968+1673733.0495314253i            1.5480364441349884E7
0                         2.4795918367346934E-7    -3.9094897959183674E-7   -5435856.867878728+2446659.5949715124i            1.5540568146444784E7
0                         2.4795918367346934E-7    -3.72765306122449E-7     -7023275.628226812+3160633.921403101i             1.6061323441961305E7
0                         2.4795918367346934E-7    -3.545816326530612E-7    -8580743.982051045+3890415.0571404872i            1.6118400593129871E7
0                         2.4795918367346934E-7    -3.3639795918367346E-7   -1.0030372650793351E7+4579852.454724244i          1.6345741974686231E7
0                         2.4795918367346934E-7    -3.1821428571428575E-7   -1.13726164128346E7+5236166.356115418i            1.6548473421933357E7
0                         2.4795918367346934E-7    -3.0003061224489794E-7   -1.2395091240051346E7+5738799.923738484i          1.682895963888322E7
0                         2.4795918367346934E-7    -2.8184693877551024E-7   -1.3294517494088179E7+6213371.127224958i          1.6998536241143245E7
0                         2.4795918367346934E-7    -2.636632653061224E-7    -1.3940773896765517E7+6608709.214723973i          1.6857409710874524E7
0                         2.4795918367346934E-7    -2.454795918367347E-7    -1.447290421323748E7+6958848.967700989i           1.6850646883063737E7
0                         2.4795918367346934E-7    -2.2729591836734696E-7   -1.4774119104883006E7+7223405.579281341i          1.683749607525591E7
0                         2.4795918367346934E-7    -2.091122448979592E-7    -1.4515508870450363E7+7278647.370272435i          1.6370072740988668E7
0                         2.4795918367346934E-7    -1.9092857142857144E-7   -1.408788945342094E7+7237796.186266325i           1.590852718994866E7
0                         2.4795918367346934E-7    -1.7274489795918368E-7   -1.3373343391609348E7+7063342.148222202i          1.536222668951178E7
0                         2.4795918367346934E-7    -1.5456122448979592E-7   -1.2473754125876233E7+6805448.730185201i          1.4870956144664442E7
0                         2.4795918367346934E-7    -1.3637755102040816E-7   -2.09907914126608E7+1.0847726070333295E7i         2.5260874429450218E7
0                         2.4795918367346934E-7    -1.181938775510204E-7    -2.0601339696777478E7+1.077106562319256E7i        2.454538941658392E7
0                         2.4795918367346934E-7    -1.0001020408163265E-7   -2.0254441805121012E7+1.0703553471237225E7i       2.382551164158393E7
0                         2.4795918367346934E-7    -8.182653061224489E-8    -2.009035838544663E7+1.0690659014965817E7i        2.3369011131041054E7
0                         2.4795918367346934E-7    -6.364285714285713E-8    -1.990739125438409E7+1.0666769400310965E7i        2.2959654213309724E7
0                         2.4795918367346934E-7    -4.545918367346937E-8    -1.9870253898965925E7+1.0698643775740169E7i       2.2756079099314194E7
0                         2.4795918367346934E-7    -2.7275510204081612E-8   -1.9424515931929734E7+1.0550867471865311E7i       2.2176274400012255E7
0                         2.4795918367346934E-7    -9.091836734693906E-9    -1.9526399746906456E7+1.058955912579717E7i        2.2231493707888793E7
0                         2.4795918367346934E-7    9.091836734693853E-9     -1.9620821902101856E7+1.0616867895144768E7i       2.2330214772581406E7
0                         2.4795918367346934E-7    2.7275510204081612E-8    -1.9707782397515923E7+1.0632793779908098E7i       2.247172292776529E7
0                         2.4795918367346934E-7    4.5459183673469424E-8    -1.978728123314869E7+1.0637336780087186E7i        2.2655104265379306E7
0                         2.4795918367346934E-7    6.364285714285713E-8     -1.985931840900013E7+1.0630496895682013E7i        2.287926866608244E7
0                         2.4795918367346934E-7    8.182653061224494E-8     -1.9976400435149536E7+1.0640959567002978E7i       2.322715056278222E7
0                         2.4795918367346934E-7    1.0001020408163265E-7    -2.021571259811276E7+1.069138046834508E7i         2.3847498528666276E7
0                         2.4795918367346934E-7    1.1819387755102046E-7    -2.0644491162579693E7+1.078403349740654E7i        2.458153408526772E7
0                         2.4795918367346934E-7    1.3637755102040816E-7    -2.0986426468576748E7+1.084041464319411E7i        2.5270188692955654E7
0                         2.4795918367346934E-7    1.5456122448979587E-7    -1.2302262900616901E7+6760965.329783364i          1.4668174344686154E7
0                         2.4795918367346934E-7    1.7274489795918368E-7    -1.3396476355051713E7+7099428.870368613i          1.5420429353140723E7
0                         2.4795918367346934E-7    1.909285714285714E-7     -1.4220046527274678E7+7289091.824718934i          1.6062372773483144E7
0                         2.4795918367346934E-7    2.091122448979592E-7     -1.4608986255956093E7+7297780.135821366i          1.6497406938031148E7
0                         2.4795918367346934E-7    2.272959183673469E-7     -1.4583803126004692E7+7149190.113307165i          1.6650273042180631E7
0                         2.4795918367346934E-7    2.454795918367347E-7     -1.4410609791063711E7+6930093.255409566i          1.680298811903226E7
0                         2.4795918367346934E-7    2.636632653061224E-7     -1.4015800230543511E7+6641269.6478738105i         1.6867223138771567E7
0                         2.4795918367346934E-7    2.8184693877551024E-7    -1.3314287688075857E7+6223875.0909538865i         1.683288647120959E7
0                         2.4795918367346934E-7    3.0003061224489794E-7    -1.2377003888404945E7+5709007.333464949i          1.6723433232211238E7
0                         2.4795918367346934E-7    3.1821428571428575E-7    -1.1187752987024706E7+5128061.872924592i          1.640512932891854E7
0                         2.4795918367346934E-7    3.3639795918367346E-7    -9888256.750189662+4507805.359426248i             1.6269327087899271E7
0                         2.4795918367346934E-7    3.5458163265306127E-7    -8532371.865189843+3864933.7536255717i            1.6221819075993055E7
0                         2.4795918367346934E-7    3.72765306122449E-7      -7108597.831511211+3215373.689065731i             1.5930253812046032E7
0                         2.4795918367346934E-7    3.909489795918368E-7     -5525040.169744279+2489808.6925642635i            1.555646226851357E7
0                         2.4795918367346934E-7    4.091326530612245E-7     -3745178.9215908553+1683492.954670892i            1.5394189333747907E7
0                         2.4795918367346934E-7    4.273163265306122E-7     -1891288.8978668125+848356.7462050151i            1.5422932968503244E7
0                         2.4795918367346934E-7    4.455E-7                 -2878.6066303670186+6.798316491940627i            1.5730915720431674E7
0                         2.644897959183673E-7     -4.455E-7                15298.43329490695-6222.829856319895i              1.6431683948537843E7
0                         2.644897959183673E-7     -4.2731632653061225E-7   -1792524.0229860784+818380.4237136983i            1.6193533383257912E7
0                         2.644897959183673E-7     -4.091326530612245E-7    -3434743.3262948776+1563224.9334016866i           1.6202102270388024E7
0                         2.644897959183673E-7     -3.9094897959183674E-7   -4980449.226604195+2266109.4401881807i            1.6278299454712514E7
0                         2.644897959183673E-7     -3.72765306122449E-7     -6466753.987442809+2945823.3411340546i            1.6509127254736334E7
0                         2.644897959183673E-7     -3.545816326530612E-7    -7935927.9106130125+3639639.9640618i              1.6408140809448026E7
0                         2.644897959183673E-7     -3.3639795918367346E-7   -9330606.960412707+4315158.663974051i             1.6439666722344602E7
0                         2.644897959183673E-7     -3.1821428571428575E-7   -1.042004849060591E7+4853229.102128902i           1.6444378748326473E7
0                         2.644897959183673E-7     -3.0003061224489794E-7   -1.1397002690234253E7+5344210.617968792i          1.6538318505990181E7
0                         2.644897959183673E-7     -2.8184693877551024E-7   -1.2280880101555508E7+5801512.913029291i          1.6596215913388915E7
0                         2.644897959183673E-7     -2.636632653061224E-7    -1.2883234933678389E7+6184428.467037277i          1.6204608566364177E7
0                         2.644897959183673E-7     -2.454795918367347E-7    -1.3388051665871486E7+6528986.585412598i          1.6010994046055531E7
0                         2.644897959183673E-7     -2.2729591836734696E-7   -1.3551145387437316E7+6705376.662174752i          1.577153204765605E7
0                         2.644897959183673E-7     -2.091122448979592E-7    -1.3475452781626191E7+6783980.067617099i          1.5386551944701008E7
0                         2.644897959183673E-7     -1.9092857142857144E-7   -1.3014629641966645E7+6721707.665461957i          1.4734397301766796E7
0                         2.644897959183673E-7     -1.7274489795918368E-7   -1.2280750420186326E7+6539217.183269363i          1.4039463784535414E7
0                         2.644897959183673E-7     -1.5456122448979592E-7   -1.1322524286670066E7+6257992.603875429i          1.3297991151664712E7
0                         2.644897959183673E-7     -1.3637755102040816E-7   -1.0162904943377018E7+5849253.735267881i          1.246797022090287E7
0                         2.644897959183673E-7     -1.181938775510204E-7    -1.978510412737362E7+1.0483882278653724E7i        2.3915954131218757E7
0                         2.644897959183673E-7     -1.0001020408163265E-7   -1.9587707929931056E7+1.0466241110910082E7i       2.3214655675457157E7
0                         2.644897959183673E-7     -8.182653061224489E-8    -1.9175449737283446E7+1.036195641503804E7i        2.2523151622585468E7
0                         2.644897959183673E-7     -6.364285714285713E-8    -1.911297735694698E7+1.0368243162047138E7i        2.2160504206971914E7
0                         2.644897959183673E-7     -4.545918367346937E-8    -1.9011792995900407E7+1.0355286613607027E7i       2.1862037141942084E7
0                         2.644897959183673E-7     -2.7275510204081612E-8   -1.883551624548139E7+1.0300813020490583E7i        2.1560652369445562E7
0                         2.644897959183673E-7     -9.091836734693906E-9    -1.8670031901570845E7+1.0256110946079515E7i       2.1320735892077386E7
0                         2.644897959183673E-7     9.091836734693853E-9     -1.876667329785233E7+1.028438898192732E7i         2.1426443265699197E7
0                         2.644897959183673E-7     2.7275510204081612E-8    -1.8855853034352485E7+1.0301284133190863E7i       2.157766146977901E7
0                         2.644897959183673E-7     4.5459183673469424E-8    -1.8937571111071337E7+1.0306796399870157E7i       2.1773322221654132E7
0                         2.644897959183673E-7     6.364285714285713E-8     -1.9000856752469122E7+1.0300422358260605E7i       2.199783247009142E7
0                         2.644897959183673E-7     8.182653061224494E-8     -1.9218932176987838E7+1.0353662412266579E7i       2.250316962064274E7
0                         2.644897959183673E-7     1.0001020408163265E-7    -1.936200291043673E7+1.0376697831452964E7i        2.3094287520029545E7
0                         2.644897959183673E-7     1.1819387755102046E-7    -1.9755832080383018E7+1.0474043697032493E7i       2.3862893652631957E7
0                         2.644897959183673E-7     1.3637755102040816E-7    -9881332.139959117+5750653.401325513i             1.2283075211270345E7
0                         2.644897959183673E-7     1.5456122448979587E-7    -1.132994444991294E7+6246044.287533036i           1.326940977619743E7
0                         2.644897959183673E-7     1.7274489795918368E-7    -1.2414356150857978E7+6579421.731516972i          1.417623823303868E7
0                         2.644897959183673E-7     1.909285714285714E-7     -1.3139761945003953E7+6774918.024232413i          1.486944602105249E7
0                         2.644897959183673E-7     2.091122448979592E-7     -1.3381595954676561E7+6796873.309362241i          1.5311689851591269E7
0                         2.644897959183673E-7     2.272959183673469E-7     -1.3364138492444115E7+6647414.035673877i          1.5596711081650397E7
0                         2.644897959183673E-7     2.454795918367347E-7     -1.3155494434070216E7+6420892.817723182i          1.5846869383026836E7
0                         2.644897959183673E-7     2.636632653061224E-7     -1.27753858085342E7+6133535.65319544i             1.608758440827988E7
0                         2.644897959183673E-7     2.8184693877551024E-7    -1.2286248778933456E7+5811671.910894175i          1.630814031585089E7
0                         2.644897959183673E-7     3.0003061224489794E-7    -1.1502302316553473E7+5384384.155059177i          1.6468011651236983E7
0                         2.644897959183673E-7     3.1821428571428575E-7    -1.0402612265758362E7+4835000.807992925i          1.63867027240421E7
0                         2.644897959183673E-7     3.3639795918367346E-7    -9176526.952030689+4237037.679812493i             1.6466904529313726E7
0                         2.644897959183673E-7     3.5458163265306127E-7    -7875636.110353159+3608732.2135335486i            1.6617139787117656E7
0                         2.644897959183673E-7     3.72765306122449E-7      -6512351.126221272+2973497.2041537007i            1.6542011613752928E7
0                         2.644897959183673E-7     3.909489795918368E-7     -5119398.517669394+2329665.758747272i             1.627058349437016E7
0                         2.644897959183673E-7     4.091326530612245E-7     -3631518.5238641314+1657195.5507567134i           1.6101273025141058E7
0                         2.644897959183673E-7     4.273163265306122E-7     -1840668.612335707+838316.0600178333i             1.6188873411756497E7
0                         2.644897959183673E-7     4.455E-7                 -15298.433294879442+6222.829856307366i            1.6526922658575498E7
0                         2.810204081632653E-7     -4.455E-7                27718.259959413826-12438.861396133336i            1.711659343366451E7
0                         2.810204081632653E-7     -4.2731632653061225E-7   -1465754.3725234512+674361.7230832949i            1.699916209685414E7
0                         2.810204081632653E-7     -4.091326530612245E-7    -3049515.314185122+1402162.5391602851i            1.687891808445168E7
0                         2.810204081632653E-7     -3.9094897959183674E-7   -4525041.585329662+2085559.2854048498i            1.6934208585045967E7
0                         2.810204081632653E-7     -3.72765306122449E-7     -5944068.839805392+2746924.900389617i             1.7041697780210484E7
0                         2.810204081632653E-7     -3.545816326530612E-7    -7291111.83917498+3388864.8709831117i             1.667124083085459E7
0                         2.810204081632653E-7     -3.3639795918367346E-7   -8452167.632345945+3955319.3574724267i            1.6571564571238225E7
0                         2.810204081632653E-7     -3.1821428571428575E-7   -9467480.56837722+4470291.848142387i              1.6392387550109658E7
0                         2.810204081632653E-7     -3.0003061224489794E-7   -1.0398914140417172E7+4949621.312199104i          1.630249420077796E7
0                         2.810204081632653E-7     -2.8184693877551024E-7   -1.1237568948074197E7+5394712.472296258i          1.6169017594680376E7
0                         2.810204081632653E-7     -2.636632653061224E-7    -1.1825695970591266E7+5760147.719350584i          1.562645205348636E7
0                         2.810204081632653E-7     -2.454795918367347E-7    -1.2198939994166598E7+6026025.806132911i          1.520349406810627E7
0                         2.810204081632653E-7     -2.2729591836734696E-7   -1.2328171669991618E7+6187347.745068159i          1.4795226471542964E7
0                         2.810204081632653E-7     -2.091122448979592E-7    -1.2350984549890518E7+6299707.018456591i          1.4416947046331357E7
0                         2.810204081632653E-7     -1.9092857142857144E-7   -1.1929107816839226E7+6198613.608753815i          1.3663014780920994E7
0                         2.810204081632653E-7     -1.7274489795918368E-7   -1.1176160325730896E7+6008174.92006529i           1.2792105306615721E7
0                         2.810204081632653E-7     -1.5456122448979592E-7   -1.0210847165853426E7+5706916.158689879i          1.1887837008887151E7
0                         2.810204081632653E-7     -1.3637755102040816E-7   -8989628.66381326+5266673.152404777i              1.0834614340390675E7
0                         2.810204081632653E-7     -1.181938775510204E-7    -7469756.160709651+4685300.559933237i             9632413.08453432
0                         2.810204081632653E-7     -1.0001020408163265E-7   -1.8520827533346098E7+1.006897502770773E7i        2.2278237704783194E7
0                         2.810204081632653E-7     -8.182653061224489E-8    -1.8451030414094366E7+1.0074777454455504E7i       2.180454432364586E7
0                         2.810204081632653E-7     -6.364285714285713E-8    -1.8290909796104092E7+1.003899952978147E7i        2.1332218788344327E7
0                         2.810204081632653E-7     -4.545918367346937E-8    -1.800567668932174E7+9945823.544809379i           2.08652853898305E7
0                         2.810204081632653E-7     -2.7275510204081612E-8   -1.800649708187395E7+9968887.330498211i           2.0685675019338187E7
0                         2.810204081632653E-7     -9.091836734693906E-9    -1.8126282742498655E7+1.0029793945762519E7i       2.07465167600195E7
0                         2.810204081632653E-7     9.091836734693853E-9     -1.7912524693602808E7+9951910.068709875i          2.052385852174441E7
0                         2.810204081632653E-7     2.7275510204081612E-8    -1.8003923671189055E7+9969774.486473626i          2.0685217167296633E7
0                         2.810204081632653E-7     4.5459183673469424E-8    -1.8087860988993987E7+9976256.019653125i          2.0893787165238637E7
0                         2.810204081632653E-7     6.364285714285713E-8     -1.82126126954495E7+9997851.880338335i            2.124090918454028E7
0                         2.810204081632653E-7     8.182653061224494E-8     -1.8488468157337777E7+1.0076551473669365E7i       2.1820662677031312E7
0                         2.810204081632653E-7     1.0001020408163265E-7    -1.8662065466461185E7+1.0111454156358937E7i       2.2439094023866247E7
0                         2.810204081632653E-7     1.1819387755102046E-7    -6769135.618062174+4405261.697698489i             9249715.74158894
0                         2.810204081632653E-7     1.3637755102040816E-7    -9034891.142832723+5209824.662637655i             1.0836827777342541E7
0                         2.810204081632653E-7     1.5456122448979587E-7    -1.0059335561991682E7+5622496.120370815i          1.16843985220439E7
0                         2.810204081632653E-7     1.7274489795918368E-7    -1.0965563740764417E7+5953881.2665095795i         1.257248057366086E7
0                         2.810204081632653E-7     1.909285714285714E-7     -1.1752021520974584E7+6145743.443072612i          1.3445978277957996E7
0                         2.810204081632653E-7     2.091122448979592E-7     -1.2379097723818801E7+6300409.009301559i          1.43915179113552E7
0                         2.810204081632653E-7     2.272959183673469E-7     -1.2256591964130567E7+6142305.2041977625i         1.471242578166672E7
0                         2.810204081632653E-7     2.454795918367347E-7     -1.2025847166720634E7+5943409.285541252i          1.5106303688691495E7
0                         2.810204081632653E-7     2.636632653061224E-7     -1.1681057314070899E7+5696594.684344109i          1.55624045425499E7
0                         2.810204081632653E-7     2.8184693877551024E-7    -1.1208842703716574E7+5392989.536325935i          1.6154450559614096E7
0                         2.810204081632653E-7     3.0003061224489794E-7    -1.0661488367943386E7+5076541.87182498i           1.6266013691601016E7
0                         2.810204081632653E-7     3.1821428571428575E-7    -9617471.544492021+4541939.743061259i             1.6375931794891406E7
0                         2.810204081632653E-7     3.3639795918367346E-7    -8477505.352144968+3969823.599618266i             1.6612474080356576E7
0                         2.810204081632653E-7     3.5458163265306127E-7    -7218900.355516477+3352530.6734415265i            1.6992926435979474E7
0                         2.810204081632653E-7     3.72765306122449E-7      -5916104.420931332+2731620.7192416694i            1.7106604778094664E7
0                         2.810204081632653E-7     3.909489795918368E-7     -4523201.190978188+2078799.324948721i             1.688053559089569E7
0                         2.810204081632653E-7     4.091326530612245E-7     -3085917.500667656+1408889.364307924i             1.6826037855746865E7
0                         2.810204081632653E-7     4.273163265306122E-7     -1606516.0879130592+722056.7078184136i            1.6926433712754756E7
0                         2.810204081632653E-7     4.455E-7                 -27718.259959391875+12438.86139612279i            1.7205576993848745E7
0                         2.975510204081632E-7     -4.455E-7                -10738.051114694681+9244.374076386677i            1.822305152759002E7
0                         2.975510204081632E-7     -4.2731632653061225E-7   -1420694.0549196098+659487.8568730322i            1.7828249578265887E7
0                         2.975510204081632E-7     -4.091326530612245E-7    -2664287.3020753823+1241100.1449188897i           1.744771885184112E7
0                         2.975510204081632E-7     -3.9094897959183674E-7   -4069633.9440551293+1905009.1306215182i           1.74991707212103E7
0                         2.975510204081632E-7     -3.72765306122449E-7     -5421383.692167978+2548026.459645182i             1.7496989427676E7
0                         2.975510204081632E-7     -3.545816326530612E-7    -6646295.76773695+3138089.777904424i              1.689607514024834E7
0                         2.975510204081632E-7     -3.3639795918367346E-7   -7545120.337705652+3584034.1552690854i            1.6738459092557508E7
0                         2.975510204081632E-7     -3.1821428571428575E-7   -8514912.64614854+4087354.5941558746i             1.6379714083659856E7
0                         2.975510204081632E-7     -3.0003061224489794E-7   -9400825.59060009+4555032.006429416i              1.6111012220576735E7
0                         2.975510204081632E-7     -2.8184693877551024E-7   -1.0194257794592895E7+4987912.03156323i           1.5788388398543334E7
0                         2.975510204081632E-7     -2.636632653061224E-7    -1.0813302481817078E7+5363521.534182926i          1.5238329276250638E7
0                         2.975510204081632E-7     -2.454795918367347E-7    -1.0994347987651918E7+5511207.925044154i          1.450311611824037E7
0                         2.975510204081632E-7     -2.2729591836734696E-7   -1.0964891137758875E7+5597002.765349481i          1.3832485013339272E7
0                         2.975510204081632E-7     -2.091122448979592E-7    -1.0936329878916683E7+5675962.78921331i           1.3258725753345387E7
0                         2.975510204081632E-7     -1.9092857142857144E-7   -1.0657452816621782E7+5655691.469616548i          1.2540646849260733E7
0                         2.975510204081632E-7     -1.7274489795918368E-7   -1.0110558780273195E7+5516735.0446235165i         1.1720873106059074E7
0                         2.975510204081632E-7     -1.5456122448979592E-7   -9053427.249848155+5138586.744682004i             1.0547116007924058E7
0                         2.975510204081632E-7     -1.3637755102040816E-7   -8215292.870211748+4787652.9579822505i            9717933.410082618
0                         2.975510204081632E-7     -1.181938775510204E-7    -7306514.063660437+4394135.467973767i             9000902.165227344
0                         2.975510204081632E-7     -1.0001020408163265E-7   -6473899.3160495935+3991821.7987959255i           8236547.231372672
0                         2.975510204081632E-7     -8.182653061224489E-8    -1.7689730085353177E7+9773035.148983337i          2.1073671488227945E7
0                         2.975510204081632E-7     -6.364285714285713E-8    -1.743171891182865E7+9698713.177879272i           2.0499018560385257E7
0                         2.975510204081632E-7     -4.545918367346937E-8    -1.7197755491261784E7+9622540.408013672i          2.001279409514683E7
0                         2.975510204081632E-7     -2.7275510204081612E-8   -1.7206745086334623E7+9648654.744161144i          1.9842277090507813E7
0                         2.975510204081632E-7     -9.091836734693906E-9    -1.71884358521836E7+9652270.211158976i            1.9736945506847344E7
0                         2.975510204081632E-7     9.091836734693853E-9     -1.721604319096124E7+9667452.39054551i            1.9775383873514667E7
0                         2.975510204081632E-7     2.7275510204081612E-8    -1.715199430802562E7+9638264.839756392i           1.979450533207952E7
0                         2.975510204081632E-7     4.5459183673469424E-8    -1.7221437738263015E7+9646535.522477672i          1.9994643445100095E7
0                         2.975510204081632E-7     6.364285714285713E-8     -1.7474640109470237E7+9716010.737755794i          2.0553663732111365E7
0                         2.975510204081632E-7     8.182653061224494E-8     -1.7783097304891855E7+9808905.809962984i          2.117879580957379E7
0                         2.975510204081632E-7     1.0001020408163265E-7    -6468717.194003769+3994169.798218266i             8235272.665365155
0                         2.975510204081632E-7     1.1819387755102046E-7    -7369384.347319888+4429564.368275809i             9134838.559723929
0                         2.975510204081632E-7     1.3637755102040816E-7    -8532308.543009235+4908970.878388907i             1.0035334007947292E7
0                         2.975510204081632E-7     1.5456122448979587E-7    -9408902.772308819+5257021.152918167i             1.0897837986598171E7
0                         2.975510204081632E-7     1.7274489795918368E-7    -1.0247075210255207E7+5524078.655814789i          1.1846154086286105E7
0                         2.975510204081632E-7     1.909285714285714E-7     -1.0714924432002641E7+5663181.75254186i           1.2499567828695558E7
0                         2.975510204081632E-7     2.091122448979592E-7     -1.0949790363568865E7+5690958.991796002i          1.327015278578297E7
0                         2.975510204081632E-7     2.272959183673469E-7     -1.1011938425845258E7+5637740.710909788i          1.3837634745048773E7
0                         2.975510204081632E-7     2.454795918367347E-7     -1.0935044643345438E7+5494806.785186055i          1.4496724161098605E7
0                         2.975510204081632E-7     2.636632653061224E-7     -1.0622616882523006E7+5255737.529152125i          1.5156848501437671E7
0                         2.975510204081632E-7     2.8184693877551024E-7    -1.0156802565861734E7+4952627.774027733i          1.5809997477020824E7
0                         2.975510204081632E-7     3.0003061224489794E-7    -9427589.54211096+4559373.533893959i              1.6053669437227514E7
0                         2.975510204081632E-7     3.1821428571428575E-7    -8832330.823225679+4248878.678129592i             1.6358442095116142E7
0                         2.975510204081632E-7     3.3639795918367346E-7    -7748037.858222378+3691543.752989132i             1.6777299573770862E7
0                         2.975510204081632E-7     3.5458163265306127E-7    -6562164.600679795+3096329.1333495053i            1.7335663931832734E7
0                         2.975510204081632E-7     3.72765306122449E-7      -5319857.715641392+2489744.23432964i              1.7610210700563822E7
0                         2.975510204081632E-7     3.909489795918368E-7     -3906274.852105187+1818654.9932120978i            1.741668148414051E7
0                         2.975510204081632E-7     4.091326530612245E-7     -2534193.5110941045+1166370.3256601267i           1.7468495181205127E7
0                         2.975510204081632E-7     4.273163265306122E-7     -1337901.5373393926+613703.3251209554i            1.7783810366862833E7
0                         2.975510204081632E-7     4.455E-7                 10738.051114728574-9244.374076401196i             1.8073272389671158E7
0                         3.140816326530612E-7     -4.455E-7                -24222.635936253217+16450.78449240986i            1.8892209936297033E7
0                         3.140816326530612E-7     -4.2731632653061225E-7   -1221307.9246540274+577949.4116538898i            1.8510160703302853E7
0                         3.140816326530612E-7     -4.091326530612245E-7    -2486109.8919082447+1178372.8336747754i           1.796272748609896E7
0                         3.140816326530612E-7     -3.9094897959183674E-7   -3815918.162245032+1814398.6614608893i            1.8087025546848517E7
0                         3.140816326530612E-7     -3.72765306122449E-7     -4850927.816437585+2323822.939213294i             1.7909565684070792E7
0                         3.140816326530612E-7     -3.545816326530612E-7    -5828910.118540215+2812242.948725022i             1.7667075672571756E7
0                         3.140816326530612E-7     -3.3639795918367346E-7   -6673740.43902407+3240482.0278425138i             1.6956445906841554E7
0                         3.140816326530612E-7     -3.1821428571428575E-7   -7467722.7826654995+3644704.5552415173i           1.6332067617274402E7
0                         3.140816326530612E-7     -3.0003061224489794E-7   -8402737.040783005+4160442.7006597267i            1.5953876350023922E7
0                         3.140816326530612E-7     -2.8184693877551024E-7   -8897390.111324627+4392610.03589826i              1.5307982756454088E7
0                         3.140816326530612E-7     -2.636632653061224E-7    -9595949.53571106+4779431.904562583i              1.475297754239052E7
0                         3.140816326530612E-7     -2.454795918367347E-7    -9737209.34519558+4945198.1487617325i             1.392838956294285E7
0                         3.140816326530612E-7     -2.2729591836734696E-7   -9785211.979670094+5066371.018215823i             1.31352351726912E7
0                         3.140816326530612E-7     -2.091122448979592E-7    -9737098.275735285+5141590.267824419i             1.238674710852063E7
0                         3.140816326530612E-7     -1.9092857142857144E-7   -9577627.418493835+5165008.476721339i             1.1747172183794327E7
0                         3.140816326530612E-7     -1.7274489795918368E-7   -9203613.047095425+5071085.901735075i             1.0942419270756895E7
0                         3.140816326530612E-7     -1.5456122448979592E-7   -8585469.461623136+4832131.450883963i             1.006284271279074E7
0                         3.140816326530612E-7     -1.3637755102040816E-7   -7668871.9975759825+4465941.202019285i            9016527.112361856
0                         3.140816326530612E-7     -1.181938775510204E-7    -6767735.852232019+4079117.437153701i             8160602.908614683
0                         3.140816326530612E-7     -1.0001020408163265E-7   -5903183.185975782+3653458.022758088i             7317129.371307592
0                         3.140816326530612E-7     -8.182653061224489E-8    -4854057.847742929+3106878.4929080913i            6272108.320345223
0                         3.140816326530612E-7     -6.364285714285713E-8    -1.6526596383649677E7+9340275.94826774i           1.9654686922886595E7
0                         3.140816326530612E-7     -4.545918367346937E-8    -1.6417733124545347E7+9310395.869463867i          1.9189561555038385E7
0                         3.140816326530612E-7     -2.7275510204081612E-8   -1.642035914623883E7+9325730.92002602i            1.9010733374867797E7
0                         3.140816326530612E-7     -9.091836734693906E-9    -1.6378092276689535E7+9328164.697260946i          1.8877194803645827E7
0                         3.140816326530612E-7     9.091836734693853E-9     -1.6440797864479609E7+9355289.523295444i          1.8949796204333834E7
0                         3.140816326530612E-7     2.7275510204081612E-8    -1.6405910881747376E7+9336353.971360313i          1.900455233076714E7
0                         3.140816326530612E-7     4.5459183673469424E-8    -1.6346098529853877E7+9267148.980317418i          1.9074519782845493E7
0                         3.140816326530612E-7     6.364285714285713E-8     -1.6761085256921833E7+9443488.891113227i          1.9910014325676724E7
0                         3.140816326530612E-7     8.182653061224494E-8     -4781189.580238881+3074966.5363524626i            6262843.61119456
0                         3.140816326530612E-7     1.0001020408163265E-7    -5948383.160180442+3677443.2263048734i            7357763.135388699
0                         3.140816326530612E-7     1.1819387755102046E-7    -6881371.830398123+4138793.1850887695i            8294986.149309117
0                         3.140816326530612E-7     1.3637755102040816E-7    -7779266.524918264+4524738.426908372i             9157220.116025196
0                         3.140816326530612E-7     1.5456122448979587E-7    -8563115.607937833+4835006.321712035i             1.0067874624871038E7
0                         3.140816326530612E-7     1.7274489795918368E-7    -9080804.354277356+4996585.835829771i             1.0784609135847894E7
0                         3.140816326530612E-7     1.909285714285714E-7     -9662474.520820469+5171957.948334338i             1.174725145215155E7
0                         3.140816326530612E-7     2.091122448979592E-7     -9768435.402482634+5138069.963660762i             1.2425099312313171E7
0                         3.140816326530612E-7     2.272959183673469E-7     -9837407.061561286+5092408.494993712i             1.3145727981177174E7
0                         3.140816326530612E-7     2.454795918367347E-7     -9732009.316688908+4961188.418759653i             1.3912594693505362E7
0                         3.140816326530612E-7     2.636632653061224E-7     -9525384.402370527+4779525.571466089i             1.4824318788236758E7
0                         3.140816326530612E-7     2.8184693877551024E-7    -9104762.428006891+4512266.01172953i              1.5510897031172715E7
0                         3.140816326530612E-7     3.0003061224489794E-7    -8423004.74070919+4132137.791406311i              1.5923162604568996E7
0                         3.140816326530612E-7     3.1821428571428575E-7    -7670748.482887166+3720897.7746372824i            1.64064040704443E7
0                         3.140816326530612E-7     3.3639795918367346E-7    -7018570.364299778+3413263.906359995i             1.691193622829589E7
0                         3.140816326530612E-7     3.5458163265306127E-7    -5894001.257744528+2833196.1848427905i            1.7631909841410592E7
0                         3.140816326530612E-7     3.72765306122449E-7      -4554109.782499755+2176247.3400898995i            1.784565085598683E7
0                         3.140816326530612E-7     3.909489795918368E-7     -3289348.5132321795+1558510.6614754703i           1.7874713481664374E7
0                         3.140816326530612E-7     4.091326530612245E-7     -2496565.5888119824+1175254.8202888826i           1.828766110125718E7
0                         3.140816326530612E-7     4.273163265306122E-7     -1246261.778971544+583964.1562107794i             1.8487327233759906E7
0                         3.140816326530612E-7     4.455E-7                 24222.63593628544-16450.78449242395i              1.8796700180723075E7
0                         3.306122448979591E-7     -4.455E-7                -50937.884411729545+25751.749972912465i           1.9568030532179017E7
0                         3.306122448979591E-7     -4.2731632653061225E-7   -1094509.8403505147+529095.1224640806i            1.9193041231681027E7
0                         3.306122448979591E-7     -4.091326530612245E-7    -2159224.0238916064+1042149.9130152384i           1.8685242898106392E7
0                         3.306122448979591E-7     -3.9094897959183674E-7   -3063209.8513369085+1475345.093186238i            1.8391744545148183E7
0                         3.306122448979591E-7     -3.72765306122449E-7     -4170455.328313724+2013142.6930310796i            1.834965144730299E7
0                         3.306122448979591E-7     -3.545816326530612E-7    -5083857.342596445+2482130.419337026i             1.8081545772616614E7
0                         3.306122448979591E-7     -3.3639795918367346E-7   -5858273.046148682+2887970.3063459154i            1.724203939553417E7
0                         3.306122448979591E-7     -3.1821428571428575E-7   -6581840.7728584865+3269793.6416363153i           1.6475085355907356E7
0                         3.306122448979591E-7     -3.0003061224489794E-7   -7293722.34598122+3639777.480823417i              1.576161617896936E7
0                         3.306122448979591E-7     -2.8184693877551024E-7   -7888768.770687444+3998321.2500170427i            1.5133457007105434E7
0                         3.306122448979591E-7     -2.636632653061224E-7    -8202802.866140842+4217620.05275844i              1.4300930435152521E7
0                         3.306122448979591E-7     -2.454795918367347E-7    -8453340.830262007+4398749.11728823i              1.3416263586392578E7
0                         3.306122448979591E-7     -2.2729591836734696E-7   -8565603.431230254+4525941.048271863i             1.250436254401728E7
0                         3.306122448979591E-7     -2.091122448979592E-7    -8606448.178202938+4615870.366256789i             1.1670609782802306E7
0                         3.306122448979591E-7     -1.9092857142857144E-7   -8551264.860835379+4663796.393716302i             1.0936028422819953E7
0                         3.306122448979591E-7     -1.7274489795918368E-7   -8325092.123820115+4610725.575835344i             1.0286454395059198E7
0                         3.306122448979591E-7     -1.5456122448979592E-7   -8051084.20390679+4525763.027907844i              9689244.661841664
0                         3.306122448979591E-7     -1.3637755102040816E-7   -7063005.976356059+4128459.931133572i             8385647.772428358
0                         3.306122448979591E-7     -1.181938775510204E-7    -6399594.099919441+3834708.1675022193i            7643365.323106627
0                         3.306122448979591E-7     -1.0001020408163265E-7   -5543189.594626008+3406727.276893325i             6721266.196518456
0                         3.306122448979591E-7     -8.182653061224489E-8    -4541956.318440188+2876305.22828889i              5635892.040806315
0                         3.306122448979591E-7     -6.364285714285713E-8    -4583452.639617575+2865864.445052312i             5774685.825245931
0                         3.306122448979591E-7     -4.545918367346937E-8    -3229383.6630406217+1965257.9974549608i           4190465.557909342
0                         3.306122448979591E-7     -2.7275510204081612E-8   -1.5662111184217952E7+9022604.148629636i          1.8210111523373432E7
0                         3.306122448979591E-7     -9.091836734693906E-9    -1.5594696072177673E7+9014793.071636617i          1.8048177838827416E7
0                         3.306122448979591E-7     9.091836734693853E-9     -1.5635029637350596E7+9045216.854475766i          1.8099661094599932E7
0                         3.306122448979591E-7     2.7275510204081612E-8    -1.5644976858122606E7+9021316.583165914i          1.8194834733828865E7
0                         3.306122448979591E-7     4.5459183673469424E-8    -3307070.935064795+2021705.6726990722i            4280418.147914879
0                         3.306122448979591E-7     6.364285714285713E-8     -3947025.693848574+2470436.700138362i             4888574.097189546
0                         3.306122448979591E-7     8.182653061224494E-8     -4341673.312068675+2703365.1686921804i            5258810.535167847
0                         3.306122448979591E-7     1.0001020408163265E-7    -5464869.493737357+3353953.1661303383i            6610198.781730724
0                         3.306122448979591E-7     1.1819387755102046E-7    -6191854.845141109+3727979.672122764i             7417465.020186682
0                         3.306122448979591E-7     1.3637755102040816E-7    -7583582.915089999+4361837.79147118i              8942632.14944448
0                         3.306122448979591E-7     1.5456122448979587E-7    -7978040.92211833+4508893.51360584i               9554346.607180752
0                         3.306122448979591E-7     1.7274489795918368E-7    -8318946.362744011+4621403.272746727i             1.022321590960151E7
0                         3.306122448979591E-7     1.909285714285714E-7     -8425360.872323638+4625433.012814035i             1.0831086965518394E7
0                         3.306122448979591E-7     2.091122448979592E-7     -8630729.70934497+4633412.904692068i              1.1696627655715855E7
0                         3.306122448979591E-7     2.272959183673469E-7     -8686172.702239862+4569838.868448574i             1.2605610263280263E7
0                         3.306122448979591E-7     2.454795918367347E-7     -8700657.485189298+4489577.308406762i             1.3536602091227282E7
0                         3.306122448979591E-7     2.636632653061224E-7     -8415214.95947881+4283963.104164221i              1.4600262162456054E7
0                         3.306122448979591E-7     2.8184693877551024E-7    -7869679.161129905+3980687.677888382i             1.5149073566945089E7
0                         3.306122448979591E-7     3.0003061224489794E-7    -7269480.192864891+3637889.7453046897i            1.575375655741271E7
0                         3.306122448979591E-7     3.1821428571428575E-7    -6605723.519909903+3265410.124339275i             1.6421549850273272E7
0                         3.306122448979591E-7     3.3639795918367346E-7    -5878409.1422649175+2863248.8149921284i           1.7154434750919618E7
0                         3.306122448979591E-7     3.5458163265306127E-7    -5241320.152267948+2548491.5964671304i            1.7788730974335574E7
0                         3.306122448979591E-7     3.72765306122449E-7      -4610526.11428398+2233125.8741771616i             1.862737227822265E7
0                         3.306122448979591E-7     3.909489795918368E-7     -2925817.19309373+1410987.5081187263i             1.8428295351741936E7
0                         3.306122448979591E-7     4.091326530612245E-7     -1943061.6916685328+936590.8919754089i            1.8716086257330526E7
0                         3.306122448979591E-7     4.273163265306122E-7     -950809.9991667094+457677.8059448609i             1.9074050522202842E7
0                         3.306122448979591E-7     4.455E-7                 50937.88441175708-25751.74997292472i              1.950013743536979E7
0                         3.471428571428571E-7     -4.455E-7                -15866.981226734411+6872.072873486054i            2.0097205840413738E7
0                         3.471428571428571E-7     -4.2731632653061225E-7   -967711.7560469987+480240.8332742702i             1.970429541003973E7
0                         3.471428571428571E-7     -4.091326530612245E-7    -1832338.1558749643+905926.9923557003i            1.9252871738732606E7
0                         3.471428571428571E-7     -3.9094897959183674E-7   -2647330.966830896+1309706.8303887572i            1.8912917116132535E7
0                         3.471428571428571E-7     -3.72765306122449E-7     -3451614.944672363+1707363.4202234878i            1.8622773936375402E7
0                         3.471428571428571E-7     -3.545816326530612E-7    -4335736.194839335+2147943.8797952593i            1.8397558534533434E7
0                         3.471428571428571E-7     -3.3639795918367346E-7   -5042805.653273283+2535458.5848493134i            1.7470377769418966E7
0                         3.471428571428571E-7     -3.1821428571428575E-7   -5741552.284148072+2917175.5402585235i            1.6544700241234856E7
0                         3.471428571428571E-7     -3.0003061224489794E-7   -6359363.355195225+3256842.2678083205i            1.5697547197148321E7
0                         3.471428571428571E-7     -2.8184693877551024E-7   -6722969.004924131+3481715.3846612717i            1.4939968676073255E7
0                         3.471428571428571E-7     -2.636632653061224E-7    -7126089.936294917+3705338.621964521i             1.420546232152012E7
0                         3.471428571428571E-7     -2.454795918367347E-7    -7312917.4292959+3870957.9425857733i              1.30471016804104E7
0                         3.471428571428571E-7     -2.2729591836734696E-7   -7451269.727884302+4000461.9228452016i            1.2039331173219869E7
0                         3.471428571428571E-7     -2.091122448979592E-7    -7457289.5001376495+4080007.9144255137i           1.101696474849273E7
0                         3.471428571428571E-7     -1.9092857142857144E-7   -7329948.21359358+4088316.8434263123i             1.0123373199861515E7
0                         3.471428571428571E-7     -1.7274489795918368E-7   -7080251.396756658+4028326.857351905i             9325438.596249387
0                         3.471428571428571E-7     -1.5456122448979592E-7   -6782719.397021678+3936445.1412309557i            8579475.286534032
0                         3.471428571428571E-7     -1.3637755102040816E-7   -6493915.715124089+3819722.49343498i              7944180.500530847
0                         3.471428571428571E-7     -1.181938775510204E-7    -5718413.587624255+3480403.0377052133i            6909434.287827193
0                         3.471428571428571E-7     -1.0001020408163265E-7   -5105116.199718504+3168701.1296040416i            6224705.647873783
0                         3.471428571428571E-7     -8.182653061224489E-8    -4497906.775668582+2848921.155835093i             5545304.689204709
0                         3.471428571428571E-7     -6.364285714285713E-8    -3812859.6049661646+2430154.993229698i            4709915.829138603
0                         3.471428571428571E-7     -4.545918367346937E-8    -3596812.2124567525+2292935.7903226777i           4456197.183048116
0                         3.471428571428571E-7     -2.7275510204081612E-8   -3164488.2861521468+1996018.7241088294i           3995528.77200591
0                         3.471428571428571E-7     -9.091836734693906E-9    -3015295.180729188+1868147.1094616633i            3727349.0766948476
0                         3.471428571428571E-7     9.091836734693853E-9     -3007023.8730056025+1863771.92797166i             3715236.1078768373
0                         3.471428571428571E-7     2.7275510204081612E-8    -3176622.777331872+2000553.2832046982i            4005104.0779964966
0                         3.471428571428571E-7     4.5459183673469424E-8    -3492666.685798821+2236127.7806100748i            4375806.06755308
0                         3.471428571428571E-7     6.364285714285713E-8     -3941736.6628704197+2517132.218865613i            4843998.854870602
0                         3.471428571428571E-7     8.182653061224494E-8     -4371652.327084536+2776101.9818788716i            5327456.420141266
0                         3.471428571428571E-7     1.0001020408163265E-7    -4634884.830206078+2931500.523285194i             5593619.34049429
0                         3.471428571428571E-7     1.1819387755102046E-7    -4977510.595089973+3111440.2588121723i            6037619.337550594
0                         3.471428571428571E-7     1.3637755102040816E-7    -5986086.665623309+3596028.902392684i             7528469.484445897
0                         3.471428571428571E-7     1.5456122448979587E-7    -6677809.667389999+3894755.1660553864i            8407674.825963631
0                         3.471428571428571E-7     1.7274489795918368E-7    -7038497.014497344+4012642.880951488i             9229009.216805795
0                         3.471428571428571E-7     1.909285714285714E-7     -7348334.5826051645+4096314.9696162534i           1.0097658099571817E7
0                         3.471428571428571E-7     2.091122448979592E-7     -7443300.4436514005+4080962.452490267i            1.1077082340742065E7
0                         3.471428571428571E-7     2.272959183673469E-7     -7489592.857170201+4036860.271906374i             1.2122879304416288E7
0                         3.471428571428571E-7     2.454795918367347E-7     -7305443.302399672+3886459.0408837125i            1.3004260253033629E7
0                         3.471428571428571E-7     2.636632653061224E-7     -7129402.212979689+3733169.9042664436i            1.4216294330672536E7
0                         3.471428571428571E-7     2.8184693877551024E-7    -6759892.82075239+3475525.228644141i              1.490299932285127E7
0                         3.471428571428571E-7     3.0003061224489794E-7    -6214272.484308565+3176601.16943862i              1.566445152952854E7
0                         3.471428571428571E-7     3.1821428571428575E-7    -5622229.901673447+2854555.6872710977i            1.648618639927124E7
0                         3.471428571428571E-7     3.3639795918367346E-7    -5037266.888735386+2540490.7336870674i            1.745073308805209E7
0                         3.471428571428571E-7     3.5458163265306127E-7    -4297124.853577338+2142859.54665628i              1.8107896643286504E7
0                         3.471428571428571E-7     3.72765306122449E-7      -3486107.531287248+1741262.1622680505i            1.8699408509588763E7
0                         3.471428571428571E-7     3.909489795918368E-7     -2688373.6114303283+1340687.8514915728i           1.8925902088689286E7
0                         3.471428571428571E-7     4.091326530612245E-7     -1796456.2716212645+896017.6799237826i            1.9247380233135015E7
0                         3.471428571428571E-7     4.273163265306122E-7     -895042.7407355737+446831.03846876044i            1.9626257006248366E7
0                         3.471428571428571E-7     4.455E-7                 15866.98122676035-6872.072873497718i              2.0060895215188686E7
0                         3.6367346938775507E-7    -4.455E-7                19203.921958260737-12007.604225940353i            2.0452995071761288E7
0                         3.6367346938775507E-7    -4.2731632653061225E-7   -768743.6602772841+389216.3276027161i             2.0081578706588186E7
0                         3.6367346938775507E-7    -4.091326530612245E-7    -1505452.287858319+769704.0716961601i             1.9663209561327457E7
0                         3.6367346938775507E-7    -3.9094897959183674E-7   -2231452.0823248914+1144068.567591279i            1.9283889811881937E7
0                         3.6367346938775507E-7    -3.72765306122449E-7     -2946743.0436769826+1512309.8152880676i           1.8944369390324317E7
0                         3.6367346938775507E-7    -3.545816326530612E-7    -3651325.171914619+1874427.8147865345i            1.864522573517909E7
0                         3.6367346938775507E-7    -3.3639795918367346E-7   -4276483.23386261+2214588.4871485643i             1.7587317936536405E7
0                         3.6367346938775507E-7    -3.1821428571428575E-7   -4877607.090018269+2556710.202315825i             1.6563825630585747E7
0                         3.6367346938775507E-7    -3.0003061224489794E-7   -5192433.861373334+2749873.812790175i             1.5707424396428298E7
0                         3.6367346938775507E-7    -2.8184693877551024E-7   -5567062.016956338+2968783.3035641145i            1.4773144020522395E7
0                         3.6367346938775507E-7    -2.636632653061224E-7    -5938178.141873239+3181342.6115780664i            1.3896533704888446E7
0                         3.6367346938775507E-7    -2.454795918367347E-7    -6140783.0547096245+3333759.9770089076i           1.2712967249010371E7
0                         3.6367346938775507E-7    -2.2729591836734696E-7   -6282212.059472274+3465842.4314606553i            1.1599255663597211E7
0                         3.6367346938775507E-7    -2.091122448979592E-7    -6334017.2801123+3547854.7173576336i              1.0439153935371522E7
0                         3.6367346938775507E-7    -1.9092857142857144E-7   -6108631.566351777+3512837.293136321i             9460680.559460117
0                         3.6367346938775507E-7    -1.7274489795918368E-7   -5835410.669693197+3445928.138868464i             8509747.004689122
0                         3.6367346938775507E-7    -1.5456122448979592E-7   -5515556.524624713+3335627.5480455942i            7626237.628080079
0                         3.6367346938775507E-7    -1.3637755102040816E-7   -5354900.939311195+3277372.934845131i             6982218.51433588
0                         3.6367346938775507E-7    -1.181938775510204E-7    -5037233.075329069+3126097.9079082073i            6306930.642605138
0                         3.6367346938775507E-7    -1.0001020408163265E-7   -4386012.621152124+2804395.452338875i             5534709.966615218
0                         3.6367346938775507E-7    -8.182653061224489E-8    -3895313.167244454+2536940.652892202i             4918413.711614149
0                         3.6367346938775507E-7    -6.364285714285713E-8    -3679372.4283299684+2405000.7660062145i           4609535.592086307
0                         3.6367346938775507E-7    -4.545918367346937E-8    -3464723.6265944643+2270159.8818479674i           4337712.354723062
0                         3.6367346938775507E-7    -2.7275510204081612E-8   -3251774.740848367+2129718.704004348i             4089572.862707571
0                         3.6367346938775507E-7    -9.091836734693906E-9    -3117740.5832508933+2030232.641837182i            3918968.29288756
0                         3.6367346938775507E-7    9.091836734693853E-9     -3067384.946831994+1988162.1785929543i            3854216.7452133247
0                         3.6367346938775507E-7    2.7275510204081612E-8    -3238970.9024332776+2119367.6307590473i           4072408.5473237284
0                         3.6367346938775507E-7    4.5459183673469424E-8    -3490699.1188246068+2286342.078371113i            4355513.812514101
0                         3.6367346938775507E-7    6.364285714285713E-8     -3936447.6318922658+2563827.737592865i            4869181.131466085
0                         3.6367346938775507E-7    8.182653061224494E-8     -4363041.832102442+2819278.7215723335i            5390371.1414400395
0                         3.6367346938775507E-7    1.0001020408163265E-7    -4884473.296930079+3069958.7935739774i            6072593.409108289
0                         3.6367346938775507E-7    1.1819387755102046E-7    -5073787.493546797+3153008.629950615i             6373531.751793142
0                         3.6367346938775507E-7    1.3637755102040816E-7    -5207683.962966717+3203508.4264116497i            6852484.17583133
0                         3.6367346938775507E-7    1.5456122448979587E-7    -5418794.892442772+3288208.703507823i             7471883.068614122
0                         3.6367346938775507E-7    1.7274489795918368E-7    -5710285.163062407+3400520.1146796662i            8378197.867055541
0                         3.6367346938775507E-7    1.909285714285714E-7     -6084964.35343704+3492602.196813791i              9420424.942764398
0                         3.6367346938775507E-7    2.091122448979592E-7     -6306318.669509822+3546528.3821229255i            1.0638731979397627E7
0                         3.6367346938775507E-7    2.272959183673469E-7     -6241362.500160313+3459300.6395576815i            1.1620869571781276E7
0                         3.6367346938775507E-7    2.454795918367347E-7     -6128076.862266856+3338825.4718782404i            1.2657518010081138E7
0                         3.6367346938775507E-7    2.636632653061224E-7     -5951516.841514488+3201360.0148085533i            1.3920688349440956E7
0                         3.6367346938775507E-7    2.8184693877551024E-7    -5590663.923847745+2992255.6745375656i            1.4752267548960568E7
0                         3.6367346938775507E-7    3.0003061224489794E-7    -5251168.512985462+2770947.395178495i             1.5606984538075628E7
0                         3.6367346938775507E-7    3.1821428571428575E-7    -4731444.464682944+2472843.7022203207i            1.6549896832589027E7
0                         3.6367346938775507E-7    3.3639795918367346E-7    -4210874.137495328+2179692.0609686812i            1.763328063278375E7
0                         3.6367346938775507E-7    3.5458163265306127E-7    -3584336.4579294086+1837492.8838266241i           1.8442912739180434E7
0                         3.6367346938775507E-7    3.72765306122449E-7      -2977626.0628966466+1528708.413652985i            1.9012829050128054E7
0                         3.6367346938775507E-7    3.909489795918368E-7     -2339800.632634925+1208812.38460582i              1.9340000395122547E7
0                         3.6367346938775507E-7    4.091326530612245E-7     -1649850.8515739925+855444.4678721549i            1.9610060750099782E7
0                         3.6367346938775507E-7    4.273163265306122E-7     -839275.4823044352+435984.27099266043i            2.0007327467011407E7
0                         3.6367346938775507E-7    4.455E-7                 -19203.92195823633+12007.60422592926i             2.045000276377184E7
0                         3.80204081632653E-7      -4.455E-7                54274.82514325576-30887.28132536669i              2.0635610086810894E7
0                         3.80204081632653E-7      -4.2731632653061225E-7   -530850.8087500099+282408.7490811183i             2.0358361475420304E7
0                         3.80204081632653E-7      -4.091326530612245E-7    -1178566.4198416818+633481.1510366234i            1.9914736119354982E7
0                         3.80204081632653E-7      -3.9094897959183674E-7   -1815573.1978188776+978430.3047937987i            1.9501899119893488E7
0                         3.80204081632653E-7      -3.72765306122449E-7     -2317807.022349201+1247492.9324114425i            1.9183275353298258E7
0                         3.80204081632653E-7      -3.545816326530612E-7    -2902964.8006624086+1559529.9130155516i           1.8812092885614075E7
0                         3.80204081632653E-7      -3.3639795918367346E-7   -3482951.8363890103+1876593.0242782694i           1.7640827178208068E7
0                         3.80204081632653E-7      -3.1821428571428575E-7   -3756882.6832343894+2041291.1994775676i           1.672902315427246E7
0                         3.80204081632653E-7      -3.0003061224489794E-7   -4090136.8518497804+2254951.85945946i             1.5658190489944683E7
0                         3.80204081632653E-7      -2.8184693877551024E-7   -4438438.79953585+2465270.0555005358i             1.4605906590965314E7
0                         3.80204081632653E-7      -2.636632653061224E-7    -4750266.347451565+2657346.6011916134i            1.3614443703419313E7
0                         3.80204081632653E-7      -2.454795918367347E-7    -4968648.6801233515+2796562.011432043i            1.2453935420295069E7
0                         3.80204081632653E-7      -2.2729591836734696E-7   -5066804.483483376+2914739.073909832i             1.1185457255372647E7
0                         3.80204081632653E-7      -2.091122448979592E-7    -5021383.850917971+2941342.924921445i             1.0008194695816314E7
0                         3.80204081632653E-7      -1.9092857142857144E-7   -4841012.463411292+2923377.47702061i              8914586.763562521
0                         3.80204081632653E-7      -1.7274489795918368E-7   -4766418.159379735+2916716.1991825397i            7925885.557564221
0                         3.80204081632653E-7      -1.5456122448979592E-7   -4646489.832419432+2893444.94361557i              7086343.892921244
0                         3.80204081632653E-7      -1.3637755102040816E-7   -4503333.418147517+2847704.299182419i             6329776.409326234
0                         3.80204081632653E-7      -1.181938775510204E-7    -4294744.06444898+2761282.7509562117i             5726282.283652935
0                         3.80204081632653E-7      -1.0001020408163265E-7   -4025150.1030974034+2641573.1454569893i           5215815.749545118
0                         3.80204081632653E-7      -8.182653061224489E-8    -3746612.944859581+2492564.9615009287i            4823255.7175462125
0                         3.80204081632653E-7      -6.364285714285713E-8    -3545885.2516937745+2379846.5387827316i           4528326.530412918
0                         3.80204081632653E-7      -4.545918367346937E-8    -3332635.0407321746+2247383.9733732557i           4237467.389580826
0                         3.80204081632653E-7      -2.7275510204081612E-8   -3106862.311974781+2095177.265272501i             3955354.1914619603
0                         3.80204081632653E-7      -9.091836734693906E-9    -2963048.355397815+1994851.175225595i             3848070.258822243
0                         3.80204081632653E-7      9.091836734693853E-9     -2903018.0568848914+1947574.1850890256i           3788701.7127230256
0                         3.80204081632653E-7      2.7275510204081612E-8    -3133334.5730350213+2117461.626752451i            4010709.795106822
0                         3.80204081632653E-7      4.5459183673469424E-8    -3488731.5518503888+2336556.3761321492i           4409846.456998996
0                         3.80204081632653E-7      6.364285714285713E-8     -3838412.0642414247+2534181.359940637i            4837977.209105133
0                         3.80204081632653E-7      8.182653061224494E-8     -4022523.730677557+2640914.7787153036i            5127609.5744055435
0                         3.80204081632653E-7      1.0001020408163265E-7    -4192401.000096819+2727140.4522719546i            5425892.261923872
0                         3.80204081632653E-7      1.1819387755102046E-7    -4381258.25591579+2807695.4327794304i             5760436.186615574
0                         3.80204081632653E-7      1.3637755102040816E-7    -4524276.149458299+2857113.3263032865i            6334670.61737983
0                         3.80204081632653E-7      1.5456122448979587E-7    -4678004.451517315+2910307.256107823i             7181491.635873796
0                         3.80204081632653E-7      1.7274489795918368E-7    -4982649.220537124+3025631.983244458i             8199944.969802815
0                         3.80204081632653E-7      1.909285714285714E-7     -5139902.44738959+3053155.8864661916i             9087132.83325323
0                         3.80204081632653E-7      2.091122448979592E-7     -5039092.723730157+2958222.5414503026i            1.0077510866850462E7
0                         3.80204081632653E-7      2.272959183673469E-7     -5013959.8073221035+2884298.0609113565i           1.1215648446028192E7
0                         3.80204081632653E-7      2.454795918367347E-7     -4946327.115892741+2782941.881086083i             1.2390466474351507E7
0                         3.80204081632653E-7      2.636632653061224E-7     -4627377.499989208+2599695.9247073345i            1.3641049645062236E7
0                         3.80204081632653E-7      2.8184693877551024E-7    -4392628.150432493+2450082.0382446116i            1.4595844986622201E7
0                         3.80204081632653E-7      3.0003061224489794E-7    -4139830.7343786154+2285632.516105825i            1.5578470011860631E7
0                         3.80204081632653E-7      3.1821428571428575E-7    -3857637.4704195186+2105503.6227766625i           1.6591950567384524E7
0                         3.80204081632653E-7      3.3639795918367346E-7    -3384481.3862552713+1818893.3882502974i           1.773693936287521E7
0                         3.80204081632653E-7      3.5458163265306127E-7    -2871548.062281483+1532126.2209969703i            1.8666051103253875E7
0                         3.80204081632653E-7      3.72765306122449E-7      -2347960.9251955245+1252565.8931003911i           1.924213637861577E7
0                         3.80204081632653E-7      3.909489795918368E-7     -1797940.6271540734+963079.0587101376i            1.9611366704077445E7
0                         3.80204081632653E-7      4.091326530612245E-7     -1225142.413376648+663430.8538035231i             2.002965375341884E7
0                         3.80204081632653E-7      4.273163265306122E-7     -827899.3202930987+443994.887580052i              2.019656545989574E7
0                         3.80204081632653E-7      4.455E-7                 -54274.82514323293+30887.281325356205i            2.0667662596732896E7
0                         3.9673469387755097E-7    -4.455E-7                98603.55121861662-53280.070381157i                2.104909123775164E7
0                         3.9673469387755097E-7    -4.2731632653061225E-7   -292957.95722273807+175601.17055952107i           2.0471904654148996E7
0                         3.9673469387755097E-7    -4.091326530612245E-7    -851680.5518250351+497258.2303770841i             2.000660492950973E7
0                         3.9673469387755097E-7    -3.9094897959183674E-7   -1191443.4943721779+693522.5951329973i            1.96642406527427E7
0                         3.9673469387755097E-7    -3.72765306122449E-7     -1700697.071922535+983008.8925148565i             1.9226874844891693E7
0                         3.9673469387755097E-7    -3.545816326530612E-7    -2197975.6981819025+1265513.6884771779i           1.881066467898602E7
0                         3.9673469387755097E-7    -3.3639795918367346E-7   -2380546.8609062713+1351849.4915547525i           1.786449315255133E7
0                         3.9673469387755097E-7    -3.1821428571428575E-7   -2718088.429950592+1568053.1581719087i            1.6746663582232317E7
0                         3.9673469387755097E-7    -3.0003061224489794E-7   -3036211.470560153+1773892.2646821623i            1.555519772497657E7
0                         3.9673469387755097E-7    -2.8184693877551024E-7   -3309815.5821153596+1961756.8074369563i           1.4441078028916249E7
0                         3.9673469387755097E-7    -2.636632653061224E-7    -3562354.5530298846+2133350.590805157i            1.3352746468884071E7
0                         3.9673469387755097E-7    -2.454795918367347E-7    -3793828.3833037294+2288673.6147867613i           1.2295176473583061E7
0                         3.9673469387755097E-7    -2.2729591836734696E-7   -3875556.172452325+2333287.0504407133i            1.0895622119304318E7
0                         3.9673469387755097E-7    -2.091122448979592E-7    -3882706.3046744387+2393685.386839091i            9777393.46238967
0                         3.9673469387755097E-7    -1.9092857142857144E-7   -4133019.5875462587+2541668.3839661577i           8641108.249882579
0                         3.9673469387755097E-7    -1.7274489795918368E-7   -4021275.453194796+2537040.5938264956i            7650603.537615394
0                         3.9673469387755097E-7    -1.5456122448979592E-7   -3886303.231531721+2509943.4148206525i            6704613.962263563
0                         3.9673469387755097E-7    -1.3637755102040816E-7   -3728102.922557039+2460376.846948632i             5826784.790006687
0                         3.9673469387755097E-7    -1.181938775510204E-7    -3599550.019972175+2415142.864262837i             5133967.51080944
0                         3.9673469387755097E-7    -1.0001020408163265E-7   -3664287.585042679+2478750.8385751015i            5009820.0603218265
0                         3.9673469387755097E-7    -8.182653061224489E-8    -3611727.1774494806+2465032.415528674i            4780777.125319238
0                         3.9673469387755097E-7    -6.364285714285713E-8    -3412398.0750575797+2354692.3115592482i           4467168.541154696
0                         3.9673469387755097E-7    -4.545918367346937E-8    -3200546.454869887+2224608.064898545i             4156547.8624562644
0                         3.9673469387755097E-7    -2.7275510204081612E-8   -2976172.316886397+2074779.6755465614i            3853468.481715704
0                         3.9673469387755097E-7    -9.091836734693906E-9    -3061908.5261118617+2147301.3785918886i           3976842.9522505235
0                         3.9673469387755097E-7    9.091836734693853E-9     -3071807.944226066+2157093.294441571i             3992483.13701328
0                         3.9673469387755097E-7    2.7275510204081612E-8    -3033648.24394604+2116625.6696447465i             3974229.6524710953
0                         3.9673469387755097E-7    4.5459183673469424E-8    -2936621.880626871+2065126.5922955812i            3850540.2585463915
0                         3.9673469387755097E-7    6.364285714285713E-8     -3138758.551855973+2192032.8437383813i            4162837.919466555
0                         3.9673469387755097E-7    8.182653061224494E-8     -3326660.8260682034+2298431.349963166i            4491351.439201185
0                         3.9673469387755097E-7    1.0001020408163265E-7    -3500328.7032635584+2384322.1109699323i           4829993.905971604
0                         3.9673469387755097E-7    1.1819387755102046E-7    -3688729.0182847804+2462382.2356082443i           5209106.574972028
0                         3.9673469387755097E-7    1.3637755102040816E-7    -3840868.3359498815+2510718.2261949233i           5877801.011212988
0                         3.9673469387755097E-7    1.5456122448979587E-7    -3937214.0105918506+2532405.808707817i            7023544.636754513
0                         3.9673469387755097E-7    1.7274489795918368E-7    -3829000.1986837387+2443168.7949604997i           7535610.068155109
0                         3.9673469387755097E-7    1.909285714285714E-7     -3930221.713309644+2452506.645372888i             8577890.064848065
0                         3.9673469387755097E-7    2.091122448979592E-7     -4009559.6048128726+2440848.4361412795i           9656512.78192282
0                         3.9673469387755097E-7    2.272959183673469E-7     -3786557.1144838817+2309295.482265027i            1.0913024147752158E7
0                         3.9673469387755097E-7    2.454795918367347E-7     -3676215.791048702+2224007.97487549i              1.2124281304416992E7
0                         3.9673469387755097E-7    2.636632653061224E-7     -3494703.3940621396+2092156.7217403108i           1.3323604076502053E7
0                         3.9673469387755097E-7    2.8184693877551024E-7    -3240471.0521159694+1922310.235846892i            1.4501637274285281E7
0                         3.9673469387755097E-7    3.0003061224489794E-7    -3047732.3788000406+1778697.3095439307i           1.556112828621603E7
0                         3.9673469387755097E-7    3.1821428571428575E-7    -2836945.638986948+1620248.7475649016i            1.66362632784854E7
0                         3.9673469387755097E-7    3.3639795918367346E-7    -2558088.6350152045+1458094.7155319098i           1.775548554700233E7
0                         3.9673469387755097E-7    3.5458163265306127E-7    -2158759.666633552+1226759.5581673144i            1.877195126577676E7
0                         3.9673469387755097E-7    3.72765306122449E-7      -1718295.7874943996+976423.3725477967i            1.933362948533779E7
0                         3.9673469387755097E-7    3.909489795918368E-7     -1256080.6216732177+717345.7328144542i            1.97370190986151E7
0                         3.9673469387755097E-7    4.091326530612245E-7     -786797.3439178054+453069.7230356301i             2.01582289872474E7
0                         3.9673469387755097E-7    4.273163265306122E-7     -311182.6661741957+185148.7884566953i             2.0585424429029424E7
0                         3.9673469387755097E-7    4.455E-7                 -98603.55121856628+53280.07038113487i             2.0690258922401376E7
0                         4.1326530612244895E-7    -4.455E-7                -47437.07012343859+24246.30200880205i             2.04089823415418E7
0                         4.1326530612244895E-7    -4.2731632653061225E-7   -1690811.8079369578+1071248.6067498426i           2.0080211103343025E7
0                         4.1326530612244895E-7    -4.091326530612245E-7    -3374864.060709589+2131716.5980961253i            1.985787384664763E7
0                         4.1326530612244895E-7    -3.9094897959183674E-7   -5036753.209882999+3180541.757846699i             1.9870827729005318E7
0                         4.1326530612244895E-7    -3.72765306122449E-7     -6696715.679458868+4226497.710171697i             2.009004511758708E7
0                         4.1326530612244895E-7    -3.545816326530612E-7    -8354751.469437195+5269584.45507112i              2.050797991071504E7
0                         4.1326530612244895E-7    -3.3639795918367346E-7   -1.08769488094914E7+6716054.281024515i            2.1494666174583904E7
0                         4.1326530612244895E-7    -3.1821428571428575E-7   -1.205646647259994E7+7537303.3381383475i          2.145956868173376E7
0                         4.1326530612244895E-7    -3.0003061224489794E-7   -1.3144901114886018E7+8283360.16943412i           2.1426551795405686E7
0                         4.1326530612244895E-7    -2.8184693877551024E-7   -1.4356113164236717E7+9108129.023808187i          2.1717501792468276E7
0                         4.1326530612244895E-7    -2.636632653061224E-7    -1.5559378065342357E7+9921788.769651996i          2.2164049009136155E7
0                         4.1326530612244895E-7    -2.454795918367347E-7    -1.6205350516768781E7+1.049576940302894E7i        2.2458876641889628E7
0                         4.1326530612244895E-7    -2.2729591836734696E-7   -1.721974269174515E7+1.1116827695745254E7i        2.2745663207258575E7
0                         4.1326530612244895E-7    -2.091122448979592E-7    -1.7823453288250525E7+1.168905513895842E7i        2.2956225454747383E7
0                         4.1326530612244895E-7    -1.9092857142857144E-7   -1.7956150901959136E7+1.1958100926998349E7i       2.2789393991174288E7
0                         4.1326530612244895E-7    -1.7274489795918368E-7   -1.806361301714281E7+1.2169459447172131E7i        2.2637471521307044E7
0                         4.1326530612244895E-7    -1.5456122448979592E-7   -1.8157752892090507E7+1.2362881632708669E7i       2.253039589948418E7
0                         4.1326530612244895E-7    -1.3637755102040816E-7   -1.8238570526802212E7+1.2538367483607955E7i       2.2468174706789587E7
0                         4.1326530612244895E-7    -1.181938775510204E-7    -1.8208982256261535E7+1.265449816500549E7i        2.236017780633521E7
0                         4.1326530612244895E-7    -1.0001020408163265E-7   -1.769907130284048E7+1.2483646971736327E7i        2.1802090827726483E7
0                         4.1326530612244895E-7    -8.182653061224489E-8    -1.7507751722635508E7+1.2447980613232024E7i       2.1582639934316557E7
0                         4.1326530612244895E-7    -6.364285714285713E-8    -1.73811001089025E7+1.2437178659800801E7i         2.1446779434965737E7
0                         4.1326530612244895E-7    -4.545918367346937E-8    -1.724256258724458E7+1.2407163032965709E7i        2.129696481024927E7
0                         4.1326530612244895E-7    -2.7275510204081612E-8   -1.7092139157661773E7+1.2357933732726768E7i       2.113317225774647E7
0                         4.1326530612244895E-7    -9.091836734693906E-9    -1.6751095808060244E7+1.2129107143247476E7i       2.07193047858092E7
0                         4.1326530612244895E-7    9.091836734693853E-9     -1.6779152129001245E7+1.2142960152712302E7i       2.0750636749813527E7
0                         4.1326530612244895E-7    2.7275510204081612E-8    -1.6958053402017333E7+1.2256743542487666E7i       2.0975000010753382E7
0                         4.1326530612244895E-7    4.5459183673469424E-8    -1.7193183581176143E7+1.2371240327196855E7i       2.1231664694153197E7
0                         4.1326530612244895E-7    6.364285714285713E-8     -1.729414895919173E7+1.2380447745405843E7i        2.1340695409219056E7
0                         4.1326530612244895E-7    8.182653061224494E-8     -1.738363756064771E7+1.2370489470360273E7i        2.143932681143587E7
0                         4.1326530612244895E-7    1.0001020408163265E-7    -1.7742902934390765E7+1.24883751456967E7i         2.1843451607347388E7
0                         4.1326530612244895E-7    1.1819387755102046E-7    -1.7996541822044056E7+1.2506992042009175E7i       2.2111559595413666E7
0                         4.1326530612244895E-7    1.3637755102040816E-7    -1.8752964648956183E7+1.2811984719807828E7i       2.3014411574905556E7
0                         4.1326530612244895E-7    1.5456122448979587E-7    -1.8484097786486614E7+1.2525583527582778E7i       2.283443018176471E7
0                         4.1326530612244895E-7    1.7274489795918368E-7    -1.81146737796232E7+1.2197994519859815E7i         2.2668278055558007E7
0                         4.1326530612244895E-7    1.909285714285714E-7     -1.7775351167937487E7+1.1862306255939199E7i       2.258159525846642E7
0                         4.1326530612244895E-7    2.091122448979592E-7     -1.74237786328499E7+1.1509839102764994E7i         2.2557312040463086E7
0                         4.1326530612244895E-7    2.272959183673469E-7     -1.7059956174360447E7+1.1140593060337221E7i       2.2596990810954925E7
0                         4.1326530612244895E-7    2.454795918367347E-7     -1.6389540246932033E7+1.0587175201940093E7i       2.2428185597046815E7
0                         4.1326530612244895E-7    2.636632653061224E-7     -1.5429076452012887E7+9894587.668661438i          2.2139721265015405E7
0                         4.1326530612244895E-7    2.8184693877551024E-7    -1.4407607585051205E7+9165180.18368128i           2.1874206973752197E7
0                         4.1326530612244895E-7    3.0003061224489794E-7    -1.3266421339501226E7+8373981.287190311i          2.1589631008725807E7
0                         4.1326530612244895E-7    3.1821428571428575E-7    -1.2116643182080004E7+7572068.463483818i          2.1449223522885405E7
0                         4.1326530612244895E-7    3.3639795918367346E-7    -1.0907501646509826E7+6734567.191365784i          2.1367102113783162E7
0                         4.1326530612244895E-7    3.5458163265306127E-7    -9574109.84928551+5836949.404954489i              2.133830945259159E7
0                         4.1326530612244895E-7    3.72765306122449E-7      -6720711.313782905+4243316.846635485i             2.020711816417244E7
0                         4.1326530612244895E-7    3.909489795918368E-7     -5025700.0661736755+3177565.727373003i            1.993933228490778E7
0                         4.1326530612244895E-7    4.091326530612245E-7     -3329342.772056808+2109375.021309069i             1.988290144754692E7
0                         4.1326530612244895E-7    4.273163265306122E-7     -1631639.431432285+1038744.7284436708i            2.004033895851849E7
0                         4.1326530612244895E-7    4.455E-7                 47437.070123458216-24246.302008814182i            2.0365815796681684E7
0                         4.2979591836734687E-7    -4.455E-7                -44068.906397634186+22620.188020399415i           1.9113453390031792E7
0                         4.2979591836734687E-7    -4.2731632653061225E-7   -1709247.013160238+1076234.5343346065i            1.8738530948835596E7
0                         4.2979591836734687E-7    -4.091326530612245E-7    -3375060.9897002615+2126205.1952203424i           1.8563956531825747E7
0                         4.2979591836734687E-7    -3.9094897959183674E-7   -5038948.286642746+3173306.648680502i             1.8611885158374183E7
0                         4.2979591836734687E-7    -3.72765306122449E-7     -6700908.903987688+4217538.894715085i             1.8879606845039334E7
0                         4.2979591836734687E-7    -3.545816326530612E-7    -8575653.62329467+5360614.470713805i              1.893083172642731E7
0                         4.2979591836734687E-7    -3.3639795918367346E-7   -9749731.843900826+6171327.967191422i             1.9455457390980188E7
0                         4.2979591836734687E-7    -3.1821428571428575E-7   -1.1222147729045983E7+7123937.413040129i          2.018492428755646E7
0                         4.2979591836734687E-7    -3.0003061224489794E-7   -1.2436054089180717E7+7961581.488128198i          2.0281360358976416E7
0                         4.2979591836734687E-7    -2.8184693877551024E-7   -1.3661786352647511E7+8801713.91177553i           2.0561975571395006E7
0                         4.2979591836734687E-7    -2.636632653061224E-7    -1.4462917785460152E7+9419301.658665257i          2.087267692881023E7
0                         4.2979591836734687E-7    -2.454795918367347E-7    -1.533791861438443E7+1.0038181844157565E7i        2.112994474948167E7
0                         4.2979591836734687E-7    -2.2729591836734696E-7   -1.6148844303646658E7+1.069064125240088E7i        2.142284168477435E7
0                         4.2979591836734687E-7    -2.091122448979592E-7    -1.6667666840738308E7+1.1133584501803128E7i       2.1737954448909134E7
0                         4.2979591836734687E-7    -1.9092857142857144E-7   -1.6925885335989375E7+1.141333479610626E7i        2.1704951086262472E7
0                         4.2979591836734687E-7    -1.7274489795918368E-7   -1.7035538859946467E7+1.1624094236850206E7i       2.1529801046786316E7
0                         4.2979591836734687E-7    -1.5456122448979592E-7   -1.7131870143667594E7+1.1816917342956912E7i       2.1403613356727935E7
0                         4.2979591836734687E-7    -1.3637755102040816E-7   -1.7214879187152725E7+1.1991804114426363E7i       2.1326587126629263E7
0                         4.2979591836734687E-7    -1.181938775510204E-7    -1.70153162291037E7+1.2024870195984088E7i         2.1083856307239342E7
0                         4.2979591836734687E-7    -1.0001020408163265E-7   -1.6971307347427044E7+1.2086250166827597E7i       2.1003616964194473E7
0                         4.2979591836734687E-7    -8.182653061224489E-8    -1.6819058900946606E7+1.2072396389726587E7i       2.081792689149533E7
0                         4.2979591836734687E-7    -6.364285714285713E-8    -1.6693599171846848E7+1.2061490141101994E7i       2.067860817314504E7
0                         4.2979591836734687E-7    -4.545918367346937E-8    -1.6556253534822207E7+1.2031370219073555E7i       2.0525764182942025E7
0                         4.2979591836734687E-7    -2.7275510204081612E-8   -1.634765525164555E7+1.1926399021851411E7i        2.028774193374836E7
0                         4.2979591836734687E-7    -9.091836734693906E-9    -1.6255429631944794E7+1.1889719257683631E7i       2.017806336279679E7
0                         4.2979591836734687E-7    9.091836734693853E-9     -1.6277307828809338E7+1.1907268791567918E7i       2.020643407745875E7
0                         4.2979591836734687E-7    2.7275510204081612E-8    -1.6383076792227015E7+1.1948715127722824E7i       2.0327462208603997E7
0                         4.2979591836734687E-7    4.5459183673469424E-8    -1.6551707052706465E7+1.2021964522453561E7i       2.0512772064820703E7
0                         4.2979591836734687E-7    6.364285714285713E-8     -1.6651633272494009E7+1.2031170077270314E7i       2.0625099003376573E7
0                         4.2979591836734687E-7    8.182653061224494E-8     -1.6960852139818795E7+1.214357092112305E7i        2.097697037438223E7
0                         4.2979591836734687E-7    1.0001020408163265E-7    -1.7036468349282015E7+1.2108167202233706E7i       2.107028400448642E7
0                         4.2979591836734687E-7    1.1819387755102046E-7    -1.7429224521217685E7+1.2253479293347364E7i       2.1623006320559423E7
0                         4.2979591836734687E-7    1.3637755102040816E-7    -1.728650632405338E7+1.2056725347456235E7i        2.1518598641653303E7
0                         4.2979591836734687E-7    1.5456122448979587E-7    -1.7442730539830044E7+1.198024834359735E7i        2.1678726405576218E7
0                         4.2979591836734687E-7    1.7274489795918368E-7    -1.7227092045402475E7+1.1729825095867509E7i       2.1638439406382684E7
0                         4.2979591836734687E-7    1.909285714285714E-7     -1.685701238619266E7+1.1378594454628043E7i        2.154780386365863E7
0                         4.2979591836734687E-7    2.091122448979592E-7     -1.650399100645141E7+1.1027009025054367E7i        2.1538331809100736E7
0                         4.2979591836734687E-7    2.272959183673469E-7     -1.612620409159985E7+1.0648945884206945E7i        2.1589008945856545E7
0                         4.2979591836734687E-7    2.454795918367347E-7     -1.5487314546375982E7+1.0138277507926362E7i       2.1214759785315346E7
0                         4.2979591836734687E-7    2.636632653061224E-7     -1.4544050056406032E7+9449843.651585832i          2.0920789932929162E7
0                         4.2979591836734687E-7    2.8184693877551024E-7    -1.359275691279026E7+8755581.367131287i           2.061615433923426E7
0                         4.2979591836734687E-7    3.0003061224489794E-7    -1.2450087947444132E7+7965887.285626864i          2.033010568156517E7
0                         4.2979591836734687E-7    3.1821428571428575E-7    -1.1298827070226762E7+7165479.276906918i          2.019848969274446E7
0                         4.2979591836734687E-7    3.3639795918367346E-7    -9975810.781573925+6278695.363480064i             1.9933530239418343E7
0                         4.2979591836734687E-7    3.5458163265306127E-7    -8335603.153563642+5256944.341792895i             1.886271221850155E7
0                         4.2979591836734687E-7    3.72765306122449E-7      -7125978.481448975+4425127.763227998i             1.846204352805718E7
0                         4.2979591836734687E-7    3.909489795918368E-7     -5048067.411373401+3179893.0651369123i            1.8655126096677504E7
0                         4.2979591836734687E-7    4.091326530612245E-7     -3349869.5456371536+2113492.2585801617i           1.856005787142321E7
0                         4.2979591836734687E-7    4.273163265306122E-7     -1650325.6333932509+1044651.8652219501i           1.869435372813878E7
0                         4.2979591836734687E-7    4.455E-7                 44068.906397653445-22620.188020411304i            1.9040870174588658E7
0                         4.4632653061224485E-7    -4.455E-7                -33814.89661105646+18407.582409603634i            1.779532659439578E7
0                         4.4632653061224485E-7    -4.2731632653061225E-7   -1707445.794381833+1072446.837749237i             1.742761860828697E7
0                         4.4632653061224485E-7    -4.091326530612245E-7    -3375257.9186909315+2120693.7923445594i           1.7276306211534925E7
0                         4.4632653061224485E-7    -3.9094897959183674E-7   -5041143.363402493+3166071.539514303i             1.736443336308522E7
0                         4.4632653061224485E-7    -3.72765306122449E-7     -6779358.243597763+4246034.687734027i             1.7446575467367403E7
0                         4.4632653061224485E-7    -3.545816326530612E-7    -7958321.829250906+5060291.668140645i             1.7855978343329493E7
0                         4.4632653061224485E-7    -3.3639795918367346E-7   -9132221.651104884+5868605.916771129i             1.8370785223835785E7
0                         4.4632653061224485E-7    -3.1821428571428575E-7   -1.0387828985492028E7+6710571.487941911i          1.8912559365950394E7
0                         4.4632653061224485E-7    -3.0003061224489794E-7   -1.1606505388461733E7+7548684.095490035i          1.89649015205029E7
0                         4.4632653061224485E-7    -2.8184693877551024E-7   -1.2708524168290334E7+8333782.361790196i          1.937835841567972E7
0                         4.4632653061224485E-7    -2.636632653061224E-7    -1.3499429190834586E7+8927575.033553772i          1.9686603046355717E7
0                         4.4632653061224485E-7    -2.454795918367347E-7    -1.4547782239058275E7+9678067.89150348i           1.9945506933919366E7
0                         4.4632653061224485E-7    -2.2729591836734696E-7   -1.5078876645557517E7+1.0134443211990386E7i       2.0215166250788625E7
0                         4.4632653061224485E-7    -2.091122448979592E-7    -1.5597782990882013E7+1.0575677019599682E7i       2.0516423809202168E7
0                         4.4632653061224485E-7    -1.9092857142857144E-7   -1.5977702409009326E7+1.0933681437792372E7i       2.0719732308990516E7
0                         4.4632653061224485E-7    -1.7274489795918368E-7   -1.6247926920692006E7+1.1224985695506357E7i       2.0709839587094188E7
0                         4.4632653061224485E-7    -1.5456122448979592E-7   -1.6366985429557784E7+1.1425857831532644E7i       2.0589794746396404E7
0                         4.4632653061224485E-7    -1.3637755102040816E-7   -1.6476133291312445E7+1.1609719681674223E7i       2.0526904204967625E7
0                         4.4632653061224485E-7    -1.181938775510204E-7    -1.6286562359069515E7+1.162782645554539E7i        2.0297910786713548E7
0                         4.4632653061224485E-7    -1.0001020408163265E-7   -1.6243543392013613E7+1.1688853361918863E7i       2.020908806227105E7
0                         4.4632653061224485E-7    -8.182653061224489E-8    -1.6130366079257706E7+1.1696812166221151E7i       2.0057068942243885E7
0                         4.4632653061224485E-7    -6.364285714285713E-8    -1.6006098234791208E7+1.1685801622403195E7i       1.9913753915975835E7
0                         4.4632653061224485E-7    -4.545918367346937E-8    -1.5869944482399825E7+1.1655577405181391E7i       1.9757379163592193E7
0                         4.4632653061224485E-7    -2.7275510204081612E-8   -1.5760518126123065E7+1.1604907870940832E7i       1.9622237428113367E7
0                         4.4632653061224485E-7    -9.091836734693906E-9    -1.5780950928377308E7+1.1656886631326435E7i       1.965730240915274E7
0                         4.4632653061224485E-7    9.091836734693853E-9     -1.577314180002635E7+1.1655489277026054E7i        1.9650529011721395E7
0                         4.4632653061224485E-7    2.7275510204081612E-8    -1.5808100182436682E7+1.1640686712957978E7i       1.968130437635713E7
0                         4.4632653061224485E-7    4.5459183673469424E-8    -1.5900729390918037E7+1.1662697021327682E7i       1.978414369188521E7
0                         4.4632653061224485E-7    6.364285714285713E-8     -1.6169783455724662E7+1.17795599664099E7i         2.009607566544767E7
0                         4.4632653061224485E-7    8.182653061224494E-8     -1.6255674885504972E7+1.1763212395008404E7i       2.020189372758296E7
0                         4.4632653061224485E-7    1.0001020408163265E-7    -1.6330033764173262E7+1.1727959258770712E7i       2.030128273789633E7
0                         4.4632653061224485E-7    1.1819387755102046E-7    -1.6505994175643472E7+1.1752002891511476E7i       2.0596427708776098E7
0                         4.4632653061224485E-7    1.3637755102040816E-7    -1.641539155687889E7+1.1599909418764986E7i        2.0544480238459453E7
0                         4.4632653061224485E-7    1.5456122448979587E-7    -1.6229679736995837E7+1.136933921393856E7i        2.0437259893056437E7
0                         4.4632653061224485E-7    1.7274489795918368E-7    -1.6183237385550313E7+1.1185142234731428E7i       2.0499005830881607E7
0                         4.4632653061224485E-7    1.909285714285714E-7     -1.595343312635159E7+1.0918501094500251E7i        2.0525619706931558E7
0                         4.4632653061224485E-7    2.091122448979592E-7     -1.5584203380052917E7+1.0544178947343735E7i       2.0523606446370207E7
0                         4.4632653061224485E-7    2.272959183673469E-7     -1.5083914063147053E7+1.0111642537303671E7i       2.036247078012986E7
0                         4.4632653061224485E-7    2.454795918367347E-7     -1.4444364616404636E7+9602461.655814108i          2.0001004084012255E7
0                         4.4632653061224485E-7    2.636632653061224E-7     -1.3659023660799166E7+9005099.63451022i           1.970304881167154E7
0                         4.4632653061224485E-7    2.8184693877551024E-7    -1.2685195081556408E7+8302197.849143341i          1.9556768312849425E7
0                         4.4632653061224485E-7    3.0003061224489794E-7    -1.1633754555387037E7+7557793.2840634165i         1.9072746431077942E7
0                         4.4632653061224485E-7    3.1821428571428575E-7    -1.048101095837352E7+6758890.090330017i           1.8950853196667284E7
0                         4.4632653061224485E-7    3.3639795918367346E-7    -8974801.374897234+5802013.546184948i             1.8296132171799872E7
0                         4.4632653061224485E-7    3.5458163265306127E-7    -7770033.580658829+4978260.085927258i             1.7794691047007322E7
0                         4.4632653061224485E-7    3.72765306122449E-7      -6560573.458812814+4148827.668407947i             1.7406909933948763E7
0                         4.4632653061224485E-7    3.909489795918368E-7     -5070434.756573115+3182220.4029008155i            1.7383576720164612E7
0                         4.4632653061224485E-7    4.091326530612245E-7     -3370396.3192174947+2117609.4958512546i           1.7244049120949324E7
0                         4.4632653061224485E-7    4.273163265306122E-7     -1669011.8353542201+1050559.0020002313i           1.7351522898786627E7
0                         4.4632653061224485E-7    4.455E-7                 33814.89661108484-18407.582409619357i             1.7699661694383483E7
0                         4.6285714285714283E-7    -4.455E-7                -23625.459582682863+13305.8856293563i             1.6444892153951688E7
0                         4.6285714285714283E-7    -4.2731632653061225E-7   -1705644.5756034253+1068659.1411638674i           1.6120052475655377E7
0                         4.6285714285714283E-7    -4.091326530612245E-7    -3375454.8476815987+2115182.3894687737i           1.5995926717844712E7
0                         4.6285714285714283E-7    -3.9094897959183674E-7   -4978355.897606049+3130310.668672386i             1.6121910454430876E7
0                         4.6285714285714283E-7    -3.72765306122449E-7     -6162204.848306183+3948111.133008004i             1.6389589589628704E7
0                         4.6285714285714283E-7    -3.545816326530612E-7    -7340990.035207145+4759968.865567486i             1.678069202589463E7
0                         4.6285714285714283E-7    -3.3639795918367346E-7   -8514711.45830894+5565883.866350835i              1.7284898311640903E7
0                         4.6285714285714283E-7    -3.1821428571428575E-7   -9683369.117611565+6365856.135358048i             1.7890784111278415E7
0                         4.6285714285714283E-7    -3.0003061224489794E-7   -1.0776956687742762E7+7135786.702851879i          1.765182161765741E7
0                         4.6285714285714283E-7    -2.8184693877551024E-7   -1.1744159486569874E7+7843711.258176733i          1.8215320370017458E7
0                         4.6285714285714283E-7    -2.636632653061224E-7    -1.2535940596209023E7+8435848.408442292i          1.8503907389879167E7
0                         4.6285714285714283E-7    -2.454795918367347E-7    -1.3477730772736292E7+9123579.292885944i          1.8761231183892675E7
0                         4.6285714285714283E-7    -2.2729591836734696E-7   -1.3903994626972592E7+9525054.405619027i          1.8918581592449505E7
0                         4.6285714285714283E-7    -2.091122448979592E-7    -1.4430749650950342E7+9967463.873599654i          1.920635216785716E7
0                         4.6285714285714283E-7    -1.9092857142857144E-7   -1.4947154204334334E7+1.039561079069439E7i        1.9529131667300884E7
0                         4.6285714285714283E-7    -1.7274489795918368E-7   -1.5302146107428793E7+1.0746561097688062E7i       1.967612647055194E7
0                         4.6285714285714283E-7    -1.5456122448979592E-7   -1.55035761809914E7+1.0987352193257868E7i         1.966846247253647E7
0                         4.6285714285714283E-7    -1.3637755102040816E-7   -1.5493219146734366E7+1.1103210520605326E7i       1.9553965709064394E7
0                         4.6285714285714283E-7    -1.181938775510204E-7    -1.5565131522731164E7+1.1225332243272945E7i       1.9528319268634446E7
0                         4.6285714285714283E-7    -1.0001020408163265E-7   -1.5515779436600178E7+1.1291456557010131E7i       1.9419001465979975E7
0                         4.6285714285714283E-7    -8.182653061224489E-8    -1.5441673257568799E7+1.1321227942715704E7i       1.9300607495157972E7
0                         4.6285714285714283E-7    -6.364285714285713E-8    -1.5318597297735572E7+1.1310113103704397E7i       1.9152698104969345E7
0                         4.6285714285714283E-7    -4.545918367346937E-8    -1.5251417006633334E7+1.1300794013440266E7i       1.905575679217566E7
0                         4.6285714285714283E-7    -2.7275510204081612E-8   -1.5260945612405892E7+1.1353908889459038E7i       1.9070329961202774E7
0                         4.6285714285714283E-7    -9.091836734693906E-9    -1.526690039060776E7+1.1371693548991794E7i        1.9073928452600505E7
0                         4.6285714285714283E-7    9.091836734693853E-9     -1.5259257365882931E7+1.1370318608753733E7i       1.9067194886095814E7
0                         4.6285714285714283E-7    2.7275510204081612E-8    -1.5233123572646357E7+1.1332658298193133E7i       1.9036739499307264E7
0                         4.6285714285714283E-7    4.5459183673469424E-8    -1.5324742057507794E7+1.1354573710435754E7i       1.9140055419299815E7
0                         4.6285714285714283E-7    6.364285714285713E-8     -1.5465863532205753E7+1.1399050857643599E7i       1.9318994803384773E7
0                         4.6285714285714283E-7    8.182653061224494E-8     -1.5550497631191147E7+1.138285386889376E7i        1.943075769276946E7
0                         4.6285714285714283E-7    1.0001020408163265E-7    -1.5661677014784178E7+1.1384202403602509E7i       1.961613890945393E7
0                         4.6285714285714283E-7    1.1819387755102046E-7    -1.5582763830069263E7+1.1250526489675583E7i       1.957302697787105E7
0                         4.6285714285714283E-7    1.3637755102040816E-7    -1.5490821218627876E7+1.109896328929827E7i        1.9528657542966153E7
0                         4.6285714285714283E-7    1.5456122448979587E-7    -1.5298087160657497E7+1.0870215256507669E7i       1.9422539319649927E7
0                         4.6285714285714283E-7    1.7274489795918368E-7    -1.515796153530126E7+1.0666145173546422E7i        1.9389476169480726E7
0                         4.6285714285714283E-7    1.909285714285714E-7     -1.490709105330386E7+1.0374470556213526E7i        1.9412231229171716E7
0                         4.6285714285714283E-7    2.091122448979592E-7     -1.4663121029333968E7+1.0091611523481008E7i       1.95189683674893E7
0                         4.6285714285714283E-7    2.272959183673469E-7     -1.4041624034694256E7+9574339.190400396i          1.913803947710301E7
0                         4.6285714285714283E-7    2.454795918367347E-7     -1.3401414686433291E7+9066645.803701855i          1.879076717554223E7
0                         4.6285714285714283E-7    2.636632653061224E-7     -1.2749647452168345E7+8545469.327221556i          1.8490649890810143E7
0                         4.6285714285714283E-7    2.8184693877551024E-7    -1.179870965470937E7+7859035.451471639i           1.8345288673084375E7
0                         4.6285714285714283E-7    3.0003061224489794E-7    -1.0817421163329948E7+7149699.282499972i          1.781787902129645E7
0                         4.6285714285714283E-7    3.1821428571428575E-7    -9442205.267216403+6249954.644226149i             1.721333628404056E7
0                         4.6285714285714283E-7    3.3639795918367346E-7    -8409067.251723764+5520945.129273725i             1.7220940583302043E7
0                         4.6285714285714283E-7    3.5458163265306127E-7    -7204464.007754015+4699575.830061622i             1.6725673178797383E7
0                         4.6285714285714283E-7    3.72765306122449E-7      -5995168.436176652+3872527.5735878916i            1.6351990179175312E7
0                         4.6285714285714283E-7    3.909489795918368E-7     -4781180.536991662+3039800.359852525i             1.6110306846108159E7
0                         4.6285714285714283E-7    4.091326530612245E-7     -3390923.092797834+2121726.7331223446i            1.5936127125232276E7
0                         4.6285714285714283E-7    4.273163265306122E-7     -1687698.037315186+1056466.13877851i              1.601220135126395E7
0                         4.6285714285714283E-7    4.455E-7                 23625.45958270923-13305.885629370878i             1.6320051715875616E7
0                         4.793877551020408E-7     -4.455E-7                -13436.02255430931+8204.188849108996i             1.5097876299956234E7
0                         4.793877551020408E-7     -4.2731632653061225E-7   -1703843.3568250167+1064871.444578498i            1.4816174459700894E7
0                         4.793877551020408E-7     -4.091326530612245E-7    -3375651.7766722757+2109670.9865929936i           1.47241669003251E7
0                         4.793877551020408E-7     -3.9094897959183674E-7   -4361380.90106665+2834786.361793495i              1.5096839776969105E7
0                         4.793877551020408E-7     -3.72765306122449E-7     -5545051.4530146+3650187.578281977i               1.533446569097818E7
0                         4.793877551020408E-7     -3.545816326530612E-7    -6723658.241163386+4459646.062994327i             1.5705213897151882E7
0                         4.793877551020408E-7     -3.3639795918367346E-7   -7897201.265513001+5263161.815930543i             1.619787438384004E7
0                         4.793877551020408E-7     -3.1821428571428575E-7   -9050588.749909343+6059126.997987291i             1.678691070976603E7
0                         4.793877551020408E-7     -3.0003061224489794E-7   -9947407.987023782+6722889.310213719i             1.6342366170365777E7
0                         4.793877551020408E-7     -2.8184693877551024E-7   -1.0779794804849435E7+7353640.154563278i          1.7058758185275674E7
0                         4.793877551020408E-7     -2.636632653061224E-7    -1.178365345847835E7+8064238.388627565i           1.734134695071745E7
0                         4.793877551020408E-7     -2.454795918367347E-7    -1.2332417299664259E7+8533957.653698623i          1.7524494661288593E7
0                         4.793877551020408E-7     -2.2729591836734696E-7   -1.2870830670256391E7+8989414.36788378i           1.775463295156596E7
0                         4.793877551020408E-7     -2.091122448979592E-7    -1.3398893570254752E7+9430608.531183042i          1.8027953960039046E7
0                         4.793877551020408E-7     -1.9092857142857144E-7   -1.391660599965935E7+9857540.143596401i           1.834060387340804E7
0                         4.793877551020408E-7     -1.7274489795918368E-7   -1.4396509293372449E7+1.026240601450672E7i        1.8648645187435165E7
0                         4.793877551020408E-7     -1.5456122448979592E-7   -1.4738587802679026E7+1.0583561410219207E7i       1.8844007742305133E7
0                         4.793877551020408E-7     -1.3637755102040816E-7   -1.4666939428910505E7+1.0661665165345889E7i       1.866107014883775E7
0                         4.793877551020408E-7     -1.181938775510204E-7    -1.473929564528139E7+1.0783117707518918E7i        1.8623000695510697E7
0                         4.793877551020408E-7     -1.0001020408163265E-7   -1.4788015481186742E7+1.0894059752101397E7i       1.8633937410864174E7
0                         4.793877551020408E-7     -8.182653061224489E-8    -1.4734260403992794E7+1.0935628915293632E7i       1.8529020901637867E7
0                         4.793877551020408E-7     -6.364285714285713E-8    -1.4728126273475593E7+1.0977377685181923E7i       1.8481145037981488E7
0                         4.793877551020408E-7     -4.545918367346937E-8    -1.4663360759504218E7+1.097928628318693E7i        1.839578002596525E7
0                         4.793877551020408E-7     -2.7275510204081612E-8   -1.4746728971010212E7+1.1068693393062077E7i       1.8487793320183188E7
0                         4.793877551020408E-7     -9.091836734693906E-9    -1.475284985283821E7+1.1086500466657154E7i        1.84906036882656E7
0                         4.793877551020408E-7     9.091836734693853E-9     -1.4745372931739517E7+1.1085147940481417E7i       1.8483890304137874E7
0                         4.793877551020408E-7     2.7275510204081612E-8    -1.4724298207714118E7+1.106463581453486E7i        1.8467663032557152E7
0                         4.793877551020408E-7     4.5459183673469424E-8    -1.4742111109320076E7+1.1045891063122686E7i       1.8495179674317922E7
0                         4.793877551020408E-7     6.364285714285713E-8     -1.4761943608686855E7+1.10185417488773E7i         1.8545611066270005E7
0                         4.793877551020408E-7     8.182653061224494E-8     -1.480701041255202E7+1.0997454084504785E7i        1.8625424254292276E7
0                         4.793877551020408E-7     1.0001020408163265E-7    -1.4739786661886776E7+1.0882195729397438E7i       1.8589487263434444E7
0                         4.793877551020408E-7     1.1819387755102046E-7    -1.4659533484495044E7+1.074905008783969E7i        1.8553384715991013E7
0                         4.793877551020408E-7     1.3637755102040816E-7    -1.4566250880376859E7+1.059801715983156E7i        1.8517672949394003E7
0                         4.793877551020408E-7     1.5456122448979587E-7    -1.4459938849532198E7+1.0429096945373032E7i       1.8482992155537423E7
0                         4.793877551020408E-7     1.7274489795918368E-7    -1.4225197613174103E7+1.0167734276469199E7i       1.8394668787934747E7
0                         4.793877551020408E-7     1.909285714285714E-7     -1.3860748980256137E7+9830440.017926803i          1.830878857665754E7
0                         4.793877551020408E-7     2.091122448979592E-7     -1.361429154309065E7+9548233.308043629i           1.8444167023611996E7
0                         4.793877551020408E-7     2.272959183673469E-7     -1.3013461953813555E7+9064034.288267918i          1.793472196005117E7
0                         4.793877551020408E-7     2.454795918367347E-7     -1.2409217553163748E7+8569103.568601608i          1.7617389477112032E7
0                         4.793877551020408E-7     2.636632653061224E-7     -1.1706037620678458E7+8011140.969900337i          1.730617450047486E7
0                         4.793877551020408E-7     2.8184693877551024E-7    -1.0912224227862341E7+7415873.053799937i          1.7135647495977603E7
0                         4.793877551020408E-7     3.0003061224489794E-7    -1.0001087771272851E7+6741605.280936523i          1.656593026511961E7
0                         4.793877551020408E-7     3.1821428571428575E-7    -9043079.49464377+6053182.893267388i              1.675061786236313E7
0                         4.793877551020408E-7     3.3639795918367346E-7    -7843333.128550302+5239876.712362506i             1.6144531428172015E7
0                         4.793877551020408E-7     3.5458163265306127E-7    -6638894.434849201+4420891.574195985i             1.5655781331032176E7
0                         4.793877551020408E-7     3.72765306122449E-7      -5429763.413540496+3596227.4787678416i            1.529766155608746E7
0                         4.793877551020408E-7     3.909489795918368E-7     -4215940.064624159+2765884.4260780565i            1.5081564122664649E7
0                         4.793877551020408E-7     4.091326530612245E-7     -2997424.3881002082+1929862.4161266456i           1.5015725274856778E7
0                         4.793877551020408E-7     4.273163265306122E-7     -1706384.2392761533+1062373.2755567906i           1.467687635509258E7
0                         4.793877551020408E-7     4.455E-7                 13436.022554333655-8204.188849122418i             1.4943883883504927E7
0                         4.959183673469387E-7     -4.455E-7                -3246.5855259357686+3102.4920688617i              1.3754278914853275E7
0                         4.959183673469387E-7     -4.2731632653061225E-7   -1711769.5694382414+1066639.8264584385i           1.3533548257335141E7
0                         4.959183673469387E-7     -4.091326530612245E-7    -2555849.987532306+1720317.3544971163i            1.4027688983144859E7
0                         4.959183673469387E-7     -3.9094897959183674E-7   -3744405.9045272404+2539262.0549145984i           1.4078360305049906E7
0                         4.959183673469387E-7     -3.72765306122449E-7     -4927898.057723023+3352264.023555954i             1.4281981748152405E7
0                         4.959183673469387E-7     -3.545816326530612E-7    -6106326.447119627+4159323.26042117i              1.4629860495030785E7
0                         4.959183673469387E-7     -3.3639795918367346E-7   -7219456.777891278+4936241.765588623i             1.511269803035935E7
0                         4.959183673469387E-7     -3.1821428571428575E-7   -8398479.871202692+5740279.388762641i             1.5660707686583258E7
0                         4.959183673469387E-7     -3.0003061224489794E-7   -9117859.28630481+6309991.9175755605i             1.5036869151774202E7
0                         4.959183673469387E-7     -2.8184693877551024E-7   -1.0217992692899823E7+7069392.435224868i          1.597239082115975E7
0                         4.959183673469387E-7     -2.636632653061224E-7    -1.074787374972094E7+7531028.960255048i           1.6232499217831258E7
0                         4.959183673469387E-7     -2.454795918367347E-7    -1.1297945466927445E7+7999532.920644734i          1.6388214977774963E7
0                         4.959183673469387E-7     -2.2729591836734696E-7   -1.1837666713540198E7+8453774.33014853i           1.6596552908467053E7
0                         4.959183673469387E-7     -2.091122448979592E-7    -1.2367037489559166E7+8893753.188766425i          1.6853414064805713E7
0                         4.959183673469387E-7     -1.9092857142857144E-7   -1.2886057794984356E7+9319469.496498419i          1.7154563392059974E7
0                         4.959183673469387E-7     -1.7274489795918368E-7   -1.2918272894016154E7+9458425.337115226i          1.7057567585231613E7
0                         4.959183673469387E-7     -1.5456122448979592E-7   -1.3418182982731752E7+9854957.17151344i           1.7379506478315722E7
0                         4.959183673469387E-7     -1.3637755102040816E-7   -1.3712828854226444E7+1.0124578469980437E7i       1.761318111230685E7
0                         4.959183673469387E-7     -1.181938775510204E-7    -1.428339856177295E7+1.0543413151659884E7i        1.8175549208018143E7
0                         4.959183673469387E-7     -1.0001020408163265E-7   -1.4060251525773313E7+1.0496662947192667E7i       1.7854575812838618E7
0                         4.959183673469387E-7     -8.182653061224489E-8    -1.4007486363200113E7+1.0537879045914866E7i       1.773950359407303E7
0                         4.959183673469387E-7     -6.364285714285713E-8    -1.4139150904739827E7+1.0655853375585824E7i       1.7826580293790244E7
0                         4.959183673469387E-7     -4.545918367346937E-8    -1.4212627541233707E7+1.0746488809236906E7i       1.7894910470826533E7
0                         4.959183673469387E-7     -2.7275510204081612E-8   -1.4232512329614535E7+1.078347789666512E7i        1.7905426391569708E7
0                         4.959183673469387E-7     -9.091836734693906E-9    -1.41664827645814E7+1.077290143067753E7i          1.7834699654446837E7
0                         4.959183673469387E-7     9.091836734693853E-9     -1.4175759534057043E7+1.077989087314264E7i        1.784580990002331E7
0                         4.959183673469387E-7     2.7275510204081612E-8    -1.4172066526914299E7+1.0768284715586122E7i       1.7849655561488688E7
0                         4.959183673469387E-7     4.5459183673469424E-8    -1.4136940338531513E7+1.0721639537759788E7i       1.7822228083606828E7
0                         4.959183673469387E-7     6.364285714285713E-8     -1.413561551001244E7+1.0670816949104182E7i        1.7833249089470707E7
0                         4.959183673469387E-7     8.182653061224494E-8     -1.3886460052331414E7+1.0494917137930533E7i       1.75959150829993E7
0                         4.959183673469387E-7     1.0001020408163265E-7    -1.3817896308989367E7+1.0380189055192364E7i       1.7566246073892057E7
0                         4.959183673469387E-7     1.1819387755102046E-7    -1.3736303138920842E7+1.0247573686003806E7i       1.7538217401657607E7
0                         4.959183673469387E-7     1.3637755102040816E-7    -1.3641680542125842E7+1.0097071030364849E7i       1.7512427432835106E7
0                         4.959183673469387E-7     1.5456122448979587E-7    -1.353402851860437E7+9928681.088275498i           1.748956142901908E7
0                         4.959183673469387E-7     1.7274489795918368E-7    -1.3292433691046944E7+9669323.379391974i          1.7408493324653856E7
0                         4.959183673469387E-7     1.909285714285714E-7     -1.3137416451053675E7+9449445.389556259i          1.742017496880916E7
0                         4.959183673469387E-7     2.091122448979592E-7     -1.2527255774584906E7+8985222.423546182i          1.7044323340899073E7
0                         4.959183673469387E-7     2.272959183673469E-7     -1.1930989364212796E7+8504462.721509954i          1.6696661752752103E7
0                         4.959183673469387E-7     2.454795918367347E-7     -1.1324460142492186E7+8010518.488104096i          1.6398413282390732E7
0                         4.959183673469387E-7     2.636632653061224E-7     -1.0707668109423095E7+7503389.723328621i          1.6154686645111682E7
0                         4.959183673469387E-7     2.8184693877551024E-7    -9997782.865882542+6945128.035899093i             1.5940393986846661E7
0                         4.959183673469387E-7     3.0003061224489794E-7    -8906384.900163349+6204702.127697281i             1.465037344988562E7
0                         4.959183673469387E-7     3.1821428571428575E-7    -8477180.821201656+5769730.315310589i             1.5674860098587595E7
0                         4.959183673469387E-7     3.3639795918367346E-7    -7277599.005376834+4958808.295451285i             1.5066989419850897E7
0                         4.959183673469387E-7     3.5458163265306127E-7    -6073324.86194439+4142207.3183303494i             1.4585178695353452E7
0                         4.959183673469387E-7     3.72765306122449E-7      -4864358.39090434+3319927.3839477883i             1.424441776011737E7
0                         4.959183673469387E-7     3.909489795918368E-7     -3650699.5922566536+2491968.4923035875i           1.4057200953111347E7
0                         4.959183673469387E-7     4.091326530612245E-7     -2432348.466001353+1658330.6433977594i            1.403192374223952E7
0                         4.959183673469387E-7     4.273163265306122E-7     -1725070.441237119+1068280.41233507i              1.3346232601703905E7
0                         4.959183673469387E-7     4.455E-7                 3246.5855259580776-3102.4920688739558i            1.3571159690535167E7
0                         5.124489795918367E-7     -4.455E-7                6942.851502437856-1999.204711385633i              1.2414104993418459E7
0                         5.124489795918367E-7     -4.2731632653061225E-7   -849069.6787073521+650443.3540904156i             1.3280320743671322E7
0                         5.124489795918367E-7     -4.091326530612245E-7    -2053228.5743014675+1479831.932271748i            1.3142488184523206E7
0                         5.124489795918367E-7     -3.9094897959183674E-7   -3127430.907987843+2243737.748035707i             1.3068414986416586E7
0                         5.124489795918367E-7     -3.72765306122449E-7     -4310744.662431439+3054340.4688299256i            1.32331669351581E7
0                         5.124489795918367E-7     -3.545816326530612E-7    -5488994.6530758655+3859000.4578480097i           1.3555053689073704E7
0                         5.124489795918367E-7     -3.3639795918367346E-7   -6565991.322790243+4619311.754911986i             1.3994318671875313E7
0                         5.124489795918367E-7     -3.1821428571428575E-7   -7746370.992496036+5421431.779537985i             1.453585597157277E7
0                         5.124489795918367E-7     -3.0003061224489794E-7   -8707933.725091126+6087967.921123249i             1.5088023958475083E7
0                         5.124489795918367E-7     -2.8184693877551024E-7   -9132842.267684398+6507784.373236429i             1.4968704806364933E7
0                         5.124489795918367E-7     -2.636632653061224E-7    -9712094.040963538+6997819.531882535i             1.5138188254815044E7
0                         5.124489795918367E-7     -2.454795918367347E-7    -1.014842161715296E7+7398359.940040451i           1.517706897448555E7
0                         5.124489795918367E-7     -2.2729591836734696E-7   -1.074663791650079E7+7875782.108068597i           1.542065307510717E7
0                         5.124489795918367E-7     -2.091122448979592E-7    -1.1333450483312577E7+8339482.102213164i          1.5719497928702194E7
0                         5.124489795918367E-7     -1.9092857142857144E-7   -1.1908859317588316E7+8789459.922474165i          1.6068081808106322E7
0                         5.124489795918367E-7     -1.7274489795918368E-7   -1.2459455545422757E7+9222844.42087422i           1.6414833374746045E7
0                         5.124489795918367E-7     -1.5456122448979592E-7   -1.2764164492344432E7+9506470.637969607i          1.6632881457419345E7
0                         5.124489795918367E-7     -1.3637755102040816E-7   -1.3057021428498143E7+9774214.306535542i          1.6859856893762235E7
0                         5.124489795918367E-7     -1.181938775510204E-7    -1.3338026353883905E7+1.002607542657203E7i        1.709404824944492E7
0                         5.124489795918367E-7     -1.0001020408163265E-7   -1.359301920935095E7+1.0257760238051599E7i        1.7319363787419204E7
0                         5.124489795918367E-7     -8.182653061224489E-8    -1.3365788590568673E7+1.0200720714765146E7i       1.701839040198833E7
0                         5.124489795918367E-7     -6.364285714285713E-8    -1.346540881343831E7+1.0307503441617586E7i        1.7090871812634792E7
0                         5.124489795918367E-7     -4.545918367346937E-8    -1.3513573868230447E7+1.0370181713831171E7i       1.712037465983916E7
0                         5.124489795918367E-7     -2.7275510204081612E-8   -1.3548769146404177E7+1.0414264386023108E7i       1.714399714832609E7
0                         5.124489795918367E-7     -9.091836734693906E-9    -1.35709946479595E7+1.043975145819341E7i          1.7161540004169982E7
0                         5.124489795918367E-7     9.091836734693853E-9     -1.358025037289641E7+1.0446642930342056E7i        1.7172888287705284E7
0                         5.124489795918367E-7     2.7275510204081612E-8    -1.3576536321214924E7+1.043493880246907E7i        1.7178010555081595E7
0                         5.124489795918367E-7     4.5459183673469424E-8    -1.3535313550411182E7+1.0382820296535563E7i       1.714400968876507E7
0                         5.124489795918367E-7     6.364285714285713E-8     -1.343801003487265E7+1.0284759673451047E7i        1.704421734755969E7
0                         5.124489795918367E-7     8.182653061224494E-8     -1.331177483975475E7+1.0152258416473648E7i        1.692946638076135E7
0                         5.124489795918367E-7     1.0001020408163265E-7    -1.3145403757630767E7+9988103.431882016i          1.6799071361645613E7
0                         5.124489795918367E-7     1.1819387755102046E-7    -1.2966274786152974E7+9806926.514787864i          1.6675234029050352E7
0                         5.124489795918367E-7     1.3637755102040816E-7    -1.277438792532133E7+9608727.665191164i           1.655907513885833E7
0                         5.124489795918367E-7     1.5456122448979587E-7    -1.2569743175135873E7+9393506.883091947i          1.6451819887837814E7
0                         5.124489795918367E-7     1.7274489795918368E-7    -1.238578742804932E7+9180583.34460776i            1.6449650424911635E7
0                         5.124489795918367E-7     1.909285714285714E-7     -1.2116565719226329E7+8909294.15030351i           1.637061218882237E7
0                         5.124489795918367E-7     2.091122448979592E-7     -1.163708310620264E7+8502939.114827769i           1.5958869529148538E7
0                         5.124489795918367E-7     2.272959183673469E-7     -1.0948890381226279E7+7981438.461341072i          1.5546250959414557E7
0                         5.124489795918367E-7     2.454795918367347E-7     -1.0254582826903462E7+7455942.826063663i          1.5194886444591643E7
0                         5.124489795918367E-7     2.636632653061224E-7     -9551401.25167133+6918710.714085164i              1.491412433048276E7
0                         5.124489795918367E-7     2.8184693877551024E-7    -8839345.655529873+6369742.125405579i             1.4710572593681611E7
0                         5.124489795918367E-7     3.0003061224489794E-7    -7357834.366663682+5447034.695561423i             1.4130134238222167E7
0                         5.124489795918367E-7     3.1821428571428575E-7    -8207757.137750442+5628300.35927209i              1.4791183485465875E7
0                         5.124489795918367E-7     3.3639795918367346E-7    -6993965.420728192+4813181.798970045i             1.4150004656821936E7
0                         5.124489795918367E-7     3.5458163265306127E-7    -5775906.282546405+3992725.3807653096i            1.3643732584516386E7
0                         5.124489795918367E-7     3.72765306122449E-7      -4553579.723205084+3166931.1046578884i            1.328998583211712E7
0                         5.124489795918367E-7     3.909489795918368E-7     -3326985.7427042164+2335798.970647769i            1.3103357328402553E7
0                         5.124489795918367E-7     4.091326530612245E-7     -2096124.3410438108+1499328.9787349624i           1.3093241406867705E7
0                         5.124489795918367E-7     4.273163265306122E-7     -860995.518223873+657521.1289194681i              1.3262269478200747E7
0                         5.124489795918367E-7     4.455E-7                 -6942.851502417587+1999.2047113745462i            1.2201886562010089E7
0                         5.289795918367346E-7     -4.455E-7                17132.288530811406-7100.901491632933i             1.1077367727750804E7
0                         5.289795918367346E-7     -4.2731632653061225E-7   -241840.17308435892+357223.60457473213i           1.2389215904487275E7
0                         5.289795918367346E-7     -4.091326530612245E-7    -1446242.9019582674+1184337.8909800546i           1.2182359609824153E7
0                         5.289795918367346E-7     -3.9094897959183674E-7   -2679694.1003565677+2014489.4137383539i           1.2179139772543006E7
0                         5.289795918367346E-7     -3.72765306122449E-7     -3577365.2912166654+2682898.627523078i            1.2268054918918706E7
0                         5.289795918367346E-7     -3.545816326530612E-7    -4555846.09756944+3389107.1489275736i             1.2429564630295174E7
0                         5.289795918367346E-7     -3.3639795918367346E-7   -5438830.388986267+4046255.5570847075i            1.27209373809174E7
0                         5.289795918367346E-7     -3.1821428571428575E-7   -6318190.387254682+4699243.11152299i              1.3102365245050695E7
0                         5.289795918367346E-7     -3.0003061224489794E-7   -7193926.092374697+5348069.812242425i             1.356494940846076E7
0                         5.289795918367346E-7     -2.8184693877551024E-7   -8488369.031761372+6184787.877032242i             1.4210958984652525E7
0                         5.289795918367346E-7     -2.636632653061224E-7    -9105485.307216395+6684941.25514287i              1.4401727343842087E7
0                         5.289795918367346E-7     -2.454795918367347E-7    -9712686.89977318+7173998.511999033i              1.4577439114919264E7
0                         5.289795918367346E-7     -2.2729591836734696E-7   -1.0308484759793924E7+7649333.594971621i          1.4817420903588513E7
0                         5.289795918367346E-7     -2.091122448979592E-7    -1.0892878887278618E7+8110946.50406064i           1.5115967351813845E7
0                         5.289795918367346E-7     -1.9092857142857144E-7   -1.146586928222726E7+8558837.23926608i            1.5467164942536524E7
0                         5.289795918367346E-7     -1.7274489795918368E-7   -1.1807225990376422E7+8876235.517231451i          1.5677533037995076E7
0                         5.289795918367346E-7     -1.5456122448979592E-7   -1.2110146001957119E7+9157984.104425775i          1.5886806608930415E7
0                         5.289795918367346E-7     -1.3637755102040816E-7   -1.2393890701987581E7+9421805.71839987i           1.6100474106799247E7
0                         5.289795918367346E-7     -1.181938775510204E-7    -1.2617419479054468E7+9639596.105347455i          1.6276384950521477E7
0                         5.289795918367346E-7     -1.0001020408163265E-7   -1.2148760305178141E7+9436593.034010656i          1.5820570631713372E7
0                         5.289795918367346E-7     -8.182653061224489E-8    -1.247766214089071E7+9694630.410129786i           1.5989925639147295E7
0                         5.289795918367346E-7     -6.364285714285713E-8    -1.2821562457441477E7+9955329.552785648i          1.6367627543788796E7
0                         5.289795918367346E-7     -4.545918367346937E-8    -1.2884549751181621E7+1.0028277377419258E7i       1.6414471354538586E7
0                         5.289795918367346E-7     -2.7275510204081612E-8   -1.2935402568757739E7+1.0082950340818863E7i       1.6457405372650474E7
0                         5.289795918367346E-7     -9.091836734693906E-9    -1.2974120910169821E7+1.0119348442984449E7i       1.6496171918569298E7
0                         5.289795918367346E-7     9.091836734693853E-9     -1.2984741211735778E7+1.0113394987541469E7i       1.6500869601955293E7
0                         5.289795918367346E-7     2.7275510204081612E-8    -1.2981006115515547E7+1.0101592889352018E7i       1.6507406808432383E7
0                         5.289795918367346E-7     4.5459183673469424E-8    -1.2940656211460285E7+1.0058404051864E7i          1.64774515674974E7
0                         5.289795918367346E-7     6.364285714285713E-8     -1.286020533264168E7+9971665.754324226i           1.639909742375202E7
0                         5.289795918367346E-7     8.182653061224494E-8     -1.2754129642106999E7+9854866.89019226i           1.6302923317539942E7
0                         5.289795918367346E-7     1.0001020408163265E-7    -1.2588673154037029E7+9691665.26661648i           1.6176207447960688E7
0                         5.289795918367346E-7     1.1819387755102046E-7    -1.2410458776613232E7+9511441.710538173i          1.6057749757858329E7
0                         5.289795918367346E-7     1.3637755102040816E-7    -1.2219486509835597E7+9314196.221957332i          1.594873984739502E7
0                         5.289795918367346E-7     1.5456122448979587E-7    -1.2015756353704134E7+9099928.800873956i          1.5850470178909518E7
0                         5.289795918367346E-7     1.7274489795918368E-7    -1.1815427291684618E7+8877988.724134445i          1.5831743567125868E7
0                         5.289795918367346E-7     1.909285714285714E-7     -1.1547353923202848E7+8607928.115612466i          1.5766284242562005E7
0                         5.289795918367346E-7     2.091122448979592E-7     -1.1022402003619604E7+8178439.0199510325i         1.5260153504063938E7
0                         5.289795918367346E-7     2.272959183673469E-7     -1.057173466888453E7+7783240.769277463i           1.4954764779866852E7
0                         5.289795918367346E-7     2.454795918367347E-7     -9879603.299376972+7259795.952908027i             1.459682779929885E7
0                         5.289795918367346E-7     2.636632653061224E-7     -9178597.908960108+6724614.659837518i             1.431282558553449E7
0                         5.289795918367346E-7     2.8184693877551024E-7    -8527673.235081881+6211971.482504426i             1.422446817900966E7
0                         5.289795918367346E-7     3.0003061224489794E-7    -7769051.35002362+5630295.262981272i              1.3497089029182827E7
0                         5.289795918367346E-7     3.1821428571428575E-7    -6367046.220856922+4728988.621403623i             1.3237255475743184E7
0                         5.289795918367346E-7     3.3639795918367346E-7    -5473684.022849893+4069046.400054692i             1.2829913146961516E7
0                         5.289795918367346E-7     3.5458163265306127E-7    -4576614.863966424+3404701.6695846547i            1.2511761057272743E7
0                         5.289795918367346E-7     3.72765306122449E-7      -3675838.7442065165+2735954.429993514i            1.2291262341368672E7
0                         5.289795918367346E-7     3.909489795918368E-7     -2771355.663570166+2062804.6812812656i            1.217528173786634E7
0                         5.289795918367346E-7     4.091326530612245E-7     -1863165.622057383+1385252.4234479158i            1.2168375027862605E7
0                         5.289795918367346E-7     4.273163265306122E-7     -372238.41420995526+419352.19140779926i           1.2344823052812789E7
0                         5.289795918367346E-7     4.455E-7                 -17132.288530793146+7100.901491623i               1.0836081588327141E7
0                         5.455102040816326E-7     -4.455E-7                22277.759671512318-9937.125211286391i             1.201005762402378E7
0                         5.455102040816326E-7     -4.2731632653061225E-7   -882600.0632648113+668600.1339189677i             1.1775230065624116E7
0                         5.455102040816326E-7     -4.091326530612245E-7    -1783753.6888380025+1342770.367582205i            1.1651993538556933E7
0                         5.455102040816326E-7     -3.9094897959183674E-7   -2752711.978046667+2046379.6182985364i            1.1607419773305291E7
0                         5.455102040816326E-7     -3.72765306122449E-7     -3639724.118928357+2709171.1197130494i            1.1708156598433798E7
0                         5.455102040816326E-7     -3.545816326530612E-7    -4523111.966661637+3367801.767408714i             1.1916685152542632E7
0                         5.455102040816326E-7     -3.3639795918367346E-7   -5402875.521246517+4022271.5613855314i            1.2226034573281825E7
0                         5.455102040816326E-7     -3.1821428571428575E-7   -6279014.782682978+4672580.501643496i             1.2627394360501966E7
0                         5.455102040816326E-7     -3.0003061224489794E-7   -7352812.3327557845+5409750.5998901175i           1.2968201711540615E7
0                         5.455102040816326E-7     -2.8184693877551024E-7   -8059389.494911304+5965114.901916202i             1.3625462537852133E7
0                         5.455102040816326E-7     -2.636632653061224E-7    -8672169.029163705+6462666.912157004i             1.380673161154128E7
0                         5.455102040816326E-7     -2.454795918367347E-7    -9276952.182393402+6949637.0839576125i            1.3975473286813963E7
0                         5.455102040816326E-7     -2.2729591836734696E-7   -9870331.603087053+7422885.081874649i             1.4212438994288882E7
0                         5.455102040816326E-7     -2.091122448979592E-7    -1.0452307291244654E7+7882410.90590811i           1.4511543680726072E7
0                         5.455102040816326E-7     -1.9092857142857144E-7   -1.084201334832241E7+8233873.107765967i           1.4756403651596993E7
0                         5.455102040816326E-7     -1.7274489795918368E-7   -1.115499643533009E7+8529626.613588681i           1.4941420741784029E7
0                         5.455102040816326E-7     -1.5456122448979592E-7   -1.1398381423136966E7+8776705.87441455i           1.5092131090180168E7
0                         5.455102040816326E-7     -1.3637755102040816E-7   -1.1632102645841807E7+9008646.179242784i          1.5252217400746366E7
0                         5.455102040816326E-7     -1.181938775510204E-7    -1.1438665212849008E7+8973900.188047048i          1.5064444604445882E7
0                         5.455102040816326E-7     -1.0001020408163265E-7   -1.1695416394890536E7+9200445.765572516i          1.5300590025386164E7
0                         5.455102040816326E-7     -8.182653061224489E-8    -1.1983976162136635E7+9433016.98965567i           1.5441217238151178E7
0                         5.455102040816326E-7     -6.364285714285713E-8    -1.210980378928626E7+9558443.758038692i           1.5539612245758398E7
0                         5.455102040816326E-7     -4.545918367346937E-8    -1.2305380353159443E7+9714454.819894938i          1.5763788590540852E7
0                         5.455102040816326E-7     -2.7275510204081612E-8   -1.2356457748966003E7+9769045.367195692i          1.580541010901225E7
0                         5.455102040816326E-7     -9.091836734693906E-9    -1.2395400668608531E7+9805361.053262433i          1.584405289064322E7
0                         5.455102040816326E-7     9.091836734693853E-9     -1.2422209112087037E7+9823401.878095169i          1.5879530513062371E7
0                         5.455102040816326E-7     2.7275510204081612E-8    -1.2394795952917654E7+9791190.775702894i          1.585484671576393E7
0                         5.455102040816326E-7     4.5459183673469424E-8    -1.2352588372310752E7+9740837.92440109i           1.581994712343967E7
0                         5.455102040816326E-7     6.364285714285713E-8     -1.2282400630410695E7+9658571.8351974i            1.5754922046982678E7
0                         5.455102040816326E-7     8.182653061224494E-8     -1.2189552684146771E7+9554896.373551661i          1.567289174109412E7
0                         5.455102040816326E-7     1.0001020408163265E-7    -1.2031942550443286E7+9395227.101350944i          1.5553856276040578E7
0                         5.455102040816326E-7     1.1819387755102046E-7    -1.185464276707349E7+9215956.906288486i           1.5440963011848262E7
0                         5.455102040816326E-7     1.3637755102040816E-7    -1.1664585094349856E7+9019664.778723493i          1.5339438686912112E7
0                         5.455102040816326E-7     1.5456122448979587E-7    -1.1461769532272398E7+8806350.718655972i          1.5250645511301422E7
0                         5.455102040816326E-7     1.7274489795918368E-7    -1.124506715531991E7+8575394.103661127i           1.521559506766455E7
0                         5.455102040816326E-7     1.909285714285714E-7     -1.0807932132486235E7+8204548.9189885985i         1.484952441333119E7
0                         5.455102040816326E-7     2.091122448979592E-7     -1.0407720901036566E7+7853938.925074293i          1.4561386385352977E7
0                         5.455102040816326E-7     2.272959183673469E-7     -9996751.591253731+7489612.850072656i             1.4289675694207272E7
0                         5.455102040816326E-7     2.454795918367347E-7     -9504623.771850493+7063649.079752402i             1.3998356706510771E7
0                         5.455102040816326E-7     2.636632653061224E-7     -8855694.160662428+6559540.7969011245i            1.3801251900422227E7
0                         5.455102040816326E-7     2.8184693877551024E-7    -8081239.501498152+5978162.881228136i             1.3521009704118898E7
0                         5.455102040816326E-7     3.0003061224489794E-7    -7334174.595938167+5403738.94075778i              1.2909620042546745E7
0                         5.455102040816326E-7     3.1821428571428575E-7    -6689335.70456483+4876984.607440193i              1.2582574212574178E7
0                         5.455102040816326E-7     3.3639795918367346E-7    -5636188.31180242+4141255.0594121236i             1.2397149310856797E7
0                         5.455102040816326E-7     3.5458163265306127E-7    -4544434.30041326+3383137.1882037125i             1.1986065753606893E7
0                         5.455102040816326E-7     3.72765306122449E-7      -3647416.9140177947+2717302.1938474383i           1.1750238667864718E7
0                         5.455102040816326E-7     3.909489795918368E-7     -2746692.5667458777+2047064.6903700538i           1.162252218453401E7
0                         5.455102040816326E-7     4.091326530612245E-7     -1842261.258597526+1372424.6777715692i            1.1608120594715629E7
0                         5.455102040816326E-7     4.273163265306122E-7     -934122.9895727388+693382.1560519804i             1.1709081406490361E7
0                         5.455102040816326E-7     4.455E-7                 -22277.759671508273+9937.12521128288i             1.1924082660532136E7
0                         5.620408163265306E-7     -4.455E-7                8890.862940528026-2933.8700046703275i             1.1448878368710341E7
0                         5.620408163265306E-7     -4.2731632653061225E-7   -892020.9999826336+672630.3580700703i             1.1215310984311027E7
0                         5.620408163265306E-7     -4.091326530612245E-7    -1839003.623604624+1366157.7241872675i            1.1065786945729656E7
0                         5.620408163265306E-7     -3.9094897959183674E-7   -2726419.320802779+2030431.4651403176i            1.1062674635138977E7
0                         5.620408163265306E-7     -3.72765306122449E-7     -3610210.7248525163+2690544.352374514i            1.1176412486089727E7
0                         5.620408163265306E-7     -3.545816326530612E-7    -4490377.835753843+3346496.3858898613i            1.1401940108280461E7
0                         5.620408163265306E-7     -3.3639795918367346E-7   -5366920.653506766+3998287.565686359i             1.1731299978077589E7
0                         5.620408163265306E-7     -3.1821428571428575E-7   -6323285.055901902+4685115.137567647i             1.202720701619679E7
0                         5.620408163265306E-7     -3.0003061224489794E-7   -6953395.687460198+5203202.310321639i             1.241440645120688E7
0                         5.620408163265306E-7     -2.8184693877551024E-7   -7630409.958061227+5745441.926800156i             1.3036926534058668E7
0                         5.620408163265306E-7     -2.636632653061224E-7    -8238852.751111014+6240392.569171136i             1.3209265632758215E7
0                         5.620408163265306E-7     -2.454795918367347E-7    -8841217.465013623+6725275.6559161935i            1.3371347143133396E7
0                         5.620408163265306E-7     -2.2729591836734696E-7   -9432178.446380181+7196436.568777675i             1.3605966287441846E7
0                         5.620408163265306E-7     -2.091122448979592E-7    -9868526.566182397+7579383.409573152i             1.3881100151122192E7
0                         5.620408163265306E-7     -1.9092857142857144E-7   -1.0138573584667647E7+7857215.9719590405i         1.399538881831389E7
0                         5.620408163265306E-7     -1.7274489795918368E-7   -1.0393155041370153E7+8118820.2370287i            1.4118419753136246E7
0                         5.620408163265306E-7     -1.5456122448979592E-7   -1.0637068709712952E7+8364910.4597375905i         1.4255957718558619E7
0                         5.620408163265306E-7     -1.3637755102040816E-7   -1.072132673320797E7+8499324.796762167i           1.4315003995443739E7
0                         5.620408163265306E-7     -1.181938775510204E-7    -1.0986875323564123E7+8738881.456126561i          1.4547175087453412E7
0                         5.620408163265306E-7     -1.0001020408163265E-7   -1.1242072484602932E7+8964298.497134373i          1.4780454947227312E7
0                         5.620408163265306E-7     -8.182653061224489E-8    -1.1490290183382556E7+9171403.56918155i           1.4893127181067754E7
0                         5.620408163265306E-7     -6.364285714285713E-8    -1.1582355148983397E7+9275884.59308109i           1.4954097600885013E7
0                         5.620408163265306E-7     -4.545918367346937E-8    -1.1726210955137253E7+9400632.262370616i          1.5113897859378817E7
0                         5.620408163265306E-7     -2.7275510204081612E-8   -1.1777512929174261E7+9455140.39357252i           1.515406550867959E7
0                         5.620408163265306E-7     -9.091836734693906E-9    -1.1816680427047247E7+9491373.66354042i           1.5192558704233466E7
0                         5.620408163265306E-7     9.091836734693853E-9     -1.1824406666924896E7+9494714.226041742i          1.5204002091343313E7
0                         5.620408163265306E-7     2.7275510204081612E-8    -1.1794603362385241E7+9462051.209734244i          1.5177567739852695E7
0                         5.620408163265306E-7     4.5459183673469424E-8    -1.175258126212966E7+9412051.584795311i           1.5144573537104262E7
0                         5.620408163265306E-7     6.364285714285713E-8     -1.1698340366158158E7+9344715.351224942i          1.510524816203173E7
0                         5.620408163265306E-7     8.182653061224494E-8     -1.1612196802385807E7+9242436.684772123i          1.5033271914619612E7
0                         5.620408163265306E-7     1.0001020408163265E-7    -1.1475211946849542E7+9098788.936085407i          1.49321078733121E7
0                         5.620408163265306E-7     1.1819387755102046E-7    -1.1298826757533742E7+8920472.102038797i          1.4824982237654842E7
0                         5.620408163265306E-7     1.3637755102040816E-7    -1.1109683678864114E7+8725133.335489657i          1.4731316749982275E7
0                         5.620408163265306E-7     1.5456122448979587E-7    -1.0907782710840665E7+8512772.636437986i          1.465254526719201E7
0                         5.620408163265306E-7     1.7274489795918368E-7    -1.057900351472673E7+8213255.990355034i           1.4433520365738345E7
0                         5.620408163265306E-7     1.909285714285714E-7     -1.019140069575671E7+7878205.450819958i           1.4140238546448091E7
0                         5.620408163265306E-7     2.091122448979592E-7     -9793039.798453525+7529438.830197552i             1.3862758282803548E7
0                         5.620408163265306E-7     2.272959183673469E-7     -9383920.822817171+7166956.128487813i             1.360412616710174E7
0                         5.620408163265306E-7     2.454795918367347E-7     -8993321.898302317+6810094.197249297i             1.3412362800528543E7
0                         5.620408163265306E-7     2.636632653061224E-7     -8407815.432744505+6323810.763646307i             1.30968388441373E7
0                         5.620408163265306E-7     2.8184693877551024E-7    -7634805.767914421+5744354.279951844i             1.281562654215382E7
0                         5.620408163265306E-7     3.0003061224489794E-7    -6899297.841852708+5177182.618534283i             1.2320284603702003E7
0                         5.620408163265306E-7     3.1821428571428575E-7    -6256187.5513078505+4652595.237652811i            1.2004337129018748E7
0                         5.620408163265306E-7     3.3639795918367346E-7    -5423212.268276574+4029385.846085461i             1.1807770705161005E7
0                         5.620408163265306E-7     3.5458163265306127E-7    -4584512.814801253+3397164.2291485546i            1.1466648998749448E7
0                         5.620408163265306E-7     3.72765306122449E-7      -3742103.5073867366+2760250.623121457i            1.1217906074433481E7
0                         5.620408163265306E-7     3.909489795918368E-7     -2722029.4699215856+2031324.6994588426i           1.1063480101217078E7
0                         5.620408163265306E-7     4.091326530612245E-7     -1821356.895137672+1359596.9320952247i            1.1040344583598094E7
0                         5.620408163265306E-7     4.273163265306122E-7     -916977.3594773207+683466.6556104994i             1.1137660881796973E7
0                         5.620408163265306E-7     4.455E-7                 -8890.86294052378+2933.870004666626i              1.1354013511398446E7
0                         5.785714285714285E-7     -4.455E-7                -4496.033790456182+4069.3852019457117i            1.0878954193523347E7
0                         5.785714285714285E-7     -4.2731632653061225E-7   -928112.4496780911+687132.204717794i              1.0623825004197778E7
0                         5.785714285714285E-7     -4.091326530612245E-7    -1815931.703192688+1352888.1852093677i            1.0506374829975726E7
0                         5.785714285714285E-7     -3.9094897959183674E-7   -2700126.6635588882+2014483.311982098i            1.0512899247028498E7
0                         5.785714285714285E-7     -3.72765306122449E-7     -3580697.3307766756+2671917.585035977i            1.0641491769610558E7
0                         5.785714285714285E-7     -3.545816326530612E-7    -4457643.704846048+3325191.0043710046i            1.0886195773083698E7
0                         5.785714285714285E-7     -3.3639795918367346E-7   -5295667.353478177+3959554.5906073255i            1.1150649060102573E7
0                         5.785714285714285E-7     -3.1821428571428575E-7   -5927381.325702795+4481306.758083573i             1.1480358602014141E7
0                         5.785714285714285E-7     -3.0003061224489794E-7   -6553979.04216462+4996654.020753167i              1.185646810421334E7
0                         5.785714285714285E-7     -2.8184693877551024E-7   -7175460.502863649+5505596.3786161i               1.2273121711693384E7
0                         5.785714285714285E-7     -2.636632653061224E-7    -7807847.750484266+6012814.240781002i             1.2610798781559141E7
0                         5.785714285714285E-7     -2.454795918367347E-7    -8364541.765360234+6473534.037456797i             1.2734174998641405E7
0                         5.785714285714285E-7     -2.2729591836734696E-7   -8910588.84562808+6920505.262173532i              1.293211745225646E7
0                         5.785714285714285E-7     -2.091122448979592E-7    -9113437.6543467+7172394.623292019i               1.310526377766771E7
0                         5.785714285714285E-7     -1.9092857142857144E-7   -9378211.55668716+7448148.806242325i              1.3192661708273776E7
0                         5.785714285714285E-7     -1.7274489795918368E-7   -9712047.438266892+7746159.500596097i             1.3356928556802426E7
0                         5.785714285714285E-7     -1.5456122448979592E-7   -9996744.866255019+8012866.860156006i             1.3576457289780015E7
0                         5.785714285714285E-7     -1.3637755102040816E-7   -1.0271090864925798E7+8265434.601359328i          1.380125203223512E7
0                         5.785714285714285E-7     -1.181938775510204E-7    -1.053508543427924E7+8503862.724206077i           1.4029674128032226E7
0                         5.785714285714285E-7     -1.0001020408163265E-7   -1.0849393428149855E7+8762703.162132408i          1.4224858935626106E7
0                         5.785714285714285E-7     -8.182653061224489E-8    -1.1014970508015106E7+8920651.256372979i          1.4352270981719451E7
0                         5.785714285714285E-7     -6.364285714285713E-8    -1.1054906508680532E7+8993325.428123489i          1.4369800295547567E7
0                         5.785714285714285E-7     -4.545918367346937E-8    -1.1084252385946842E7+9049868.450054301i          1.4383919227028817E7
0                         5.785714285714285E-7     -2.7275510204081612E-8   -1.1198568109382529E7+9141235.419949355i          1.4503502344355287E7
0                         5.785714285714285E-7     -9.091836734693906E-9    -1.124142762451358E7+9180194.615023406i           1.4546482120410617E7
0                         5.785714285714285E-7     9.091836734693853E-9     -1.1224028596041165E7+9165221.43371022i           1.4526573508275932E7
0                         5.785714285714285E-7     2.7275510204081612E-8    -1.1194410771852829E7+9132911.643765593i          1.4501059996406933E7
0                         5.785714285714285E-7     4.5459183673469424E-8    -1.1152574151948571E7+9083265.245189536i          1.4470100448869463E7
0                         5.785714285714285E-7     6.364285714285713E-8     -1.109851873632839E7+9016282.237982042i           1.443394241681788E7
0                         5.785714285714285E-7     8.182653061224494E-8     -1.1032244524992289E7+8931962.622143112i          1.4392924000111649E7
0                         5.785714285714285E-7     1.0001020408163265E-7    -1.0914499868608031E7+8802563.910091257i          1.4306053858476391E7
0                         5.785714285714285E-7     1.1819387755102046E-7    -1.0727248383414112E7+8618823.707024261i          1.4191040847051134E7
0                         5.785714285714285E-7     1.3637755102040816E-7    -1.0528274058318809E7+8418232.302482793i          1.4093618697896274E7
0                         5.785714285714285E-7     1.5456122448979587E-7    -1.0317576893322123E7+8200789.696466864i          1.401537019262698E7
0                         5.785714285714285E-7     1.7274489795918368E-7    -9960621.743850717+7885069.148894494i             1.3715272651600579E7
0                         5.785714285714285E-7     1.909285714285714E-7     -9574869.259027183+7551861.982651319i             1.3430772362879893E7
0                         5.785714285714285E-7     2.091122448979592E-7     -9178358.695870483+7204938.73532081i              1.3164506110374395E7
0                         5.785714285714285E-7     2.272959183673469E-7     -8803067.251103468+6861960.749195515i             1.2965511308252884E7
0                         5.785714285714285E-7     2.454795918367347E-7     -8321745.67738336+6452125.287079781i              1.2652667813452343E7
0                         5.785714285714285E-7     2.636632653061224E-7     -7830687.724422746+6029057.153527938i             1.2365853162109826E7
0                         5.785714285714285E-7     2.8184693877551024E-7    -7188372.034330689+5510545.678675553i             1.210845359379371E7
0                         5.785714285714285E-7     3.0003061224489794E-7    -6464421.087767251+4950626.296310792i             1.1729194306359176E7
0                         5.785714285714285E-7     3.1821428571428575E-7    -5823039.398050871+4428205.867865433i             1.1424952105451057E7
0                         5.785714285714285E-7     3.3639795918367346E-7    -5178487.522595114+3900694.0882246452i            1.1180597320875136E7
0                         5.785714285714285E-7     3.5458163265306127E-7    -4374653.830402707+3287941.0420054905i            1.0872956589218205E7
0                         5.785714285714285E-7     3.72765306122449E-7      -3535361.582115489+2653673.4621619927i            1.0624869473792035E7
0                         5.785714285714285E-7     3.909489795918368E-7     -2692359.4798890604+2014713.8932282939i           1.0482186325473433E7
0                         5.785714285714285E-7     4.091326530612245E-7     -1845647.5237234393+1371062.3352044048i           1.045098799221188E7
0                         5.785714285714285E-7     4.273163265306122E-7     -899831.7293819007+673551.1551690183i             1.0558050744447429E7
0                         5.785714285714285E-7     4.455E-7                 4496.0337904606395-4069.385201949587i             1.07755868799535E7
0                         5.951020408163264E-7     -4.455E-7                -22759.7548560911+13043.296736808587i             1.0282093753133582E7
0                         5.951020408163264E-7     -4.2731632653061225E-7   -908261.266098102+676541.2799202076i              1.0053297052308666E7
0                         5.951020408163264E-7     -4.091326530612245E-7    -1792859.7827807541+1339618.6462314683i           9940745.707450483
0                         5.951020408163264E-7     -3.9094897959183674E-7   -2673834.0063149966+1998535.1588238785i           9958502.722810686
0                         5.951020408163264E-7     -3.72765306122449E-7     -3551183.936700831+2653290.817697438i             1.0104120272787293E7
0                         5.951020408163264E-7     -3.545816326530612E-7    -4269959.225484602+3233068.9590091463i            1.035458297526231E7
0                         5.951020408163264E-7     -3.3639795918367346E-7   -4903276.538375538+3758486.121207649i             1.0614301473508468E7
0                         5.951020408163264E-7     -3.1821428571428575E-7   -5531477.595503683+4277498.3785994975i            1.0929741154897744E7
0                         5.951020408163264E-7     -3.0003061224489794E-7   -6154562.396869039+4790105.731184692i             1.129449712787806E7
0                         5.951020408163264E-7     -2.8184693877551024E-7   -6714404.028964386+5266797.824476057i             1.1694051941659486E7
0                         5.951020408163264E-7     -2.636632653061224E-7    -7239304.665904428+5714795.195811047i             1.1929411468950601E7
0                         5.951020408163264E-7     -2.454795918367347E-7    -7794765.636933183+6173881.289914907i             1.2038324137667652E7
0                         5.951020408163264E-7     -2.2729591836734696E-7   -8339579.673353811+6619218.812059696i             1.2227870992823642E7
0                         5.951020408163264E-7     -2.091122448979592E-7    -8353550.969087985+6764691.582055431i             1.2331824771294406E7
0                         5.951020408163264E-7     -1.9092857142857144E-7   -8971424.775687397+7234807.936829724i             1.2649305676088303E7
0                         5.951020408163264E-7     -1.7274489795918368E-7   -9264919.611990154+7514526.378228567i             1.2854042381073838E7
0                         5.951020408163264E-7     -1.5456122448979592E-7   -9548063.01897557+7780105.20127083i               1.3067334831816541E7
0                         5.951020408163264E-7     -1.3637755102040816E-7   -9820854.996643635+8031544.4059565i               1.3287245691790221E7
0                         5.951020408163264E-7     -1.181938775510204E-7    -1.0083295544994352E7+8268843.992285586i          1.3512020248507993E7
0                         5.951020408163264E-7     -1.0001020408163265E-7   -1.035692699696977E7+8502073.665258704i           1.368251907309663E7
0                         5.951020408163264E-7     -8.182653061224489E-8    -1.0488000350646492E7+8638827.283578152i          1.3774560807533262E7
0                         5.951020408163264E-7     -6.364285714285713E-8    -1.0527457868377661E7+8710766.263165884i          1.378688871307372E7
0                         5.951020408163264E-7     -4.545918367346937E-8    -1.0556325262709726E7+8766574.092933923i          1.379688391579856E7
0                         5.951020408163264E-7     -2.7275510204081612E-8   -1.0645858825683702E7+8847631.942647895i          1.3885966669607729E7
0                         5.951020408163264E-7     -9.091836734693906E-9    -1.0640864073278528E7+8850348.596329013i          1.3870239845565822E7
0                         5.951020408163264E-7     9.091836734693853E-9     -1.0623650525157433E7+8835728.641378697i          1.3850052950262653E7
0                         5.951020408163264E-7     2.7275510204081612E-8    -1.0594218181320418E7+8803772.077796947i          1.3825484237579493E7
0                         5.951020408163264E-7     4.5459183673469424E-8    -1.0552567041767482E7+8754478.905583762i          1.3796706227550363E7
0                         5.951020408163264E-7     6.364285714285713E-8     -1.0498697106498621E7+8687849.12473914i           1.376398708019172E7
0                         5.951020408163264E-7     8.182653061224494E-8     -1.0432608375513842E7+8603882.735263083i          1.3727692384697055E7
0                         5.951020408163264E-7     1.0001020408163265E-7    -1.032149239728068E7+8481251.546150383i           1.3632153086091397E7
0                         5.951020408163264E-7     1.1819387755102046E-7    -1.0115499031677091E7+8288242.479770164i          1.3502737236739421E7
0                         5.951020408163264E-7     1.3637755102040816E-7    -9916952.841747262+8088371.703247546i             1.3413911199311158E7
0                         5.951020408163264E-7     1.5456122448979587E-7    -9657807.948296605+7840584.725163405i             1.3251236417816462E7
0                         5.951020408163264E-7     1.7274489795918368E-7    -9342239.972974712+7556882.307433962i             1.2996692706754755E7
0                         5.951020408163264E-7     1.909285714285714E-7     -8958337.822297659+7225518.51448268i              1.272133241175468E7
0                         5.951020408163264E-7     2.091122448979592E-7     -8599054.593452698+6896512.7876496175i            1.2514077162982745E7
0                         5.951020408163264E-7     2.272959183673469E-7     -8129480.214578805+6501950.917997994i             1.2192395469144879E7
0                         5.951020408163264E-7     2.454795918367347E-7     -7650169.456464401+6094156.376910261i             1.1895833894784644E7
0                         5.951020408163264E-7     2.636632653061224E-7     -7161122.319109494+5673129.164386418i             1.1628922246871889E7
0                         5.951020408163264E-7     2.8184693877551024E-7    -6662338.802514083+5238869.280426463i             1.1396477832473917E7
0                         5.951020408163264E-7     3.0003061224489794E-7    -6029544.333681794+4724069.974087297i             1.11364907134252E7
0                         5.951020408163264E-7     3.1821428571428575E-7    -5389891.244793889+4203816.498078051i             1.0844664042108411E7
0                         5.951020408163264E-7     3.3639795918367346E-7    -4747067.97016661+3678471.670873377i              1.0616582215947842E7
0                         5.951020408163264E-7     3.5458163265306127E-7    -4164794.846004161+3178717.8548624283i            1.027864650611644E7
0                         5.951020408163264E-7     3.72765306122449E-7      -3328619.656844236+2547096.3012025254i            1.0030700585599655E7
0                         5.951020408163264E-7     3.909489795918368E-7     -2488734.6137451036+1910782.758452424i            9893903.428740056
0                         5.951020408163264E-7     4.091326530612245E-7     -1645139.7167067754+1269777.226612131i            9874734.099893106
0                         5.951020408163264E-7     4.273163265306122E-7     -797834.9657292494+624079.7056816448i             9975720.875605097
0                         5.951020408163264E-7     4.455E-7                 22759.754856095507-13043.296736812528i            1.0185843164559366E7
0                         6.116326530612245E-7     -4.455E-7                -39493.2124556147+21757.167083720535i             9693623.025011936
0                         6.116326530612245E-7     -4.2731632653061225E-7   -935048.151307391+690874.4163891916i              9510056.830478484
0                         6.116326530612245E-7     -4.091326530612245E-7    -1769787.862368822+1326349.1072535694i            9369106.78675897
0                         6.116326530612245E-7     -3.9094897959183674E-7   -2647541.3490711083+1982587.00566566i             9400002.705746947
0                         6.116326530612245E-7     -3.72765306122449E-7     -3246160.671921177+2505658.242773108i             9658589.079713376
0                         6.116326530612245E-7     -3.545816326530612E-7    -3881081.3254784374+3034740.3996938695i           9833878.62211604
0                         6.116326530612245E-7     -3.3639795918367346E-7   -4510885.723272902+3557417.651807973i             1.0075030830161657E7
0                         6.116326530612245E-7     -3.1821428571428575E-7   -5135573.865304575+4073689.999115423i             1.0375553868391806E7
0                         6.116326530612245E-7     -3.0003061224489794E-7   -5678625.723499958+4544656.910226844i             1.0756576677262371E7
0                         6.116326530612245E-7     -2.8184693877551024E-7   -6254055.276091751+5026740.70856722i              1.1104730988260748E7
0                         6.116326530612245E-7     -2.636632653061224E-7    -6826667.37685022+5504784.514020504i              1.1462646298626976E7
0                         6.116326530612245E-7     -2.454795918367347E-7    -7224989.5085061295+5874228.542373011i            1.1344635093720289E7
0                         6.116326530612245E-7     -2.2729591836734696E-7   -7319173.2785726+6068448.5644679945i              1.1557127972177938E7
0                         6.116326530612245E-7     -2.091122448979592E-7    -8223558.725796002+6711573.827742088i             1.1969912717743859E7
0                         6.116326530612245E-7     -1.9092857142857144E-7   -8525850.970413383+7004303.350979856i             1.2154278878923342E7
0                         6.116326530612245E-7     -1.7274489795918368E-7   -8817791.785713423+7282893.255861044i             1.2351070047452124E7
0                         6.116326530612245E-7     -1.5456122448979592E-7   -9099381.171696117+7547343.542385648i             1.2558022234498918E7
0                         6.116326530612245E-7     -1.3637755102040816E-7   -9370619.128361467+7797654.210553667i             1.277306228563492E7
0                         6.116326530612245E-7     -1.181938775510204E-7    -9631505.65570947+8033825.260365101i              1.2994307393999105E7
0                         6.116326530612245E-7     -1.0001020408163265E-7   -9864460.565789696+8241444.1683850065i            1.3141208676219888E7
0                         6.116326530612245E-7     -8.182653061224489E-8    -9961030.19327788+8357003.3107833285i             1.3198822780299818E7
0                         6.116326530612245E-7     -6.364285714285713E-8    -1.0000009228074796E7+8428207.098208282i          1.3205561867687851E7
0                         6.116326530612245E-7     -4.545918367346937E-8    -1.0028398139472604E7+8483279.73581354i           1.3211150040056335E7
0                         6.116326530612245E-7     -2.7275510204081612E-8   -9944576.90725889+8450696.20822025i               1.3094596851598592E7
0                         6.116326530612245E-7     -9.091836734693906E-9    -9919369.788796239+8441710.448391847i             1.3054751471142516E7
0                         6.116326530612245E-7     9.091836734693853E-9     -9883487.558226466+8416578.45791711i              1.301366102872792E7
0                         6.116326530612245E-7     2.7275510204081612E-8    -9836930.215549571+8375300.236796023i             1.297149476941447E7
0                         6.116326530612245E-7     4.5459183673469424E-8    -9952559.931586385+8425692.565977983i             1.3124607841578366E7
0                         6.116326530612245E-7     6.364285714285713E-8     -9898875.476668851+8359416.011496237i             1.3095639019260222E7
0                         6.116326530612245E-7     8.182653061224494E-8     -9832972.22603539+8275802.848383051i              1.3064524806619186E7
0                         6.116326530612245E-7     1.0001020408163265E-7    -9710714.5568435+8146270.855571522i               1.2949259741263717E7
0                         6.116326530612245E-7     1.1819387755102046E-7    -9503749.679940052+7957661.252516055i             1.28164611483284E7
0                         6.116326530612245E-7     1.3637755102040816E-7    -9336101.671150299+7775656.748384726i             1.2763008688331865E7
0                         6.116326530612245E-7     1.5456122448979587E-7    -9013480.042980015+7496385.242739685i             1.2509773403234009E7
0                         6.116326530612245E-7     1.7274489795918368E-7    -8723858.202098697+7228695.465973424i             1.227798244068699E7
0                         6.116326530612245E-7     1.909285714285714E-7     -8381283.925349997+6913750.312611607i             1.2061055177316893E7
0                         6.116326530612245E-7     2.091122448979592E-7     -7923456.741322318+6534462.035424097i             1.1729259355455708E7
0                         6.116326530612245E-7     2.272959183673469E-7     -7455893.178054124+6141941.086800471i             1.142163139522257E7
0                         6.116326530612245E-7     2.454795918367347E-7     -7080997.716824744+5813250.15883259i              1.125734611882621E7
0                         6.116326530612245E-7     2.636632653061224E-7     -6638799.474774858+5414383.536782127i             1.1044715250242544E7
0                         6.116326530612245E-7     2.8184693877551024E-7    -6188716.827144638+5003837.337291735i             1.0867851539522111E7
0                         6.116326530612245E-7     3.0003061224489794E-7    -5686563.929653663+4556982.594644961i             1.0610477048225645E7
0                         6.116326530612245E-7     3.1821428571428575E-7    -4956743.091536907+3979427.1282906705i            1.0263780686447334E7
0                         6.116326530612245E-7     3.3639795918367346E-7    -4315648.417738097+3456249.2535221055i            1.005326161659343E7
0                         6.116326530612245E-7     3.5458163265306127E-7    -3671383.5581999132+2927980.0275581083i           9916551.636422105
0                         6.116326530612245E-7     3.72765306122449E-7      -3121877.731572978+2440519.140243056i             9436349.917561196
0                         6.116326530612245E-7     3.909489795918368E-7     -2285109.747601146+1806851.6236765538i            9305561.060857054
0                         6.116326530612245E-7     4.091326530612245E-7     -1444631.9096901114+1168492.1180198577i           9299309.139034774
0                         6.116326530612245E-7     4.273163265306122E-7     -600444.2178398757+525440.6232729665i             9419793.894867638
0                         6.116326530612245E-7     4.455E-7                 39493.212455619105-21757.16708372458i             9748140.499126492
0                         6.281632653061224E-7     -4.455E-7                -56226.670055138195+30471.037430632456i           9098812.045644263
0                         6.281632653061224E-7     -4.2731632653061225E-7   -949064.2125010352+697050.0611515978i             8919918.969694473
0                         6.281632653061224E-7     -4.091326530612245E-7    -1838678.0632807442+1359669.2075500053i           8888933.823447246
0                         6.281632653061224E-7     -3.9094897959183674E-7   -2224271.6927879136+1777322.4418992158i           9085333.583995411
0                         6.281632653061224E-7     -3.72765306122449E-7     -2860795.6870114896+2310069.593542232i            9160644.29970255
0                         6.281632653061224E-7     -3.545816326530612E-7    -3492203.4254722744+2836411.840378594i            9311836.74929342
0                         6.281632653061224E-7     -3.3639795918367346E-7   -4118494.90817026+3356349.182408296i              9533222.521508781
0                         6.281632653061224E-7     -3.1821428571428575E-7   -4739670.135105465+3869881.6196313463i            9818057.03586525
0                         6.281632653061224E-7     -3.0003061224489794E-7   -5220794.5427506+4306986.892935621i               1.0179570160320321E7
0                         6.281632653061224E-7     -2.8184693877551024E-7   -5793706.523219117+4786683.592658385i             1.0513788899463337E7
0                         6.281632653061224E-7     -2.636632653061224E-7    -6365208.097683493+5263618.144132858i             1.0879221384028042E7
0                         6.281632653061224E-7     -2.454795918367347E-7    -6905268.7399831815+5710267.841072565i            1.1082289838388301E7
0                         6.281632653061224E-7     -2.2729591836734696E-7   -7468449.288592692+6176457.173333169i             1.1327920481318949E7
0                         6.281632653061224E-7     -2.091122448979592E-7    -7779538.941524708+6482197.778409874i             1.148525749356817E7
0                         6.281632653061224E-7     -1.9092857142857144E-7   -8080277.165139374+6773798.765129993i             1.1659518733200306E7
0                         6.281632653061224E-7     -1.7274489795918368E-7   -8370663.959436695+7051260.133493523i             1.1848106991883451E7
0                         6.281632653061224E-7     -1.5456122448979592E-7   -8650699.324416671+7314581.883500472i             1.2048606535978794E7
0                         6.281632653061224E-7     -1.3637755102040816E-7   -8920383.260079298+7563764.015150834i             1.2258795179165633E7
0                         6.281632653061224E-7     -1.181938775510204E-7    -9179715.766424583+7798806.5284446115i            1.2476648139258327E7
0                         6.281632653061224E-7     -1.0001020408163265E-7   -9371994.134609612+7980814.671511306i             1.2601090760491477E7
0                         6.281632653061224E-7     -8.182653061224489E-8    -9434060.035909269+8075179.337988506i             1.2625340819073318E7
0                         6.281632653061224E-7     -6.364285714285713E-8    -9472560.58777193+8145647.933250677i              1.2626056238731092E7
0                         6.281632653061224E-7     -4.545918367346937E-8    -9504908.484952739+8200971.486761628i             1.26381748188584E7
0                         6.281632653061224E-7     -2.7275510204081612E-8   -9541335.758501804+8246063.359818227i             1.2657329867763586E7
0                         6.281632653061224E-7     -9.091836734693906E-9    -9516211.030173855+8237206.355932594i             1.261516684177789E7
0                         6.281632653061224E-7     9.091836734693853E-9     -9480411.189738786+8212203.121400622i             1.2572874044307582E7
0                         6.281632653061224E-7     2.7275510204081612E-8    -9433936.237196593+8171053.6562223025i            1.2530636898570377E7
0                         6.281632653061224E-7     4.5459183673469424E-8    -9376786.172547277+8113757.960397642i             1.2488733657238215E7
0                         6.281632653061224E-7     6.364285714285713E-8     -9308960.995790832+8040316.03392663i              1.2447536923471643E7
0                         6.281632653061224E-7     8.182653061224494E-8     -9226666.725009808+7946598.158691037i             1.239880490745576E7
0                         6.281632653061224E-7     1.0001020408163265E-7    -9224604.940261109+7891348.674913148i             1.241630744918712E7
0                         6.281632653061224E-7     1.1819387755102046E-7    -9097750.171400517+7751613.906820866i             1.2332858956927743E7
0                         6.281632653061224E-7     1.3637755102040816E-7    -8796409.624233114+7494782.186783457i             1.2146580472316785E7
0                         6.281632653061224E-7     1.5456122448979587E-7    -8543290.929870311+7253895.040024217i             1.1965177759966508E7
0                         6.281632653061224E-7     1.7274489795918368E-7    -8278898.219100763+7000090.046113747i             1.1793395477161437E7
0                         6.281632653061224E-7     1.909285714285714E-7     -7950511.946749579+6698685.5532513065i            1.1556522833852658E7
0                         6.281632653061224E-7     2.091122448979592E-7     -7640748.011163868+6418928.635667484i             1.1373904057609838E7
0                         6.281632653061224E-7     2.272959183673469E-7     -7217931.934911568+6045916.670627732i             1.1106781530034663E7
0                         6.281632653061224E-7     2.454795918367347E-7     -6787231.453078935+5661225.128148051i             1.0868888763288543E7
0                         6.281632653061224E-7     2.636632653061224E-7     -6348646.565665977+5264854.008228449i             1.0664407449466001E7
0                         6.281632653061224E-7     2.8184693877551024E-7    -5902177.2726726895+4856803.310868923i            1.049760911400318E7
0                         6.281632653061224E-7     3.0003061224489794E-7    -5400185.546639214+4410596.982561867i             1.0175235999434412E7
0                         6.281632653061224E-7     3.1821428571428575E-7    -4849454.069450258+3933161.9594618473i            9811165.973028885
0                         6.281632653061224E-7     3.3639795918367346E-7    -3884228.8653095965+3234026.836170839i            9491262.087536002
0                         6.281632653061224E-7     3.5458163265306127E-7    -3241692.606599886+2707924.5626429543i            9378686.857539356
0                         6.281632653061224E-7     3.72765306122449E-7      -2915135.8063017298+2333941.9792835917i           8843042.381092362
0                         6.281632653061224E-7     3.909489795918368E-7     -2081484.8814571856+1702920.4889006834i           8718419.700934093
0                         6.281632653061224E-7     4.091326530612245E-7     -1244124.10267345+1067207.009427585i              8726141.437015159
0                         6.281632653061224E-7     4.273163265306122E-7     -685106.7766798143+563999.0261575887i             9140735.21349293
0                         6.281632653061224E-7     4.455E-7                 56226.670055142575-30471.03743063655i             9303859.464842899
0                         6.446938775510203E-7     -4.455E-7                -72960.12765466167+39184.907777544344i            8497667.7086012
0                         6.446938775510203E-7     -4.2731632653061225E-7   -963080.2736946797+703225.7059140034i             8324448.956746004
0                         6.446938775510203E-7     -4.091326530612245E-7    -1263434.0055187633+1080039.0829033465i           8661097.394165691
0                         6.446938775510203E-7     -3.9094897959183674E-7   -1931047.0826768687+1630261.1190617625i           8684185.6899934
0                         6.446938775510203E-7     -3.72765306122449E-7     -2475430.702101796+2114480.9443113566i            8664001.659679696
0                         6.446938775510203E-7     -3.545816326530612E-7    -3103325.5254661078+2638083.281063318i            8789187.656588743
0                         6.446938775510203E-7     -3.3639795918367346E-7   -3726104.0930676283+3155280.7130086245i           8989374.497042602
0                         6.446938775510203E-7     -3.1821428571428575E-7   -4187836.7071360797+3585984.607832235i            9333760.621996606
0                         6.446938775510203E-7     -3.0003061224489794E-7   -4762963.362001241+4069316.8756443947i            9602186.543804739
0                         6.446938775510203E-7     -2.8184693877551024E-7   -5333357.770346483+4546626.476749548i             9921529.586020533
0                         6.446938775510203E-7     -2.636632653061224E-7    -6179849.369689816+5189018.240818812i             1.0482780985346537E7
0                         6.446938775510203E-7     -2.454795918367347E-7    -6634585.6295980625+5589085.312716953i            1.0602087669923851E7
0                         6.446938775510203E-7     -2.2729591836734696E-7   -7025983.52532412+5948209.660518613i              1.0856941550422344E7
0                         6.446938775510203E-7     -2.091122448979592E-7    -7335519.157253416+6252821.729077663i             1.1001476404795237E7
0                         6.446938775510203E-7     -1.9092857142857144E-7   -7634703.359865363+6543294.179280123i             1.1165169973045863E7
0                         6.446938775510203E-7     -1.7274489795918368E-7   -7923536.133159969+6819627.011126003i             1.1345268915572654E7
0                         6.446938775510203E-7     -1.5456122448979592E-7   -8202017.477137223+7081820.224615295i             1.1539193425307881E7
0                         6.446938775510203E-7     -1.3637755102040816E-7   -8470147.391797137+7329873.819748003i             1.1744557315614674E7
0                         6.446938775510203E-7     -1.181938775510204E-7    -8727925.877139702+7563787.796524125i             1.1959177720434466E7
0                         6.446938775510203E-7     -1.0001020408163265E-7   -8879527.703429535+7720185.174637604i             1.2062359243868735E7
0                         6.446938775510203E-7     -8.182653061224489E-8    -8907089.878540657+7793355.365193682i             1.2054453132554721E7
0                         6.446938775510203E-7     -6.364285714285713E-8    -8945111.947469065+7863088.768293076i             1.2048654470881114E7
0                         6.446938775510203E-7     -4.545918367346937E-8    -9081999.538558805+7982223.636545019i             1.2174716490351932E7
0                         6.446938775510203E-7     -2.7275510204081612E-8   -9149846.994686382+8048904.017476902i             1.224195602493334E7
0                         6.446938775510203E-7     -9.091836734693906E-9    -9113052.27155147+8032702.263473338i              1.217673401038701E7
0                         6.446938775510203E-7     9.091836734693853E-9     -9077334.821251098+8007827.784884128i             1.2133083200059658E7
0                         6.446938775510203E-7     2.7275510204081612E-8    -9030942.258843604+7966807.075648577i             1.2090713504779337E7
0                         6.446938775510203E-7     4.5459183673469424E-8    -8973874.58432899+7909640.135766681i              1.2049925499941062E7
0                         6.446938775510203E-7     6.364285714285713E-8     -8906131.797707252+7836326.9652384445i            1.201111720512684E7
0                         6.446938775510203E-7     8.182653061224494E-8     -8825002.755250487+7743945.277245484i             1.1962034054545714E7
0                         6.446938775510203E-7     1.0001020408163265E-7    -8712712.90994526+7623763.827266344i              1.1881911468405126E7
0                         6.446938775510203E-7     1.1819387755102046E-7    -8661885.254060617+7524780.038225086i             1.186133631364901E7
0                         6.446938775510203E-7     1.3637755102040816E-7    -8427165.683400907+7312154.985242495i             1.1725521857395098E7
0                         6.446938775510203E-7     1.5456122448979587E-7    -8186029.033257943+7076057.062078655i             1.1559500526348738E7
0                         6.446938775510203E-7     1.7274489795918368E-7    -7867711.294057046+6788384.054117446i             1.1315240535695592E7
0                         6.446938775510203E-7     1.909285714285714E-7     -7541705.410309984+6488663.246154085i             1.1085106184750587E7
0                         6.446938775510203E-7     2.091122448979592E-7     -7208011.38201676+6176894.6381885735i             1.087167136682093E7
0                         6.446938775510203E-7     2.272959183673469E-7     -6866629.209177379+5853078.230220916i             1.0677702580336036E7
0                         6.446938775510203E-7     2.454795918367347E-7     -6517558.891791834+5517214.022251104i             1.0506130623421904E7
0                         6.446938775510203E-7     2.636632653061224E-7     -6160800.429860116+5169302.014279138i             1.036000652833194E7
0                         6.446938775510203E-7     2.8184693877551024E-7    -5615637.71820074+4709769.284446108i              1.012331164220744E7
0                         6.446938775510203E-7     3.0003061224489794E-7    -5113807.163624771+4264211.370478776i             9734596.250105746
0                         6.446938775510203E-7     3.1821428571428575E-7    -4567052.434541069+3789589.0078829927i            9377574.529597398
0                         6.446938775510203E-7     3.3639795918367346E-7    -4015286.678477479+3309313.072398863i             9063879.256159497
0                         6.446938775510203E-7     3.5458163265306127E-7    -3458509.8954339996+2823383.564026386i            8800078.98857016
0                         6.446938775510203E-7     3.72765306122449E-7      -2168023.8113792413+1958842.425440597i            8847810.6781962
0                         6.446938775510203E-7     3.909489795918368E-7     -1877860.0153132277+1598989.3541248124i           8134124.090441812
0                         6.446938775510203E-7     4.091326530612245E-7     -1401352.8092282065+1140522.6152472114i           8631262.35433842
0                         6.446938775510203E-7     4.273163265306122E-7     -665514.8683012075+552729.1028795143i             8688060.139589163
0                         6.446938775510203E-7     4.455E-7                 72960.12765466607-39184.90777754854i              8853001.822460616
0                         6.612244897959182E-7     -4.455E-7                -89693.58525418516+47898.778124456265i            7890201.214211117
0                         6.612244897959182E-7     -4.2731632653061225E-7   -224971.66050956468+341278.51352661586i           8311757.226068555
0                         6.612244897959182E-7     -4.091326530612245E-7    -892904.476611819+894515.8773272664i              8200856.0690662945
0                         6.612244897959182E-7     -3.9094897959183674E-7   -1556573.8887202742+1441824.2226033628i           8185711.201017828
0                         6.612244897959182E-7     -3.72765306122449E-7     -2215979.8968349053+1983203.549354898i            8264629.4034045255
0                         6.612244897959182E-7     -3.545816326530612E-7    -2871122.5009557195+2518653.8575818734i           8432814.667482492
0                         6.612244897959182E-7     -3.3639795918367346E-7   -3155181.7692481964+2863733.8532570647i           8591034.810088389
0                         6.612244897959182E-7     -3.1821428571428575E-7   -3995434.9736683946+3484941.264331244i            8908416.248653116
0                         6.612244897959182E-7     -3.0003061224489794E-7   -4462025.081521359+3919016.050922162i             9187258.192142144
0                         6.612244897959182E-7     -2.8184693877551024E-7   -4924926.675853543+4348154.625888245i             9499091.153618282
0                         6.612244897959182E-7     -2.636632653061224E-7    -5491354.908501482+4821253.559316291i             9446897.36897313
0                         6.612244897959182E-7     -2.454795918367347E-7    -6208750.620623549+5369799.692331053i             1.0146158424825441E7
0                         6.612244897959182E-7     -2.2729591836734696E-7   -6549562.689724344+5699747.865721164i             1.0316466328009052E7
0                         6.612244897959182E-7     -2.091122448979592E-7    -6891499.372982122+6023445.679745449i             1.0518802209107755E7
0                         6.612244897959182E-7     -1.9092857142857144E-7   -7189129.55459135+6312789.593430254i              1.0671407666598314E7
0                         6.612244897959182E-7     -1.7274489795918368E-7   -7476408.3068832345+6587993.888758477i            1.0842696476989608E7
0                         6.612244897959182E-7     -1.5456122448979592E-7   -7753335.629857771+6849058.565730114i             1.1029911553313458E7
0                         6.612244897959182E-7     -1.3637755102040816E-7   -8019911.523514968+7095983.62434517i              1.1230485700352475E7
0                         6.612244897959182E-7     -1.181938775510204E-7    -8234532.835737506+7300880.630797862i             1.1434298199564314E7
0                         6.612244897959182E-7     -1.0001020408163265E-7   -8331986.011778783+7426402.031642548i             1.1502975962192303E7
0                         6.612244897959182E-7     -8.182653061224489E-8    -8380119.721172049+7511531.39239886i              1.1486565049455186E7
0                         6.612244897959182E-7     -6.364285714285713E-8    -8583037.833275195+7682838.712898646i             1.1639956860656328E7
0                         6.612244897959182E-7     -4.545918367346937E-8    -8659090.592164861+7763475.786328405i             1.171227808765085E7
0                         6.612244897959182E-7     -2.7275510204081612E-8   -8726526.022748666+7829813.434400037i             1.1778370295464095E7
0                         6.612244897959182E-7     -9.091836734693906E-9    -8709893.512929086+7828198.171014085i             1.1739586064876549E7
0                         6.612244897959182E-7     9.091836734693853E-9     -8674258.452763414+7803452.44836764i              1.1694404310990473E7
0                         6.612244897959182E-7     2.7275510204081612E-8    -8627948.28049062+7762560.495074851i              1.165183324669868E7
0                         6.612244897959182E-7     4.5459183673469424E-8    -8570962.996110704+7705522.311135724i             1.1612198700792167E7
0                         6.612244897959182E-7     6.364285714285713E-8     -8525190.632181294+7645714.567613745i             1.1603106349562608E7
0                         6.612244897959182E-7     8.182653061224494E-8     -8423338.785491165+7541292.395799929i             1.1526267180443503E7
0                         6.612244897959182E-7     1.0001020408163265E-7    -8311598.037887534+7421524.46437151i              1.1450594874277277E7
0                         6.612244897959182E-7     1.1819387755102046E-7    -8189968.389370412+7286410.773328491i             1.1376889491595482E7
0                         6.612244897959182E-7     1.3637755102040816E-7    -8080710.925660708+7136608.908243256i             1.132763845041447E7
0                         6.612244897959182E-7     1.5456122448979587E-7    -7772461.7196101+6862667.385183271i               1.1075316773616979E7
0                         6.612244897959182E-7     1.7274489795918368E-7    -7456524.369013324+6576678.062121142i             1.0836173580141263E7
0                         6.612244897959182E-7     1.909285714285714E-7     -7132898.873870393+6278640.939056864i             1.061274845482846E7
0                         6.612244897959182E-7     2.091122448979592E-7     -6801585.234181288+5968556.0159904305i            1.0407794118323958E7
0                         6.612244897959182E-7     2.272959183673469E-7     -6462583.449946036+5646423.292921853i             1.022425340381741E7
0                         6.612244897959182E-7     2.454795918367347E-7     -6115893.521164607+5312242.769851116i             1.0065220028842514E7
0                         6.612244897959182E-7     2.636632653061224E-7     -5761515.447837023+4966014.446778234i             9933880.793333769
0                         6.612244897959182E-7     2.8184693877551024E-7    -5034034.1459081145+4384349.526706905i            9297385.89445901
0                         6.612244897959182E-7     3.0003061224489794E-7    -4724934.189162438+4050401.0560304318i            9279957.46298468
0                         6.612244897959182E-7     3.1821428571428575E-7    -4300309.076771244+3642283.4822565606i            8997459.163978504
0                         6.612244897959182E-7     3.3639795918367346E-7    -3870915.714370584+3228072.145594833i             8743074.260840775
0                         6.612244897959182E-7     3.5458163265306127E-7    -3436754.101960455+2807767.0460452456i            8520935.46831563
0                         6.612244897959182E-7     3.72765306122449E-7      -2997824.239540858+2381368.1836078037i            8335294.194251717
0                         6.612244897959182E-7     3.909489795918368E-7     -2109244.8851895626+1707813.6001851454i           8236707.428755541
0                         6.612244897959182E-7     4.091326530612245E-7     -1378902.4500705162+1126696.6390379749i           8175713.747641975
0                         6.612244897959182E-7     4.273163265306122E-7     -645922.959922601+541459.1796014404i              8228885.037277244
0                         6.612244897959182E-7     4.455E-7                 89693.58525418956-47898.77812446052i              8395571.705915438
0                         6.777551020408163E-7     -4.455E-7                106154.71723572163-51277.119604530766i            7341785.973134959
0                         6.777551020408163E-7     -4.2731632653061225E-7   -905379.7861974763+671073.9080606087i             7968822.215597831
0                         6.777551020408163E-7     -4.091326530612245E-7    -1398037.8280751691+1137733.8245579328i           7929372.904651012
0                         6.777551020408163E-7     -3.9094897959183674E-7   -1887247.9420781955+1599109.2372564808i           7949814.496307331
0                         6.777551020408163E-7     -3.72765306122449E-7     -2373010.128206552+2055200.1461562535i            8028143.763149949
0                         6.777551020408163E-7     -3.545816326530612E-7    -2855324.3864602437+2506006.5512572504i           8161188.422369092
0                         6.777551020408163E-7     -3.3639795918367346E-7   -3331620.678716212+2950379.856569794i             8358412.503071047
0                         6.777551020408163E-7     -3.1821428571428575E-7   -3798321.8467599745+3387085.518496176i            8592445.276412522
0                         6.777551020408163E-7     -3.0003061224489794E-7   -4261334.5012829555+3818854.968797728i            8865375.081165448
0                         6.777551020408163E-7     -2.8184693877551024E-7   -4720658.642285157+4245688.207474448i             9172464.118359165
0                         6.777551020408163E-7     -2.636632653061224E-7    -5232383.639493832+4687978.160258857i             9124709.293644102
0                         6.777551020408163E-7     -2.454795918367347E-7    -5576494.203501461+5032696.866157501i             9324303.013944715
0                         6.777551020408163E-7     -2.2729591836734696E-7   -6121712.450919755+5478941.698623083i             9847761.484573524
0                         6.777551020408163E-7     -2.091122448979592E-7    -6451601.355948342+5794454.119690858i             1.0026060684193132E7
0                         6.777551020408163E-7     -1.9092857142857144E-7   -6743555.749317334+6082285.007580384i             1.0178444493930029E7
0                         6.777551020408163E-7     -1.7274489795918368E-7   -7029280.480606503+6356360.766390955i             1.0340561331682915E7
0                         6.777551020408163E-7     -1.5456122448979592E-7   -7304653.782578323+6616296.906844936i             1.0520918081953298E7
0                         6.777551020408163E-7     -1.3637755102040816E-7   -7569675.655232797+6862093.428942334i             1.071674715990465E7
0                         6.777551020408163E-7     -1.181938775510204E-7    -7743285.952131417+7041235.057524575i             1.0905734910712846E7
0                         6.777551020408163E-7     -1.0001020408163265E-7   -7805494.337344425+7145313.251010502i             1.0948029668280656E7
0                         6.777551020408163E-7     -8.182653061224489E-8    -8076282.850773271+7369839.829614651i             1.110491642571993E7
0                         6.777551020408163E-7     -6.364285714285713E-8    -8160540.912425029+7464433.5955422865i            1.1180521032764288E7
0                         6.777551020408163E-7     -4.545918367346937E-8    -8236181.645770922+7544727.936111796i             1.1250993385159397E7
0                         6.777551020408163E-7     -2.7275510204081612E-8   -8303205.0508109545+7610722.851323179i            1.1315946484543303E7
0                         6.777551020408163E-7     -9.091836734693906E-9    -8306734.754306696+7623694.078554827i             1.1303876318389008E7
0                         6.777551020408163E-7     9.091836734693853E-9     -8271182.084275726+7599077.111851152i             1.1256970984886467E7
0                         6.777551020408163E-7     2.7275510204081612E-8    -8224954.302137636+7558313.9145011315i            1.1214121568841701E7
0                         6.777551020408163E-7     4.5459183673469424E-8    -8214391.412795406+7531311.0612659585i            1.1240188402741075E7
0                         6.777551020408163E-7     6.364285714285713E-8     -8122977.564720372+7442648.167617466i             1.1165072793490838E7
0                         6.777551020408163E-7     8.182653061224494E-8     -8021674.815731837+7338639.514354371i             1.1091653531919617E7
0                         6.777551020408163E-7     1.0001020408163265E-7    -7910483.1658298075+7219285.101476672i            1.1020672454241607E7
0                         6.777551020408163E-7     1.1819387755102046E-7    -7789402.615014277+7084584.928984372i             1.0952980588435287E7
0                         6.777551020408163E-7     1.3637755102040816E-7    -7612909.884889825+6889940.10743436i              1.0810185701485787E7
0                         6.777551020408163E-7     1.5456122448979587E-7    -7358894.405962254+6649277.708287889i             1.0590526708173832E7
0                         6.777551020408163E-7     1.7274489795918368E-7    -7045337.4439696055+6364972.0701248385i           1.0356315686018417E7
0                         6.777551020408163E-7     1.909285714285714E-7     -6724092.337430794+6068618.6319596395i            1.0139561710921673E7
0                         6.777551020408163E-7     2.091122448979592E-7     -6395159.086345819+5760217.393792285i             9943216.567986488
0                         6.777551020408163E-7     2.272959183673469E-7     -6058537.690714683+5439768.355622783i             9770415.955938982
0                         6.777551020408163E-7     2.454795918367347E-7     -5714228.150537386+5107271.51745113i              9624426.346105058
0                         6.777551020408163E-7     2.636632653061224E-7     -5095824.998501456+4595625.901028338i             9094399.03294623
0                         6.777551020408163E-7     2.8184693877551024E-7    -4861407.250793854+4306371.407438769i             9227307.453829238
0                         6.777551020408163E-7     3.0003061224489794E-7    -4444877.267202076+3906939.2561672465i            8930388.094808083
0                         6.777551020408163E-7     3.1821428571428575E-7    -4023579.0336008226+3501413.3420078633i           8659101.783661552
0                         6.777551020408163E-7     3.3639795918367346E-7    -3597512.549990106+3089793.664960625i             8417527.69334441
0                         6.777551020408163E-7     3.5458163265306127E-7    -3166677.816369918+2672080.225025526i             8209952.818039409
0                         6.777551020408163E-7     3.72765306122449E-7      -2585073.8222542014+2181066.112541272i            7832182.6395579055
0                         6.777551020408163E-7     3.909489795918368E-7     -2124967.303213337+1739179.8099433724i            7662841.088087562
0                         6.777551020408163E-7     4.091326530612245E-7     -1469216.68482151+1196584.7340487095i             7848972.272920687
0                         6.777551020408163E-7     4.273163265306122E-7     -957408.7988036792+721854.4270480517i             7841810.678345642
0                         6.777551020408163E-7     4.455E-7                 -106154.71723571973+51277.11960452846i            7399068.104787725
0                         6.942857142857142E-7     -4.455E-7                108934.91145078138-52173.915145965344i            7178348.09762996
0                         6.942857142857142E-7     -4.2731632653061225E-7   -299551.20779956377+374225.23928434117i           7098496.081862857
0                         6.942857142857142E-7     -4.091326530612245E-7    -1219450.5240004812+1051564.2532943145i           7651998.8643179145
0                         6.942857142857142E-7     -3.9094897959183674E-7   -1704961.8709229492+1510614.1210961095i           7657994.496724755
0                         6.942857142857142E-7     -3.72765306122449E-7     -2187025.2899707453+1964379.4850991266i           7723745.028030404
0                         6.942857142857142E-7     -3.545816326530612E-7    -2665640.7811438777+2412860.3453033697i           7846191.725698776
0                         6.942857142857142E-7     -3.3639795918367346E-7   -3138085.005137776+2854829.447024089i             8043960.935539482
0                         6.942857142857142E-7     -3.1821428571428575E-7   -3601208.7198515576+3289229.772661109i            8270828.08246383
0                         6.942857142857142E-7     -3.0003061224489794E-7   -4060643.921044555+3718693.8866732973i            8538080.742585797
0                         6.942857142857142E-7     -2.8184693877551024E-7   -4603983.919756387+4187431.792568763i             8623281.055251563
0                         6.942857142857142E-7     -2.636632653061224E-7    -4966003.090662733+4549425.449257077i             8802967.46083481
0                         6.942857142857142E-7     -2.454795918367347E-7    -5294274.765621033+4886758.928913276i             8993721.920212487
0                         6.942857142857142E-7     -2.2729591836734696E-7   -5616516.408758223+5214081.807488281i             9204255.10859539
0                         6.942857142857142E-7     -2.091122448979592E-7    -6021735.887313673+5572127.405880583i             9545926.024810817
0                         6.942857142857142E-7     -1.9092857142857144E-7   -6340701.628270055+5873204.074626029i             9733130.179853376
0                         6.942857142857142E-7     -1.7274489795918368E-7   -6582152.654329774+6124727.644023432i             9839073.984797731
0                         6.942857142857142E-7     -1.5456122448979592E-7   -6855971.93529888+6383535.247959763i              1.0012405900251063E7
0                         6.942857142857142E-7     -1.3637755102040816E-7   -7119439.786950633+6628203.233539503i             1.0203545810894595E7
0                         6.942857142857142E-7     -1.181938775510204E-7    -7252039.068525336+6781589.484251293i             1.0379713534027673E7
0                         6.942857142857142E-7     -1.0001020408163265E-7   -7279002.66291007+6864224.470378462i              1.0398073684616549E7
0                         6.942857142857142E-7     -8.182653061224489E-8    -7654197.955466878+7151777.445118537i             1.0649576657066662E7
0                         6.942857142857142E-7     -6.364285714285713E-8    -7738043.991574865+7246028.478185926i             1.072245681620665E7
0                         6.942857142857142E-7     -4.545918367346937E-8    -7813272.699376987+7325980.085895186i             1.0791018961818589E7
0                         6.942857142857142E-7     -2.7275510204081612E-8   -7879884.078873247+7391632.268246322i             1.08548435880066E7
0                         6.942857142857142E-7     -9.091836734693906E-9    -7903575.995684308+7419189.986095569i             1.0869782182810133E7
0                         6.942857142857142E-7     9.091836734693853E-9     -7868105.7157880375+7394701.775334656i            1.0820938082253706E7
0                         6.942857142857142E-7     2.7275510204081612E-8    -7892605.097092829+7400734.75820213i              1.0876324184370086E7
0                         6.942857142857142E-7     4.5459183673469424E-8    -7811629.247632891+7327831.142718963i             1.0801095283845324E7
0                         6.942857142857142E-7     6.364285714285713E-8     -7720764.497259449+7239581.767621187i             1.0728215354077015E7
0                         6.942857142857142E-7     8.182653061224494E-8     -7620010.845972514+7135986.632908812i             1.0658367433925664E7
0                         6.942857142857142E-7     1.0001020408163265E-7    -7509368.293772079+7017045.738581836i             1.0592344740753232E7
0                         6.942857142857142E-7     1.1819387755102046E-7    -7377466.984877426+6856390.8943984015i            1.0501206473985165E7
0                         6.942857142857142E-7     1.3637755102040816E-7    -7154503.009771895+6647645.94119039i              1.0299159130545354E7
0                         6.942857142857142E-7     1.5456122448979587E-7    -6924373.771910963+6425935.771766083i             1.0097987346719755E7
0                         6.942857142857142E-7     1.7274489795918368E-7    -6634150.518925883+6153266.078128535i             9875820.046385549
0                         6.942857142857142E-7     1.909285714285714E-7     -6315285.8009912+5858596.324862415i               9665688.718945492
0                         6.942857142857142E-7     2.091122448979592E-7     -5988732.938510349+5551878.771594143i             9478095.496359814
0                         6.942857142857142E-7     2.272959183673469E-7     -5437895.7348879175+5098023.018885767i            8997123.268062921
0                         6.942857142857142E-7     2.454795918367347E-7     -5145422.687010145+4792469.854310663i             8896381.210683461
0                         6.942857142857142E-7     2.636632653061224E-7     -4845751.728134003+4475773.609590823i             8824544.25821047
0                         6.942857142857142E-7     2.8184693877551024E-7    -4578023.450043549+4160317.9479610967i            8863978.751531778
0                         6.942857142857142E-7     3.0003061224489794E-7    -4164820.3452417115+3763477.456304062i            8576965.033831412
0                         6.942857142857142E-7     3.1821428571428575E-7    -3746848.9904304035+3360543.201759168i            8317123.403059814
0                         6.942857142857142E-7     3.3639795918367346E-7    -3324109.3856096277+2951515.184326417i            8088726.41429514
0                         6.942857142857142E-7     3.5458163265306127E-7    -2765608.9536574404+2479130.385114773i            7706231.025306413
0                         6.942857142857142E-7     3.72765306122449E-7      -2312322.87550588+2046004.4861718388i             7508230.0252491925
0                         6.942857142857142E-7     3.909489795918368E-7     -1855591.6731949993+1606525.618439777i            7358004.089924217
0                         6.942857142857142E-7     4.091326530612245E-7     -1238494.8101361827+1083567.7290408749i           7532053.756239633
0                         6.942857142857142E-7     4.273163265306122E-7     -479335.5857834607+459692.77405396744i            7170494.810945435
0                         6.942857142857142E-7     4.455E-7                 -108934.91145077943+52173.91514596295i            7284697.857797082
0                         7.108163265306121E-7     -4.455E-7                111715.10566584117-53070.710687399886i            7006244.771190303
0                         7.108163265306121E-7     -4.2731632653061225E-7   -292677.24312161736+370731.04592399084i           6925484.413197173
0                         7.108163265306121E-7     -4.091326530612245E-7    -1040863.2199257964+965394.6820306964i            7369955.614300746
0                         7.108163265306121E-7     -3.9094897959183674E-7   -1522675.7997677014+1422119.0049357363i           7360940.459431898
0                         7.108163265306121E-7     -3.72765306122449E-7     -2001040.4517349391+1873558.8240420003i           7413699.467621423
0                         7.108163265306121E-7     -3.545816326530612E-7    -2475957.175827508+2319714.139349487i             7525320.321704778
0                         7.108163265306121E-7     -3.3639795918367346E-7   -2944549.331559345+2759279.037478387i             7723751.285160811
0                         7.108163265306121E-7     -3.1821428571428575E-7   -3404095.5929431384+3191374.0268260404i           7943576.446379199
0                         7.108163265306121E-7     -3.0003061224489794E-7   -3859953.3408061517+3618532.8045488643i           8205410.340197121
0                         7.108163265306121E-7     -2.8184693877551024E-7   -4348324.557381559+4056518.0937670483i            8303223.918273903
0                         7.108163265306121E-7     -2.636632653061224E-7    -4686617.688772574+4405581.777744973i             8479762.6173423
0                         7.108163265306121E-7     -2.454795918367347E-7    -5012055.327740608+4740820.991669052i             8660723.589172788
0                         7.108163265306121E-7     -2.2729591836734696E-7   -5331462.934887526+5066049.604511935i             8862912.7078189
0                         7.108163265306121E-7     -2.091122448979592E-7    -5644840.510213332+5381267.616273626i             9083197.008358028
0                         7.108163265306121E-7     -1.9092857142857144E-7   -5908820.9298053095+5649356.81410357i             9243231.505215034
0                         7.108163265306121E-7     -1.7274489795918368E-7   -6216863.506689478+5935997.730526675i             9440456.918511478
0                         7.108163265306121E-7     -1.5456122448979592E-7   -6407290.088019428+6150773.589074582i             9504613.108899169
0                         7.108163265306121E-7     -1.3637755102040816E-7   -6669203.9186684685+6394313.038136673i            9691132.848436134
0                         7.108163265306121E-7     -1.181938775510204E-7    -6760792.184919255+6521943.910978012i             9856684.650256902
0                         7.108163265306121E-7     -1.0001020408163265E-7   -7140061.721290409+6825507.335057163i             1.0123078499352098E7
0                         7.108163265306121E-7     -8.182653061224489E-8    -7232113.060160487+6933715.060622426i             1.019595236438878E7
0                         7.108163265306121E-7     -6.364285714285713E-8    -7315547.070724701+7027623.360829566i             1.026595513593835E7
0                         7.108163265306121E-7     -4.545918367346937E-8    -7390363.75298305+7107232.235678576i              1.0332539103099966E7
0                         7.108163265306121E-7     -2.7275510204081612E-8   -7456563.106935531+7172541.6851694565i            1.0395248630682586E7
0                         7.108163265306121E-7     -9.091836734693906E-9    -7500417.237061922+7214685.893636313i             1.0437509937148537E7
0                         7.108163265306121E-7     9.091836734693853E-9     -7559831.685073569+7253985.658422265i             1.0515176912531842E7
0                         7.108163265306121E-7     2.7275510204081612E-8    -7489293.834228718+7196841.321104414i             1.0437684228004498E7
0                         7.108163265306121E-7     4.5459183673469424E-8    -7408867.08247037+7124351.2241719635i             1.0363324386795843E7
0                         7.108163265306121E-7     6.364285714285713E-8     -7318551.429798533+7036515.367624912i             1.0292722100044915E7
0                         7.108163265306121E-7     8.182653061224494E-8     -7218346.876213194+6933333.751463258i             1.022661340491897E7
0                         7.108163265306121E-7     1.0001020408163265E-7    -7131497.253119822+6807302.976740771i             1.01836808635792E7
0                         7.108163265306121E-7     1.1819387755102046E-7    -6917379.325264588+6612809.983951736i             9986065.852064697
0                         7.108163265306121E-7     1.3637755102040816E-7    -6696096.134653959+6405351.774946413i             9789077.72235737
0                         7.108163265306121E-7     1.5456122448979587E-7    -6467647.68128794+6184928.349724806i              9594089.514106432
0                         7.108163265306121E-7     1.7274489795918368E-7    -6232033.965166517+5951539.708286902i             9402659.184768692
0                         7.108163265306121E-7     1.909285714285714E-7     -5906479.264551604+5648574.0177651895i            9191310.961439596
0                         7.108163265306121E-7     2.091122448979592E-7     -5465604.721770436+5267646.800537057i             8824490.10958686
0                         7.108163265306121E-7     2.272959183673469E-7     -5182827.21143418+4974881.386553882i              8705228.563225191
0                         7.108163265306121E-7     2.454795918367347E-7     -4892851.790099551+4670972.892425964i             8613770.778051417
0                         7.108163265306121E-7     2.636632653061224E-7     -4699747.6252956735+4402419.557638114i            8798324.531287327
0                         7.108163265306121E-7     2.8184693877551024E-7    -4294639.649293245+4014264.488483425i             8496711.08464674
0                         7.108163265306121E-7     3.0003061224489794E-7    -3884763.4232813492+3620015.656440877i            8219735.984610631
0                         7.108163265306121E-7     3.1821428571428575E-7    -3470118.9472599844+3219673.061510471i            7971609.915772099
0                         7.108163265306121E-7     3.3639795918367346E-7    -2935948.3274414213+2766026.8191674934i           7588607.5334095135
0                         7.108163265306121E-7     3.5458163265306127E-7    -2489482.6901791454+2341661.323879509i            7363058.877919874
0                         7.108163265306121E-7     3.72765306122449E-7      -2039571.9287575562+1910942.8598024037i           7182619.813517185
0                         7.108163265306121E-7     3.909489795918368E-7     -1586216.0431766582+1473871.4269361766i           7052600.225510625
0                         7.108163265306121E-7     4.091326530612245E-7     -1129415.0334364444+1030447.0252808259i           6977708.319327636
0                         7.108163265306121E-7     4.273163265306122E-7     -478287.9699425936+458061.3056125134i             7046603.981122185
0                         7.108163265306121E-7     4.455E-7                 -111715.10566583915+53070.71068739744i            7162168.8826700505
0                         7.273469387755101E-7     -4.455E-7                110898.34209204253-53007.26057305245i             6828366.887890412
0                         7.273469387755101E-7     -4.2731632653061225E-7   -285803.27844367106+367236.8525636403i            6743829.363812157
0                         7.273469387755101E-7     -4.091326530612245E-7    -685229.2588888004+786159.8896302852i             6712813.031322708
0                         7.273469387755101E-7     -3.9094897959183674E-7   -1340389.7286124527+1333623.8887753636i           7058834.060513211
0                         7.273469387755101E-7     -3.72765306122449E-7     -1815055.6134991278+1782738.1629848722i           7098113.42958771
0                         7.273469387755101E-7     -3.545816326530612E-7    -2286273.5705111376+2226567.933395605i            7198631.513901449
0                         7.273469387755101E-7     -3.3639795918367346E-7   -2751013.6579809077+2663728.6279326817i           7397801.028205418
0                         7.273469387755101E-7     -3.1821428571428575E-7   -3206982.4660347207+3093518.2809909717i           7610715.255885213
0                         7.273469387755101E-7     -3.0003061224489794E-7   -3659262.760567748+3518371.722424431i             7867416.75936203
0                         7.273469387755101E-7     -2.8184693877551024E-7   -4092665.1950067263+3925604.3949653315i           7979511.57567823
0                         7.273469387755101E-7     -2.636632653061224E-7    -4407232.286882411+4261738.106232868i             8154268.766387703
0                         7.273469387755101E-7     -2.454795918367347E-7    -4729835.8898601765+4594883.054424825i            8325343.870419059
0                         7.273469387755101E-7     -2.2729591836734696E-7   -5046409.461016832+4918017.401535591i             8519210.307856102
0                         7.273469387755101E-7     -2.091122448979592E-7    -5356953.000352369+5231141.147565161i             8732579.179550977
0                         7.273469387755101E-7     -1.9092857142857144E-7   -5661466.507866788+5534254.292513534i             8962378.02366843
0                         7.273469387755101E-7     -1.7274489795918368E-7   -5959949.983560093+5827356.836380714i             9205786.057153575
0                         7.273469387755101E-7     -1.5456122448979592E-7   -6080086.991206617+5982835.087392798i             9151431.968762675
0                         7.273469387755101E-7     -1.3637755102040816E-7   -6218968.0503863+6160422.842733838i               9179819.518042665
0                         7.273469387755101E-7     -1.181938775510204E-7    -6269545.301313163+6262298.337704723i             9337199.8094258
0                         7.273469387755101E-7     -1.0001020408163265E-7   -6718388.851527787+6607787.6834213i               9675507.44435171
0                         7.273469387755101E-7     -8.182653061224489E-8    -6810028.164854092+6715652.676126315i             9744289.003740102
0                         7.273469387755101E-7     -6.364285714285713E-8    -6893050.149874532+6809218.243473202i             9811242.062351594
0                         7.273469387755101E-7     -4.545918367346937E-8    -6967454.806589108+6888484.385461964i             9875771.989028864
0                         7.273469387755101E-7     -2.7275510204081612E-8   -7033242.13499782+6953451.1020925995i             9937382.90040129
0                         7.273469387755101E-7     -9.091836734693906E-9    -7097258.478439535+7010181.801177058i             1.000730063123227E7
0                         7.273469387755101E-7     9.091836734693853E-9     -7155971.324507853+7049678.702773821i             1.0078879715438548E7
0                         7.273469387755101E-7     2.7275510204081612E-8    -7085982.571364606+6992947.884006698i             1.0000676372346522E7
0                         7.273469387755101E-7     4.5459183673469424E-8    -7006104.917307857+6920871.305624969i             9927094.38626938
0                         7.273469387755101E-7     6.364285714285713E-8     -6916338.362337611+6833448.9676286355i            9858814.979161065
0                         7.273469387755101E-7     8.182653061224494E-8     -6816682.906453867+6730680.8700177i               9796632.53222177
0                         7.273469387755101E-7     1.0001020408163265E-7    -6669728.809012073+6562435.322091415i             9665668.66095054
0                         7.273469387755101E-7     1.1819387755102046E-7    -6457291.665651742+6369229.073505068i             9472079.121841589
0                         7.273469387755101E-7     1.3637755102040816E-7    -6237689.259536023+6163057.608702441i             9280238.607864523
0                         7.273469387755101E-7     1.5456122448979587E-7    -6010921.590664909+5943920.927683523i             9091655.684343316
0                         7.273469387755101E-7     1.7274489795918368E-7    -5699831.534772181+5665541.397874213i             8810876.005504386
0                         7.273469387755101E-7     1.909285714285714E-7     -5481120.544568303+5422838.161149243i             8661588.227939097
0                         7.273469387755101E-7     2.091122448979592E-7     -5208038.571773554+5142860.497757984i             8523223.216248514
0                         7.273469387755101E-7     2.272959183673469E-7     -4927758.687980439+4851739.754221993i             8411477.129218832
0                         7.273469387755101E-7     2.454795918367347E-7     -4640280.89318895+4549475.930541257i              8329317.488771155
0                         7.273469387755101E-7     2.636632653061224E-7     -4413036.945755423+4253774.438545952i             8418558.12427172
0                         7.273469387755101E-7     2.8184693877551024E-7    -4011255.84854294+3868211.029005752i              8125552.829363745
0                         7.273469387755101E-7     3.0003061224489794E-7    -3604706.5013209865+3476553.856577692i            7858774.211459148
0                         7.273469387755101E-7     3.1821428571428575E-7    -3096091.9436061233+3041755.4146994166i           7479336.813693194
0                         7.273469387755101E-7     3.3639795918367346E-7    -2656446.7472331407+2626150.323066391i            7227427.68086349
0                         7.273469387755101E-7     3.5458163265306127E-7    -2213356.426700845+2204192.2626442425i            7017688.083514908
0                         7.273469387755101E-7     3.72765306122449E-7      -1766820.9820092353+1775881.233432971i            6855854.569049558
0                         7.273469387755101E-7     3.909489795918368E-7     -1325744.7429215175+1309186.6313113275i           6729373.929715483
0                         7.273469387755101E-7     4.091326530612245E-7     -983093.7665539214+922256.7459610894i             6753721.600251661
0                         7.273469387755101E-7     4.273163265306122E-7     -637891.3073401168+530766.962250034i              6820344.358869449
0                         7.273469387755101E-7     4.455E-7                 -110898.3420920381+53007.26057304864i             6243355.239040464
0                         7.438775510204081E-7     -4.455E-7                90623.44558963647-43059.88993321237i              6660410.545043531
0                         7.438775510204081E-7     -4.2731632653061225E-7   -282716.3057848292+366753.57557505375i            6559225.420501526
0                         7.438775510204081E-7     -4.091326530612245E-7    -674261.5237479676+780068.298451019i              6522321.47261246
0                         7.438775510204081E-7     -3.9094897959183674E-7   -1068721.1358507671+1194112.615972918i            6542530.332385343
0                         7.438775510204081E-7     -3.72765306122449E-7     -1629070.7752633193+1691917.5019277446i           6777127.3792019915
0                         7.438775510204081E-7     -3.545816326530612E-7    -2096589.9651947706+2133421.7274417235i           6866206.336119636
0                         7.438775510204081E-7     -3.3639795918367346E-7   -2557477.9844024745+2568178.2183869793i           7066142.279418331
0                         7.438775510204081E-7     -3.1821428571428575E-7   -3009869.3391263005+2995662.535155903i            7272285.648363021
0                         7.438775510204081E-7     -3.0003061224489794E-7   -3458572.1803293475+3418210.6402999987i           7524174.900066828
0                         7.438775510204081E-7     -2.8184693877551024E-7   -3802047.2861836366+3776833.15117973i             7693535.526091766
0                         7.438775510204081E-7     -2.636632653061224E-7    -4127846.8849922535+4117894.4347207663i           7826550.776420069
0                         7.438775510204081E-7     -2.454795918367347E-7    -4447616.451979752+4448945.117180603i             7987637.9374362
0                         7.438775510204081E-7     -2.2729591836734696E-7   -4761355.987146134+4769985.198559245i             8173208.734937465
0                         7.438775510204081E-7     -2.091122448979592E-7    -5069065.490491404+5081014.678856694i             8379804.910223573
0                         7.438775510204081E-7     -1.9092857142857144E-7   -5370744.962015556+5382033.558072948i             8604175.917889124
0                         7.438775510204081E-7     -1.7274489795918368E-7   -5666394.40171859+5673041.836208006i              8843326.353949457
0                         7.438775510204081E-7     -1.5456122448979592E-7   -5956013.809600515+5954039.51326187i              9094538.513954645
0                         7.438775510204081E-7     -1.3637755102040816E-7   -5890218.768836384+5989084.08569989i              9000849.152478756
0                         7.438775510204081E-7     -1.181938775510204E-7    -6160185.123968193+6250756.8092148425i            9121350.209752977
0                         7.438775510204081E-7     -1.0001020408163265E-7   -6296715.981765168+6390068.031785439i             9230499.706269694
0                         7.438775510204081E-7     -8.182653061224489E-8    -6387943.2695477+6497590.291630204i               9294878.91458648
0                         7.438775510204081E-7     -6.364285714285713E-8    -6470553.229024367+6590813.126116842i             9358586.974056397
0                         7.438775510204081E-7     -4.545918367346937E-8    -6576324.823472598+6684651.356770249i             9455656.118071176
0                         7.438775510204081E-7     -2.7275510204081612E-8   -6654431.726663655+6758464.30683676i              9531270.136790272
0                         7.438775510204081E-7     -9.091836734693906E-9    -6725584.435036231+6820406.957901693i             9608269.57059101
0                         7.438775510204081E-7     9.091836734693853E-9     -6717424.12158259+6813996.399849654i              9593620.311951026
0                         7.438775510204081E-7     2.7275510204081612E-8    -6699917.773296283+6792467.387913734i             9581180.155018527
0                         7.438775510204081E-7     4.5459183673469424E-8    -6603342.7521453425+6717391.387077971i            9492664.680482067
0                         7.438775510204081E-7     6.364285714285713E-8     -6514125.294876691+6630382.567632359i             9426757.292578168
0                         7.438775510204081E-7     8.182653061224494E-8     -6411551.461014349+6496521.955609421i             9340346.861887755
0                         7.438775510204081E-7     1.0001020408163265E-7    -6207960.364904329+6317567.66744206i              9149202.488354655
0                         7.438775510204081E-7     1.1819387755102046E-7    -5967565.203377738+6142287.079783219i             8946949.681618636
0                         7.438775510204081E-7     1.3637755102040816E-7    -5794671.737839667+5951275.512614314i             8800350.929217791
0                         7.438775510204081E-7     1.5456122448979587E-7    -5615352.084454237+5748254.710733608i             8658666.64877221
0                         7.438775510204081E-7     1.7274489795918368E-7    -5429606.243221435+5533224.674141096i             8523405.16728419
0                         7.438775510204081E-7     1.909285714285714E-7     -5221056.768028278+5296407.187922984i             8353055.049878906
0                         7.438775510204081E-7     2.091122448979592E-7     -4950472.421776675+5018074.194978915i             8220266.972408584
0                         7.438775510204081E-7     2.272959183673469E-7     -4672690.164526699+4728598.121890105i             8115919.162865439
0                         7.438775510204081E-7     2.454795918367347E-7     -4387709.996278358+4427978.968656559i             8043068.705965393
0                         7.438775510204081E-7     2.636632653061224E-7     -4126326.266215179+4105129.319453793i             8034945.132247523
0                         7.438775510204081E-7     2.8184693877551024E-7    -3727872.047792633+3722157.5695280773i            7750578.496269537
0                         7.438775510204081E-7     3.0003061224489794E-7    -3246039.8021515603+3306316.1717105573i           7378586.516451056
0                         7.438775510204081E-7     3.1821428571428575E-7    -2813215.0466678673+2899471.4837324866i           7101582.408288149
0                         7.438775510204081E-7     3.3639795918367346E-7    -2376945.1670248606+2486273.8269652906i           6863559.028119521
0                         7.438775510204081E-7     3.5458163265306127E-7    -1937230.1632225432+2066723.2014089755i           6670572.039336399
0                         7.438775510204081E-7     3.72765306122449E-7      -1595228.859475932+1660027.6534795659i            6599934.2895182595
0                         7.438775510204081E-7     3.909489795918368E-7     -1258588.8052081582+1280062.5206565645i           6587795.835955043
0                         7.438775510204081E-7     4.091326530612245E-7     -919397.2680941802+895537.489472749i              6617602.621245466
0                         7.438775510204081E-7     4.273163265306122E-7     -728525.9439775576+564903.1420485084i             6816689.937025863
0                         7.438775510204081E-7     4.455E-7                 -90623.44558963322+43059.88993320931i             6142434.301015169
0                         7.60408163265306E-7      -4.455E-7                70348.5490872314-33112.5192933732i                6484951.561702003
0                         7.60408163265306E-7      -4.2731632653061225E-7   -299483.0708408168+374344.3545733481i             6385233.330492451
0                         7.60408163265306E-7      -4.091326530612245E-7    -669166.7064657992+779468.4280549614i             6334066.534105529
0                         7.60408163265306E-7      -3.9094897959183674E-7   -1053659.6302470479+1185423.6269747363i           6344305.925083286
0                         7.60408163265306E-7      -3.72765306122449E-7     -1443152.8740075193+1594589.22495189i             6416373.162509607
0                         7.60408163265306E-7      -3.545816326530612E-7    -1906906.359878399+2040275.5214878414i            6528156.205807077
0                         7.60408163265306E-7      -3.3639795918367346E-7   -2363942.310824042+2472627.808841277i             6728825.610390407
0                         7.60408163265306E-7      -3.1821428571428575E-7   -2812756.2122178827+2897806.789320835i            6928349.245655868
0                         7.60408163265306E-7      -3.0003061224489794E-7   -3219079.6791313747+3296363.448460243i            7224279.554357437
0                         7.60408163265306E-7      -2.8184693877551024E-7   -3525495.920283747+3635083.7453997484i            7375776.790857079
0                         7.60408163265306E-7      -2.636632653061224E-7    -3848461.4831020925+3974050.763208661i            7496699.306655564
0                         7.60408163265306E-7      -2.454795918367347E-7    -4165397.014099325+4303007.179936379i             7647684.693843783
0                         7.60408163265306E-7      -2.2729591836734696E-7   -4476302.513275441+4621952.995582901i             7824993.286420259
0                         7.60408163265306E-7      -2.091122448979592E-7    -4781177.98063044+4930888.210148228i              8024982.068489162
0                         7.60408163265306E-7      -1.9092857142857144E-7   -5080023.416164324+5229812.8236323595i            8244202.765195805
0                         7.60408163265306E-7      -1.7274489795918368E-7   -5372838.819877093+5518726.836035299i             8479464.494291723
0                         7.60408163265306E-7      -1.5456122448979592E-7   -5659624.191768745+5797630.2473570425i            8727866.390058668
0                         7.60408163265306E-7      -1.3637755102040816E-7   -5669721.756447891+5903343.058580421i             8676428.741791021
0                         7.60408163265306E-7      -1.181938775510204E-7    -6015970.321902592+6178219.114913905i             9002481.88943831
0                         7.60408163265306E-7      -1.0001020408163265E-7   -5875043.112002547+6172348.380149575i             8788449.485282244
0                         7.60408163265306E-7      -8.182653061224489E-8    -6003385.429827322+6294927.303776534i             8883954.105056107
0                         7.60408163265306E-7      -6.364285714285713E-8    -6096896.700223883+6396341.191672336i             8957316.65704492
0                         7.60408163265306E-7      -4.545918367346937E-8    -6182328.733636394+6483682.080060361i             9031780.914325556
0                         7.60408163265306E-7      -2.7275510204081612E-8   -6259681.53006486+6556949.968940612i              9106687.079938537
0                         7.60408163265306E-7      -9.091836734693906E-9    -6328955.089509273+6616144.858313078i             9181482.7647207
0                         7.60408163265306E-7      9.091836734693853E-9     -6338060.542813191+6623843.061641183i             9189136.72398912
0                         7.60408163265306E-7      2.7275510204081612E-8    -6320573.709635076+6602319.006989604i             9177362.968480404
0                         7.60408163265306E-7      4.5459183673469424E-8    -6293740.841624289+6565676.498454143i             9169415.45725439
0                         7.60408163265306E-7      6.364285714285713E-8     -6257561.93878084+6513915.536034807i              9165567.510740886
0                         7.60408163265306E-7      8.182653061224494E-8     -6118037.592668311+6372241.825537727i             9025613.824796699
0                         7.60408163265306E-7      1.0001020408163265E-7    -5857061.662481908+6184011.399449667i             8793291.311872492
0                         7.60408163265306E-7      1.1819387755102046E-7    -5692280.766550151+6006249.389256951i             8645876.978383329
0                         7.60408163265306E-7      1.3637755102040816E-7    -5521073.682771027+5816478.144352429i             8502889.422538519
0                         7.60408163265306E-7      1.5456122448979587E-7    -5343440.411144544+5614697.664736105i             8365764.580647669
0                         7.60408163265306E-7      1.7274489795918368E-7    -5159380.951670691+5400907.950407979i             8236092.459619115
0                         7.60408163265306E-7      1.909285714285714E-7     -4960992.991488256+5169976.214696729i             8043195.635200243
0                         7.60408163265306E-7      2.091122448979592E-7     -4692906.271779791+4893287.89219984i              7915708.294743729
0                         7.60408163265306E-7      2.272959183673469E-7     -4417621.641072962+4605456.48955822i              7818622.645363729
0                         7.60408163265306E-7      2.454795918367347E-7     -4229974.676298063+4330770.5277849985i            7948477.155402306
0                         7.60408163265306E-7      2.636632653061224E-7     -3839615.5866749324+3956484.2003616327i           7647582.023583627
0                         7.60408163265306E-7      2.8184693877551024E-7    -3385791.903077727+3559709.0902009076i            7286676.0570726665
0                         7.60408163265306E-7      3.0003061224489794E-7    -2959787.5884833257+3161624.8058777926i           6985925.712858826
0                         7.60408163265306E-7      3.1821428571428575E-7    -2530338.1497296095+2757187.5527655534i           6720750.386993691
0                         7.60408163265306E-7      3.3639795918367346E-7    -2183320.2639986333+2369939.5508890813i           6581920.229934384
0                         7.60408163265306E-7      3.5458163265306127E-7    -1855242.614676904+2001499.0689541427i            6494670.8762217285
0                         7.60408163265306E-7      3.72765306122449E-7      -1524613.4825089606+1628498.6886583846i           6446423.276639085
0                         7.60408163265306E-7      3.909489795918368E-7     -1274375.5751778954+1284127.5096875113i           6517836.458471562
0                         7.60408163265306E-7      4.091326530612245E-7     -967219.5646891283+912637.1923903094i             6586951.740972726
0                         7.60408163265306E-7      4.273163265306122E-7     -657837.1560746505+535720.6393449763i             6695688.933630733
0                         7.60408163265306E-7      4.455E-7                 -70348.54908722838+33112.51929336997i             6034232.950764515
0                         7.76938775510204E-7      -4.455E-7                50073.6525848256-23165.148653533528i              6301989.054553244
0                         7.76938775510204E-7      -4.2731632653061225E-7   -316249.8358968025+381935.13357164175i            6203841.846129445
0                         7.76938775510204E-7      -4.091326530612245E-7    -682425.3400753655+784702.6154117091i             6154997.469151067
0                         7.76938775510204E-7      -3.9094897959183674E-7   -1048452.8599508628+1185137.2968666675i           6156136.921560689
0                         7.76938775510204E-7      -3.72765306122449E-7     -1414332.3955232927+1583239.1779365176i           6206746.857012533
0                         7.76938775510204E-7      -3.545816326530612E-7    -1717222.75456203+1947129.3155339598i             6184632.110308018
0                         7.76938775510204E-7      -3.3639795918367346E-7   -2170406.6372456076+2377077.399295573i            6385925.291759735
0                         7.76938775510204E-7      -3.1821428571428575E-7   -2615643.0853094636+2799951.043485767i            6578993.940489195
0                         7.76938775510204E-7      -3.0003061224489794E-7   -2966732.2233893597+3167811.4499142445i           6901545.755068097
0                         7.76938775510204E-7      -2.8184693877551024E-7   -3248944.554383854+3493334.339619765i             7056311.488269101
0                         7.76938775510204E-7      -2.636632653061224E-7    -3569076.081211931+3830207.0916965567i            7164836.97945958
0                         7.76938775510204E-7      -2.454795918367347E-7    -3883177.5762188947+4157069.242692151i            7305592.503804559
0                         7.76938775510204E-7      -2.2729591836734696E-7   -4191249.039404744+4473920.792606554i             7474679.650718235
0                         7.76938775510204E-7      -2.091122448979592E-7    -4493290.470769472+4780761.74143976i              7668252.884596656
0                         7.76938775510204E-7      -1.9092857142857144E-7   -4772334.961326741+5069055.199340823i             7878637.720485742
0                         7.76938775510204E-7      -1.7274489795918368E-7   -4664802.137758124+5134729.155122034i             7787920.14568606
0                         7.76938775510204E-7      -1.5456122448979592E-7   -4863172.415508523+5369994.618695202i             7965446.665003991
0                         7.76938775510204E-7      -1.3637755102040816E-7   -5184727.306565033+5646905.403163902i             8120850.711498441
0                         7.76938775510204E-7      -1.181938775510204E-7    -5330188.111330197+5792116.75117077i              8254507.128416515
0                         7.76938775510204E-7      -1.0001020408163265E-7   -5469251.853236604+5947602.392345467i             8346246.8226521555
0                         7.76938775510204E-7      -8.182653061224489E-8    -5543460.787742791+6050353.342919367i             8386458.947930326
0                         7.76938775510204E-7      -6.364285714285713E-8    -5703654.717150275+6195916.976148719i             8537332.981512012
0                         7.76938775510204E-7      -4.545918367346937E-8    -5788332.643800192+6282712.803350477i             8610001.890199993
0                         7.76938775510204E-7      -2.7275510204081612E-8   -5864931.333466062+6355435.63104446i              8684355.924327465
0                         7.76938775510204E-7      -9.091836734693906E-9    -5933450.786147883+6414085.459230664i             8759789.229594335
0                         7.76938775510204E-7      9.091836734693853E-9     -5958696.9640437905+6433689.723432709i            8786887.02471047
0                         7.76938775510204E-7      2.7275510204081612E-8    -5941229.645973868+6412170.626065473i             8775839.648770284
0                         7.76938775510204E-7      4.5459183673469424E-8    -5994258.653315198+6428674.216435869i             8864953.149015559
0                         7.76938775510204E-7      6.364285714285713E-8     -5878660.777931726+6313145.639882005i             8747743.442430686
0                         7.76938775510204E-7      8.182653061224494E-8     -5756680.852974633+6185194.002372632i             8631536.05686516
0                         7.76938775510204E-7      1.0001020408163265E-7    -5628318.878443922+6044819.303907755i             8517205.96450976
0                         7.76938775510204E-7      1.1819387755102046E-7    -5416996.329722557+5870211.6987306755i            8345281.907284491
0                         7.76938775510204E-7      1.3637755102040816E-7    -5247475.627702385+5681680.77609054i              8205767.832308727
0                         7.76938775510204E-7      1.5456122448979587E-7    -5071528.737834849+5481140.618738605i             8073136.212622018
0                         7.76938775510204E-7      1.7274489795918368E-7    -4889155.660119947+5268591.22667486i              7949065.067503042
0                         7.76938775510204E-7      1.909285714285714E-7     -4700929.214948228+5043545.241470467i             7732161.342662873
0                         7.76938775510204E-7      2.091122448979592E-7     -4435340.12178291+4768501.5894207675i             7609658.749548173
0                         7.76938775510204E-7      2.272959183673469E-7     -4162553.1176192216+4482314.857226332i            7519676.996772091
0                         7.76938775510204E-7      2.454795918367347E-7     -3939937.117967871+4179533.7490783473i            7550554.721007466
0                         7.76938775510204E-7      2.636632653061224E-7     -3515348.2463846216+3801934.1701704673i           7204083.346096646
0                         7.76938775510204E-7      2.8184693877551024E-7    -3096164.3726795097+3412610.2895023073i           6881025.36294063
0                         7.76938775510204E-7      3.0003061224489794E-7    -2673535.374815089+3016933.4400450275i            6589958.355811772
0                         7.76938775510204E-7      3.1821428571428575E-7    -2427852.735746339+2695076.6071427576i            6534203.543926849
0                         7.76938775510204E-7      3.3639795918367346E-7    -2105786.008524432+2333600.877735058i             6413645.9189877305
0                         7.76938775510204E-7      3.5458163265306127E-7    -1798670.893069442+1973833.97188246i              6348244.867590923
0                         7.76938775510204E-7      3.72765306122449E-7      -1499129.8590335865+1615149.3666944036i           6343771.765049364
0                         7.76938775510204E-7      3.909489795918368E-7     -1197362.426872017+1251038.5257582134i            6378751.761266731
0                         7.76938775510204E-7      4.091326530612245E-7     -893368.5965847359+881501.4490738943i             6453776.545820753
0                         7.76938775510204E-7      4.273163265306122E-7     -350211.71443735505+399526.3511417505i            5941702.766674141
0                         7.76938775510204E-7      4.455E-7                 -50073.652584823365+23165.148653530592i           5918748.020852753
0                         7.934693877551019E-7     -4.455E-7                29798.75608242076-13217.778013694024i             6111523.398270794
0                         7.934693877551019E-7     -4.2731632653061225E-7   -333016.6009527904+389525.9125699367i             6015069.179042762
0                         7.934693877551019E-7     -4.091326530612245E-7    -695683.9736849352+789936.8027684585i             5968784.864721128
0                         7.934693877551019E-7     -3.9094897959183674E-7   -1058203.3621140122+1188014.8925818715i           5973332.157570827
0                         7.934693877551019E-7     -3.72765306122449E-7     -1420574.766240025+1583760.182010176i             6028098.889776644
0                         7.934693877551019E-7     -3.545816326530612E-7    -1782798.186062972+1977172.6710533726i            6131253.55824035
0                         7.934693877551019E-7     -3.3639795918367346E-7   -1976870.963667175+2281526.9897498707i            6037546.603505048
0                         7.934693877551019E-7     -3.1821428571428575E-7   -2418529.9584010467+2702095.2976507004i           6224341.924226483
0                         7.934693877551019E-7     -3.0003061224489794E-7   -2649065.6658250364+3006795.8464139192i           6678023.576944676
0                         7.934693877551019E-7     -2.8184693877551024E-7   -2972393.1884839633+3351584.933839783i            6735345.073304931
0                         7.934693877551019E-7     -2.636632653061224E-7    -3289690.679321775+3686363.4201844535i            6831126.466397691
0                         7.934693877551019E-7     -2.454795918367347E-7    -3812869.0528767863+4135419.253882903i            7095220.397545933
0                         7.934693877551019E-7     -2.2729591836734696E-7   -4042840.6936009736+4408274.073924568i            7236702.755701863
0                         7.934693877551019E-7     -2.091122448979592E-7    -4050143.9675855986+4545516.519879013i            7232029.969216664
0                         7.934693877551019E-7     -1.9092857142857144E-7   -4254144.402905029+4796717.885916559i             7388055.934596446
0                         7.934693877551019E-7     -1.7274489795918368E-7   -4454166.653717536+5039240.456520805i             7553871.570825066
0                         7.934693877551019E-7     -1.5456122448979592E-7   -4650210.720023115+5273084.23169175i              7727718.718567597
0                         7.934693877551019E-7     -1.3637755102040816E-7   -4925249.426043284+5523863.058858599i             7856413.217586492
0                         7.934693877551019E-7     -1.181938775510204E-7    -5116553.012600894+5707445.832477551i             8044442.8664110005
0                         7.934693877551019E-7     -1.0001020408163265E-7   -5195695.040847657+5822261.624595764i             8073404.875079899
0                         7.934693877551019E-7     -8.182653061224489E-8    -5269026.8847340895+5924386.300995761i            8109673.535048743
0                         7.934693877551019E-7     -6.364285714285713E-8    -5336548.544260186+6013819.86167754i              8152519.005906849
0                         7.934693877551019E-7     -4.545918367346937E-8    -5398260.019425949+6090562.306641096i             8201281.114908202
0                         7.934693877551019E-7     -2.7275510204081612E-8   -5454161.310231378+6154613.635886434i             8255372.572383187
0                         7.934693877551019E-7     -9.091836734693906E-9    -5537946.482786488+6212026.060148246i             8341081.746381399
0                         7.934693877551019E-7     9.091836734693853E-9     -5838568.039384616+6430611.02251043i              8703670.90434581
0                         7.934693877551019E-7     2.7275510204081612E-8    -5737330.132219132+6341129.40311797i              8586115.622718243
0                         7.934693877551019E-7     4.5459183673469424E-8    -5629710.17548003+6239224.722770003i              8468981.269674318
0                         7.934693877551019E-7     6.364285714285713E-8     -5515708.169167306+6124896.981466528i             8352986.672214787
0                         7.934693877551019E-7     8.182653061224494E-8     -5395324.113280961+5998146.179207542i             8238961.867114591
0                         7.934693877551019E-7     1.0001020408163265E-7    -5268558.007820997+5858972.315993051i             8127854.391875626
0                         7.934693877551019E-7     1.1819387755102046E-7    -5135409.852787414+5707375.39182305i              8020734.680699048
0                         7.934693877551019E-7     1.3637755102040816E-7    -4973877.572633741+5546883.407828653i             7909156.44615136
0                         7.934693877551019E-7     1.5456122448979587E-7    -4799617.064525155+5347583.572741102i             7780938.541576492
0                         7.934693877551019E-7     1.7274489795918368E-7    -4618930.368569202+5136274.502941743i             7662474.958978182
0                         7.934693877551019E-7     1.909285714285714E-7     -4440865.438408202+4917114.268244211i             7420140.386341912
0                         7.934693877551019E-7     2.091122448979592E-7     -4177773.97178603+4643715.2866416965i             7302259.927519007
0                         7.934693877551019E-7     2.272959183673469E-7     -4028836.641671465+4391306.2156782355i            7460485.861146344
0                         7.934693877551019E-7     2.454795918367347E-7     -3634708.8320722478+4032991.4116192395i           7131448.865461792
0                         7.934693877551019E-7     2.636632653061224E-7     -3222345.3992564282+3652427.934606036i            6787619.480905853
0                         7.934693877551019E-7     2.8184693877551024E-7    -2806536.8422812964+3265511.488803709i            6472064.627050061
0                         7.934693877551019E-7     3.0003061224489794E-7    -2662914.8461406035+3010844.0567027754i           6509082.117734832
0                         7.934693877551019E-7     3.1821428571428575E-7    -2346859.0410185214+2656333.079822314i            6356801.196893648
0                         7.934693877551019E-7     3.3639795918367346E-7    -2009485.8400692493+2288143.6355544385i           6231322.431620018
0                         7.934693877551019E-7     3.5458163265306127E-7    -1715333.3843605916+1936838.506727396i            6192921.385916943
0                         7.934693877551019E-7     3.72765306122449E-7      -1418954.53052622+1580107.142152221i              6193298.3133597085
0                         7.934693877551019E-7     3.909489795918368E-7     -1120349.2785661398+1217949.5418289162i           6233697.878742181
0                         7.934693877551019E-7     4.091326530612245E-7     -819517.6284803443+850365.7057574802i             6314603.847861658
0                         7.934693877551019E-7     4.273163265306122E-7     -326531.66212960955+387271.9109948775i            5816676.547146292
0                         7.934693877551019E-7     4.455E-7                 -29798.756082418473+13217.778013691246i           5795977.60519493
0                         8.1E-7                   -4.455E-7                9523.85958001552-3270.4073738546276i              5913556.424875262
0                         8.1E-7                   -4.2731632653061225E-7   -349783.36600877496+397116.6915682294i            5818938.226718558
0                         8.1E-7                   -4.091326530612245E-7    -708942.6072945043+795170.9901252077i             5775487.2285889685
0                         8.1E-7                   -3.9094897959183674E-7   -1067953.8642771614+1190892.4882970743i           5783838.758054577
0                         8.1E-7                   -3.72765306122449E-7     -1426817.136956755+1584281.186083834i             5843261.022197826
0                         8.1E-7                   -3.545816326530612E-7    -1785532.4253332834+1975337.0834854855i           5951727.103138403
0                         8.1E-7                   -3.3639795918367346E-7   -2144099.729406744+2364060.180502027i             6106141.99441315
0                         8.1E-7                   -3.1821428571428575E-7   -2239459.83558391+2609184.382129379i              5876373.122100459
0                         8.1E-7                   -3.0003061224489794E-7   -2375348.335915412+2867140.7063660547i            6371618.52495196
0                         8.1E-7                   -2.8184693877551024E-7   -3065411.913125729+3424528.1022950076i            6594662.087118014
0                         8.1E-7                   -2.636632653061224E-7    -3215269.127769259+3651459.392576464i             6636193.022256988
0                         8.1E-7                   -2.454795918367347E-7    -3428877.905164648+3927275.456511685i             6743282.582097327
0                         8.1E-7                   -2.2729591836734696E-7   -3638508.4980531107+4194412.725013607i            6867277.492597946
0                         8.1E-7                   -2.091122448979592E-7    -3844160.906434649+4452871.19808223i              7005927.914247006
0                         8.1E-7                   -1.9092857142857144E-7   -4045835.1303092605+4702650.8757175505i           7157096.759687103
0                         8.1E-7                   -1.7274489795918368E-7   -4243531.169676946+4943751.757919573i             7318788.852218235
0                         8.1E-7                   -1.5456122448979592E-7   -4542433.237597075+5225144.605465092i             7469114.75632641
0                         8.1E-7                   -1.3637755102040816E-7   -4665771.545521537+5400820.714553297i             7592633.67892053
0                         8.1E-7                   -1.181938775510204E-7    -4843873.290831703+5582731.338901754i             7778454.724199038
0                         8.1E-7                   -1.0001020408163265E-7   -4922138.228458711+5696920.856846064i             7802232.217323519
0                         8.1E-7                   -8.182653061224489E-8    -4994592.981725387+5798419.259072154i             7834466.994344931
0                         8.1E-7                   -6.364285714285713E-8    -5061237.550631727+5887226.545580028i             7874405.507730415
0                         8.1E-7                   -4.545918367346937E-8    -5122071.935177735+5963342.71636968i              7921359.393194144
0                         8.1E-7                   -2.7275510204081612E-8   -5177096.135363406+6026767.771441112i             7974710.218245205
0                         8.1E-7                   -9.091836734693906E-9    -5152857.249276781+6030484.919403332i             7949969.27634326
0                         8.1E-7                   9.091836734693853E-9     -5039716.866585832+5956584.424828863i             7830367.200763908
0                         8.1E-7                   2.7275510204081612E-8    -4997254.6768370485+5906285.862934507i            7782081.04503548
0                         8.1E-7                   4.5459183673469424E-8    -4949985.38224309+5844377.410401886i              7732879.968053879
0                         8.1E-7                   6.364285714285713E-8     -5152755.560402886+5936648.323051049i             7960309.186213062
0                         8.1E-7                   8.182653061224494E-8     -5033967.37358729+5811098.356042449i              7848246.247486713
0                         8.1E-7                   1.0001020408163265E-7    -4908797.137198071+5673125.3280783435i            7740248.45337069
0                         8.1E-7                   1.1819387755102046E-7    -4777244.851235235+5522729.239158732i             7637475.233423118
0                         8.1E-7                   1.3637755102040816E-7    -4639310.515698778+5359910.089283612i             7541217.431805348
0                         8.1E-7                   1.5456122448979587E-7    -4494994.1305887+5184667.878452984i               7452896.087464572
0                         8.1E-7                   1.7274489795918368E-7    -4348705.077018456+5003957.779208625i             7376503.629820424
0                         8.1E-7                   1.909285714285714E-7     -4180801.66186818+4790683.295017955i              7107366.181314119
0                         8.1E-7                   2.091122448979592E-7     -3920207.8217891455+4518928.9838626245i           6993690.297681642
0                         8.1E-7                   2.272959183673469E-7     -3743873.6601406+4252880.81454722i                7069576.359618079
0                         8.1E-7                   2.454795918367347E-7     -3338330.6682140697+3881077.7411889704i           6706617.527706119
0                         8.1E-7                   2.636632653061224E-7     -3195999.9953574724+3660228.225561534i            6716108.534317116
0                         8.1E-7                   2.8184693877551024E-7    -2888506.595181427+3317241.8995691314i            6506073.856219763
0                         8.1E-7                   3.0003061224489794E-7    -2498287.507796122+2931619.9989704187i            6245277.345074071
0                         8.1E-7                   3.1821428571428575E-7    -2211750.0285403724+2593120.58225252i             6138229.579505715
0                         8.1E-7                   3.3639795918367346E-7    -1922986.1511589126+2249194.929786491i            6066250.540289509
0                         8.1E-7                   3.5458163265306127E-7    -1631995.875651739+1899843.04157233i              6031846.519471738
0                         8.1E-7                   3.72765306122449E-7      -1338779.2020188547+1545064.9176100397i           6036926.639272147
0                         8.1E-7                   3.909489795918368E-7     -1043336.1302602598+1184860.5578996178i           6082665.972586678
0                         8.1E-7                   4.091326530612245E-7     -595780.3760339413+743971.4971191635i             5741551.045406271
0                         8.1E-7                   4.273163265306122E-7     -302851.6098218636+375017.47084800457i            5684357.100862309
0                         8.1E-7                   4.455E-7                 -9523.859580013443+3270.4073738518373i            5665921.16309961
