% Model:              omc_unitcell_iso.mph
% Version:            COMSOL 6.2.0.658
% Date:               Jul 1 2026, 14:34
% Dimension:          3
% Nodes:              2500
% Expressions:        2
% Description:        Electric field, y-component, Electric field norm
% Length unit:        m
% X                       Y                        Z                        ewfd.Ey (V/m) @ lambda=4E-12                      ewfd.normE (V/m) @ lambda=4E-12
0                         0                        -4.455E-7                -75097.08918413371-25948.044052244277i            215824.46512626042
0                         0                        -4.2731632653061225E-7   -1330003.7535754403-361362.2671771808i            1378220.83595634
0                         0                        -4.091326530612245E-7    -2457268.9705494363-657278.9719821988i            2543656.1168198544
0                         0                        -3.9094897959183674E-7   -3541355.236728317-940144.2435557237i             3664023.4867415954
0                         0                        -3.72765306122449E-7     -4582262.552112081-1209958.0818977552i            4739317.319660967
0                         0                        -3.545816326530612E-7    -5579990.9167007385-1466720.487008296i            5769537.903287628
0                         0                        -3.3639795918367346E-7   -6569162.672043042-1731805.0041315567i            6793603.372592396
0                         0                        -3.1821428571428575E-7   -7517070.457953773-1992603.4536563759i            7776684.177293345
0                         0                        -3.0003061224489794E-7   -8244311.517097722-2152098.0607918273i            8520575.007252391
0                         0                        -2.8184693877551024E-7   -8810365.24594289-2267043.0922037847i             9097363.362470865
0                         0                        -2.636632653061224E-7    -9247143.105512988-2338661.8849093607i            9538290.990830809
0                         0                        -2.454795918367347E-7    -9554645.095808014-2366954.4389085546i            9843460.58166116
0                         0                        -2.2729591836734696E-7   -9732871.216827953-2351920.7542013633i            1.0013007208496414E7
0                         0                        -2.091122448979592E-7    -9124705.299906828-1955875.524913255i             9331971.70372384
0                         0                        -1.9092857142857144E-7   -8655039.909553029-1799742.1417184728i            8840180.292993639
0                         0                        -1.7274489795918368E-7   -8199937.856626461-1651464.8338340146i            8364587.075876858
0                         0                        -1.5456122448979592E-7   -7759399.141127157-1511043.6012598865i            7905158.303047024
0                         0                        -1.3637755102040816E-7   -7333423.763055086-1378478.4439960823i            7461856.800361616
0                         0                        -1.181938775510204E-7    -6922011.722410262-1253769.362042604i             7034641.703625125
0                         0                        -1.0001020408163265E-7   -6525163.019192684-1136916.3553994524i            6623468.217347658
0                         0                        -8.182653061224489E-8    -6142877.653402346-1027919.4240666265i            6228287.421678883
0                         0                        -6.364285714285713E-8    -5775155.625039257-926778.5680441273i             5849046.162205296
0                         0                        -4.545918367346937E-8    -5839380.184515906-900290.7518027358i             5908374.0891296435
0                         0                        -2.7275510204081612E-8   -5870705.731940877-911641.7761502867i             5941066.951235772
0                         0                        -9.091836734693906E-9    -5890742.429545468-916042.9408642852i             5961541.834186398
0                         0                        9.091836734693853E-9     -5899490.2773296805-913494.2459447314i            5969795.412715713
0                         0                        2.7275510204081612E-8    -5896949.275293515-903995.6913916266i             5965837.658320861
0                         0                        4.5459183673469424E-8    -5806889.147706179-890303.6944069472i             5874742.738369268
0                         0                        6.364285714285713E-8     -5980651.95958533-936121.7255041363i              6053471.875432535
0                         0                        8.182653061224494E-8     -5982966.741835329-903656.2973177485i             6050825.211290578
0                         0                        1.0001020408163265E-7    -6449943.309001341-1083733.5361027971i            6540355.27067185
0                         0                        1.1819387755102046E-7    -6924088.161591237-1266924.9844260777i            7039040.828525641
0                         0                        1.3637755102040816E-7    -7405401.299604994-1453230.6422875854i            7546644.7980460115
0                         0                        1.5456122448979587E-7    -7893882.723042635-1642650.509687325i             8062982.397483393
0                         0                        1.7274489795918368E-7    -8389532.431904148-1835184.586625295i             8587907.596903834
0                         0                        1.909285714285714E-7     -8892350.426189529-2030832.8731014926i            9121303.539550845
0                         0                        2.091122448979592E-7     -9402336.705898793-2229595.369115923i             9663075.651213488
0                         0                        2.272959183673469E-7     -9791765.822735548-2382602.6582412403i            1.0077473560091844E7
0                         0                        2.454795918367347E-7     -9595321.588175591-2389505.3324835645i            9888373.582873775
0                         0                        2.636632653061224E-7     -9278618.204895299-2357712.8606882636i            9573482.424158374
0                         0                        2.8184693877551024E-7    -8841655.672894645-2287225.2428553356i            9132703.561902396
0                         0                        3.0003061224489794E-7    -8284433.992173651-2178042.478984783i             8565962.62021639
0                         0                        3.1821428571428575E-7    -7614038.020575923-2034892.8338865936i            7881266.638312571
0                         0                        3.3639795918367346E-7    -6607375.556726603-1747020.527404887i             6834434.319737241
0                         0                        3.5458163265306127E-7    -5531236.880731035-1438378.3443090832i            5715200.232024818
0                         0                        3.72765306122449E-7      -4421222.716200187-1124283.7880024342i            4561932.084348654
0                         0                        3.909489795918368E-7     -3269673.020041124-799678.1908648276i             3366043.206337329
0                         0                        4.091326530612245E-7     -2076587.7922538698-464561.552896271i             2127917.8309716745
0                         0                        4.273163265306122E-7     -841967.0328384088-118933.87409675788i            850325.6733713135
0                         0                        4.455E-7                 23715.456182205515+9859.921007179433i             343196.13089959975
0                         1.6530612244897957E-8    -4.455E-7                -11048.619402342176-3269.6544683587217i           276629.62419048476
0                         1.6530612244897957E-8    -4.2731632653061225E-7   -1250152.228588923-333364.34317410534i            1371227.6947873118
0                         1.6530612244897957E-8    -4.091326530612245E-7    -2366352.4055589084-620855.4875541539i            2486220.18842266
0                         1.6530612244897957E-8    -3.9094897959183674E-7   -3439373.6317337807-895295.1987027102i            3589952.671957384
0                         1.6530612244897957E-8    -3.72765306122449E-7     -4469215.90711354-1156683.4766197742i             4658346.369894895
0                         1.6530612244897957E-8    -3.545816326530612E-7    -5455879.231698184-1405020.3213053448i            5686062.694591474
0                         1.6530612244897957E-8    -3.3639795918367346E-7   -6469408.862977653-1681431.2381938358i            6735699.320246785
0                         1.6530612244897957E-8    -3.1821428571428575E-7   -7316275.958005484-1886834.683749338i             7612588.968567396
0                         1.6530612244897957E-8    -3.0003061224489794E-7   -8016437.639570302-2042368.9249974007i            8331008.590734617
0                         1.6530612244897957E-8    -2.8184693877551024E-7   -8582445.675981324-2155763.9920357885i            8914632.94659608
0                         1.6530612244897957E-8    -2.636632653061224E-7    -9019177.843117267-2225832.8203677917i            9364317.470744867
0                         1.6530612244897957E-8    -2.454795918367347E-7    -9326634.140978133-2252575.409993413i             9680290.233459082
0                         1.6530612244897957E-8    -2.2729591836734696E-7   -9618059.602676887-2296295.521111714i             9987572.798528345
0                         1.6530612244897957E-8    -2.091122448979592E-7    -9407575.473030293-2194687.751441435i             9794371.394089917
0                         1.6530612244897957E-8    -1.9092857142857144E-7   -8743992.071177084-1893502.7514757516i            9075124.999992592
0                         1.6530612244897957E-8    -1.7274489795918368E-7   -8078971.39162521-1575333.2680197589i             8319854.070183038
0                         1.6530612244897957E-8    -1.5456122448979592E-7   -7637714.81073482-1434508.688004836i              7866243.860794132
0                         1.6530612244897957E-8    -1.3637755102040816E-7   -7211021.567271677-1301540.1833002393i            7429341.982429442
0                         1.6530612244897957E-8    -1.181938775510204E-7    -6798891.661235775-1176427.7539059678i            7009166.074701538
0                         1.6530612244897957E-8    -1.0001020408163265E-7   -6401325.092627122-1059171.3998220235i            6605735.6526535535
0                         1.6530612244897957E-8    -8.182653061224489E-8    -6018321.861445706-949771.1210484038i             6219072.21511713
0                         1.6530612244897957E-8    -6.364285714285713E-8    -5739785.483097102-852118.7663911236i             5927318.396704957
0                         1.6530612244897957E-8    -4.545918367346937E-8    -5641011.971236843-812680.7530253521i             5821311.997252258
0                         1.6530612244897957E-8    -2.7275510204081612E-8   -5672460.441103313-824064.854051924i              5853352.811039318
0                         1.6530612244897957E-8    -9.091836734693906E-9    -5692620.061149402-828499.0954449433i             5873491.070024793
0                         1.6530612244897957E-8    9.091836734693853E-9     -5701490.831375116-825983.4772044113i             5881717.236416591
0                         1.6530612244897957E-8    2.7275510204081612E-8    -5699072.751780448-816517.9993303267i             5878039.135919707
0                         1.6530612244897957E-8    4.5459183673469424E-8    -5775407.79993609-834508.376705675i               5969077.607014797
0                         1.6530612244897957E-8    6.364285714285713E-8     -5927632.084301786-886912.7233707012i             6120812.603133005
0                         1.6530612244897957E-8    8.182653061224494E-8     -6099271.751391629-935008.1272072014i             6279609.132041613
0                         1.6530612244897957E-8    1.0001020408163265E-7    -6246977.664157325-977832.8703605412i             6452525.662846075
0                         1.6530612244897957E-8    1.1819387755102046E-7    -6719874.777673213-1160350.5331947037i            6938321.221527069
0                         1.6530612244897957E-8    1.3637755102040816E-7    -7199940.1766129695-1345982.4055670947i           7434455.766183368
0                         1.6530612244897957E-8    1.5456122448979587E-7    -7687173.860976606-1534728.4874777165i            7940509.8691781545
0                         1.6530612244897957E-8    1.7274489795918368E-7    -8181575.830764114-1726588.778926569i             8456150.261935143
0                         1.6530612244897957E-8    1.909285714285714E-7     -8683146.085975498-1921563.2799136506i            8981109.196227757
0                         1.6530612244897957E-8    2.091122448979592E-7     -9447839.855017403-2201603.9323733146i            9833135.119031033
0                         1.6530612244897957E-8    2.272959183673469E-7     -9636435.498771243-2312875.15312047i              1.0016748025079792E7
0                         1.6530612244897957E-8    2.454795918367347E-7     -9312559.180651067-2244321.742194934i             9677889.828855619
0                         1.6530612244897957E-8    2.636632653061224E-7     -9004580.569810037-2219286.287238067i             9358371.842860889
0                         1.6530612244897957E-8    2.8184693877551024E-7    -8576342.81024866-2155555.6862435746i             8915322.052975355
0                         1.6530612244897957E-8    3.0003061224489794E-7    -8027845.90196693-2053129.9392114538i             8348465.503101896
0                         1.6530612244897957E-8    3.1821428571428575E-7    -7359089.844964851-1912009.0461417076i            7657702.089851977
0                         1.6530612244897957E-8    3.3639795918367346E-7    -6533005.667738464-1710528.0090078805i            6800990.516639344
0                         1.6530612244897957E-8    3.5458163265306127E-7    -5479719.403161202-1415561.4026674796i            5701713.924257974
0                         1.6530612244897957E-8    3.72765306122449E-7      -4376038.784978969-1105698.9498123666i            4545908.676655923
0                         1.6530612244897957E-8    3.909489795918368E-7     -3621930.270638909-975621.2380730213i             3827371.4038850167
0                         1.6530612244897957E-8    4.091326530612245E-7     -2559129.7207637355-707527.8869972335i            2768267.995699393
0                         1.6530612244897957E-8    4.273163265306122E-7     -1307556.1296266848-383647.52681174583i           1553339.6928189346
0                         1.6530612244897957E-8    4.455E-7                 11048.619402349459+3269.6544683605453i            255257.808784257
0                         3.3061224489795914E-8    -4.455E-7                -10935.133553313492-2757.396742322179i            707341.6205630844
0                         3.3061224489795914E-8    -4.2731632653061225E-7   -1129361.6664170516-293683.5252550141i            1396163.6772303714
0                         3.3061224489795914E-8    -4.091326530612245E-7    -2275435.840568381-584432.0031261094i             2502308.7707538707
0                         3.3061224489795914E-8    -3.9094897959183674E-7   -3337392.0267392416-850446.1538496959i            3584364.337695069
0                         3.3061224489795914E-8    -3.72765306122449E-7     -4356169.262114995-1103408.8713417922i            4659057.725145515
0                         3.3061224489795914E-8    -3.545816326530612E-7    -5331767.546695631-1343320.1556023946i            5705721.267120932
0                         3.3061224489795914E-8    -3.3639795918367346E-7   -6369655.053912263-1631057.4722561147i            6778334.264205666
0                         3.3061224489795914E-8    -3.1821428571428575E-7   -7093601.459003162-1778829.2029318619i            7540387.241077779
0                         3.3061224489795914E-8    -3.0003061224489794E-7   -7788563.762042891-1932639.789202977i             8265501.335680103
0                         3.3061224489795914E-8    -2.8184693877551024E-7   -8354526.106019757-2044484.8918677915i            8870157.845435426
0                         3.3061224489795914E-8    -2.636632653061224E-7    -8791212.580721548-2113003.7558262236i            9346591.036869474
0                         3.3061224489795914E-8    -2.454795918367347E-7    -9152518.455247326-2165379.2078815913i            9713411.406249354
0                         3.3061224489795914E-8    -2.2729591836734696E-7   -9317570.248762889-2159526.3554538917i            9892631.686618255
0                         3.3061224489795914E-8    -2.091122448979592E-7    -9193068.582011992-2084886.4911862742i            9843376.194144566
0                         3.3061224489795914E-8    -1.9092857142857144E-7   -8542229.30571786-1824673.731430035i              9159898.463731404
0                         3.3061224489795914E-8    -1.7274489795918368E-7   -8011839.500965021-1609750.4755968666i            8574673.53185719
0                         3.3061224489795914E-8    -1.5456122448979592E-7   -7478512.517712317-1392065.3003184884i            7986366.289956951
0                         3.3061224489795914E-8    -1.3637755102040816E-7   -7088619.371488262-1224601.922604395i             7597934.5610025
0                         3.3061224489795914E-8    -1.181938775510204E-7    -6675771.600061287-1099086.1457693316i            7198828.066892393
0                         3.3061224489795914E-8    -1.0001020408163265E-7   -6277487.166061554-981426.4442445934i             6818277.87050811
0                         3.3061224489795914E-8    -8.182653061224489E-8    -5893766.069489068-871622.818030182i              6456440.5191360675
0                         3.3061224489795914E-8    -6.364285714285713E-8    -5684747.890768644-799769.2432238187i             6221345.672474718
0                         3.3061224489795914E-8    -4.545918367346937E-8    -5442643.757957783-725070.7542479681i             5977766.467349273
0                         3.3061224489795914E-8    -2.7275510204081612E-8   -5474215.150265748-736487.931953561i              6007795.925490187
0                         3.3061224489795914E-8    -9.091836734693906E-9    -5494497.692753335-740955.2500256015i             6026736.326275441
0                         3.3061224489795914E-8    9.091836734693853E-9     -5503491.385420548-738472.7084640901i             6034562.821583847
0                         3.3061224489795914E-8    2.7275510204081612E-8    -5504902.2997669205-732761.2460175726i            6046063.368944303
0                         3.3061224489795914E-8    4.5459183673469424E-8    -5635896.009888724-763301.797912536i              6162949.129279705
0                         3.3061224489795914E-8    6.364285714285713E-8     -5767799.165697502-796077.575685445i              6283939.967992266
0                         3.3061224489795914E-8    8.182653061224494E-8     -6057396.29470573-891440.440398973i               6582386.345568967
0                         3.3061224489795914E-8    1.0001020408163265E-7    -6297824.086161221-971600.0296660379i             6814430.329580604
0                         3.3061224489795914E-8    1.1819387755102046E-7    -6515661.39375519-1053776.0819633296i             7078564.880776248
0                         3.3061224489795914E-8    1.3637755102040816E-7    -6994479.053620944-1238734.1688466037i            7545301.339781771
0                         3.3061224489795914E-8    1.5456122448979587E-7    -7480464.998910573-1426806.4652681078i            8025012.177077264
0                         3.3061224489795914E-8    1.7274489795918368E-7    -7973619.229624082-1617992.9712278435i            8516938.503287409
0                         3.3061224489795914E-8    1.909285714285714E-7     -8510311.764858725-1793450.1996465852i            9042548.1540871
0                         3.3061224489795914E-8    2.091122448979592E-7     -9200602.923907585-2072203.1090650419i            9836964.18635426
0                         3.3061224489795914E-8    2.272959183673469E-7     -9307436.875297353-2159169.0119494824i            9883739.974665975
0                         3.3061224489795914E-8    2.454795918367347E-7     -9144242.592926223-2171113.3192661097i            9744188.062097086
0                         3.3061224489795914E-8    2.636632653061224E-7     -8730542.934724782-2080859.7137878716i            9317486.4788841
0                         3.3061224489795914E-8    2.8184693877551024E-7    -8311029.947602669-2023886.1296318115i            8847324.569254132
0                         3.3061224489795914E-8    3.0003061224489794E-7    -7771257.811760213-1928217.3994381262i            8259682.791007276
0                         3.3061224489795914E-8    3.1821428571428575E-7    -7111226.527197402-1793853.5232068137i            7554393.7099850895
0                         3.3061224489795914E-8    3.3639795918367346E-7    -6292441.245852329-1594977.299577861i             6680959.455084135
0                         3.3061224489795914E-8    3.5458163265306127E-7    -5387447.447982182-1376347.9148455686i            5736057.054464796
0                         3.3061224489795914E-8    3.72765306122449E-7      -4437225.795098804-1147182.9397707777i            4759910.185550175
0                         3.3061224489795914E-8    3.909489795918368E-7     -3438555.3501930693-904075.1883815688i            3751221.3943694793
0                         3.3061224489795914E-8    4.091326530612245E-7     -2345040.6083254404-639379.337552938i             2679204.327564455
0                         3.3061224489795914E-8    4.273163265306122E-7     -1092375.478539991-278769.6998878848i             1344476.154093597
0                         3.3061224489795914E-8    4.455E-7                 10935.133553321157+2757.3967423240006i            711706.3178624387
0                         4.959183673469387E-8     -4.455E-7                -10821.6477042848-2245.1390162856346i             1106704.7325894297
0                         4.959183673469387E-8     -4.2731632653061225E-7   -1113722.8988959612-282794.1393692917i            1644488.911050093
0                         4.959183673469387E-8     -4.091326530612245E-7    -2191688.233645489-555725.973861744i              2603423.3857466727
0                         4.959183673469387E-8     -3.9094897959183674E-7   -3235410.421744708-805597.1089966834i             3639439.2251608293
0                         4.959183673469387E-8     -3.72765306122449E-7     -4243122.617116448-1050134.2660638094i            4735318.789724087
0                         4.959183673469387E-8     -3.545816326530612E-7    -5264589.510458176-1311930.4801927425i            5793257.976404623
0                         4.959183673469387E-8     -3.3639795918367346E-7   -6100812.726271478-1494869.047664621i             6731160.675099844
0                         4.959183673469387E-8     -3.1821428571428575E-7   -6870926.96000084-1670823.7221143853i             7580513.720330356
0                         4.959183673469387E-8     -3.0003061224489794E-7   -7558776.151944259-1823997.0698217314i            8332154.402261444
0                         4.959183673469387E-8     -2.8184693877551024E-7   -8126606.5360581875-1933205.7916997944i           8969512.647569409
0                         4.959183673469387E-8     -2.636632653061224E-7    -8604963.718888532-2024396.753709677i             9485929.774568796
0                         4.959183673469387E-8     -2.454795918367347E-7    -8879326.746326892-2047105.3538397583i            9788610.967255117
0                         4.959183673469387E-8     -2.2729591836734696E-7   -9022459.874148613-2030433.335205613i             9943105.506899595
0                         4.959183673469387E-8     -2.091122448979592E-7    -9039257.712589787-1995875.0760119618i            1.0113830391259797E7
0                         4.959183673469387E-8     -1.9092857142857144E-7   -8443462.8976848-1796164.542191095i               9498646.760381414
0                         4.959183673469387E-8     -1.7274489795918368E-7   -7838132.7471445855-1552714.8951213188i           8870685.174774544
0                         4.959183673469387E-8     -1.5456122448979592E-7   -7312697.321818183-1338795.0761986633i            8298729.689453294
0                         4.959183673469387E-8     -1.3637755102040816E-7   -6784384.013385057-1122132.1812334827i            7724588.619134139
0                         4.959183673469387E-8     -1.181938775510204E-7    -6253195.727878215-902715.4086906272i             7149031.975838444
0                         4.959183673469387E-8     -1.0001020408163265E-7   -6153649.239495991-903681.488667164i              7237867.382665208
0                         4.959183673469387E-8     -8.182653061224489E-8    -5847936.639294722-803118.6318933537i             6950853.340105852
0                         4.959183673469387E-8     -6.364285714285713E-8    -5629710.298440185-747419.7200565133i             6712828.552073726
0                         4.959183673469387E-8     -4.545918367346937E-8    -5413678.241664434-693489.8099074975i             6489301.585180843
0                         4.959183673469387E-8     -2.7275510204081612E-8   -5275969.859428186-648911.009855198i              6382273.260539929
0                         4.959183673469387E-8     -9.091836734693906E-9    -5296375.324357272-653411.4046062595i             6399411.570897759
0                         4.959183673469387E-8     9.091836734693853E-9     -5305491.939465981-650961.9397237694i             6406562.800187274
0                         4.959183673469387E-8     2.7275510204081612E-8    -5364703.896749966-661339.8018721058i             6436467.885520188
0                         4.959183673469387E-8     4.5459183673469424E-8    -5496384.219841362-692095.2191193975i             6543269.30729442
0                         4.959183673469387E-8     6.364285714285713E-8     -5628973.988619724-725085.8622446331i             6652052.894363404
0                         4.959183673469387E-8     8.182653061224494E-8     -6165238.832550059-915236.6282089913i             7323867.631728513
0                         4.959183673469387E-8     1.0001020408163265E-7    -6256628.9602192165-928401.7594766805i            7310670.874756743
0                         4.959183673469387E-8     1.1819387755102046E-7    -6503189.6864653565-1011886.8668636661i           7543007.607772795
0                         4.959183673469387E-8     1.3637755102040816E-7    -6789017.930628915-1131485.9321261123i            7869107.511396461
0                         4.959183673469387E-8     1.5456122448979587E-7    -7273756.136844542-1318884.4430584991i            8309553.802563182
0                         4.959183673469387E-8     1.7274489795918368E-7    -7765662.628484047-1509397.1635291178i            8765672.893914016
0                         4.959183673469387E-8     1.909285714285714E-7     -8394073.380734667-1719938.6831367023i            9383752.35071861
0                         4.959183673469387E-8     2.091122448979592E-7     -9017659.05980194-1968994.970346921i              1.0067208619452113E7
0                         4.959183673469387E-8     2.272959183673469E-7     -8984279.324635305-2013729.8277821534i            9889020.104031168
0                         4.959183673469387E-8     2.454795918367347E-7     -8826910.374116123-2026895.6763294807i            9747155.988879975
0                         4.959183673469387E-8     2.636632653061224E-7     -8558805.960930215-2007919.1529596152i            9468036.68427212
0                         4.959183673469387E-8     2.8184693877551024E-7    -8109536.101910098-1930178.8578348274i            8959956.686486864
0                         4.959183673469387E-8     3.0003061224489794E-7    -7514669.721553493-1803304.8596647978i            8301234.533021002
0                         4.959183673469387E-8     3.1821428571428575E-7    -6863363.209429953-1675698.0002719196i            7564795.556825971
0                         4.959183673469387E-8     3.3639795918367346E-7    -6060614.0654144585-1487725.8009878797i           6669864.88312561
0                         4.959183673469387E-8     3.5458163265306127E-7    -5172709.901642159-1282716.2184097911i            5713384.764351328
0                         4.959183673469387E-8     3.72765306122449E-7      -4238169.561705872-1064594.0667071627i            4729483.7681788
0                         4.959183673469387E-8     3.909489795918368E-7     -3309642.0670357244-859786.5192778204i            3801202.953434303
0                         4.959183673469387E-8     4.091326530612245E-7     -2132288.341389416-530657.2652203271i             2533785.032434183
0                         4.959183673469387E-8     4.273163265306122E-7     -1076372.347926021-268664.95600662776i            1615589.2892441042
0                         4.959183673469387E-8     4.455E-7                 10821.64770429286+2245.1390162874586i             1136095.2230150495
0                         6.612244897959183E-8     -4.455E-7                -10708.161855256107-1732.881290249093i            1472978.9866066733
0                         6.612244897959183E-8     -4.2731632653061225E-7   -1098084.1313748707-271904.7534835694i            1933866.0857247943
0                         6.612244897959183E-8     -4.091326530612245E-7    -2160524.1844523367-534459.4598163358i            2843584.633048067
0                         6.612244897959183E-8     -3.9094897959183674E-7   -3133428.8167501707-760748.06414367i              3745114.9811417153
0                         6.612244897959183E-8     -3.72765306122449E-7     -4130075.9721179036-996859.6607858276i            4878067.867333891
0                         6.612244897959183E-8     -3.545816326530612E-7    -5175063.644298631-1269113.028655824i             5963543.953395676
0                         6.612244897959183E-8     -3.3639795918367346E-7   -5889439.613046421-1395231.043109322i             6835279.528973874
0                         6.612244897959183E-8     -3.1821428571428575E-7   -6648252.460998521-1562818.2412969097i            7726975.811011135
0                         6.612244897959183E-8     -3.0003061224489794E-7   -7118958.453161604-1601720.6242981236i            8464241.461114423
0                         6.612244897959183E-8     -2.8184693877551024E-7   -7928658.683392229-1845281.1007011253i            9193909.714261713
0                         6.612244897959183E-8     -2.636632653061224E-7    -8325777.319547158-1905244.0875401786i            9642025.8203943
0                         6.612244897959183E-8     -2.454795918367347E-7    -8593779.242033035-1925829.3908714058i            9968861.518972702
0                         6.612244897959183E-8     -2.2729591836734696E-7   -8733136.324088376-1908540.5340739852i            1.0135240880160902E7
0                         6.612244897959183E-8     -2.091122448979592E-7    -8947499.630214699-1928087.3372954712i            1.059062487692785E7
0                         6.612244897959183E-8     -1.9092857142857144E-7   -8325150.661698218-1719388.9654951447i            9976643.083776642
0                         6.612244897959183E-8     -1.7274489795918368E-7   -7684298.512042953-1503633.9068677546i            9358948.377899725
0                         6.612244897959183E-8     -1.5456122448979592E-7   -7166702.483368637-1293452.0056257052i            8812786.213995758
0                         6.612244897959183E-8     -1.3637755102040816E-7   -6646284.722115244-1080556.4543469108i            8266052.296392137
0                         6.612244897959183E-8     -1.181938775510204E-7    -6123048.529315449-864936.6884310911i             7719786.469399177
0                         6.612244897959183E-8     -1.0001020408163265E-7   -6040837.259959824-874272.4196015284i             7697730.374993736
0                         6.612244897959183E-8     -8.182653061224489E-8    -5794395.776638339-751419.1950410861i             7586306.96505008
0                         6.612244897959183E-8     -6.364285714285713E-8    -5574672.706111725-695070.1968892084i             7358619.415054289
0                         6.612244897959183E-8     -4.545918367346937E-8    -5357143.919663904-640490.2004251552i             7142386.9686967535
0                         6.612244897959183E-8     -2.7275510204081612E-8   -5077724.568590622-561334.0877568352i             6937084.262235395
0                         6.612244897959183E-8     -9.091836734693906E-9    -5098252.955961209-565867.5591869177i             6952169.385003607
0                         6.612244897959183E-8     9.091836734693853E-9     -5107492.493511414-563451.1709834484i             6958513.616836548
0                         6.612244897959183E-8     2.7275510204081612E-8    -5224505.493733011-589918.3577266401i             6979724.113308097
0                         6.612244897959183E-8     4.5459183673469424E-8    -5356872.429793998-620888.6403262587i             7075331.91364114
0                         6.612244897959183E-8     6.364285714285713E-8     -5490148.811541956-654094.148803823i              7171041.2671255125
0                         6.612244897959183E-8     8.182653061224494E-8     -5893530.247698044-804128.7203250048i             7702714.17176562
0                         6.612244897959183E-8     1.0001020408163265E-7    -6241632.300682427-929111.0918170844i             8024118.848633571
0                         6.612244897959183E-8     1.1819387755102046E-7    -6462674.891267256-969058.0132931818i             8181396.540584485
0                         6.612244897959183E-8     1.3637755102040816E-7    -6583556.807636887-1024237.6954056208i            8380618.479596875
0                         6.612244897959183E-8     1.5456122448979587E-7    -7067047.274778516-1210962.4208488911i            8774110.959030107
0                         6.612244897959183E-8     1.7274489795918368E-7    -7628849.158222919-1373879.2677624072i            9228182.6937027
0                         6.612244897959183E-8     1.909285714285714E-7     -8237370.7552764565-1627057.461629558i            9806161.009022601
0                         6.612244897959183E-8     2.091122448979592E-7     -8903708.613812063-1893960.7582002382i            1.0518985093279267E7
0                         6.612244897959183E-8     2.272959183673469E-7     -8666947.309635505-1875744.06190271i              1.0030526457539128E7
0                         6.612244897959183E-8     2.454795918367347E-7     -8514682.791108001-1890083.01460547i              9876022.55026116
0                         6.612244897959183E-8     2.636632653061224E-7     -8240034.6153735155-1869622.7019783966i           9557361.833306387
0                         6.612244897959183E-8     2.8184693877551024E-7    -7875264.358684452-1828195.8197882774i            9151052.78659985
0                         6.612244897959183E-8     3.0003061224489794E-7    -7306974.58286947-1714630.6016725146i             8479030.394785365
0                         6.612244897959183E-8     3.1821428571428575E-7    -6615499.891662505-1557542.477337026i             7685576.881191313
0                         6.612244897959183E-8     3.3639795918367346E-7    -5828786.884976586-1380474.3023978975i            6755005.455904252
0                         6.612244897959183E-8     3.5458163265306127E-7    -4957972.355302134-1189084.5219740137i            5765254.253187045
0                         6.612244897959183E-8     3.72765306122449E-7      -4201360.505757541-1044869.0719863938i            4949505.163748739
0                         6.612244897959183E-8     3.909489795918368E-7     -3143160.2995956447-770756.6770370513i            3855321.9766872926
0                         6.612244897959183E-8     4.091326530612245E-7     -2100168.5943124476-509935.51973177603i           2790655.507828853
0                         6.612244897959183E-8     4.273163265306122E-7     -1060369.21731205-258560.21212537034i             1927577.6224806597
0                         6.612244897959183E-8     4.455E-7                 10708.161855264569+1732.8812902509183i            1526267.6579255583
0                         8.265306122448978E-8     -4.455E-7                -10594.676006227408-1220.6235642125469i           1805998.022373696
0                         8.265306122448978E-8     -4.2731632653061225E-7   -1082445.36385378-261015.367597847i               2233002.6855875268
0                         8.265306122448978E-8     -4.091326530612245E-7    -2129360.135259184-513192.94577092765i            3133769.4644146347
0                         8.265306122448978E-8     -3.9094897959183674E-7   -3151338.9902224396-757753.3580834544i            4187291.6254263264
0                         8.265306122448978E-8     -3.72765306122449E-7     -4017029.327119359-943585.0555078456i             5076775.866402985
0                         8.265306122448978E-8     -3.545816326530612E-7    -4848289.995860584-1113591.989886194i             5988196.07215886
0                         8.265306122448978E-8     -3.3639795918367346E-7   -5678066.499821364-1295593.038554024i             7019888.040440832
0                         8.265306122448978E-8     -3.1821428571428575E-7   -6194150.762084127-1347641.2717533747i            7938181.462930372
0                         8.265306122448978E-8     -3.0003061224489794E-7   -7121853.479379925-1613875.5623958795i            8959987.00925121
0                         8.265306122448978E-8     -2.8184693877551024E-7   -7598720.966157318-1700071.295869702i             9554608.844936747
0                         8.265306122448978E-8     -2.636632653061224E-7    -8082284.118095753-1794207.8112604793i            9961210.46402216
0                         8.265306122448978E-8     -2.454795918367347E-7    -8220170.741891958-1756239.4919157715i            1.017737933105077E7
0                         8.265306122448978E-8     -2.2729591836734696E-7   -8450170.358733092-1793490.7829758704i            1.0458750903692415E7
0                         8.265306122448978E-8     -2.091122448979592E-7    -8919019.812222453-1881882.4423985463i            1.1249968295230623E7
0                         8.265306122448978E-8     -1.9092857142857144E-7   -8270123.121426815-1664237.1691700919i            1.0645553319121053E7
0                         8.265306122448978E-8     -1.7274489795918368E-7   -7658170.460001593-1466717.2810496604i            1.006991115295531E7
0                         8.265306122448978E-8     -1.5456122448979592E-7   -7040235.22374512-1255961.0568558439i             9501686.063505052
0                         8.265306122448978E-8     -1.3637755102040816E-7   -6550322.564045275-1084761.0946938114i            9002633.507443588
0                         8.265306122448978E-8     -1.181938775510204E-7    -6221605.38385828-947495.1378521805i              8665080.833536323
0                         8.265306122448978E-8     -1.0001020408163265E-7   -5877467.351506154-799619.5051399556i             8321846.250799573
0                         8.265306122448978E-8     -8.182653061224489E-8    -5628287.835299612-705653.2062737991i             8203326.322683143
0                         8.265306122448978E-8     -6.364285714285713E-8    -5519635.113783267-642720.6737219036i             8118655.663974612
0                         8.265306122448978E-8     -4.545918367346937E-8    -5300609.597663372-587490.5909428127i             7912044.341173422
0                         8.265306122448978E-8     -2.7275510204081612E-8   -5083778.365622265-534029.5098515463i             7714872.450583625
0                         8.265306122448978E-8     -9.091836734693906E-9    -4900130.587565142-478323.7137675762i             7642291.083728448
0                         8.265306122448978E-8     9.091836734693853E-9     -4909493.047556848-475940.40224312793i            7647812.965244746
0                         8.265306122448978E-8     2.7275510204081612E-8    -5084307.09071606-518496.9135811742i              7638980.122562361
0                         8.265306122448978E-8     4.5459183673469424E-8    -5217360.639746636-549682.0615331207i             7723575.0345621575
0                         8.265306122448978E-8     6.364285714285713E-8     -5462204.505162753-638979.7794188431i             8103814.918166358
0                         8.265306122448978E-8     8.182653061224494E-8     -5621821.662846032-693020.8124410184i             8203878.684713279
0                         8.265306122448978E-8     1.0001020408163265E-7    -5969529.111590079-817798.147569597i              8510685.396265825
0                         8.265306122448978E-8     1.1819387755102046E-7    -6318754.82050512-942962.92643116i                8821068.170574779
0                         8.265306122448978E-8     1.3637755102040816E-7    -6675534.087849841-1013409.2018484769i            9147255.31561062
0                         8.265306122448978E-8     1.5456122448979587E-7    -6924276.767430572-1079811.8284711998i            9411518.088459257
0                         8.265306122448978E-8     1.7274489795918368E-7    -7453653.270413031-1282517.4067853799i            9723162.377412878
0                         8.265306122448978E-8     1.909285714285714E-7     -8152892.183862926-1563660.0437008922i            1.0442620936139831E7
0                         8.265306122448978E-8     2.091122448979592E-7     -8863716.169422101-1849206.1783118704i            1.1177356482493727E7
0                         8.265306122448978E-8     2.272959183673469E-7     -8355630.568636876-1744577.8649931569i            1.0299334326804956E7
0                         8.265306122448978E-8     2.454795918367347E-7     -8207715.396950796-1760003.3990004698i            1.0122471653420279E7
0                         8.265306122448978E-8     2.636632653061224E-7     -7940787.23918643-1741598.269091831i              9784234.682929646
0                         8.265306122448978E-8     2.8184693877551024E-7    -7552670.501180528-1688742.2312402134i            9285035.164114544
0                         8.265306122448978E-8     3.0003061224489794E-7    -7077652.130281759-1617362.262654508i             8733210.261653377
0                         8.265306122448978E-8     3.1821428571428575E-7    -6292707.900249-1415453.4751434i                  7909178.758367222
0                         8.265306122448978E-8     3.3639795918367346E-7    -5597963.730981868-1277546.554182124i             6935920.916550705
0                         8.265306122448978E-8     3.5458163265306127E-7    -5020195.924490881-1194626.995678656i             6190981.464385012
0                         8.265306122448978E-8     3.72765306122449E-7      -4017578.3917433647-944272.1016375369i            5077712.828164348
0                         8.265306122448978E-8     3.909489795918368E-7     -3060453.6056059655-721054.294433123i             4105153.8179460093
0                         8.265306122448978E-8     4.091326530612245E-7     -2068048.8472354794-489213.7742432251i            3095855.133856632
0                         8.265306122448978E-8     4.273163265306122E-7     -1044366.0866980803-248455.4682441131i            2245989.9078926905
0                         8.265306122448978E-8     4.455E-7                 10594.67600623627+1220.6235642143758i             1882031.7901679792
0                         9.918367346938774E-8     -4.455E-7                36421.5741209568+19969.203582212325i              2166062.7492037993
0                         9.918367346938774E-8     -4.2731632653061225E-7   -817802.6770648821-144049.51494114113i            2422733.45804488
0                         9.918367346938774E-8     -4.091326530612245E-7    -1659417.8860993818-306642.97049497324i           3120088.676378462
0                         9.918367346938774E-8     -3.9094897959183674E-7   -2488424.0529825436-467811.1630792849i            4019937.2951938105
0                         9.918367346938774E-8     -3.72765306122449E-7     -4086167.3162062718-952675.8341706477i            5727666.079304902
0                         9.918367346938774E-8     -3.545816326530612E-7    -4810147.895017706-1070547.8400092782i            6674343.4292412335
0                         9.918367346938774E-8     -3.3639795918367346E-7   -5479479.435010949-1195757.6664686056i            7550760.239955252
0                         9.918367346938774E-8     -3.1821428571428575E-7   -6072358.539277743-1302212.0261167812i            8333656.112795716
0                         9.918367346938774E-8     -3.0003061224489794E-7   -6588785.207818094-1389910.9189538048i            9015691.853270445
0                         9.918367346938774E-8     -2.8184693877551024E-7   -7052639.661682643-1464256.5476428508i            9660932.45643577
0                         9.918367346938774E-8     -2.636632653061224E-7    -7347582.730648271-1480558.1262514193i            9959339.2922269
0                         9.918367346938774E-8     -2.454795918367347E-7    -7560994.249689733-1474778.5835013469i            1.0231546932934765E7
0                         9.918367346938774E-8     -2.2729591836734696E-7   -7585744.865307774-1402861.3029369635i            1.034409166260967E7
0                         9.918367346938774E-8     -2.091122448979592E-7    -7544391.046091054-1309109.6567841587i            1.0379935336795246E7
0                         9.918367346938774E-8     -1.9092857142857144E-7   -7920675.05265549-1414025.2574881539i             1.110082747933593E7
0                         9.918367346938774E-8     -1.7274489795918368E-7   -7501012.433697023-1298663.9239449445i            1.0745213993046405E7
0                         9.918367346938774E-8     -1.5456122448979592E-7   -7107994.36106378-1195767.3988561605i             1.0357495665109752E7
0                         9.918367346938774E-8     -1.3637755102040816E-7   -6662288.7431271-1030337.2792310312i              9920029.982258959
0                         9.918367346938774E-8     -1.181938775510204E-7    -6189544.957492528-848752.5211826098i             9471135.904836824
0                         9.918367346938774E-8     -1.0001020408163265E-7   -5714097.443052485-724966.5906783815i             9041561.694358148
0                         9.918367346938774E-8     -8.182653061224489E-8    -5454063.015495237-624912.1495557801i             8884315.735737331
0                         9.918367346938774E-8     -6.364285714285713E-8    -5277658.18715475-572123.5415081012i              8656721.223863125
0                         9.918367346938774E-8     -4.545918367346937E-8    -5244075.275662845-534490.9814604714i             8764556.598020582
0                         9.918367346938774E-8     -2.7275510204081612E-8   -5025747.313949665-480379.81405416725i            8575198.589841707
0                         9.918367346938774E-8     -9.091836734693906E-9    -4702008.219169077-390779.868348234i              8432751.722847354
0                         9.918367346938774E-8     9.091836734693853E-9     -4811277.971385908-417910.68200937874i            8305390.668173845
0                         9.918367346938774E-8     2.7275510204081612E-8    -4944108.687699105-447075.4694357081i             8383021.752025728
0                         9.918367346938774E-8     4.5459183673469424E-8    -5077848.849699275-478475.48273998254i            8457467.091074077
0                         9.918367346938774E-8     6.364285714285713E-8     -5245441.813209033-548048.5143025599i             8713283.933453046
0                         9.918367346938774E-8     8.182653061224494E-8     -5331687.634778631-575405.3280014442i             8853658.511170695
0                         9.918367346938774E-8     1.0001020408163265E-7    -5697425.9224977335-706485.2033221101i            9093275.392896123
0                         9.918367346938774E-8     1.1819387755102046E-7    -6046257.02717244-831444.9458201724i              9387293.524688525
0                         9.918367346938774E-8     1.3637755102040816E-7    -6396606.392018127-956792.1320512171i             9683428.38024504
0                         9.918367346938774E-8     1.5456122448979587E-7    -6839901.897375213-1106515.2448506132i            1.0013745725160224E7
0                         9.918367346938774E-8     1.7274489795918368E-7    -7302903.125982991-1224652.1194192688i            1.0409335510227546E7
0                         9.918367346938774E-8     1.909285714285714E-7     -7800889.396802114-1370715.1744707678i            1.0968309207153266E7
0                         9.918367346938774E-8     2.091122448979592E-7     -7462887.973411315-1270358.275320958i             1.0283637834516663E7
0                         9.918367346938774E-8     2.272959183673469E-7     -7502372.027550479-1362569.311035907i             1.028422376488731E7
0                         9.918367346938774E-8     2.454795918367347E-7     -7505965.296604082-1431429.65268225i              1.0169532885791441E7
0                         9.918367346938774E-8     2.636632653061224E-7     -7427753.396014104-1485318.9959573078i            9922669.93206552
0                         9.918367346938774E-8     2.8184693877551024E-7    -7267771.433185415-1524243.674687666i             9548504.224883424
0                         9.918367346938774E-8     3.0003061224489794E-7    -6765421.830142792-1430805.3500522985i            9150850.006448407
0                         9.918367346938774E-8     3.1821428571428575E-7    -6027784.418767206-1272982.7600952075i            8161828.640229347
0                         9.918367346938774E-8     3.3639795918367346E-7    -5469330.948243916-1217673.1403479986i            7484397.369325324
0                         9.918367346938774E-8     3.5458163265306127E-7    -4576018.293374817-1014158.0353561091i            6325743.741939753
0                         9.918367346938774E-8     3.72765306122449E-7      -3246794.962753105-607134.2410269821i             4966624.59720488
0                         9.918367346938774E-8     3.909489795918368E-7     -2483461.207536011-469846.97491338477i            4037145.9590305397
0                         9.918367346938774E-8     4.091326530612245E-7     -1693954.3910249558-326223.7133013911i            3177245.5881380807
0                         9.918367346938774E-8     4.273163265306122E-7     -878274.5132199372-176264.4561910003i             2510591.2638077964
0                         9.918367346938774E-8     4.455E-7                 -36421.57412094843-19969.203582210637i            2275510.478488912
0                         1.1571428571428571E-7    -4.455E-7                41609.98864067017+22761.643360867663i             2541579.530045165
0                         1.1571428571428571E-7    -4.2731632653061225E-7   -771113.896983998-114060.17640213406i             2809919.532421968
0                         1.1571428571428571E-7    -4.091326530612245E-7    -1878070.4400379949-409149.66346086573i           3484162.84420863
0                         1.1571428571428571E-7    -3.9094897959183674E-7   -2762475.7755742064-604881.1020174565i            4422366.804748928
0                         1.1571428571428571E-7    -3.72765306122449E-7     -3583739.970800862-752723.3948644032i             5419169.985511967
0                         1.1571428571428571E-7    -3.545816326530612E-7    -4193080.0539925904-848013.2641909966i            6550516.455864934
0                         1.1571428571428571E-7    -3.3639795918367346E-7   -4988055.890824024-1001453.2865922581i            7589981.4627739135
0                         1.1571428571428571E-7    -3.1821428571428575E-7   -5560112.631403361-1093077.5144575692i            8419219.149202865
0                         1.1571428571428571E-7    -3.0003061224489794E-7   -6055716.936256263-1165946.2755117295i            9153541.736937804
0                         1.1571428571428571E-7    -2.8184693877551024E-7   -6471373.838165315-1211869.9149648217i            9601694.930271007
0                         1.1571428571428571E-7    -2.636632653061224E-7    -6766837.924015947-1226703.8693842923i            1.0088386861009829E7
0                         1.1571428571428571E-7    -2.454795918367347E-7    -6971410.294508521-1221728.9592654065i            1.0406000949776126E7
0                         1.1571428571428571E-7    -2.2729591836734696E-7   -6923382.1861726465-1115896.7430808656i           1.058118686194259E7
0                         1.1571428571428571E-7    -2.091122448979592E-7    -6742426.567455644-968383.3598052731i             1.051397166348428E7
0                         1.1571428571428571E-7    -1.9092857142857144E-7   -7319191.822181785-1099798.896852661i             1.1436090499826532E7
0                         1.1571428571428571E-7    -1.7274489795918368E-7   -6889450.626128888-979754.3628152437i             1.1108080616897335E7
0                         1.1571428571428571E-7    -1.5456122448979592E-7   -6493323.775300301-887522.5780960526i             1.0752103296317853E7
0                         1.1571428571428571E-7    -1.3637755102040816E-7   -6035854.892829947-715748.0622112395i             1.0331730000412198E7
0                         1.1571428571428571E-7    -1.181938775510204E-7    -5551172.564960465-527720.7978442061i             9903482.293747155
0                         1.1571428571428571E-7    -1.0001020408163265E-7   -5339326.154972961-510149.10992686776i            9574981.329706825
0                         1.1571428571428571E-7    -8.182653061224489E-8    -5206673.884058086-485069.69534809317i            9537580.16166505
0                         1.1571428571428571E-7    -6.364285714285713E-8    -5102694.05673139-491006.9293097957i              9404850.736627445
0                         1.1571428571428571E-7    -4.545918367346937E-8    -5187540.9536623135-481491.3719781288i            9675291.02268506
0                         1.1571428571428571E-7    -2.7275510204081612E-8   -4967716.262277065-426730.11825678806i            9493884.254198682
0                         1.1571428571428571E-7    -9.091836734693906E-9    -4750085.854970603-373737.86622327054i            9317663.674646059
0                         1.1571428571428571E-7    9.091836734693853E-9     -4670392.955399362-346274.372511585i              9118022.270057196
0                         1.1571428571428571E-7    2.7275510204081612E-8    -4803910.284682151-375654.0252902415i             9187756.547668507
0                         1.1571428571428571E-7    4.5459183673469424E-8    -4931361.748625451-423437.472466019i              9255138.512378935
0                         1.1571428571428571E-7    6.364285714285713E-8     -5028679.121255309-457117.2491862763i             9381228.373561114
0                         1.1571428571428571E-7    8.182653061224494E-8     -5115598.687876424-484890.50475538196i            9515689.167442227
0                         1.1571428571428571E-7    1.0001020408163265E-7    -5425322.733405387-595172.259074623i              9750062.728415288
0                         1.1571428571428571E-7    1.1819387755102046E-7    -5773759.233839761-719926.9652091847i             1.002868581580112E7
0                         1.1571428571428571E-7    1.3637755102040816E-7    -5841880.735777092-660885.9309464069i             1.0025377610846994E7
0                         1.1571428571428571E-7    1.5456122448979587E-7    -6302797.499544937-813447.3043240805i             1.0241538757946737E7
0                         1.1571428571428571E-7    1.7274489795918368E-7    -6956457.855517205-1038491.4990678248i            1.0987794305246325E7
0                         1.1571428571428571E-7    1.909285714285714E-7     -7451749.685226433-1186841.674718742i             1.1515160748260837E7
0                         1.1571428571428571E-7    2.091122448979592E-7     -6803322.057863608-1014395.5989349666i            1.0530470333440967E7
0                         1.1571428571428571E-7    2.272959183673469E-7     -6861536.769032469-1099961.6674417611i            1.0500655391758353E7
0                         1.1571428571428571E-7    2.454795918367347E-7     -6874565.532379911-1178191.3215970653i            1.0327266081404634E7
0                         1.1571428571428571E-7    2.636632653061224E-7     -6805796.1151015-1241450.0972894342i              1.0022738440010948E7
0                         1.1571428571428571E-7    2.8184693877551024E-7    -6490807.673748918-1213776.2560567607i            9698757.487686975
0                         1.1571428571428571E-7    3.0003061224489794E-7    -6141914.546763773-1186571.041529637i             9146454.261845704
0                         1.1571428571428571E-7    3.1821428571428575E-7    -5693618.0708806105-1133439.579854732i            8444708.09258093
0                         1.1571428571428571E-7    3.3639795918367346E-7    -4885165.694554236-959862.6680591494i             7398761.824519082
0                         1.1571428571428571E-7    3.5458163265306127E-7    -4260481.06957439-875791.9540490622i              6388223.489337888
0                         1.1571428571428571E-7    3.72765306122449E-7      -3441597.6821315987-698842.5745941218i            5381934.58560725
0                         1.1571428571428571E-7    3.909489795918368E-7     -2600597.546483605-519231.4657865858i             4407932.988755953
0                         1.1571428571428571E-7    4.091326530612245E-7     -1737480.6626304286-336958.62762645894i           3533650.2813008693
0                         1.1571428571428571E-7    4.273163265306122E-7     -843961.1317191687-153039.42963671283i            2894962.337241347
0                         1.1571428571428571E-7    4.455E-7                 -41609.988640662195-22761.64336086622i            2678664.43848765
0                         1.3224489795918366E-7    -4.455E-7                -46181.27456249219-9644.40527979729i              2743251.58826403
0                         1.3224489795918366E-7    -4.2731632653061225E-7   -923421.445285752-187707.8104330339i              2980124.4680344653
0                         1.3224489795918366E-7    -4.091326530612245E-7    -1788192.2671833765-365000.57108288043i           3733799.3018805827
0                         1.3224489795918366E-7    -3.9094897959183674E-7   -2597697.986475177-500731.8085528194i             4719249.516423118
0                         1.3224489795918366E-7    -3.72765306122449E-7     -3160361.8050730284-565744.2089186506i            6050560.508873958
0                         1.3224489795918366E-7    -3.545816326530612E-7    -3849290.640706932-700275.7558724658i             6796690.400959927
0                         1.3224489795918366E-7    -3.3639795918367346E-7   -4496632.346637096-807148.9067159098i             7678464.465981844
0                         1.3224489795918366E-7    -3.1821428571428575E-7   -5047866.723528985-883943.0027983577i             8563249.2178853
0                         1.3224489795918366E-7    -3.0003061224489794E-7   -5522648.664694433-941981.6320696545i             9360838.83757721
0                         1.3224489795918366E-7    -2.8184693877551024E-7   -5904148.385762019-968689.8935294116i             9755554.55900295
0                         1.3224489795918366E-7    -2.636632653061224E-7    -6186093.117383627-972849.6125171657i             1.0297863770920252E7
0                         1.3224489795918366E-7    -2.454795918367347E-7    -6377146.133647176-957200.4669665628i             1.0671932627264075E7
0                         1.3224489795918366E-7    -2.2729591836734696E-7   -6102203.125738093-730323.614552516i              1.0780034148669215E7
0                         1.3224489795918366E-7    -2.091122448979592E-7    -5930537.291200189-613769.5075818566i             1.0830921474638619E7
0                         1.3224489795918366E-7    -1.9092857142857144E-7   -6737091.833378441-786249.2121849863i             1.1903879406688623E7
0                         1.3224489795918366E-7    -1.7274489795918368E-7   -6297570.529728744-661503.3491048573i             1.1607054432911756E7
0                         1.3224489795918366E-7    -1.5456122448979592E-7   -5881196.570181996-552455.0544387915i             1.1313439014050953E7
0                         1.3224489795918366E-7    -1.3637755102040816E-7   -5433217.938500747-407920.55561221234i            1.0892442658573331E7
0                         1.3224489795918366E-7    -1.181938775510204E-7    -5273658.161607961-447791.3345136399i             1.0565865033634515E7
0                         1.3224489795918366E-7    -1.0001020408163265E-7   -5078377.94407813-380567.2116907i                 1.0265273688898351E7
0                         1.3224489795918366E-7    -8.182653061224489E-8    -4936459.082042901-349033.18129950005i            1.0209610079893399E7
0                         1.3224489795918366E-7    -6.364285714285713E-8    -4790309.228369749-317022.5386057158i             1.0051153177174732E7
0                         1.3224489795918366E-7    -4.545918367346937E-8    -4637803.755230667-281459.4142795487i             9909202.424988389
0                         1.3224489795918366E-7    -2.7275510204081612E-8   -4909685.210604464-373080.4224594086i             1.0453018159151996E7
0                         1.3224489795918366E-7    -9.091836734693906E-9    -5035856.726557831-358435.95086315414i            9793996.006311353
0                         1.3224489795918366E-7    9.091836734693853E-9     -4529507.939412818-274638.06301379116i            9972655.735800687
0                         1.3224489795918366E-7    2.7275510204081612E-8    -4663711.881665196-304232.5811447757i             1.0035405493932534E7
0                         1.3224489795918366E-7    4.5459183673469424E-8    -4713925.311620215-332089.76547951455i            9970716.342421534
0                         1.3224489795918366E-7    6.364285714285713E-8     -4811916.429301592-366185.98406999337i            1.0091945898883764E7
0                         1.3224489795918366E-7    8.182653061224494E-8     -4899509.740974214-394375.6815093203i             1.0220565216102356E7
0                         1.3224489795918366E-7    1.0001020408163265E-7    -5153219.544313038-483859.31482713553i            1.0462847092985837E7
0                         1.3224489795918366E-7    1.1819387755102046E-7    -5368801.744768584-478791.14577790303i            1.056670259747145E7
0                         1.3224489795918366E-7    1.3637755102040816E-7    -5695309.775627965-590798.0656445988i             1.0628986275091453E7
0                         1.3224489795918366E-7    1.5456122448979587E-7    -6157388.368400934-705897.3759166577i             1.1472781965030069E7
0                         1.3224489795918366E-7    1.7274489795918368E-7    -6653445.901557405-846186.2444861584i             1.173260707253731E7
0                         1.3224489795918366E-7    1.909285714285714E-7     -7184219.102368848-1026341.3402331824i            1.2258065111306679E7
0                         1.3224489795918366E-7    2.091122448979592E-7     -6135866.427592022-756267.7828359145i             1.0900618451869942E7
0                         1.3224489795918366E-7    2.272959183673469E-7     -6220679.022129907-837339.1732782387i             1.0831541868041487E7
0                         1.3224489795918366E-7    2.454795918367347E-7     -6243143.254330681-924938.1016681613i             1.0590317830176242E7
0                         1.3224489795918366E-7    2.636632653061224E-7     -6104538.631141722-957622.3233173048i             1.0291533644284735E7
0                         1.3224489795918366E-7    2.8184693877551024E-7    -5861174.621712248-962942.6517360325i             9831102.78283698
0                         1.3224489795918366E-7    3.0003061224489794E-7    -5518407.263384756-942336.7330069764i             9221517.919045769
0                         1.3224489795918366E-7    3.1821428571428575E-7    -5079031.663160379-904204.862672968i              8501446.820594683
0                         1.3224489795918366E-7    3.3639795918367346E-7    -4503473.984765824-801625.118137982i              7626834.662188733
0                         1.3224489795918366E-7    3.5458163265306127E-7    -3936408.0008153897-717957.6113816247i            6683207.576484623
0                         1.3224489795918366E-7    3.72765306122449E-7      -3376132.89366797-647066.2381138836i              5746305.564349561
0                         1.3224489795918366E-7    3.909489795918368E-7     -2587185.1815627357-515269.60896913626i           4706938.607959197
0                         1.3224489795918366E-7    4.091326530612245E-7     -1756562.2079348816-353982.3709438301i            3768640.475715368
0                         1.3224489795918366E-7    4.273163265306122E-7     -903822.4861018365-190033.40356593204i            3103087.973350278
0                         1.3224489795918366E-7    4.455E-7                 46181.27456249914+9644.405279798126i              2872572.1527249343
0                         1.487755102040816E-7     -4.455E-7                -20510.826636314723-3913.9577220801907i           2859217.096382234
0                         1.487755102040816E-7     -4.2731632653061225E-7   -865647.1348953538-162768.0404651827i             3126999.3591651637
0                         1.487755102040816E-7     -4.091326530612245E-7    -1672701.5551970077-293561.59668803355i           3957024.830633269
0                         1.487755102040816E-7     -3.9094897959183674E-7   -2306581.9282604763-382205.5526709938i            4943827.070134841
0                         1.487755102040816E-7     -3.72765306122449E-7     -2869992.294972772-447639.4044525666i             6242758.2881389735
0                         1.487755102040816E-7     -3.545816326530612E-7    -3506864.8846773775-552580.9726452165i            7037785.6254941765
0                         1.487755102040816E-7     -3.3639795918367346E-7   -4046549.949770326-625382.0594414603i             7895018.2275659125
0                         1.487755102040816E-7     -3.1821428571428575E-7   -4535620.815654607-674808.4911391464i             8754573.119193569
0                         1.487755102040816E-7     -3.0003061224489794E-7   -4989580.393132604-718016.9886275798i             9625151.040565861
0                         1.487755102040816E-7     -2.8184693877551024E-7   -5336922.933358724-725509.8720940021i             9971181.11035464
0                         1.487755102040816E-7     -2.636632653061224E-7    -5605348.310751304-718995.3556500387i             1.0576203057852497E7
0                         1.487755102040816E-7     -2.454795918367347E-7    -5420566.768418286-537918.6615942667i             1.0970133530092021E7
0                         1.487755102040816E-7     -2.2729591836734696E-7   -5534525.875287273-548172.3741068558i             1.1218239196766146E7
0                         1.487755102040816E-7     -2.091122448979592E-7    -5316226.914427269-415372.88310796395i            1.1220699324938057E7
0                         1.487755102040816E-7     -1.9092857142857144E-7   -6394838.486831079-604172.1751778498i             1.2481224237026922E7
0                         1.487755102040816E-7     -1.7274489795918368E-7   -5844126.647524147-477586.8956623358i             1.221088711714776E7
0                         1.487755102040816E-7     -1.5456122448979592E-7   -5311653.609454963-369228.3013383434i             1.194904193987434E7
0                         1.487755102040816E-7     -1.3637755102040816E-7   -5196527.150520312-377506.5395865317i             1.1617546679847587E7
0                         1.487755102040816E-7     -1.181938775510204E-7    -5011581.126737647-317425.43085205613i            1.130229792372489E7
0                         1.487755102040816E-7     -1.0001020408163265E-7   -4817429.733183304-250985.31345453294i            1.100249814614468E7
0                         1.487755102040816E-7     -8.182653061224489E-8    -4666244.280027714-212996.66725090775i            1.0923837637540765E7
0                         1.487755102040816E-7     -6.364285714285713E-8    -4519815.089508261-181063.83276603144i            1.0771392808540208E7
0                         1.487755102040816E-7     -4.545918367346937E-8    -4367030.279522873-145578.51664877345i            1.0634135915199535E7
0                         1.487755102040816E-7     -2.7275510204081612E-8   -4207889.850071562-106540.71889913565i            1.0512919380506104E7
0                         1.487755102040816E-7     -9.091836734693906E-9    -4976112.235499062-325948.26846266835i            1.0813452041218305E7
0                         1.487755102040816E-7     9.091836734693853E-9     -4786043.759839074-225257.9923800166i             1.0652057179285124E7
0                         1.487755102040816E-7     2.7275510204081612E-8    -4523513.478648243-232811.13699930935i            1.0913070714915521E7
0                         1.487755102040816E-7     4.5459183673469424E-8    -4496488.874614977-240742.05849301006i            1.071676011913908E7
0                         1.487755102040816E-7     6.364285714285713E-8     -4595153.737347866-275254.71895371017i            1.0833263986362085E7
0                         1.487755102040816E-7     8.182653061224494E-8     -4683420.7940720115-303860.85826325836i           1.0956302057638457E7
0                         1.487755102040816E-7     1.0001020408163265E-7    -4903987.271962872-300886.2487259557i             1.1153363677948618E7
0                         1.487755102040816E-7     1.1819387755102046E-7    -5101555.397038841-376864.5114373651i             1.1113041557688234E7
0                         1.487755102040816E-7     1.3637755102040816E-7    -5457781.954271768-438706.92748973647i            1.1612399356134495E7
0                         1.487755102040816E-7     1.5456122448979587E-7    -5731748.465400448-492249.781384861i              1.1960246658503428E7
0                         1.487755102040816E-7     1.7274489795918368E-7    -6124987.283349145-580586.8535231441i             1.2241029360378908E7
0                         1.487755102040816E-7     1.909285714285714E-7     -6651897.812050298-762752.2238228434i             1.2733402076873787E7
0                         1.487755102040816E-7     2.091122448979592E-7     -5462063.044706798-496243.3575023069i             1.1378858846406128E7
0                         1.487755102040816E-7     2.272959183673469E-7     -5570607.479253825-580759.6580048166i             1.1256070872171547E7
0                         1.487755102040816E-7     2.454795918367347E-7     -5606614.702321209-662343.5518339332i             1.0947446572206922E7
0                         1.487755102040816E-7     2.636632653061224E-7     -5468779.810447404-700189.4231985105i             1.0566542429498719E7
0                         1.487755102040816E-7     2.8184693877551024E-7    -5231541.569675578-712109.0474153045i             1.0038736391390318E7
0                         1.487755102040816E-7     3.0003061224489794E-7    -4938993.369185767-709932.0144605906i             9443440.386232829
0                         1.487755102040816E-7     3.1821428571428575E-7    -4605736.597331082-699987.7649464463i             8744156.788232984
0                         1.487755102040816E-7     3.3639795918367346E-7    -4121782.2749774116-643387.5682168148i            7862155.097308517
0                         1.487755102040816E-7     3.5458163265306127E-7    -3516413.6476301756-545103.7908609047i            6940531.892024964
0                         1.487755102040816E-7     3.72765306122449E-7      -2995341.979693112-498992.77462886344i            5928962.67314221
0                         1.487755102040816E-7     3.909489795918368E-7     -2445666.664047771-449403.272085977i              4917987.257539855
0                         1.487755102040816E-7     4.091326530612245E-7     -1775643.7532393371-371006.11426120263i           3945594.7541488605
0                         1.487755102040816E-7     4.273163265306122E-7     -883441.1897426309-189637.0652944028i             3170978.9962399
0                         1.487755102040816E-7     4.455E-7                 20510.826636322083+3913.957722081144i             2932483.384387783
0                         1.6530612244897956E-7    -4.455E-7                5159.621289862723+1816.4898356369094i             2910996.8588688
0                         1.6530612244897956E-7    -4.2731632653061225E-7   -808750.6769663559-131212.7592700473i             3225571.207251095
0                         1.6530612244897956E-7    -4.091326530612245E-7    -1420996.9638270629-198726.6381071353i            4106118.1789454157
0                         1.6530612244897956E-7    -3.9094897959183674E-7   -2015465.8700457742-263679.2967891681i            5146657.805824158
0                         1.6530612244897956E-7    -3.72765306122449E-7     -2628577.63169071-351960.0784097492i              6300518.898026826
0                         1.6530612244897956E-7    -3.545816326530612E-7    -3164439.128647825-404886.18941796763i            7271956.937415491
0                         1.6530612244897956E-7    -3.3639795918367346E-7   -3668114.915570243-456266.84069731255i            8194486.658510596
0                         1.6530612244897956E-7    -3.1821428571428575E-7   -4139604.9924579607-506102.0322477833i            9053569.63705968
0                         1.6530612244897956E-7    -3.0003061224489794E-7   -4456512.121570774-494052.3451855047i             9935077.144971259
0                         1.6530612244897956E-7    -2.8184693877551024E-7   -4769697.480955433-482329.85065859294i            1.0238445659689141E7
0                         1.6530612244897956E-7    -2.636632653061224E-7    -4680544.571543482-347876.2196805492i             1.0907376352886353E7
0                         1.6530612244897956E-7    -2.454795918367347E-7    -4798978.762169309-327779.07303180906i            1.1328151575711437E7
0                         1.6530612244897956E-7    -2.2729591836734696E-7   -4852208.766233522-310912.7655208991i             1.1621450210020423E7
0                         1.6530612244897956E-7    -2.091122448979592E-7    -4676191.971927013-212523.6267944915i             1.1691690722083377E7
0                         1.6530612244897956E-7    -1.9092857142857144E-7   -4304771.355794538-18485.651563682593i            1.14319506155083E7
0                         1.6530612244897956E-7    -1.7274489795918368E-7   -5574571.492875038-305012.1769149396i             1.2870262419728702E7
0                         1.6530612244897956E-7    -1.5456122448979592E-7   -5208314.702515785-237775.5763947158i             1.2640210073173687E7
0                         1.6530612244897956E-7    -1.3637755102040816E-7   -4988715.817928909-235172.7731443334i             1.2345693459024986E7
0                         1.6530612244897956E-7    -1.181938775510204E-7    -4749504.091867332-187059.527190472i              1.2076222337990696E7
0                         1.6530612244897956E-7    -1.0001020408163265E-7   -4556481.522288472-121403.41521836554i            1.1776297251952589E7
0                         1.6530612244897956E-7    -8.182653061224489E-8    -4354253.582937944-49388.29458321401i             1.14923673509012E7
0                         1.6530612244897956E-7    -6.364285714285713E-8    -4249320.950646771-45105.12692634773i             1.1523274848066159E7
0                         1.6530612244897956E-7    -4.545918367346937E-8    -4096256.80381508-9697.619017997597i              1.1390338889893573E7
0                         1.6530612244897956E-7    -2.7275510204081612E-8   -3989373.483501819+26362.601737603836i            1.1247226795649827E7
0                         1.6530612244897956E-7    -9.091836734693906E-9    -3817396.4796165223+70591.00315459276i            1.1240697098828627E7
0                         1.6530612244897956E-7    9.091836734693853E-9     -3872273.48442949+907.4105688990094i              1.13002308625785E7
0                         1.6530612244897956E-7    2.7275510204081612E-8    -3968177.2635631277+7964.7536295912i              1.1293021950008607E7
0                         1.6530612244897956E-7    4.5459183673469424E-8    -4068067.177190082-50348.09627203774i             1.1337550231354002E7
0                         1.6530612244897956E-7    6.364285714285713E-8     -4209372.56403724-77334.72883999301i              1.1447843261634713E7
0                         1.6530612244897956E-7    8.182653061224494E-8     -4344141.656719959-100275.30903235899i            1.1566617372680098E7
0                         1.6530612244897956E-7    1.0001020408163265E-7    -4582366.9265508335-146341.12436496036i           1.1714700329853598E7
0                         1.6530612244897956E-7    1.1819387755102046E-7    -4761748.920744402-174175.19927845144i            1.1798008127568841E7
0                         1.6530612244897956E-7    1.3637755102040816E-7    -5031465.79475359-224833.03861566845i             1.2149496633739877E7
0                         1.6530612244897956E-7    1.5456122448979587E-7    -5306359.056430241-278860.3931101626i             1.2496402567657495E7
0                         1.6530612244897956E-7    1.7274489795918368E-7    -5605320.096420666-316248.53372619656i            1.2822875207768027E7
0                         1.6530612244897956E-7    1.909285714285714E-7     -4260153.721577102-750.057919320534i              1.1495789298140507E7
0                         1.6530612244897956E-7    2.091122448979592E-7     -4666761.325242942-178931.02390330777i            1.1758328534959177E7
0                         1.6530612244897956E-7    2.272959183673469E-7     -4904064.52265745-325779.58564130496i             1.176129759566115E7
0                         1.6530612244897956E-7    2.454795918367347E-7     -4934801.415280225-414616.87764593144i            1.1378304140622644E7
0                         1.6530612244897956E-7    2.636632653061224E-7     -4833020.989753081-442756.5230797149i             1.0910827040595874E7
0                         1.6530612244897956E-7    2.8184693877551024E-7    -4693672.220335771-475741.9075107466i             1.0423589404272903E7
0                         1.6530612244897956E-7    3.0003061224489794E-7    -4433412.297550261-485302.9614771042i             9773311.657382676
0                         1.6530612244897956E-7    3.1821428571428575E-7    -4132441.531501785-495770.6672199233i             8998755.77621894
0                         1.6530612244897956E-7    3.3639795918367346E-7    -3740090.5651889998-485150.01829564804i           8091500.326132671
0                         1.6530612244897956E-7    3.5458163265306127E-7    -3173508.0525613306-411223.4291130204i            7099117.253741009
0                         1.6530612244897956E-7    3.72765306122449E-7      -2614551.065718252-350919.3111438422i             6105393.327133263
0                         1.6530612244897956E-7    3.909489795918368E-7     -2104079.189283264-326110.1656366541i             5024235.186586046
0                         1.6530612244897956E-7    4.091326530612245E-7     -1526024.6451331757-262334.88276999135i           4027905.424614411
0                         1.6530612244897956E-7    4.273163265306122E-7     -875589.3780575967-175384.36481845006i            3204139.6248206724
0                         1.6530612244897956E-7    4.455E-7                 -5159.621289854975-1816.4898356358358i            2925931.4139480554
0                         1.8183673469387754E-7    -4.455E-7                30830.069216040225+7546.937393354022i             2899627.4447040884
0                         1.8183673469387754E-7    -4.2731632653061225E-7   -596457.5524411639-60069.097990075825i            3300416.388867908
0                         1.8183673469387754E-7    -4.091326530612245E-7    -1169292.3724571168-103891.67952623699i           4206896.347091268
0                         1.8183673469387754E-7    -3.9094897959183674E-7   -1675661.3574699105-133516.8194574186i            5560970.827956538
0                         1.8183673469387754E-7    -3.72765306122449E-7     -2322161.153831689-225685.7306993989i             6446307.200039721
0                         1.8183673469387754E-7    -3.545816326530612E-7    -2822013.37261827-257191.406190718i               7489915.265676513
0                         1.8183673469387754E-7    -3.3639795918367346E-7   -3289679.881370157-287151.62195316347i            8489330.1645514
0                         1.8183673469387754E-7    -3.1821428571428575E-7   -3725160.680087343-315566.3779867361i             9427634.896569692
0                         1.8183673469387754E-7    -3.0003061224489794E-7   -3923443.8500089445-270087.7017434299i            1.0280689141314631E7
0                         1.8183673469387754E-7    -2.8184693877551024E-7   -3882136.535113683-160196.28881136555i            1.0577890938504683E7
0                         1.8183673469387754E-7    -2.636632653061224E-7    -4058983.2658648673-140208.6824192725i            1.1245098156133754E7
0                         1.8183673469387754E-7    -2.454795918367347E-7    -4177390.75592033-117639.48446935118i             1.1727045950960513E7
0                         1.8183673469387754E-7    -2.2729591836734696E-7   -4055882.9406167716-3027.0548802730627i           1.1908240614454824E7
0                         1.8183673469387754E-7    -2.091122448979592E-7    -3907822.7320832843+72651.79800592177i            1.2098003805053184E7
0                         1.8183673469387754E-7    -1.9092857142857144E-7   -3658114.456010262+180531.8191374913i             1.2034525863803815E7
0                         1.8183673469387754E-7    -1.7274489795918368E-7   -5329006.088309044-132462.31697999837i            1.3565269431521157E7
0                         1.8183673469387754E-7    -1.5456122448979592E-7   -5117341.188076468-110521.1324131036i             1.331657907351708E7
0                         1.8183673469387754E-7    -1.3637755102040816E-7   -4890623.523261543-104969.56008888176i            1.3024429589464782E7
0                         1.8183673469387754E-7    -1.181938775510204E-7    -4675129.691430819-104752.41986722383i            1.2731512145446133E7
0                         1.8183673469387754E-7    -1.0001020408163265E-7   -4470941.79762728-109907.09630815033i             1.2437820258274749E7
0                         1.8183673469387754E-7    -8.182653061224489E-8    -3932250.8361210674+22358.341171836422i           1.2154746322373208E7
0                         1.8183673469387754E-7    -6.364285714285713E-8    -4032611.3759457227+81949.04810059606i            1.2106012159299534E7
0                         1.8183673469387754E-7    -4.545918367346937E-8    -3821958.1782751307+87643.81528945314i            1.2027645511852993E7
0                         1.8183673469387754E-7    -2.7275510204081612E-8   -3753618.646893412+85715.31419224269i             1.2018861153081E7
0                         1.8183673469387754E-7    -9.091836734693906E-9    -3686790.2991362037+83141.60794806616i            1.201519266577709E7
0                         1.8183673469387754E-7    9.091836734693853E-9     -3499242.7787795486+66074.16973653436i            1.169104510887307E7
0                         1.8183673469387754E-7    2.7275510204081612E-8    -3786434.28000546+110441.79617354379i             1.194116784724299E7
0                         1.8183673469387754E-7    4.5459183673469424E-8    -3794684.1401345916+103641.26855346095i           1.1914916796768857E7
0                         1.8183673469387754E-7    6.364285714285713E-8     -3867335.5762208677+83864.30273566845i            1.2048214650769344E7
0                         1.8183673469387754E-7    8.182653061224494E-8     -4002516.322104433+60824.548266242506i            1.2162677478359014E7
0                         1.8183673469387754E-7    1.0001020408163265E-7    -4154750.0841991426+29594.983415485796i           1.2311689120281164E7
0                         1.8183673469387754E-7    1.1819387755102046E-7    -4334749.382208538+39929.55832959176i             1.2374650318067964E7
0                         1.8183673469387754E-7    1.3637755102040816E-7    -4605401.4972521905-11218.242472717538i           1.2727569545220358E7
0                         1.8183673469387754E-7    1.5456122448979587E-7    -4881220.866761998-65728.13900154317i             1.3073791145675372E7
0                         1.8183673469387754E-7    1.7274489795918368E-7    -5162170.001661088-123573.41786050351i            1.3413322857915143E7
0                         1.8183673469387754E-7    1.909285714285714E-7     -3427905.368333739+332043.6092176428i             1.2020256301802538E7
0                         1.8183673469387754E-7    2.091122448979592E-7     -3847891.777305052+144912.79174823407i            1.2215921010483505E7
0                         1.8183673469387754E-7    2.272959183673469E-7     -4287462.7954986775-94803.70924567012i            1.2206530851708556E7
0                         1.8183673469387754E-7    2.454795918367347E-7     -4348087.707328771-180005.0256322506i             1.1849416485941805E7
0                         1.8183673469387754E-7    2.636632653061224E-7     -4245641.091984951-206157.22632722813i            1.1450559551822757E7
0                         1.8183673469387754E-7    2.8184693877551024E-7    -4155805.142894066-230700.89927029947i            1.0847401946273426E7
0                         1.8183673469387754E-7    3.0003061224489794E-7    -3927831.2259147624-260673.90849361976i           1.011068879040438E7
0                         1.8183673469387754E-7    3.1821428571428575E-7    -3659146.465672486-291553.5694933997i             9251379.333229236
0                         1.8183673469387754E-7    3.3639795918367346E-7    -3358398.8554005856-326912.46837447956i           8305964.663919762
0                         1.8183673469387754E-7    3.5458163265306127E-7    -2828146.7369133485-275648.60967858124i           7236679.92284283
0                         1.8183673469387754E-7    3.72765306122449E-7      -2233760.151743393-202845.847658821i              6261163.820429281
0                         1.8183673469387754E-7    3.909489795918368E-7     -1796381.0186368513-185830.10608333247i           5163646.579018654
0                         1.8183673469387754E-7    4.091326530612245E-7     -1224492.0048110252-131962.57105945516i           4110667.186019376
0                         1.8183673469387754E-7    4.273163265306122E-7     -628503.3221946509-72341.46607679984i             3261685.665464735
0                         1.8183673469387754E-7    4.455E-7                 -30830.06921603208-7546.937393352829i             2854365.785458583
0                         1.9836734693877549E-7    -4.455E-7                12026.596845455428+5494.058568724946i             3039159.2552480237
0                         1.9836734693877549E-7    -4.2731632653061225E-7   -382824.2044488343+31716.121874369197i            3315496.33368403
0                         1.9836734693877549E-7    -4.091326530612245E-7    -917587.7810871727-9056.720945339082i             4253363.214506024
0                         1.9836734693877549E-7    -3.9094897959183674E-7   -1423471.6917741625-37768.12899322293i            5579995.171859695
0                         1.9836734693877549E-7    -3.72765306122449E-7     -2015744.675972667-99411.38298904849i             6559286.924942007
0                         1.9836734693877549E-7    -3.545816326530612E-7    -2479587.616588717-109496.6229634686i             7686093.085320072
0                         1.9836734693877549E-7    -3.3639795918367346E-7   -2911244.8471700703-118036.40320901587i           8772904.837627394
0                         1.9836734693877549E-7    -3.1821428571428575E-7   -2953385.383087403-28466.19591113405i             9343080.077461075
0                         1.9836734693877549E-7    -3.0003061224489794E-7   -3369363.1309309155-31848.715915468554i           1.0153700213921515E7
0                         1.9836734693877549E-7    -2.8184693877551024E-7   -3726016.069537134-119305.98134689416i            1.1536678538339464E7
0                         1.9836734693877549E-7    -2.636632653061224E-7    -3686064.1802343153-19359.667575700398i           1.1978203164668372E7
0                         1.9836734693877549E-7    -2.454795918367347E-7    -3607292.9613107285+72430.41544646514i            1.2267071809083818E7
0                         1.9836734693877549E-7    -2.2729591836734696E-7   -3425021.8729864797+191200.29664728418i           1.2461891739678323E7
0                         1.9836734693877549E-7    -2.091122448979592E-7    -3199534.2149078497+311792.7200736412i            1.2581994219733965E7
0                         1.9836734693877549E-7    -1.9092857142857144E-7   -3010050.1343132723+384178.7830041569i            1.2637783219721876E7
0                         1.9836734693877549E-7    -1.7274489795918368E-7   -4425876.853114734+240827.90353008866i            1.3690986329435071E7
0                         1.9836734693877549E-7    -1.5456122448979592E-7   -4368183.87037568+197651.93523291266i             1.3524775973586664E7
0                         1.9836734693877549E-7    -1.3637755102040816E-7   -4289403.975361773+157810.69446280552i            1.3336246941585358E7
0                         1.9836734693877549E-7    -1.181938775510204E-7    -4187538.395860597+121740.80335022876i            1.3122124038847454E7
0                         1.9836734693877549E-7    -1.0001020408163265E-7   -4060346.7724714745+89942.33400579137i            1.2879316210904837E7
0                         1.9836734693877549E-7    -8.182653061224489E-8    -3706690.992855149+186937.99648654994i            1.2851247738107884E7
0                         1.9836734693877549E-7    -6.364285714285713E-8    -3514548.2376303915+221938.76062428372i           1.2638649194950908E7
0                         1.9836734693877549E-7    -4.545918367346937E-8    -3484569.7088935077+222999.49848958265i           1.2587839355859846E7
0                         1.9836734693877549E-7    -2.7275510204081612E-8   -3452777.1842951067+225109.50378155173i           1.253954148223396E7
0                         1.9836734693877549E-7    -9.091836734693906E-9    -3412687.48066906+222267.49166216885i             1.2537641026145423E7
0                         1.9836734693877549E-7    9.091836734693853E-9     -3248539.7642405275+215959.37285376783i           1.2184691547898512E7
0                         1.9836734693877549E-7    2.7275510204081612E-8    -3252497.176223684+203878.54297650466i            1.2199775491841331E7
0                         1.9836734693877549E-7    4.5459183673469424E-8    -3255251.641550809+192562.05438646302i            1.2223756122804662E7
0                         1.9836734693877549E-7    6.364285714285713E-8     -3525298.588404495+245063.33431132988i            1.2666993984233815E7
0                         1.9836734693877549E-7    8.182653061224494E-8     -3801692.1904228637+182413.8684973225i            1.2953702885271186E7
0                         1.9836734693877549E-7    1.0001020408163265E-7    -3641612.3914698055+302028.4061707934i            1.2622653866958357E7
0                         1.9836734693877549E-7    1.1819387755102046E-7    -3908003.103561473+253774.31580429245i            1.2985442547103142E7
0                         1.9836734693877549E-7    1.3637755102040816E-7    -4179589.791299408+202138.53692905104i            1.333989954912839E7
0                         1.9836734693877549E-7    1.5456122448979587E-7    -4406512.376004042+217394.7817618053i             1.3663305979202477E7
0                         1.9836734693877549E-7    1.7274489795918368E-7    -4616737.067823288+189305.72441387316i            1.3943175688277727E7
0                         1.9836734693877549E-7    1.909285714285714E-7     -2822393.194027215+464481.03273236053i            1.255800225708716E7
0                         1.9836734693877549E-7    2.091122448979592E-7     -3155470.411955268+343925.71952797286i            1.2699518227137746E7
0                         1.9836734693877549E-7    2.272959183673469E-7     -3434425.571651852+221946.10011097655i            1.2416870307905197E7
0                         1.9836734693877549E-7    2.454795918367347E-7     -3761129.380072864+25126.81656918471i             1.2369111468163628E7
0                         1.9836734693877549E-7    2.636632653061224E-7     -3677082.538268032-10601.838680355664i            1.1909963589772968E7
0                         1.9836734693877549E-7    2.8184693877551024E-7    -3549768.3022141727-41577.841035700985i           1.1224482851236906E7
0                         1.9836734693877549E-7    3.0003061224489794E-7    -3396779.39982706-80815.62874874496i              1.0404892686591463E7
0                         1.9836734693877549E-7    3.1821428571428575E-7    -3218115.831106692-128315.20181948785i            9460705.150970887
0                         1.9836734693877549E-7    3.3639795918367346E-7    -2953747.331967937-161513.69501807308i            8442577.239120249
0                         1.9836734693877549E-7    3.5458163265306127E-7    -2477253.063937808-131307.88003206113i            7333593.018632609
0                         1.9836734693877549E-7    3.72765306122449E-7      -1986511.4563173926-97853.34394778157i            6409685.971691404
0                         1.9836734693877549E-7    3.909489795918368E-7     -1454811.9827849623-32799.94089002421i            5295811.076010477
0                         1.9836734693877549E-7    4.091326530612245E-7     -922959.3644888744-1590.2593489191495i            4164963.5769178034
0                         1.9836734693877549E-7    4.273163265306122E-7     -413530.8181297877+19186.037113431434i            3320901.6243257304
0                         1.9836734693877549E-7    4.455E-7                 -12026.596845450527-5494.058568725345i            3085615.173625945
0                         2.1489795918367344E-7    -4.455E-7                4920.890151831779+2869.72467447242i               3135116.368758288
0                         2.1489795918367344E-7    -4.2731632653061225E-7   -426751.55016789824+1781.3647683097852i           3401334.1888929764
0                         2.1489795918367344E-7    -4.091326530612245E-7    -818798.5574921959+11380.9305027218i              4185068.283210216
0                         2.1489795918367344E-7    -3.9094897959183674E-7   -1242628.1228230495+12202.780939660443i           5560976.509107726
0                         2.1489795918367344E-7    -3.72765306122449E-7     -1777957.3611884601-34245.14133538757i            6641046.124842992
0                         2.1489795918367344E-7    -3.545816326530612E-7    -1987687.597917019+66396.3053889813i              7668906.031746992
0                         2.1489795918367344E-7    -3.3639795918367346E-7   -2272664.6751445117+88045.2804118037i             8689473.908937803
0                         2.1489795918367344E-7    -3.1821428571428575E-7   -2537494.9146600547+104549.6020920027i            9628680.708879806
0                         2.1489795918367344E-7    -3.0003061224489794E-7   -2868095.161020059+111538.96639384197i            1.0529095852543877E7
0                         2.1489795918367344E-7    -2.8184693877551024E-7   -2914009.7085811403+211468.26973421895i           1.168787615851991E7
0                         2.1489795918367344E-7    -2.636632653061224E-7    -3015394.3719314327+210641.1012211496i            1.2269109162223587E7
0                         2.1489795918367344E-7    -2.454795918367347E-7    -2917994.4888141113+315697.9457804697i            1.2621604922418319E7
0                         2.1489795918367344E-7    -2.2729591836734696E-7   -2780016.653646598+415734.0444625347i             1.297700101040989E7
0                         2.1489795918367344E-7    -2.091122448979592E-7    -2419200.351501623+581949.6251161862i             1.3008753515800009E7
0                         2.1489795918367344E-7    -1.9092857142857144E-7   -2067085.2422082732+700669.4197272989i            1.3058090960291306E7
0                         2.1489795918367344E-7    -1.7274489795918368E-7   -1653540.5188590158+812842.4205121351i            1.2753553062674658E7
0                         2.1489795918367344E-7    -1.5456122448979592E-7   -3851259.6763119604+407491.7400733075i            1.3926805886284834E7
0                         2.1489795918367344E-7    -1.3637755102040816E-7   -3727466.7854867377+384943.7024113035i            1.3704937085626254E7
0                         2.1489795918367344E-7    -1.181938775510204E-7    -3576839.8259083093+367681.2018430815i            1.3453111082434636E7
0                         2.1489795918367344E-7    -1.0001020408163265E-7   -3249872.2554146214+431915.472039824i             1.3435143600896979E7
0                         2.1489795918367344E-7    -8.182653061224489E-8    -3192331.5139343515+381031.6143818188i            1.3346718369365089E7
0                         2.1489795918367344E-7    -6.364285714285713E-8    -3174016.2165153967+372786.56086234184i           1.310781115838823E7
0                         2.1489795918367344E-7    -4.545918367346937E-8    -3045036.1161158276+371476.1560270858i            1.2973719787322495E7
0                         2.1489795918367344E-7    -2.7275510204081612E-8   -3013846.3581180293+373211.98994249833i           1.2922104817356244E7
0                         2.1489795918367344E-7    -9.091836734693906E-9    -3020089.900595739+365063.9292871385i             1.2934704834833127E7
0                         2.1489795918367344E-7    9.091836734693853E-9     -3059789.397784005+361883.4754329342i             1.2965846036935447E7
0                         2.1489795918367344E-7    2.7275510204081612E-8    -3098523.5405413928+359521.3354480702i            1.3004824938986778E7
0                         2.1489795918367344E-7    4.5459183673469424E-8    -3136292.328867903+357977.5093325485i             1.3051570338429006E7
0                         2.1489795918367344E-7    6.364285714285713E-8     -3173095.762763535+357251.9970863678i             1.3106111834737543E7
0                         2.1489795918367344E-7    8.182653061224494E-8     -3414633.9963409617+281536.5775240616i            1.3371785059297215E7
0                         2.1489795918367344E-7    1.0001020408163265E-7    -3205917.6714530536+479024.2431444932i            1.3141692435912985E7
0                         2.1489795918367344E-7    1.1819387755102046E-7    -3467258.5393545134+445803.60835404554i           1.3446834001157861E7
0                         2.1489795918367344E-7    1.3637755102040816E-7    -3721843.2953815474+411149.0366719819i            1.3753524271839973E7
0                         2.1489795918367344E-7    1.5456122448979587E-7    -3969573.183644283+375329.0180601408i             1.4058123709192941E7
0                         2.1489795918367344E-7    1.7274489795918368E-7    -1884071.6983598066+718106.1117418106i            1.293601038392384E7
0                         2.1489795918367344E-7    1.909285714285714E-7     -2214021.5310268835+631436.4720188089i            1.3098226083934385E7
0                         2.1489795918367344E-7    2.091122448979592E-7     -2550699.9437040356+505556.7904538803i            1.3163823009123327E7
0                         2.1489795918367344E-7    2.272959183673469E-7     -2835342.9326381744+377452.603112463i             1.2956717202347493E7
0                         2.1489795918367344E-7    2.454795918367347E-7     -2913239.554249556+322595.76565125864i            1.2588732326238899E7
0                         2.1489795918367344E-7    2.636632653061224E-7     -2978717.976060818+212084.7309162436i             1.2194966832992734E7
0                         2.1489795918367344E-7    2.8184693877551024E-7    -3004108.421672947+141126.39010056504i            1.1574258999755088E7
0                         2.1489795918367344E-7    3.0003061224489794E-7    -2874018.192461527+89037.44587691408i             1.0661886645381697E7
0                         2.1489795918367344E-7    3.1821428571428575E-7    -2718253.2969168574+28686.71629556222i            9625909.79062736
0                         2.1489795918367344E-7    3.3639795918367346E-7    -2406201.6564099286+22571.666956710164i           8567244.262131324
0                         2.1489795918367344E-7    3.5458163265306127E-7    -2091198.1873115173+7100.255022158381i            7412149.99912591
0                         2.1489795918367344E-7    3.72765306122449E-7      -1659375.2181480718+22749.85538851923i            6437721.35520087
0                         2.1489795918367344E-7    3.909489795918368E-7     -1184742.1333867488+26348.26011016185i            5380730.352700834
0                         2.1489795918367344E-7    4.091326530612245E-7     -757435.1789878716+37897.59661929263i             4180077.1406797557
0                         2.1489795918367344E-7    4.273163265306122E-7     -358977.4326920353+28894.45042016724i             3426785.5494820736
0                         2.1489795918367344E-7    4.455E-7                 -4920.89015183041-2869.724674474283i              3186528.775956668
0                         2.3142857142857141E-7    -4.455E-7                -23599.983194056807-8533.203073093506i            3058077.5591586153
0                         2.3142857142857141E-7    -4.2731632653061225E-7   -380332.00751382986+17873.99005446212i            3369318.8040993316
0                         2.3142857142857141E-7    -4.091326530612245E-7    -739229.8097930979+39620.50071638393i             4248114.069202141
0                         2.3142857142857141E-7    -3.9094897959183674E-7   -1120653.5314287539+44514.091927341535i           5669401.053187047
0                         2.3142857142857141E-7    -3.72765306122449E-7     -1382863.9636743935+123189.5863839677i            6660970.991548981
0                         2.3142857142857141E-7    -3.545816326530612E-7    -1649257.6289057794+166459.5109636485i            7801798.202642647
0                         2.3142857142857141E-7    -3.3639795918367346E-7   -1895504.4564252165+204584.78220070587i           8874829.18736605
0                         2.3142857142857141E-7    -3.1821428571428575E-7   -2240492.47369708+212649.02417991872i             9846548.854553288
0                         2.3142857142857141E-7    -3.0003061224489794E-7   -2366827.1911092005+254926.648703153i             1.0851780020806633E7
0                         2.3142857142857141E-7    -2.8184693877551024E-7   -2408689.265696752+341450.1318698544i             1.1959362320989322E7
0                         2.3142857142857141E-7    -2.636632653061224E-7    -2360645.3254753635+445880.54832678975i           1.2552460987482794E7
0                         2.3142857142857141E-7    -2.454795918367347E-7    -2295718.758162629+538799.2477743153i             1.2975020536279185E7
0                         2.3142857142857141E-7    -2.2729591836734696E-7   -2135011.434306713+640267.7922777869i             1.3469290589273605E7
0                         2.3142857142857141E-7    -2.091122448979592E-7    -1895422.8671376077+731830.4003540289i            1.3588559186336514E7
0                         2.3142857142857141E-7    -1.9092857142857144E-7   -1539033.4077198599+871574.6500390285i            1.3666967877771875E7
0                         2.3142857142857141E-7    -1.7274489795918368E-7   -1141917.1442057719+965177.3162920325i            1.3496098098317713E7
0                         2.3142857142857141E-7    -1.5456122448979592E-7   -3293951.2832989576+637888.8717151899i            1.4333076889088368E7
0                         2.3142857142857141E-7    -1.3637755102040816E-7   -3170239.766518208+622605.8304842899i             1.405052642844533E7
0                         2.3142857142857141E-7    -1.181938775510204E-7    -2977309.8571877824+616859.4547303272i            1.38989129401317E7
0                         2.3142857142857141E-7    -1.0001020408163265E-7   -2757884.6905590435+611693.465244821i             1.3710190110870533E7
0                         2.3142857142857141E-7    -8.182653061224489E-8    -2745740.106041244+561635.4337767363i             1.3659334294979764E7
0                         2.3142857142857141E-7    -6.364285714285713E-8    -2710424.8785274928+548095.1131659825i            1.3473750930683631E7
0                         2.3142857142857141E-7    -4.545918367346937E-8    -2635052.023253246+562855.7409535997i             1.3370405990497945E7
0                         2.3142857142857141E-7    -2.7275510204081612E-8   -2586735.73818639+511792.95111669064i             1.3300536968960693E7
0                         2.3142857142857141E-7    -9.091836734693906E-9    -2627492.320522416+507860.3669121091i             1.3326761700144172E7
0                         2.3142857142857141E-7    9.091836734693853E-9     -2667283.5484275585+504746.0965768696i            1.3360052769366838E7
0                         2.3142857142857141E-7    2.7275510204081612E-8    -2763049.790147544+511360.0727877933i             1.3368983175843935E7
0                         2.3142857142857141E-7    4.5459183673469424E-8    -2790760.0533066383+517732.0916729962i            1.3378162370171865E7
0                         2.3142857142857141E-7    6.364285714285713E-8     -2817143.8277106546+525693.392945453i             1.339576156470205E7
0                         2.3142857142857141E-7    8.182653061224494E-8     -2801710.5900441613+560356.4924940594i            1.3666940111150509E7
0                         2.3142857142857141E-7    1.0001020408163265E-7    -2998945.424448051+512255.03151730855i            1.378486269691664E7
0                         2.3142857142857141E-7    1.1819387755102046E-7    -3094623.488578096+550403.930706358i              1.3976239685069948E7
0                         2.3142857142857141E-7    1.3637755102040816E-7    -3210515.0917637087+597775.568941562i             1.4129856450624302E7
0                         2.3142857142857141E-7    1.5456122448979587E-7    -3495270.4632399622+551258.5148279564i            1.4455391352144122E7
0                         2.3142857142857141E-7    1.7274489795918368E-7    -1261822.6013983577+889224.7836273108i            1.3506628156132722E7
0                         2.3142857142857141E-7    1.909285714285714E-7     -1605640.7307439973+798394.8257122255i            1.3617305754550721E7
0                         2.3142857142857141E-7    2.091122448979592E-7     -1920482.358422793+680143.9602391564i             1.3569263080768522E7
0                         2.3142857142857141E-7    2.272959183673469E-7     -2184764.99874035+579397.593964328i               1.3372728984457025E7
0                         2.3142857142857141E-7    2.454795918367347E-7     -2307728.0734183425+509535.96151328285i           1.2972676042366503E7
0                         2.3142857142857141E-7    2.636632653061224E-7     -2439383.939583604+405879.4361695308i             1.2490572252064288E7
0                         2.3142857142857141E-7    2.8184693877551024E-7    -2438093.2488210397+309655.46116443304i           1.1779973266137334E7
0                         2.3142857142857141E-7    3.0003061224489794E-7    -2429857.354255031+214389.92968627284i            1.093349463441792E7
0                         2.3142857142857141E-7    3.1821428571428575E-7    -2398305.6091964403+108854.16972918293i           9958479.620597072
0                         2.3142857142857141E-7    3.3639795918367346E-7    -1871157.7391047655+201603.9376998269i            8692879.303008242
0                         2.3142857142857141E-7    3.5458163265306127E-7    -1660101.1173508624+156436.79824488936i           7561912.726701224
0                         2.3142857142857141E-7    3.72765306122449E-7      -1489027.4144425117+57188.50347142853i            6571351.750735431
0                         2.3142857142857141E-7    3.909489795918368E-7     -1093604.2131902608+62222.35943237081i            5460834.082340327
0                         2.3142857142857141E-7    4.091326530612245E-7     -701258.0485672485+60395.94964265451i             4232310.127226781
0                         2.3142857142857141E-7    4.273163265306122E-7     -337524.0362862438+38170.78675252653i             3391367.613302116
0                         2.3142857142857141E-7    4.455E-7                 23599.98319406038+8533.203073092576i              3137360.648935879
0                         2.4795918367346934E-7    -4.455E-7                -10329.645585018581-4587.522714450559i            2927914.9697298217
0                         2.4795918367346934E-7    -4.2731632653061225E-7   -333912.4648597622+33966.61534061447i             3300840.5434286674
0                         2.4795918367346934E-7    -4.091326530612245E-7    -659661.0620940004+67860.07093004584i             4290516.494317839
0                         2.4795918367346934E-7    -3.9094897959183674E-7   -916671.5577476672+129868.74466068731i            5711449.031038516
0                         2.4795918367346934E-7    -3.72765306122449E-7     -1083164.2443712116+206776.49574439944i           6678066.318124844
0                         2.4795918367346934E-7    -3.545816326530612E-7    -1310827.6598945418+266522.7165383154i            7875656.351961464
0                         2.4795918367346934E-7    -3.3639795918367346E-7   -1518344.2377059218+321124.28398960846i           9006136.951499136
0                         2.4795918367346934E-7    -3.1821428571428575E-7   -1769117.6345138429+344811.2728627175i            1.0069933061337313E7
0                         2.4795918367346934E-7    -3.0003061224489794E-7   -1865559.2211983437+398314.3310124635i            1.1115701772077011E7
0                         2.4795918367346934E-7    -2.8184693877551024E-7   -1948399.228871693+446057.32921881386i            1.2416518525616756E7
0                         2.4795918367346934E-7    -2.636632653061224E-7    -1834610.067092193+585125.0835865117i             1.2836696524480684E7
0                         2.4795918367346934E-7    -2.454795918367347E-7    -1748968.6842806693+687306.4561581252i            1.333690398805279E7
0                         2.4795918367346934E-7    -2.2729591836734696E-7   -1625219.2372677391+777350.9963582985i            1.3695838639135825E7
0                         2.4795918367346934E-7    -2.091122448979592E-7    -1390519.2597445203+868231.7722126208i            1.409721556568941E7
0                         2.4795918367346934E-7    -1.9092857142857144E-7   -1081729.416519684+957250.7378864941i             1.4249504386980815E7
0                         2.4795918367346934E-7    -1.7274489795918368E-7   -816369.9451550854+996123.1340536207i             1.4054265927040974E7
0                         2.4795918367346934E-7    -1.5456122448979592E-7   -565217.8440024782+1002812.1632029414i            1.363890924999282E7
0                         2.4795918367346934E-7    -1.3637755102040816E-7   -2730906.6936539393+784926.329382024i             1.4378674013691157E7
0                         2.4795918367346934E-7    -1.181938775510204E-7    -2500333.1642463487+793296.142738149i             1.4198814397879425E7
0                         2.4795918367346934E-7    -1.0001020408163265E-7   -2396354.9725003075+756925.1043812204i            1.3963359922931168E7
0                         2.4795918367346934E-7    -8.182653061224489E-8    -2299297.9886724367+742173.9417978748i            1.3971867474319644E7
0                         2.4795918367346934E-7    -6.364285714285713E-8    -2246833.540539595+723403.6654696194i             1.3839716173729403E7
0                         2.4795918367346934E-7    -4.545918367346937E-8    -2387506.1291467855+664252.5250232802i            1.3701670190069862E7
0                         2.4795918367346934E-7    -2.7275510204081612E-8   -2200456.2929277527+649548.7675190882i            1.361854753779168E7
0                         2.4795918367346934E-7    -9.091836734693906E-9    -2231716.7316797758+651615.0667149088i            1.3606666312961608E7
0                         2.4795918367346934E-7    9.091836734693853E-9     -2261650.6816767184+655270.6482979846i            1.360218718205965E7
0                         2.4795918367346934E-7    2.7275510204081612E-8    -2290258.1429185774+660515.5122683153i            1.3605178191971034E7
0                         2.4795918367346934E-7    4.5459183673469424E-8    -2317539.1154053537+667349.6586259033i            1.3615796740536446E7
0                         2.4795918367346934E-7    6.364285714285713E-8     -2343493.5991370524+675773.0873707448i            1.3634288601930076E7
0                         2.4795918367346934E-7    8.182653061224494E-8     -2343144.8665745156+721936.1066674325i            1.3882252309509162E7
0                         2.4795918367346934E-7    1.0001020408163265E-7    -2453129.484780913+717810.9593399321i             1.4016729950008348E7
0                         2.4795918367346934E-7    1.1819387755102046E-7    -2603640.517672311+735973.996825704i              1.425591262848923E7
0                         2.4795918367346934E-7    1.3637755102040816E-7    -2712508.5873348378+765546.5432460324i            1.4472244205353504E7
0                         2.4795918367346934E-7    1.5456122448979587E-7    -184235.05419201497+1121170.907161435i            1.3663543653889542E7
0                         2.4795918367346934E-7    1.7274489795918368E-7    -626553.4888679846+1072787.0097496551i            1.3939001553594574E7
0                         2.4795918367346934E-7    1.909285714285714E-7     -1022015.6367839333+968097.3721373407i            1.4109688222679688E7
0                         2.4795918367346934E-7    2.091122448979592E-7     -1405098.6266052413+841778.9084651504i            1.4065122581761647E7
0                         2.4795918367346934E-7    2.272959183673469E-7     -1562560.9546474828+776464.8638313183i            1.3768834884119568E7
0                         2.4795918367346934E-7    2.454795918367347E-7     -1734842.882701336+676309.1124844998i             1.3403541135664897E7
0                         2.4795918367346934E-7    2.636632653061224E-7     -1852682.56259393+584283.3153287312i              1.2725808286623264E7
0                         2.4795918367346934E-7    2.8184693877551024E-7    -1916564.3170116225+473693.9330707513i            1.1923187549753452E7
0                         2.4795918367346934E-7    3.0003061224489794E-7    -1942504.1738025448+359900.8402514887i            1.100306125313976E7
0                         2.4795918367346934E-7    3.1821428571428575E-7    -1715970.074682837+347509.4750336944i             1.0098305291310582E7
0                         2.4795918367346934E-7    3.3639795918367346E-7    -1537315.4065152246+291554.50828330894i           8915662.50794518
0                         2.4795918367346934E-7    3.5458163265306127E-7    -1361258.5610648876+233676.01943079245i           7725567.4209166905
0                         2.4795918367346934E-7    3.72765306122449E-7      -1153776.9525081199+191873.26190188632i           6663450.024376631
0                         2.4795918367346934E-7    3.909489795918368E-7     -1002466.2929937728+98096.4587545793i             5520170.341152697
0                         2.4795918367346934E-7    4.091326530612245E-7     -645080.9181466254+82894.30266601685i             4257084.261466277
0                         2.4795918367346934E-7    4.273163265306122E-7     -316070.6398804521+47447.123084886174i            3312350.892160939
0                         2.4795918367346934E-7    4.455E-7                 10329.645585021633+4587.522714449877i             3010388.2867888175
0                         2.644897959183673E-7     -4.455E-7                2940.692024021504-641.842355807974i               2754826.670049391
0                         2.644897959183673E-7     -4.2731632653061225E-7   -287492.9222056932+50059.240626766616i            3204289.011780606
0                         2.644897959183673E-7     -4.091326530612245E-7    -479539.2408582866+131690.82487670507i            4275628.353358382
0                         2.644897959183673E-7     -3.9094897959183674E-7   -668412.7702819216+204076.0608807324i             5687114.397737774
0                         2.644897959183673E-7     -3.72765306122449E-7     -850019.2295060379+273622.15064320195i            6760766.574734077
0                         2.644897959183673E-7     -3.545816326530612E-7    -972397.6908833027+366585.9221129823i             7891981.691659022
0                         2.644897959183673E-7     -3.3639795918367346E-7   -1141184.0189866286+437663.7857785099i            9084437.072142951
0                         2.644897959183673E-7     -3.1821428571428575E-7   -1297742.795330606+476973.5215455156i             1.0230143271242335E7
0                         2.644897959183673E-7     -3.0003061224489794E-7   -1364291.251287486+541702.0133217742i             1.1317475633570286E7
0                         2.644897959183673E-7     -2.8184693877551024E-7   -1364913.710275599+622443.2288445707i             1.2401065780509949E7
0                         2.644897959183673E-7     -2.636632653061224E-7    -1308574.808709017+724369.6188462351i             1.3054656927717242E7
0                         2.644897959183673E-7     -2.454795918367347E-7    -1202218.610398708+835813.6645419358i             1.3634324345166167E7
0                         2.644897959183673E-7     -2.2729591836734696E-7   -1081994.3832718874+890335.2483110292i            1.4103441317110721E7
0                         2.644897959183673E-7     -2.091122448979592E-7    -903574.8777238224+961409.0932934135i             1.4504060421631476E7
0                         2.644897959183673E-7     -1.9092857142857144E-7   -616495.9589411159+1045103.8908720417i            1.4735523456350597E7
0                         2.644897959183673E-7     -1.7274489795918368E-7   -331921.91884802736+1092878.9938060702i           1.4612858189102871E7
0                         2.644897959183673E-7     -1.5456122448979592E-7   -48768.936315223225+1114198.3578683832i           1.4329113276218401E7
0                         2.644897959183673E-7     -1.3637755102040816E-7   260366.79757643776+1111268.5296416199i            1.3950080220318295E7
0                         2.644897959183673E-7     -1.181938775510204E-7    -1998737.8866243847+981344.7168017472i            1.4492520864030052E7
0                         2.644897959183673E-7     -1.0001020408163265E-7   -1951071.8575807419+937415.7560002399i            1.4282850370698895E7
0                         2.644897959183673E-7     -8.182653061224489E-8    -1762095.9521728577+961902.0508836098i            1.4256530055831928E7
0                         2.644897959183673E-7     -6.364285714285713E-8    -1874715.056698787+859088.5183536503i             1.4062343470492002E7
0                         2.644897959183673E-7     -4.545918367346937E-8    -1960684.6475222048+779502.669826298i             1.3825700416830964E7
0                         2.644897959183673E-7     -2.7275510204081612E-8   -1869618.077346331+798104.4231053975i             1.3918101536596486E7
0                         2.644897959183673E-7     -9.091836734693906E-9    -1759783.6657954422+799846.2512506631i            1.382673284994015E7
0                         2.644897959183673E-7     9.091836734693853E-9     -1789288.32512007+803963.9603061222i              1.3824867105404347E7
0                         2.644897959183673E-7     2.7275510204081612E-8    -1817466.495689611+809670.9517488377i             1.3830024643879065E7
0                         2.644897959183673E-7     4.5459183673469424E-8    -1844318.1775040692+816967.2255788102i            1.384234737579374E7
0                         2.644897959183673E-7     6.364285714285713E-8     -1922386.3544684628+829209.044316564i             1.3575896956064356E7
0                         2.644897959183673E-7     8.182653061224494E-8     -1902164.8099455999+876972.2591009213i            1.409839124929162E7
0                         2.644897959183673E-7     1.0001020408163265E-7    -1894185.1922487381+944758.8197094235i            1.431471922327559E7
0                         2.644897959183673E-7     1.1819387755102046E-7    -2064511.6698518093+943438.9913853332i            1.4515952877082463E7
0                         2.644897959183673E-7     1.3637755102040816E-7    403384.038614694+1138706.3483127775i              1.39886467633716E7
0                         2.644897959183673E-7     1.5456122448979587E-7    -87878.05231884355+1114555.9268322205i            1.4362344516149018E7
0                         2.644897959183673E-7     1.7274489795918368E-7    -402086.7257635873+1097537.5752389883i            1.4489787919092126E7
0                         2.644897959183673E-7     1.909285714285714E-7     -653528.7102971675+1066953.9768446714i            1.4586960344165398E7
0                         2.644897959183673E-7     2.091122448979592E-7     -766202.01925073+1048973.252337101i               1.4470889161204416E7
0                         2.644897959183673E-7     2.272959183673469E-7     -940356.9105546232+973532.1336983043i             1.4099624568813926E7
0                         2.644897959183673E-7     2.454795918367347E-7     -1121855.8377510244+869401.636756835i             1.3631849120502125E7
0                         2.644897959183673E-7     2.636632653061224E-7     -1265981.1856042538+762687.1944879317i            1.2881495614894837E7
0                         2.644897959183673E-7     2.8184693877551024E-7    -1395035.3852022046+637732.4049770697i            1.1982981119026337E7
0                         2.644897959183673E-7     3.0003061224489794E-7    -1334486.00389447+570316.0705954604i              1.1144302698041253E7
0                         2.644897959183673E-7     3.1821428571428575E-7    -1284273.6099018112+480170.8354057522i            1.0194014522139758E7
0                         2.644897959183673E-7     3.3639795918367346E-7    -1203473.0739256896+381505.07886678923i           9089429.560570488
0                         2.644897959183673E-7     3.5458163265306127E-7    -1062416.004778911+310915.2406166957i             7837146.676421856
0                         2.644897959183673E-7     3.72765306122449E-7      -890286.6033633595+255926.36566002533i            6715198.331277732
0                         2.644897959183673E-7     3.909489795918368E-7     -724742.7240125892+194320.97239002876i            5520742.86564026
0                         2.644897959183673E-7     4.091326530612245E-7     -588903.7877260023+105392.65568937844i            4263014.895117861
0                         2.644897959183673E-7     4.273163265306122E-7     -294617.24347465986+56723.459417245525i           3197511.207268811
0                         2.644897959183673E-7     4.455E-7                 -2940.6920240171576+641.8423558071623i            2835888.777083406
0                         2.810204081632653E-7     -4.455E-7                16211.029633059276+3303.8380028347856i            2548514.033344616
0                         2.810204081632653E-7     -4.2731632653061225E-7   -128696.81900401475+93085.90844806883i            3085232.4757956513
0                         2.810204081632653E-7     -4.091326530612245E-7    -269493.7282951885+193013.10595064727i            4197058.079513653
0                         2.810204081632653E-7     -3.9094897959183674E-7   -420153.98281617655+278283.3771007768i            5612194.366441057
0                         2.810204081632653E-7     -3.72765306122449E-7     -563330.4922057625+360843.726344251i              6715021.696324698
0                         2.810204081632653E-7     -3.545816326530612E-7    -633967.7218720638+466649.12768764945i            7854813.645245746
0                         2.810204081632653E-7     -3.3639795918367346E-7   -787726.7253339379+520469.57563503325i            9111829.805187467
0                         2.810204081632653E-7     -3.1821428571428575E-7   -826367.9561473685+609135.7702283144i             1.0326195150109328E7
0                         2.810204081632653E-7     -3.0003061224489794E-7   -863023.281376627+685089.6956310852i              1.1455899859828217E7
0                         2.810204081632653E-7     -2.8184693877551024E-7   -842333.8316896379+773031.680601113i              1.2423410284268104E7
0                         2.810204081632653E-7     -2.636632653061224E-7    -782539.5503258421+863614.1541059588i             1.3204179952563727E7
0                         2.810204081632653E-7     -2.454795918367347E-7    -708730.6643645484+923767.4004610302i             1.3819699503502404E7
0                         2.810204081632653E-7     -2.2729591836734696E-7   -538769.5292760311+1003319.50026376i              1.4430483574450929E7
0                         2.810204081632653E-7     -2.091122448979592E-7    -370786.75169362256+1064296.6000792626i           1.4866164961578365E7
0                         2.810204081632653E-7     -1.9092857142857144E-7   -143294.04208904447+1135200.392394588i            1.512063922138468E7
0                         2.810204081632653E-7     -1.7274489795918368E-7   160828.2561685323+1192097.0256514894i             1.506734420746971E7
0                         2.810204081632653E-7     -1.5456122448979592E-7   477766.04165032855+1225568.0667473713i            1.4899384993572272E7
0                         2.810204081632653E-7     -1.3637755102040816E-7   827985.0165206149+1235946.3152022357i             1.4621418025489794E7
0                         2.810204081632653E-7     -1.181938775510204E-7    1202264.6798545406+1217037.4834758337i            1.4179830212683132E7
0                         2.810204081632653E-7     -1.0001020408163265E-7   -1340223.3959866408+1144107.0081294593i           1.4540055726890152E7
0                         2.810204081632653E-7     -8.182653061224489E-8    -1412242.775030363+1058183.0723765886i            1.4402373451692566E7
0                         2.810204081632653E-7     -6.364285714285713E-8    -1456378.7638008937+973200.0170531133i            1.4220747526080262E7
0                         2.810204081632653E-7     -4.545918367346937E-8    -1363421.8609734736+958481.5682176806i            1.4135319752001483E7
0                         2.810204081632653E-7     -2.7275510204081612E-8   -1434037.6075111562+929546.2286031996i            1.4094712404714061E7
0                         2.810204081632653E-7     -9.091836734693906E-9    -1434153.070968579+937276.6551335659i             1.4053041088682491E7
0                         2.810204081632653E-7     9.091836734693853E-9     -1316925.9685634188+952657.2723142607i            1.403465038438365E7
0                         2.810204081632653E-7     2.7275510204081612E-8    -1344674.8484606408+958826.3912293613i            1.4042145496148339E7
0                         2.810204081632653E-7     4.5459183673469424E-8    -1371097.239602783+966584.7925317173i             1.4056407935764236E7
0                         2.810204081632653E-7     6.364285714285713E-8     -1396103.8677123156+988025.648857095i             1.3902891606865095E7
0                         2.810204081632653E-7     8.182653061224494E-8     -1477475.4138277648+1025953.3510535338i           1.4312828088347076E7
0                         2.810204081632653E-7     1.0001020408163265E-7    -1488493.0742832934+1086005.2854955567i           1.4544229137987481E7
0                         2.810204081632653E-7     1.1819387755102046E-7    1075366.0922692586+1134938.5995929157i            1.4207650521446146E7
0                         2.810204081632653E-7     1.3637755102040816E-7    473496.1624377016+1118769.6036472756i             1.4680638134888321E7
0                         2.810204081632653E-7     1.5456122448979587E-7    416592.1060652938+1212893.1112254644i             1.4928154029955946E7
0                         2.810204081632653E-7     1.7274489795918368E-7    229267.72694816347+1212392.93234531i              1.516887818674515E7
0                         2.810204081632653E-7     1.909285714285714E-7     -299959.27352653444+1101881.628023066i            1.5046047525029777E7
0                         2.810204081632653E-7     2.091122448979592E-7     -487769.71970147826+1059318.2163753582i           1.4716518125808405E7
0                         2.810204081632653E-7     2.272959183673469E-7     -567100.8094621506+1017929.0745931598i            1.4315662491083689E7
0                         2.810204081632653E-7     2.454795918367347E-7     -659033.9004730023+959015.0114216998i             1.3818481425399216E7
0                         2.810204081632653E-7     2.636632653061224E-7     -751055.8450111034+883266.9647945568i             1.3035508182095744E7
0                         2.810204081632653E-7     2.8184693877551024E-7    -837681.2910422628+790400.3800856398i             1.211418344331545E7
0                         2.810204081632653E-7     3.0003061224489794E-7    -867396.3275939552+716364.2883795028i             1.123152507235633E7
0                         2.810204081632653E-7     3.1821428571428575E-7    -852577.1451207857+612832.1957778104i             1.0234456299701465E7
0                         2.810204081632653E-7     3.3639795918367346E-7    -823951.6512084309+502884.46168283897i            9117790.247734744
0                         2.810204081632653E-7     3.5458163265306127E-7    -763573.448492936+388154.461802598i               7898513.941634561
0                         2.810204081632653E-7     3.72765306122449E-7      -626796.2542185987+319979.4694181638i             6710098.304241373
0                         2.810204081632653E-7     3.909489795918368E-7     -497120.9588838809+238654.12700024038i            5439211.4342920305
0                         2.810204081632653E-7     4.091326530612245E-7     -387775.822820033+140587.03900273656i             4153044.8414618582
0                         2.810204081632653E-7     4.273163265306122E-7     -277794.77918332425+35752.97105297563i            3058069.8337088814
0                         2.810204081632653E-7     4.455E-7                 -16211.029633055961-3303.838002835547i            2623217.809861171
0                         2.975510204081632E-7     -4.455E-7                44652.136716548324+22831.70357348015i             2461931.355245845
0                         2.975510204081632E-7     -4.2731632653061225E-7   23087.736656254623+161813.79762938846i            2922166.196245815
0                         2.975510204081632E-7     -4.091326530612245E-7    -59448.215732094715+254335.387024589i             4065606.6884875055
0                         2.975510204081632E-7     -3.9094897959183674E-7   -171895.19535043242+352490.693320821i             5493678.045425511
0                         2.975510204081632E-7     -3.72765306122449E-7     -276641.7549054895+448065.30204529996i            6629502.927289863
0                         2.975510204081632E-7     -3.545816326530612E-7    -295537.75286082656+566712.333262316i             7770985.155356171
0                         2.975510204081632E-7     -3.3639795918367346E-7   -346245.01687832223+641406.390691319i             9101717.318583893
0                         2.975510204081632E-7     -3.1821428571428575E-7   -354993.1169641329+741298.0189111126i             1.0359191046848837E7
0                         2.975510204081632E-7     -3.0003061224489794E-7   -361755.31146577024+828477.3779403956i            1.1531701134577472E7
0                         2.975510204081632E-7     -2.8184693877551024E-7   -319753.95310367784+923620.1323576556i            1.2376586331452461E7
0                         2.975510204081632E-7     -2.636632653061224E-7    -288617.75707975717+1000400.945346305i            1.3441122195694866E7
0                         2.975510204081632E-7     -2.454795918367347E-7    -180765.91720528528+1031115.2447426077i           1.3996703490521653E7
0                         2.975510204081632E-7     -2.2729591836734696E-7   -65522.414236166514+1112609.8877828217i           1.4632436648796288E7
0                         2.975510204081632E-7     -2.091122448979592E-7    48138.29184494645+1150036.0517364615i             1.508592922617553E7
0                         2.975510204081632E-7     -1.9092857142857144E-7   253563.06044922525+1195399.2508636352i            1.5387405325582631E7
0                         2.975510204081632E-7     -1.7274489795918368E-7   473526.1171168973+1229640.2865970219i             1.5507325616960779E7
0                         2.975510204081632E-7     -1.5456122448979592E-7   826244.4275906857+1253718.9692734159i             1.5419401835731678E7
0                         2.975510204081632E-7     -1.3637755102040816E-7   893341.3603457564+1184262.4373046535i             1.5266553565328335E7
0                         2.975510204081632E-7     -1.181938775510204E-7    938051.397174655+1091145.1600802895i              1.4946418147442264E7
0                         2.975510204081632E-7     -1.0001020408163265E-7   825691.3276420599+936197.956503572i               1.444797149458958E7
0                         2.975510204081632E-7     -8.182653061224489E-8    -1043598.8734325981+1160163.23870686i             1.4525116634112094E7
0                         2.975510204081632E-7     -6.364285714285713E-8    -1039859.7079995555+1088158.0747305905i           1.4282489199308688E7
0                         2.975510204081632E-7     -4.545918367346937E-8    -938612.7981362806+1086860.991621533i             1.4286114246676853E7
0                         2.975510204081632E-7     -2.7275510204081612E-8   -1013542.7451024265+1056453.4960180987i           1.4265016099539435E7
0                         2.975510204081632E-7     -9.091836734693906E-9    -966271.6613782216+1067546.2477344794i            1.4102538893277066E7
0                         2.975510204081632E-7     9.091836734693853E-9     -1032279.4527098676+1059601.1671410287i           1.4271945668989027E7
0                         2.975510204081632E-7     2.7275510204081612E-8    -871883.2012316794+1107981.8307098825i            1.4240478453840604E7
0                         2.975510204081632E-7     4.5459183673469424E-8    -950038.0308949167+1119409.2209823164i            1.3938620047633918E7
0                         2.975510204081632E-7     6.364285714285713E-8     -969285.1678923123+1136358.6670000535i            1.4060052536139939E7
0                         2.975510204081632E-7     8.182653061224494E-8     -1067911.3431627494+1169318.5444877918i           1.452361805108786E7
0                         2.975510204081632E-7     1.0001020408163265E-7    820644.7567133093+954927.057541712i               1.448808139405394E7
0                         2.975510204081632E-7     1.1819387755102046E-7    820592.0937070036+1057482.3173611513i             1.4960448253355062E7
0                         2.975510204081632E-7     1.3637755102040816E-7    631878.2451231992+1117500.5907084774i             1.5429063548711212E7
0                         2.975510204081632E-7     1.5456122448979587E-7    626335.8616383709+1210951.8185056709i             1.5597587306783374E7
0                         2.975510204081632E-7     1.7274489795918368E-7    315552.3714119792+1179171.8480174262i             1.5645428428603217E7
0                         2.975510204081632E-7     1.909285714285714E-7     232094.00604299223+1187982.9684883822i            1.5388158498268759E7
0                         2.975510204081632E-7     2.091122448979592E-7     86478.36018201523+1152101.72910096i               1.5011747289853E7
0                         2.975510204081632E-7     2.272959183673469E-7     -76179.903628923+1092515.1847456158i              1.4486195636188684E7
0                         2.975510204081632E-7     2.454795918367347E-7     -144166.96616337402+1055043.911663014i            1.3956428605650662E7
0                         2.975510204081632E-7     2.636632653061224E-7     -252782.51405545464+974995.7492740236i            1.3117512286576161E7
0                         2.975510204081632E-7     2.8184693877551024E-7    -346302.2685134058+882426.4656403179i             1.2159535447111227E7
0                         2.975510204081632E-7     3.0003061224489794E-7    -394957.03739334806+792510.1511953408i            1.1246507244511588E7
0                         2.975510204081632E-7     3.1821428571428575E-7    -420880.6803397613+745493.5561498674i             1.0221878778319534E7
0                         2.975510204081632E-7     3.3639795918367346E-7    -427648.3979468931+622158.9646429135i             9056236.967076354
0                         2.975510204081632E-7     3.5458163265306127E-7    -464730.89220695954+465393.68298850185i           7913488.594626513
0                         2.975510204081632E-7     3.72765306122449E-7      -363305.90507383883+384032.5731763023i            6652280.037888907
0                         2.975510204081632E-7     3.909489795918368E-7     -304585.3759343022+268985.5895270417i             5310399.204667586
0                         2.975510204081632E-7     4.091326530612245E-7     -236596.56566256238+155439.45128211705i           3978035.4827005733
0                         2.975510204081632E-7     4.273163265306122E-7     -83818.59212719824+103112.3597079257i             2796810.2834042674
0                         2.975510204081632E-7     4.455E-7                 -44652.13671654625-22831.70357348258i             2361309.926367513
0                         3.140816326530612E-7     -4.455E-7                42941.56116080087+23328.146658321046i             2336695.6155046714
0                         3.140816326530612E-7     -4.2731632653061225E-7   -20457.07729887031+125612.46148106206i            2803035.836749186
0                         3.140816326530612E-7     -4.091326530612245E-7    -131322.11198064324+214107.20528593397i           3594322.8710055915
0                         3.140816326530612E-7     -3.9094897959183674E-7   -431455.641317677+249991.4577723873i              5403911.378718552
0                         3.140816326530612E-7     -3.72765306122449E-7     -360598.7958107932+380070.02170207584i            6562718.919877219
0                         3.140816326530612E-7     -3.545816326530612E-7    -241268.09612739412+525534.8508911235i            7694467.020094755
0                         3.140816326530612E-7     -3.3639795918367346E-7   -226889.15042821807+620981.0523572506i            9039230.495695034
0                         3.140816326530612E-7     -3.1821428571428575E-7   -219671.76593116077+704770.6964263027i            1.0311114210101737E7
0                         3.140816326530612E-7     -3.0003061224489794E-7   139512.6584450875+971865.0602497064i              1.1547458017144958E7
0                         3.140816326530612E-7     -2.8184693877551024E-7   -234505.60493050702+850516.7871748095i            1.2501627989996264E7
0                         3.140816326530612E-7     -2.636632653061224E-7    -187521.62231925316+934042.2552215876i            1.3695492982602231E7
0                         3.140816326530612E-7     -2.454795918367347E-7    90640.87476826645+1075043.0443030344i             1.4045571967815258E7
0                         3.140816326530612E-7     -2.2729591836734696E-7   237157.83623597212+1144247.721288519i             1.4715458833014874E7
0                         3.140816326530612E-7     -2.091122448979592E-7    372383.816442366+1190596.508886721i               1.521570108547518E7
0                         3.140816326530612E-7     -1.9092857142857144E-7   536223.4997126644+1226222.072568675i              1.5557214171619566E7
0                         3.140816326530612E-7     -1.7274489795918368E-7   770565.8705266216+1262098.6255142316i             1.5880974529524866E7
0                         3.140816326530612E-7     -1.5456122448979592E-7   799417.4626051448+1212893.5064547886i             1.5990909682417732E7
0                         3.140816326530612E-7     -1.3637755102040816E-7   923247.9996213377+1159318.2904430246i             1.5843018088142611E7
0                         3.140816326530612E-7     -1.181938775510204E-7    983489.5003861227+1075791.463372705i              1.560177631263786E7
0                         3.140816326530612E-7     -1.0001020408163265E-7   886012.3353537265+930041.9977111975i              1.5185614302998284E7
0                         3.140816326530612E-7     -8.182653061224489E-8    719115.7647664417+733842.1645746096i              1.4639913722202864E7
0                         3.140816326530612E-7     -6.364285714285713E-8    -599892.8283474671+1210239.717580942i             1.431785388988756E7
0                         3.140816326530612E-7     -4.545918367346937E-8    -528190.4559368172+1210909.3096377717i            1.4430049989468688E7
0                         3.140816326530612E-7     -2.7275510204081612E-8   -491194.7182096186+1223917.9778396143i            1.4290996235821564E7
0                         3.140816326530612E-7     -9.091836734693906E-9    -477227.9915525744+1216073.2261882166i            1.4245070191781588E7
0                         3.140816326530612E-7     9.091836734693853E-9     -477538.42940918077+1213097.094506471i            1.4274960989395536E7
0                         3.140816326530612E-7     2.7275510204081612E-8    -675054.8481542859+1170685.1269240724i            1.4496785288296126E7
0                         3.140816326530612E-7     4.5459183673469424E-8    -469359.1787176635+1197076.8697710456i            1.4107640300854607E7
0                         3.140816326530612E-7     6.364285714285713E-8     -557095.0710864834+1279332.7916039852i            1.4209830714544902E7
0                         3.140816326530612E-7     8.182653061224494E-8     1036652.9636585955+846949.1588230585i             1.4698378794735E7
0                         3.140816326530612E-7     1.0001020408163265E-7    1023495.3331275973+973105.3430734065i             1.5215876730676873E7
0                         3.140816326530612E-7     1.1819387755102046E-7    986476.6866878713+1062608.1267506392i             1.564202453975233E7
0                         3.140816326530612E-7     1.3637755102040816E-7    1028704.2724958993+1202364.1958242315i            1.5855749916388322E7
0                         3.140816326530612E-7     1.5456122448979587E-7    689485.4137921148+1147255.5754698506i             1.6225362056245081E7
0                         3.140816326530612E-7     1.7274489795918368E-7    483939.51604647364+1126871.4796002805i            1.6059176318508293E7
0                         3.140816326530612E-7     1.909285714285714E-7     481072.8755092551+1181267.029537621i              1.5639422510498988E7
0                         3.140816326530612E-7     2.091122448979592E-7     436994.48714152724+1181117.9526931578i            1.5186539587762453E7
0                         3.140816326530612E-7     2.272959183673469E-7     254658.32389427302+1114674.792826575i             1.4610245283468086E7
0                         3.140816326530612E-7     2.454795918367347E-7     214895.6961544589+1090648.6977004667i             1.3985053708615843E7
0                         3.140816326530612E-7     2.636632653061224E-7     135441.16221540514+1023347.9153716828i            1.3116929009325372E7
0                         3.140816326530612E-7     2.8184693877551024E-7    145076.75401546655+974452.5511949984i             1.2120456954495396E7
0                         3.140816326530612E-7     3.0003061224489794E-7    79933.36328854738+883264.1472706235i              1.1180875409041714E7
0                         3.140816326530612E-7     3.1821428571428575E-7    15474.428219296038+781377.2541067337i             1.0116558008146891E7
0                         3.140816326530612E-7     3.3639795918367346E-7    -31345.14468535647+741433.467602988i              8944104.024505356
0                         3.140816326530612E-7     3.5458163265306127E-7    -59699.76237279165+598296.3771907703i             7616852.732107733
0                         3.140816326530612E-7     3.72765306122449E-7      -138046.3698915019+421575.2605939296i             6546248.34454761
0                         3.140816326530612E-7     3.909489795918368E-7     -112049.79298472167+299317.0520538435i            5111912.507291612
0                         3.140816326530612E-7     4.091326530612245E-7     -35224.83275727311+249915.7675703579i             3753790.534628719
0                         3.140816326530612E-7     4.273163265306122E-7     -35004.57265669573+117574.96280802198i            2675182.8243716266
0                         3.140816326530612E-7     4.455E-7                 -42941.561160799705-23328.14665832382i            2229633.0004715906
0                         3.306122448979591E-7     -4.455E-7                -9364.593253964074-332.9315156699618i             2183035.5817260593
0                         3.306122448979591E-7     -4.2731632653061225E-7   -5682.854492555547+114553.84136273019i            2672388.0321085947
0                         3.306122448979591E-7     -4.091326530612245E-7    -58180.040543309995+203796.90593374296i           3543513.231645092
0                         3.306122448979591E-7     -3.9094897959183674E-7   5077.088596703019+331315.66476111417i             4873799.70564074
0                         3.306122448979591E-7     -3.72765306122449E-7     -260218.34153305367+338904.0587428387i            6629210.343157779
0                         3.306122448979591E-7     -3.545816326530612E-7    -119116.18859294057+477021.36112263007i           7754807.181108908
0                         3.306122448979591E-7     -3.3639795918367346E-7   -93078.71294182609+564851.983969479i              9104454.97368323
0                         3.306122448979591E-7     -3.1821428571428575E-7   -74202.7984928278+641026.0494192523i              1.0381443386601165E7
0                         3.306122448979591E-7     -3.0003061224489794E-7   22514.828121173283+772182.3732210991i             1.1349711212703489E7
0                         3.306122448979591E-7     -2.8184693877551024E-7   410803.2454569936+976923.9362168694i              1.2311694515608642E7
0                         3.306122448979591E-7     -2.636632653061224E-7    251389.89984412317+969877.2708721979i             1.2877460946267884E7
0                         3.306122448979591E-7     -2.454795918367347E-7    351488.22158415936+1051921.1251534857i            1.3988485570690233E7
0                         3.306122448979591E-7     -2.2729591836734696E-7   480043.72900128027+1120307.622737364i             1.467627426409716E7
0                         3.306122448979591E-7     -2.091122448979592E-7    603861.3336537621+1174654.5241829953i             1.5199619181707345E7
0                         3.306122448979591E-7     -1.9092857142857144E-7   746603.4526971153+1222249.3597185013i             1.5624543708776888E7
0                         3.306122448979591E-7     -1.7274489795918368E-7   794246.814590775+1213420.3714946504i              1.5946376310667904E7
0                         3.306122448979591E-7     -1.5456122448979592E-7   821865.0701081082+1187159.125284193i              1.6118728324772397E7
0                         3.306122448979591E-7     -1.3637755102040816E-7   864199.4484345788+1093699.521486824i              1.615590317240914E7
0                         3.306122448979591E-7     -1.181938775510204E-7    963672.8132248212+1051414.5067364692i             1.6016105967377821E7
0                         3.306122448979591E-7     -1.0001020408163265E-7   1064948.7824267447+943546.2864856976i             1.5783760580586853E7
0                         3.306122448979591E-7     -8.182653061224489E-8    1244170.6723395959+909446.9587120714i             1.5543742061258463E7
0                         3.306122448979591E-7     -6.364285714285713E-8    892695.666172685+800472.4868851965i               1.5167780288941966E7
0                         3.306122448979591E-7     -4.545918367346937E-8    427640.11728898727+494598.6144250354i             1.4567630746386014E7
0                         3.306122448979591E-7     -2.7275510204081612E-8   -32108.647326710634+1363572.1969992113i           1.4435924230276735E7
0                         3.306122448979591E-7     -9.091836734693906E-9    -4398.34880441241+1359716.2394098162i             1.4378273663519746E7
0                         3.306122448979591E-7     9.091836734693853E-9     23196.65322770225+1365142.0581878922i             1.4389126330131892E7
0                         3.306122448979591E-7     2.7275510204081612E-8    -25555.573054981418+1343964.177278278i            1.4441421392527018E7
0                         3.306122448979591E-7     4.5459183673469424E-8    473908.51431373646+516208.9256683282i             1.4564884112997836E7
0                         3.306122448979591E-7     6.364285714285713E-8     481711.78516077483+531317.7759275999i             1.5036689825329449E7
0                         3.306122448979591E-7     8.182653061224494E-8     962052.3330641785+754686.1283774686i              1.5954815908050148E7
0                         3.306122448979591E-7     1.0001020408163265E-7    812612.6031699367+842951.2876233433i              1.5888522206795944E7
0                         3.306122448979591E-7     1.1819387755102046E-7    1017690.1318844106+1004722.3013916315i            1.6076509775421528E7
0                         3.306122448979591E-7     1.3637755102040816E-7    1256045.5085361265+1224774.6381845465i            1.6189542342415167E7
0                         3.306122448979591E-7     1.5456122448979587E-7    1329585.4703614898+1306475.3705098305i            1.6078745982634714E7
0                         3.306122448979591E-7     1.7274489795918368E-7    1380844.1372755766+1367734.1617669067i            1.5820618198353011E7
0                         3.306122448979591E-7     1.909285714285714E-7     896385.43480347+1235790.7008291332i               1.5551230880407289E7
0                         3.306122448979591E-7     2.091122448979592E-7     695687.7367199892+1183098.7408364546i             1.5241896104407135E7
0                         3.306122448979591E-7     2.272959183673469E-7     589070.1114655802+1136710.7022772166i             1.4565156703024343E7
0                         3.306122448979591E-7     2.454795918367347E-7     373335.9657786776+1044069.6699614932i             1.3798635605489336E7
0                         3.306122448979591E-7     2.636632653061224E-7     323173.90324973105+1001615.3522359377i            1.2977246770010605E7
0                         3.306122448979591E-7     2.8184693877551024E-7    322122.506930694+963357.3275676253i               1.2095928297542628E7
0                         3.306122448979591E-7     3.0003061224489794E-7    258263.96991128055+878628.7357503443i             1.1129882774343517E7
0                         3.306122448979591E-7     3.1821428571428575E-7    183224.04018345056+776943.5859302604i             1.0042496330966953E7
0                         3.306122448979591E-7     3.3639795918367346E-7    97002.7177471784+658301.8781073594i               8837536.874478966
0                         3.306122448979591E-7     3.5458163265306127E-7    52438.30781667865+538283.4096366598i              7847826.775810887
0                         3.306122448979591E-7     3.72765306122449E-7      129987.2524423057+548250.204637913i               6374388.8807822345
0                         3.306122448979591E-7     3.909489795918368E-7     118199.32188226674+362007.26993170206i            4978748.644902528
0                         3.306122448979591E-7     4.091326530612245E-7     86887.31880513421+245269.08625358494i             3665140.0537279514
0                         3.306122448979591E-7     4.273163265306122E-7     50609.075929034516+124710.97344824078i            2570171.6010595984
0                         3.306122448979591E-7     4.455E-7                 9364.593253964738+332.9315156672378i              2111754.3792519444
0                         3.471428571428571E-7     -4.455E-7                -10619.935891387717-2178.274279249874i            2094558.9293580942
0                         3.471428571428571E-7     -4.2731632653061225E-7   9091.368313760438+103495.2212443986i              2589928.4886968853
0                         3.471428571428571E-7     -4.091326530612245E-7    14962.030894023948+193486.60658155222i            3503970.791156498
0                         3.471428571428571E-7     -3.9094897959183674E-7   93235.5366652477+310886.9071222234i               4792064.180570003
0                         3.471428571428571E-7     -3.72765306122449E-7     168442.2503645749+424469.96818034496i             6133738.372722342
0                         3.471428571428571E-7     -3.545816326530612E-7    -65745.3080628103+403514.3027953391i              7790977.760866599
0                         3.471428571428571E-7     -3.3639795918367346E-7   40731.72454456799+508722.9155817067i              9114816.130264848
0                         3.471428571428571E-7     -3.1821428571428575E-7   219688.11583414278+673387.0498080235i             1.0033409243166951E7
0                         3.471428571428571E-7     -3.0003061224489794E-7   260278.19112232223+744837.525317233i              1.1075833370780699E7
0                         3.471428571428571E-7     -2.8184693877551024E-7   490164.5859473273+882799.482620784i               1.2101687151521632E7
0                         3.471428571428571E-7     -2.636632653061224E-7    424284.236619849+912937.7232522871i               1.2791116361829935E7
0                         3.471428571428571E-7     -2.454795918367347E-7    607824.8762486288+997868.3738260953i              1.3709739913480047E7
0                         3.471428571428571E-7     -2.2729591836734696E-7   745184.5394500311+1063919.7018921208i             1.4545146391155923E7
0                         3.471428571428571E-7     -2.091122448979592E-7    872183.1473539012+1113131.4862008332i             1.5089653382387292E7
0                         3.471428571428571E-7     -1.9092857142857144E-7   980356.1906805299+1142238.4320966867i             1.5565350332063895E7
0                         3.471428571428571E-7     -1.7274489795918368E-7   1029595.4185068188+1129644.1508444445i            1.591402116107074E7
0                         3.471428571428571E-7     -1.5456122448979592E-7   1058809.5399567746+1099617.6116055949i            1.6113231554153955E7
0                         3.471428571428571E-7     -1.3637755102040816E-7   1102958.879935348+1083932.0614663225i             1.6266395430997232E7
0                         3.471428571428571E-7     -1.181938775510204E-7    1127615.2943615015+1001095.4112032389i            1.6328542035478113E7
0                         3.471428571428571E-7     -1.0001020408163265E-7   1154743.102541251+953290.1626586681i              1.6244887981767902E7
0                         3.471428571428571E-7     -8.182653061224489E-8    1056719.2574942624+836268.4720481298i             1.6053523716988258E7
0                         3.471428571428571E-7     -6.364285714285713E-8    778426.4181135296+625146.7087184597i              1.5740102318454875E7
0                         3.471428571428571E-7     -4.545918367346937E-8    707890.868959939+572481.5147336163i               1.5632768800151944E7
0                         3.471428571428571E-7     -2.7275510204081612E-8   565597.3284390159+488424.59815210244i             1.5273648663042044E7
0                         3.471428571428571E-7     -9.091836734693906E-9    421229.9892079681+421916.7987651448i              1.5085572464260321E7
0                         3.471428571428571E-7     9.091836734693853E-9     427452.26753239054+422231.8708291624i             1.5066942509448899E7
0                         3.471428571428571E-7     2.7275510204081612E-8    565854.0397818703+489306.85800479166i             1.5250187097061897E7
0                         3.471428571428571E-7     4.5459183673469424E-8    599500.7192084909+516489.5395457464i              1.5503776287849732E7
0                         3.471428571428571E-7     6.364285714285713E-8     760887.3562353859+638770.6680053123i              1.569995896509475E7
0                         3.471428571428571E-7     8.182653061224494E-8     902637.8628053919+748341.2938507646i              1.580697793725819E7
0                         3.471428571428571E-7     1.0001020408163265E-7    1403565.2103876881+971533.1012391236i             1.6724590509919874E7
0                         3.471428571428571E-7     1.1819387755102046E-7    1605028.9352186471+1090297.752601714i             1.678399023176366E7
0                         3.471428571428571E-7     1.3637755102040816E-7    1152719.2831830857+1056417.283179381i             1.628447197016332E7
0                         3.471428571428571E-7     1.5456122448979587E-7    1238406.5038521925+1168198.3664834683i            1.6153251641655078E7
0                         3.471428571428571E-7     1.7274489795918368E-7    1267643.4204446943+1222698.4809054849i            1.5855521737933628E7
0                         3.471428571428571E-7     1.909285714285714E-7     1140423.7715450032+1191475.228760558i             1.5411519284401793E7
0                         3.471428571428571E-7     2.091122448979592E-7     1070781.2979554052+1186801.7047527044i            1.5026759138683155E7
0                         3.471428571428571E-7     2.272959183673469E-7     785579.6760645211+1118016.3725972008i             1.436814179046184E7
0                         3.471428571428571E-7     2.454795918367347E-7     647971.3741371352+1044514.4287136439i             1.3623791988699906E7
0                         3.471428571428571E-7     2.636632653061224E-7     490690.87105071906+952245.2832242075i             1.2763417703961411E7
0                         3.471428571428571E-7     2.8184693877551024E-7    424059.17629292+877885.8929129408i                1.1910075467961228E7
0                         3.471428571428571E-7     3.0003061224489794E-7    348927.6209390545+794819.5024477039i              1.095314747681563E7
0                         3.471428571428571E-7     3.1821428571428575E-7    273447.3763354467+704579.0961254113i              9881417.617879597
0                         3.471428571428571E-7     3.3639795918367346E-7    202805.246026217+603969.5573811466i               8677128.322128275
0                         3.471428571428571E-7     3.5458163265306127E-7    39692.42466003867+465792.7799849943i              7560282.314562584
0                         3.471428571428571E-7     3.72765306122449E-7      141060.94469602336+411282.88575198315i            6350371.070318494
0                         3.471428571428571E-7     3.909489795918368E-7     167879.91626935732+334090.61487197224i            4895104.625783718
0                         3.471428571428571E-7     4.091326530612245E-7     120426.16260900341+227273.09713495872i            3599122.470319752
0                         3.471428571428571E-7     4.273163265306122E-7     68006.1691496806+116635.65027071733i              2516652.2347524646
0                         3.471428571428571E-7     4.455E-7                 10619.935891387971+2178.274279247169i             2062318.817897499
0                         3.6367346938775507E-7    -4.455E-7                -11875.278528811354-4023.6170428297814i           2082849.2204681712
0                         3.6367346938775507E-7    -4.2731632653061225E-7   -8252.572142973513+72077.22549283956i             2456142.8379893377
0                         3.6367346938775507E-7    -4.091326530612245E-7    88104.10233135778+183176.30722936086i             3479337.1082960814
0                         3.6367346938775507E-7    -3.9094897959183674E-7   181393.9847337926+290458.1494833329i              4714955.017507078
0                         3.6367346938775507E-7    -3.72765306122449E-7     271617.0750643313+393922.75225475465i             6007341.53008924
0                         3.6367346938775507E-7    -3.545816326530612E-7    358773.37332297326+493570.11554362817i            7305250.191123502
0                         3.6367346938775507E-7    -3.3639795918367346E-7   392226.15903846116+579498.0832423482i             8568322.339752406
0                         3.6367346938775507E-7    -3.1821428571428575E-7   445470.05408068653+653141.6425703685i             9698856.731662339
0                         3.6367346938775507E-7    -3.0003061224489794E-7   616042.2157870233+755809.349264221i               1.0772087751794633E7
0                         3.6367346938775507E-7    -2.8184693877551024E-7   532717.7169623165+768259.054848442i               1.1597963788814066E7
0                         3.6367346938775507E-7    -2.636632653061224E-7    655769.3298353076+858481.8869534377i              1.2592577041266691E7
0                         3.6367346938775507E-7    -2.454795918367347E-7    775871.4795854895+923505.7451165414i              1.3457890356015388E7
0                         3.6367346938775507E-7    -2.2729591836734696E-7   969559.3666036567+1000521.8558298494i             1.4249443462775458E7
0                         3.6367346938775507E-7    -2.091122448979592E-7    1143248.728528687+1061154.8207688977i             1.4827611768613944E7
0                         3.6367346938775507E-7    -1.9092857142857144E-7   1214108.9286639383+1062227.504474871i             1.535225989977666E7
0                         3.6367346938775507E-7    -1.7274489795918368E-7   1264944.0224228613+1045867.9301942382i            1.5727477153136225E7
0                         3.6367346938775507E-7    -1.5456122448979592E-7   1306272.9910275785+1019410.3775847098i            1.5980582441688221E7
0                         3.6367346938775507E-7    -1.3637755102040816E-7   1358326.4358476265+1017400.8233495499i            1.6176813152165437E7
0                         3.6367346938775507E-7    -1.181938775510204E-7    1291557.7754981765+950776.3156700083i             1.6441275816439463E7
0                         3.6367346938775507E-7    -1.0001020408163265E-7   1261298.268275159+872908.9849632275i              1.639664146069841E7
0                         3.6367346938775507E-7    -8.182653061224489E-8    1088012.2493349398+750390.1148002542i             1.6339439716140749E7
0                         3.6367346938775507E-7    -6.364285714285713E-8    983679.4865574596+679029.6122308224i              1.6134208174864432E7
0                         3.6367346938775507E-7    -4.545918367346937E-8    921567.7645407398+630544.1439101213i              1.605103160112399E7
0                         3.6367346938775507E-7    -2.7275510204081612E-8   801417.1855513752+553324.8581900189i              1.5900475503146248E7
0                         3.6367346938775507E-7    -9.091836734693906E-9    702511.1814906029+489455.46261473326i             1.5768344944668913E7
0                         3.6367346938775507E-7    9.091836734693853E-9     667635.0951088956+471595.46607127297i             1.5722240748998389E7
0                         3.6367346938775507E-7    2.7275510204081612E-8    800334.345636907+548314.1628591483i               1.586954451162095E7
0                         3.6367346938775507E-7    4.5459183673469424E-8    891730.9566043519+630341.6275327323i              1.5954700859117398E7
0                         3.6367346938775507E-7    6.364285714285713E-8     1040062.9273099917+746223.5600830242i             1.6117623068922628E7
0                         3.6367346938775507E-7    8.182653061224494E-8     1168758.767558748+849394.9900192025i              1.6190616290587464E7
0                         3.6367346938775507E-7    1.0001020408163265E-7    1221662.1772227688+938842.4249225339i             1.6150179071286285E7
0                         3.6367346938775507E-7    1.1819387755102046E-7    1317064.1631552093+998021.9073711259i             1.651585643479976E7
0                         3.6367346938775507E-7    1.3637755102040816E-7    1270734.6531453533+1008863.7684525453i            1.6364686909698455E7
0                         3.6367346938775507E-7    1.5456122448979587E-7    1244894.266025531+1033833.5473070112i             1.6100508138454165E7
0                         3.6367346938775507E-7    1.7274489795918368E-7    1163654.4883085862+1040883.1939571664i            1.5721421315083468E7
0                         3.6367346938775507E-7    1.909285714285714E-7     1139376.5749734612+1104962.2965628146i            1.5241906222565707E7
0                         3.6367346938775507E-7    2.091122448979592E-7     929784.2224599719+1019616.0890314151i             1.4685958919982566E7
0                         3.6367346938775507E-7    2.272959183673469E-7     964919.3049145538+1015225.8913085539i             1.4091095977185696E7
0                         3.6367346938775507E-7    2.454795918367347E-7     923779.9393964643+978605.8771644852i              1.3388772162337106E7
0                         3.6367346938775507E-7    2.636632653061224E-7     760938.567580211+893045.9761495166i               1.2557904932201177E7
0                         3.6367346938775507E-7    2.8184693877551024E-7    585680.023821278+790882.8194870113i               1.1656577004224606E7
0                         3.6367346938775507E-7    3.0003061224489794E-7    507622.81242097635+727427.6772234696i             1.0719963506665593E7
0                         3.6367346938775507E-7    3.1821428571428575E-7    425496.5373617867+648288.2836988498i              9674753.761758609
0                         3.6367346938775507E-7    3.3639795918367346E-7    328713.4602787569+555599.611256937i               8503279.784989435
0                         3.6367346938775507E-7    3.5458163265306127E-7    198878.15428158687+444100.7719757331i             7327264.033719509
0                         3.6367346938775507E-7    3.72765306122449E-7      120606.50238242495+342534.964671241i              6036633.809352839
0                         3.6367346938775507E-7    3.909489795918368E-7     11064.702936422473+225098.91731950492i            4697382.5465443535
0                         3.6367346938775507E-7    4.091326530612245E-7     153965.00641287307+209277.1080163326i             3576092.8115306315
0                         3.6367346938775507E-7    4.273163265306122E-7     85403.26237032641+108560.32709319424i             2521989.400156698
0                         3.6367346938775507E-7    4.455E-7                 11875.278528811194+4023.6170428270952i            2082303.2034997218
0                         3.80204081632653E-7      -4.455E-7                -13130.621166234958-5868.959806409679i            2158689.7023006207
0                         3.80204081632653E-7      -4.2731632653061225E-7   49873.122663148795+71885.38442734806i             2523182.636294428
0                         3.80204081632653E-7      -4.091326530612245E-7    161246.17376869102+172866.0078771702i             3474597.593197448
0                         3.80204081632653E-7      -3.9094897959183674E-7   269552.4328023372+270029.3918444422i              4646824.248676561
0                         3.80204081632653E-7      -3.72765306122449E-7     327035.35125667223+357048.183294042i              5946701.7271153275
0                         3.80204081632653E-7      -3.545816326530612E-7    387249.50217900035+438856.7186319745i             7165981.888353122
0                         3.80204081632653E-7      -3.3639795918367346E-7   606026.6725303971+566352.1166709058i              8182594.355262043
0                         3.80204081632653E-7      -3.1821428571428575E-7   713792.6043813105+635241.378087181i               9312228.839916598
0                         3.80204081632653E-7      -3.0003061224489794E-7   684398.2483472927+668772.684372341i               1.0385176757941602E7
0                         3.80204081632653E-7      -2.8184693877551024E-7   758325.3820453524+723764.3174866784i              1.1337676293915417E7
0                         3.80204081632653E-7      -2.636632653061224E-7    887254.423050761+804026.0506545878i               1.2279723706034418E7
0                         3.80204081632653E-7      -2.454795918367347E-7    943918.0829223485+849143.1164069871i              1.3062772936634013E7
0                         3.80204081632653E-7      -2.2729591836734696E-7   1150924.3424287634+923518.9905041638i             1.3847204749628237E7
0                         3.80204081632653E-7      -2.091122448979592E-7    1135291.0839349169+913916.992873929i              1.4550016893336441E7
0                         3.80204081632653E-7      -1.9092857142857144E-7   1198558.3298165854+919042.8202107173i             1.5083804371081024E7
0                         3.80204081632653E-7      -1.7274489795918368E-7   1254863.858137241+916487.6112581738i              1.551912197212723E7
0                         3.80204081632653E-7      -1.5456122448979592E-7   1318733.5847120206+929964.6498255888i             1.5900952313290408E7
0                         3.80204081632653E-7      -1.3637755102040816E-7   1366641.2376575565+932062.9083810023i             1.6168864256365288E7
0                         3.80204081632653E-7      -1.181938775510204E-7    1272569.7667496763+867601.655574561i              1.647403765426424E7
0                         3.80204081632653E-7      -1.0001020408163265E-7   1349541.157347912+855643.0997280378i              1.6270143219418127E7
0                         3.80204081632653E-7      -8.182653061224489E-8    1222288.1368505165+766570.4389032202i             1.6255319236485364E7
0                         3.80204081632653E-7      -6.364285714285713E-8    1188932.555001391+732912.5157431853i              1.628115499996649E7
0                         3.80204081632653E-7      -4.545918367346937E-8    1135244.6601215426+688606.7730866265i             1.6222138784699444E7
0                         3.80204081632653E-7      -2.7275510204081612E-8   1061224.452210982+633653.210933546i               1.6078420833814353E7
0                         3.80204081632653E-7      -9.091836734693906E-9    1008063.1023431252+592513.9207111623i             1.6069073577211006E7
0                         3.80204081632653E-7      9.091836734693853E-9     1027311.3121636419+590065.6141662499i             1.5981152288072769E7
0                         3.80204081632653E-7      2.7275510204081612E-8    1130239.232560164+668913.6607629138i              1.6115497326326367E7
0                         3.80204081632653E-7      4.5459183673469424E-8    1183961.1940002092+744193.7155197165i             1.6161654291329987E7
0                         3.80204081632653E-7      6.364285714285713E-8     1346852.1007024376+835486.2478384937i             1.6299983475450784E7
0                         3.80204081632653E-7      8.182653061224494E-8     1350581.2016007118+861010.0858185367i             1.6294475547972932E7
0                         3.80204081632653E-7      1.0001020408163265E-7    1334264.3628637015+876163.2137097842i             1.619955628503876E7
0                         3.80204081632653E-7      1.1819387755102046E-7    1412558.8107939207+928711.576853667i              1.636854776299278E7
0                         3.80204081632653E-7      1.3637755102040816E-7    1373610.0039949028+939023.5368858222i             1.6196978675733848E7
0                         3.80204081632653E-7      1.5456122448979587E-7    1352227.491382571+960888.814000188i               1.5895920042627256E7
0                         3.80204081632653E-7      1.7274489795918368E-7    1261898.7053748616+967315.3280775829i             1.5491752731707761E7
0                         3.80204081632653E-7      1.909285714285714E-7     1191433.50086661+957935.2973071695i               1.4984576765365953E7
0                         3.80204081632653E-7      2.091122448979592E-7     1009881.4945763536+891675.4442115573i             1.4313101712030364E7
0                         3.80204081632653E-7      2.272959183673469E-7     1037999.3034684248+891674.1951320159i             1.3730764163792342E7
0                         3.80204081632653E-7      2.454795918367347E-7     1060096.7391218608+881957.1403335277i             1.301612685685501E7
0                         3.80204081632653E-7      2.636632653061224E-7     853840.029470182+781157.498377047i                1.2270917714029636E7
0                         3.80204081632653E-7      2.8184693877551024E-7    765844.5087922537+720265.9110786628i              1.137580252942368E7
0                         3.80204081632653E-7      3.0003061224489794E-7    666620.5676593576+651673.4193647632i              1.0391610052321432E7
0                         3.80204081632653E-7      3.1821428571428575E-7    576861.2354652295+593035.4726573653i              9360805.188046766
0                         3.80204081632653E-7      3.3639795918367346E-7    454621.6745312966+507229.66513272724i             8253215.810315663
0                         3.80204081632653E-7      3.5458163265306127E-7    358063.88390313415+422408.76396647166i            7060473.187984817
0                         3.80204081632653E-7      3.72765306122449E-7      269469.4304636124+333317.9038074756i              5873156.445469547
0                         3.80204081632653E-7      3.909489795918368E-7     152434.5995021534+230293.17824738706i             4633610.926137531
0                         3.80204081632653E-7      4.091326530612245E-7     31685.426007103175+118162.34787851712i            3476665.3305792995
0                         3.80204081632653E-7      4.273163265306122E-7     71329.98510426073+91134.96257752273i              2543655.69630719
0                         3.80204081632653E-7      4.455E-7                 13130.621166234407+5868.959806407012i             2178015.761684206
0                         3.9673469387755097E-7    -4.455E-7                -5749.9041162400745-2373.720737128353i            2365422.2808113787
0                         3.9673469387755097E-7    -4.2731632653061225E-7   107998.81746927137+71693.54336185695i             2632860.3147226293
0                         3.9673469387755097E-7    -4.091326530612245E-7    234388.2452060246+162555.70852497884i             3495871.1190774436
0                         3.9673469387755097E-7    -3.9094897959183674E-7   291388.2385395475+234156.4561270699i              4625921.176829948
0                         3.9673469387755097E-7    -3.72765306122449E-7     376636.95790661004+313143.9925811945i             5751647.9637425095
0                         3.9673469387755097E-7    -3.545816326530612E-7    458547.2208914453+388134.1545915627i              6882065.917343483
0                         3.9673469387755097E-7    -3.3639795918367346E-7   539799.4797259639+438996.41574377794i             7950912.337251625
0                         3.9673469387755097E-7    -3.1821428571428575E-7   771143.3290115339+555292.501899509i               8868291.072137352
0                         3.9673469387755097E-7    -3.0003061224489794E-7   848976.1298567392+606543.0649454917i              9990159.686868258
0                         3.9673469387755097E-7    -2.8184693877551024E-7   983933.0471283887+679269.5801249153i              1.0966047193322029E7
0                         3.9673469387755097E-7    -2.636632653061224E-7    1118739.5162662165+749570.2143557373i             1.185501689927421E7
0                         3.9673469387755097E-7    -2.454795918367347E-7    1253395.53727022+817444.9676379558i               1.265459255378123E7
0                         3.9673469387755097E-7    -2.2729591836734696E-7   1071972.5501302285+776775.5974073287i             1.3346592201317757E7
0                         3.9673469387755097E-7    -2.091122448979592E-7    1106988.8966733655+781034.3312626038i             1.4021415796140952E7
0                         3.9673469387755097E-7    -1.9092857142857144E-7   1195364.480222024+820066.3792369564i              1.4601568897946145E7
0                         3.9673469387755097E-7    -1.7274489795918368E-7   1291315.8217397984+848510.1879316744i             1.5103909816011522E7
0                         3.9673469387755097E-7    -1.5456122448979592E-7   1371305.0896283295+865575.21661439i               1.549291925280042E7
0                         3.9673469387755097E-7    -1.3637755102040816E-7   1435332.283887622+871261.4652851048i              1.576856192053194E7
0                         3.9673469387755097E-7    -1.181938775510204E-7    1305830.4046213094+798170.922830464i              1.6054486481903438E7
0                         3.9673469387755097E-7    -1.0001020408163265E-7   1437784.046420664+838377.2144928474i              1.591445160228907E7
0                         3.9673469387755097E-7    -8.182653061224489E-8    1419117.378157572+816273.6167514402i              1.6132695204607207E7
0                         3.9673469387755097E-7    -6.364285714285713E-8    1394185.62344532+786795.4192555482i               1.6183064187816354E7
0                         3.9673469387755097E-7    -4.545918367346937E-8    1348921.5557023487+746669.4022631322i             1.6148237730890162E7
0                         3.9673469387755097E-7    -2.7275510204081612E-8   1283325.1749286605+695895.5657741938i             1.6028360233201783E7
0                         3.9673469387755097E-7    -9.091836734693906E-9    1544708.0921845213+832784.7885948644i             1.5946751473846817E7
0                         3.9673469387755097E-7    9.091836734693853E-9     1558423.2796663288+843781.4434354964i             1.5980722337965028E7
0                         3.9673469387755097E-7    2.7275510204081612E-8    1446195.056953433+784642.5659060997i              1.6114663843765676E7
0                         3.9673469387755097E-7    4.5459183673469424E-8    1449976.5899385065+740861.0036771127i             1.611101104864695E7
0                         3.9673469387755097E-7    6.364285714285713E-8     1468985.8490958372+775439.3800392156i             1.6173233038871797E7
0                         3.9673469387755097E-7    8.182653061224494E-8     1467949.168617881+799647.0463125231i              1.6145971620123185E7
0                         3.9673469387755097E-7    1.0001020408163265E-7    1446866.5485046345+813484.0024970345i             1.6029179149863819E7
0                         3.9673469387755097E-7    1.1819387755102046E-7    1508053.458432632+859401.246336207i               1.6012832873014387E7
0                         3.9673469387755097E-7    1.3637755102040816E-7    1476485.3548444537+869183.3053190996i             1.5817078261845967E7
0                         3.9673469387755097E-7    1.5456122448979587E-7    1459560.7167396115+887944.0806933647i             1.5487726564414525E7
0                         3.9673469387755097E-7    1.7274489795918368E-7    1352588.2385528255+830828.5654471873i             1.5031046193369899E7
0                         3.9673469387755097E-7    1.909285714285714E-7     1317532.552150866+834793.3539676596i              1.4552514128204172E7
0                         3.9673469387755097E-7    2.091122448979592E-7     1272756.8267966153+832172.5470048343i             1.396525268002315E7
0                         3.9673469387755097E-7    2.272959183673469E-7     1111079.3020222867+768122.4989554756i             1.3226656286301311E7
0                         3.9673469387755097E-7    2.454795918367347E-7     1012600.6066954699+730092.6826877362i             1.2564236134345401E7
0                         3.9673469387755097E-7    2.636632653061224E-7     990929.0651469943+705739.3361939378i              1.1701406081242308E7
0                         3.9673469387755097E-7    2.8184693877551024E-7    845246.9317323604+625410.4518331265i              1.0878850266775992E7
0                         3.9673469387755097E-7    3.0003061224489794E-7    730117.3450715315+562078.146885262i               9949805.069019672
0                         3.9673469387755097E-7    3.1821428571428575E-7    603759.3379557387+491044.93752188346i             8937267.419322057
0                         3.9673469387755097E-7    3.3639795918367346E-7    580529.8887838325+458859.7190085161i              7932010.898098703
0                         3.9673469387755097E-7    3.5458163265306127E-7    517249.6135246841+400716.75595721113i             6764358.3786816625
0                         3.9673469387755097E-7    3.72765306122449E-7      418332.3585448023+324100.8429437104i              5680051.40473886
0                         3.9673469387755097E-7    3.909489795918368E-7     293804.4960678846+235487.43917526896i             4548053.925222789
0                         3.9673469387755097E-7    4.091326530612245E-7     166724.8713203752+144669.35674650135i             3487684.179173255
0                         3.9673469387755097E-7    4.273163265306122E-7     30135.086412000557+47971.50440900805i             2695228.480906678
0                         3.9673469387755097E-7    4.455E-7                 5749.904116239319+2373.720737122088i              2356975.0817521173
0                         4.1326530612244895E-7    -4.455E-7                -26377.815430398285+1750.7236998050143i           2421083.882780434
0                         4.1326530612244895E-7    -4.2731632653061225E-7   653942.8205609274+370935.5372442922i              2772753.3540699715
0                         4.1326530612244895E-7    -4.091326530612245E-7    1239386.61373055+731538.5146720945i               3813941.7919740686
0                         4.1326530612244895E-7    -3.9094897959183674E-7   1854861.8298434+1094801.1855810275i               4994092.354383227
0                         4.1326530612244895E-7    -3.72765306122449E-7     2470797.2675862247+1458175.7145525257i            6238055.099415632
0                         4.1326530612244895E-7    -3.545816326530612E-7    3087192.9269590247+1821662.1015865915i            7492729.732349708
0                         4.1326530612244895E-7    -3.3639795918367346E-7   3692812.058076297+2339923.575452689i              8843826.63281558
0                         4.1326530612244895E-7    -3.1821428571428575E-7   4159361.3987566773+2628877.5618710592i            1.0030109336082827E7
0                         4.1326530612244895E-7    -3.0003061224489794E-7   4556845.091655921+2856440.181462136i              1.1072381673131393E7
0                         4.1326530612244895E-7    -2.8184693877551024E-7   5232762.022814619+3163241.421050715i              1.2224835517734228E7
0                         4.1326530612244895E-7    -2.636632653061224E-7    5908098.486074125+3469834.3681315463i             1.3306077481214045E7
0                         4.1326530612244895E-7    -2.454795918367347E-7    6218590.616516158+3717227.02879072i               1.4200794233595274E7
0                         4.1326530612244895E-7    -2.2729591836734696E-7   6426202.228588829+3801785.095829307i              1.4771288155340144E7
0                         4.1326530612244895E-7    -2.091122448979592E-7    7204276.039728385+4151861.5983181596i             1.6014719532222256E7
0                         4.1326530612244895E-7    -1.9092857142857144E-7   7532299.545454921+4272151.116078653i              1.6649759902273297E7
0                         4.1326530612244895E-7    -1.7274489795918368E-7   7773387.111733486+4343198.153785728i              1.7198080630057186E7
0                         4.1326530612244895E-7    -1.5456122448979592E-7   7992476.992079611+4402256.912935954i              1.7638431470193636E7
0                         4.1326530612244895E-7    -1.3637755102040816E-7   8189569.186493291+4449327.393529329i              1.7970727362587754E7
0                         4.1326530612244895E-7    -1.181938775510204E-7    8582875.066480165+4575716.700713296i              1.8576747623805113E7
0                         4.1326530612244895E-7    -1.0001020408163265E-7   8381861.61130273+4387728.72021885i                1.8460752768121783E7
0                         4.1326530612244895E-7    -8.182653061224489E-8    8499478.240907129+4386071.252919297i              1.8670294075293228E7
0                         4.1326530612244895E-7    -6.364285714285713E-8    8619739.897688951+4388260.06174736i               1.8785930620829433E7
0                         4.1326530612244895E-7    -4.545918367346937E-8    8719282.095133208+4380615.401714191i              1.8818567583291516E7
0                         4.1326530612244895E-7    -2.7275510204081612E-8   8798104.833239913+4363137.272819795i              1.876851741706085E7
0                         4.1326530612244895E-7    -9.091836734693906E-9    8153096.762503902+4160796.9154773033i             1.831827049567016E7
0                         4.1326530612244895E-7    9.091836734693853E-9     8202269.519418389+4177733.682151235i              1.837030570747458E7
0                         4.1326530612244895E-7    2.7275510204081612E-8    8542589.526672281+4284478.742948314i              1.8745706748707406E7
0                         4.1326530612244895E-7    4.5459183673469424E-8    8667225.74184006+4361883.699450995i               1.8766217190754507E7
0                         4.1326530612244895E-7    6.364285714285713E-8     8585804.866232533+4364251.094274003i              1.8768244997293286E7
0                         4.1326530612244895E-7    8.182653061224494E-8     8484308.774507366+4357201.573453964i              1.8684061980257977E7
0                         4.1326530612244895E-7    1.0001020408163265E-7    8344541.803136771+4409010.3181977775i             1.8534812950364053E7
0                         4.1326530612244895E-7    1.1819387755102046E-7    8316474.386871265+4485912.499896728i              1.832262083655599E7
0                         4.1326530612244895E-7    1.3637755102040816E-7    7981878.975032685+4486034.317889668i              1.793537952793595E7
0                         4.1326530612244895E-7    1.5456122448979587E-7    7949233.501031096+4424135.6192543395i             1.779218146313853E7
0                         4.1326530612244895E-7    1.7274489795918368E-7    7884737.456629092+4307520.1660127295i             1.717949984402194E7
0                         4.1326530612244895E-7    1.909285714285714E-7     7536621.97384223+4171948.7115871096i              1.659346296865653E7
0                         4.1326530612244895E-7    2.091122448979592E-7     7178290.542531926+4031679.6252388237i             1.5910153774240008E7
0                         4.1326530612244895E-7    2.272959183673469E-7     6809743.162698213+3886712.906967874i              1.5129855892335529E7
0                         4.1326530612244895E-7    2.454795918367347E-7     6309317.826811257+3700480.967994457i              1.416482779556604E7
0                         4.1326530612244895E-7    2.636632653061224E-7     5875302.535752616+3466489.626919491i              1.3212699900318684E7
0                         4.1326530612244895E-7    2.8184693877551024E-7    5378751.778548682+3206225.0555923465i             1.2183443704389514E7
0                         4.1326530612244895E-7    3.0003061224489794E-7    4779950.062408315+2913537.9934717724i             1.1101127735339688E7
0                         4.1326530612244895E-7    3.1821428571428575E-7    4173628.4114848003+2616905.297463907i             9946011.480930096
0                         4.1326530612244895E-7    3.3639795918367346E-7    3594658.558758324+2306502.693517865i              8722526.66573685
0                         4.1326530612244895E-7    3.5458163265306127E-7    3102882.066893792+1983363.8872940987i             7508036.21913706
0                         4.1326530612244895E-7    3.72765306122449E-7      2606230.1113930643+1491015.1647262392i            6233659.4245499065
0                         4.1326530612244895E-7    3.909489795918368E-7     1978555.4246256035+1121429.6752491873i            4980110.225909525
0                         4.1326530612244895E-7    4.091326530612245E-7     1350124.6382360482+751488.3422171712i             3796054.127044677
0                         4.1326530612244895E-7    4.273163265306122E-7     720937.7522243937+381191.1656301875i              2827609.988011314
0                         4.1326530612244895E-7    4.455E-7                 26377.815430391136-1750.7236998092908i            2440140.860524782
0                         4.2979591836734687E-7    -4.455E-7                -15702.016639110154+3476.6085166244256i           2332839.6133338804
0                         4.2979591836734687E-7    -4.2731632653061225E-7   570140.8086169306+362271.16096653993i             2803595.449280476
0                         4.2979591836734687E-7    -4.091326530612245E-7    1187682.083898576+726331.5985455163i              3749672.15616311
0                         4.2979591836734687E-7    -3.9094897959183674E-7   1805683.580810196+1090503.8941870593i             4878388.037101866
0                         4.2979591836734687E-7    -3.72765306122449E-7     2424145.299351789+1454788.0478911675i             6063346.704482212
0                         4.2979591836734687E-7    -3.545816326530612E-7    3072374.877530031+1876615.3244475068i             7342145.639324276
0                         4.2979591836734687E-7    -3.3639795918367346E-7   3606415.910495462+2160188.246301822i              8650241.33477198
0                         4.2979591836734687E-7    -3.1821428571428575E-7   4073931.7705973885+2481908.606700814i             9829692.773671053
0                         4.2979591836734687E-7    -3.0003061224489794E-7   4589116.503423832+2784584.4010366052i             1.0915343606408302E7
0                         4.2979591836734687E-7    -2.8184693877551024E-7   5139127.45591662+3102428.673231696i               1.2140873651711859E7
0                         4.2979591836734687E-7    -2.636632653061224E-7    5626935.149325881+3319821.228845058i              1.304419853203472E7
0                         4.2979591836734687E-7    -2.454795918367347E-7    6090326.518469035+3506020.053494852i              1.3914899622797702E7
0                         4.2979591836734687E-7    -2.2729591836734696E-7   6672130.452114497+3791590.8092087125i             1.5013416881940367E7
0                         4.2979591836734687E-7    -2.091122448979592E-7    6984516.616346712+3941094.091338393i              1.5838612514989918E7
0                         4.2979591836734687E-7    -1.9092857142857144E-7   7286062.6029266585+4040106.737779326i             1.6473335264000114E7
0                         4.2979591836734687E-7    -1.7274489795918368E-7   7520635.067062976+4107613.6670592614i             1.7010776057893086E7
0                         4.2979591836734687E-7    -1.5456122448979592E-7   7733209.8452668665+4163132.3177823517i            1.7440387632076554E7
0                         4.2979591836734687E-7    -1.3637755102040816E-7   7923786.937538304+4206662.689948588i              1.7762107760338604E7
0                         4.2979591836734687E-7    -1.181938775510204E-7    8139776.782669464+4219494.658867325i              1.824766896283886E7
0                         4.2979591836734687E-7    -1.0001020408163265E-7   8216165.521429727+4242138.418582647i              1.8532911322843682E7
0                         4.2979591836734687E-7    -8.182653061224489E-8    8294663.477592343+4239938.84244392i               1.8814511649554558E7
0                         4.2979591836734687E-7    -6.364285714285713E-8    8414551.458579585+4241943.974329766i              1.8935262271470334E7
0                         4.2979591836734687E-7    -4.545918367346937E-8    8513719.980229285+4234115.637354387i              1.897258531252958E7
0                         4.2979591836734687E-7    -2.7275510204081612E-8   8408472.683377383+4166401.0200703405i             1.8987424065498576E7
0                         4.2979591836734687E-7    -9.091836734693906E-9    8422415.204363845+4121829.7950503714i             1.894788472188976E7
0                         4.2979591836734687E-7    9.091836734693853E-9     8404214.484750535+4112033.281850743i              1.887549382463629E7
0                         4.2979591836734687E-7    2.7275510204081612E-8    8390845.6785922+4161315.732784206i                1.8928232743427973E7
0                         4.2979591836734687E-7    4.5459183673469424E-8    8416178.979810618+4219573.155422349i              1.8932337207326148E7
0                         4.2979591836734687E-7    6.364285714285713E-8     8335114.218904253+4222086.753374608i              1.893108028707563E7
0                         4.2979591836734687E-7    8.182653061224494E-8     8276981.709270598+4277906.770722903i              1.8827534729431856E7
0                         4.2979591836734687E-7    1.0001020408163265E-7    8252690.779679989+4259231.315298169i              1.8633254201412737E7
0                         4.2979591836734687E-7    1.1819387755102046E-7    8344171.418394091+4282367.188749586i              1.8488855191542946E7
0                         4.2979591836734687E-7    1.3637755102040816E-7    8299681.057723936+4239542.515241946i              1.82136884203954E7
0                         4.2979591836734687E-7    1.5456122448979587E-7    7690059.129361788+4177178.5274801673i             1.755211916659755E7
0                         4.2979591836734687E-7    1.7274489795918368E-7    7527795.602680798+4147994.061497102i              1.7065588859341312E7
0                         4.2979591836734687E-7    1.909285714285714E-7     7290675.373485607+4009555.6009137384i             1.6457046242185207E7
0                         4.2979591836734687E-7    2.091122448979592E-7     6928720.675441777+3867767.3076354833i             1.579031358836359E7
0                         4.2979591836734687E-7    2.272959183673469E-7     6521099.784311083+3716148.010366056i              1.4998802013560332E7
0                         4.2979591836734687E-7    2.454795918367347E-7     6157549.583340667+3524863.5191886667i             1.3978660905745871E7
0                         4.2979591836734687E-7    2.636632653061224E-7     5687336.062888578+3300641.10586831i               1.3016946187647514E7
0                         4.2979591836734687E-7    2.8184693877551024E-7    5250985.455386729+3061672.5663442765i             1.196809842751755E7
0                         4.2979591836734687E-7    3.0003061224489794E-7    4652642.764549049+2769791.7019711155i             1.093320464846508E7
0                         4.2979591836734687E-7    3.1821428571428575E-7    4046780.1389282215+2473965.203710664i             9825973.56215312
0                         4.2979591836734687E-7    3.3639795918367346E-7    3601853.4265246424+2169888.8889560523i            8615034.063091531
0                         4.2979591836734687E-7    3.5458163265306127E-7    3069931.2805367894+1824527.8153591515i            7360046.87166229
0                         4.2979591836734687E-7    3.72765306122449E-7      2485800.204276685+1527218.8192567348i             6057043.358047595
0                         4.2979591836734687E-7    3.909489795918368E-7     1899722.666251113+1111540.091837053i              4862327.591151972
0                         4.2979591836734687E-7    4.091326530612245E-7     1268652.1362411296+740655.4292037524i             3726998.641101219
0                         4.2979591836734687E-7    4.273163265306122E-7     636825.5066090482+369414.92301548424i             2782701.4591579544
0                         4.2979591836734687E-7    4.455E-7                 15702.016639103113-3476.6085166286066i            2340432.8875781656
0                         4.4632653061224485E-7    -4.455E-7                -208.69290387907083+5108.194176505548i            2297213.4342894903
0                         4.4632653061224485E-7    -4.2731632653061225E-7   515909.9979861868+356154.620107352i               2772614.229640867
0                         4.4632653061224485E-7    -4.091326530612245E-7    1135977.5540666012+721124.6824189383i             3686056.452951897
0                         4.4632653061224485E-7    -3.9094897959183674E-7   1756505.3317769906+1086206.6027930907i            4762424.563298576
0                         4.4632653061224485E-7    -3.72765306122449E-7     2413683.7692820593+1479645.2117929426i            5944509.46363583
0                         4.4632653061224485E-7    -3.545816326530612E-7    2953297.392696495+1765572.9601024182i             7211129.859717132
0                         4.4632653061224485E-7    -3.3639795918367346E-7   3483360.531074656+2045885.133508896i              8469249.42205953
0                         4.4632653061224485E-7    -3.1821428571428575E-7   3988502.142438103+2334939.651530569i              9658900.072997928
0                         4.4632653061224485E-7    -3.0003061224489794E-7   4503563.116406608+2636150.8479130105i             1.081427907263809E7
0                         4.4632653061224485E-7    -2.8184693877551024E-7   5029719.806189908+2919461.8702014117i             1.1927921770786854E7
0                         4.4632653061224485E-7    -2.636632653061224E-7    5539857.2034764225+3137537.291259014i             1.2865994531233938E7
0                         4.4632653061224485E-7    -2.454795918367347E-7    6145012.471820657+3426533.6458829776i             1.3992662251852708E7
0                         4.4632653061224485E-7    -2.2729591836734696E-7   6473463.511802088+3583162.486328463i              1.487515892549216E7
0                         4.4632653061224485E-7    -2.091122448979592E-7    6781835.201414426+3729799.580273185i              1.5679898853172127E7
0                         4.4632653061224485E-7    -1.9092857142857144E-7   7117468.561856736+3829233.6443503825i             1.6486778041401178E7
0                         4.4632653061224485E-7    -1.7274489795918368E-7   7088645.167582612+3920998.8129126793i             1.6533357235400453E7
0                         4.4632653061224485E-7    -1.5456122448979592E-7   7402803.612941468+4017914.7302834764i             1.7114018937933803E7
0                         4.4632653061224485E-7    -1.3637755102040816E-7   7706341.9014645135+4110180.61080052i              1.7605178541056983E7
0                         4.4632653061224485E-7    -1.181938775510204E-7    7974841.199123518+4074693.041668007i              1.834269071504474E7
0                         4.4632653061224485E-7    -1.0001020408163265E-7   8050469.43155673+4096548.1169464434i              1.863098770617432E7
0                         4.4632653061224485E-7    -8.182653061224489E-8    8089848.714277562+4093806.431968543i              1.898370160917956E7
0                         4.4632653061224485E-7    -6.364285714285713E-8    8209363.019470228+4095627.8869121736i             1.9109515717258424E7
0                         4.4632653061224485E-7    -4.545918367346937E-8    8308157.865325354+4087615.8729945803i             1.9151555563096665E7
0                         4.4632653061224485E-7    -2.7275510204081612E-8   8275449.760957373+4038796.1287013204i             1.920308848838673E7
0                         4.4632653061224485E-7    -9.091836734693906E-9    8385832.039427994+4032453.4610712747i             1.928127839052935E7
0                         4.4632653061224485E-7    9.091836734693853E-9     8428235.73283662+4038500.4461471736i              1.9300382839294538E7
0                         4.4632653061224485E-7    2.7275510204081612E-8    8239101.830512103+4038152.722620095i              1.913041572488025E7
0                         4.4632653061224485E-7    4.5459183673469424E-8    8198457.606441111+4073838.2135349717i             1.9111485088096406E7
0                         4.4632653061224485E-7    6.364285714285713E-8     8186745.656807207+4135439.8070053705i             1.9065136435918704E7
0                         4.4632653061224485E-7    8.182653061224494E-8     8184717.041653625+4127573.9947370836i             1.895264435710917E7
0                         4.4632653061224485E-7    1.0001020408163265E-7    8160839.7562232055+4109452.3123985576i            1.875380498348593E7
0                         4.4632653061224485E-7    1.1819387755102046E-7    8115719.778954388+4098831.413318542i              1.8458279711418446E7
0                         4.4632653061224485E-7    1.3637755102040816E-7    7922579.603863079+4049737.7096607997i             1.7955825459720425E7
0                         4.4632653061224485E-7    1.5456122448979587E-7    7833739.597415447+4004636.4855481395i             1.755075450571952E7
0                         4.4632653061224485E-7    1.7274489795918368E-7    7277541.767985341+3905842.7839055154i             1.6873335199581012E7
0                         4.4632653061224485E-7    1.909285714285714E-7     7092933.1940049585+3864338.4877454177i            1.6299070102688989E7
0                         4.4632653061224485E-7    2.091122448979592E-7     6679150.808351617+3703854.99003214i               1.5707830907150144E7
0                         4.4632653061224485E-7    2.272959183673469E-7     6294332.119909412+3534571.706393806i              1.4861665986171747E7
0                         4.4632653061224485E-7    2.454795918367347E-7     5927862.492209191+3342417.9184105014i             1.3864350949176438E7
0                         4.4632653061224485E-7    2.636632653061224E-7     5499369.590024542+3134792.58481713i               1.2852027096007694E7
0                         4.4632653061224485E-7    2.8184693877551024E-7    5057862.218113741+2898222.774094244i              1.1895492191474726E7
0                         4.4632653061224485E-7    3.0003061224489794E-7    4525335.466689781+2626045.4104704587i             1.079502636709355E7
0                         4.4632653061224485E-7    3.1821428571428575E-7    3919931.866371646+2331025.109957422i              9736108.312600052
0                         4.4632653061224485E-7    3.3639795918367346E-7    3531491.6843013805+2018792.2107450045i            8463682.800909596
0                         4.4632653061224485E-7    3.5458163265306127E-7    2951928.2317139683+1725311.574580851i             7214648.601760191
0                         4.4632653061224485E-7    3.72765306122449E-7      2367633.5304651433+1428934.0497414446i            5959641.119504102
0                         4.4632653061224485E-7    3.909489795918368E-7     1820889.9078766224+1101650.5084249172i            4745294.151033209
0                         4.4632653061224485E-7    4.091326530612245E-7     1187179.6342462115+729822.5161903332i             3660575.522471173
0                         4.4632653061224485E-7    4.273163265306122E-7     552713.2609937027+357638.68040078186i             2746504.55994966
0                         4.4632653061224485E-7    4.455E-7                 208.69290387415418-5108.1941765106585i            2286048.95497416
0                         4.6285714285714283E-7    -4.455E-7                9155.815521383618+5885.477282449193i              2237456.0576664526
0                         4.6285714285714283E-7    -4.2731632653061225E-7   461679.18735544325+350038.0792481639i             2746256.6184641863
0                         4.6285714285714283E-7    -4.091326530612245E-7    1084273.0242346274+715917.7662923596i             3623012.416571212
0                         4.6285714285714283E-7    -3.9094897959183674E-7   1753397.965172355+1083581.0211310587i             4674802.208942731
0                         4.6285714285714283E-7    -3.72765306122449E-7     2298584.179035794+1371863.5958956932i             5881941.371252943
0                         4.6285714285714283E-7    -3.545816326530612E-7    2834219.9078629594+1654530.5957573296i            7099988.084297845
0                         4.6285714285714283E-7    -3.3639795918367346E-7   3360305.15165385+1931582.0207159691i              8308320.77771318
0                         4.6285714285714283E-7    -3.1821428571428575E-7   3876839.910408464+2203017.87077161i               9497171.808879944
0                         4.6285714285714283E-7    -3.0003061224489794E-7   4418009.729389387+2487717.2947894176i             1.073832041156506E7
0                         4.6285714285714283E-7    -2.8184693877551024E-7   4947241.9211355+2740349.3555175657i               1.1815247718836283E7
0                         4.6285714285714283E-7    -2.636632653061224E-7    5452779.2576269675+2955253.3536729724i            1.2715742007741194E7
0                         4.6285714285714283E-7    -2.454795918367347E-7    5950360.006128121+3220971.511187687i              1.3910449156061223E7
0                         4.6285714285714283E-7    -2.2729591836734696E-7   6167531.853452188+3324242.098174155i              1.4552321240164332E7
0                         4.6285714285714283E-7    -2.091122448979592E-7    6539173.307143181+3489598.4607526315i             1.548207851862598E7
0                         4.6285714285714283E-7    -1.9092857142857144E-7   6898656.004854672+3649893.4967831643i             1.6342368287203439E7
0                         4.6285714285714283E-7    -1.7274489795918368E-7   7574370.706899242+3804988.2400092697i             1.7045741684614554E7
0                         4.6285714285714283E-7    -1.5456122448979592E-7   7490474.9997315+3909031.1845675367i               1.7450870308283463E7
0                         4.6285714285714283E-7    -1.3637755102040816E-7   7687409.503773954+3933077.765150068i              1.7858660125356182E7
0                         4.6285714285714283E-7    -1.181938775510204E-7    7671245.924726315+3945574.2155999527i             1.8057495867125414E7
0                         4.6285714285714283E-7    -1.0001020408163265E-7   7884773.341683727+3950957.8153102403i             1.8754973116706464E7
0                         4.6285714285714283E-7    -8.182653061224489E-8    7885033.95096277+3947674.021493164i               1.9177782358269084E7
0                         4.6285714285714283E-7    -6.364285714285713E-8    8004174.580360879+3949311.799494583i              1.930860194046874E7
0                         4.6285714285714283E-7    -4.545918367346937E-8    8104064.374524213+3943443.5226676594i             1.93930552088705E7
0                         4.6285714285714283E-7    -2.7275510204081612E-8   8008301.767352831+3896938.3409093004i             1.9307149091993872E7
0                         4.6285714285714283E-7    -9.091836734693906E-9    8072854.075605834+3913163.5529507585i             1.940547055796314E7
0                         4.6285714285714283E-7    9.091836734693853E-9     8115602.362726861+3919341.528552845i              1.9424602672536906E7
0                         4.6285714285714283E-7    2.7275510204081612E-8    8087357.982432014+3914989.7124559847i             1.9352068183153555E7
0                         4.6285714285714283E-7    4.5459183673469424E-8    8049131.791475792+3951428.1990329344i             1.9328233871135462E7
0                         4.6285714285714283E-7    6.364285714285713E-8     8094067.34503004+3984553.2579333424i              1.9216332168047056E7
0                         4.6285714285714283E-7    8.182653061224494E-8     8092452.374036648+3977241.218751267i              1.909955365850254E7
0                         4.6285714285714283E-7    1.0001020408163265E-7    8060950.566092459+3954752.516081598i              1.888003846327116E7
0                         4.6285714285714283E-7    1.1819387755102046E-7    7887268.139514686+3915295.637887497i              1.8457470241449494E7
0                         4.6285714285714283E-7    1.3637755102040816E-7    7695138.538904838+3866787.623784378i              1.7957783553173214E7
0                         4.6285714285714283E-7    1.5456122448979587E-7    7530359.171959524+3813314.806870955i              1.7442176742348153E7
0                         4.6285714285714283E-7    1.7274489795918368E-7    7355718.642426495+3764968.7345548077i             1.6854870239670593E7
0                         4.6285714285714283E-7    1.909285714285714E-7     6851599.896283365+3626993.024336423i              1.6155005036482608E7
0                         4.6285714285714283E-7    2.091122448979592E-7     6644646.275003587+3573168.897999292i              1.5493636898335239E7
0                         4.6285714285714283E-7    2.272959183673469E-7     6067564.455507746+3352995.402421555i              1.476286054762526E7
0                         4.6285714285714283E-7    2.454795918367347E-7     5698175.401077714+3159972.317632336i              1.3789105452295253E7
0                         4.6285714285714283E-7    2.636632653061224E-7     5322802.760957424+2964708.1188758556i             1.2748979660046967E7
0                         4.6285714285714283E-7    2.8184693877551024E-7    4874098.987984698+2735268.474514844i              1.1803335548103329E7
0                         4.6285714285714283E-7    3.0003061224489794E-7    4398028.168830518+2482299.118969803i              1.0686983460885294E7
0                         4.6285714285714283E-7    3.1821428571428575E-7    4085042.1027152613+2205511.0847546123i            9498767.696616486
0                         4.6285714285714283E-7    3.3639795918367346E-7    3413652.2604672806+1918644.498703694i             8287869.022050271
0                         4.6285714285714283E-7    3.5458163265306127E-7    2833925.182891148+1626095.3338025515i             7087739.585173056
0                         4.6285714285714283E-7    3.72765306122449E-7      2249466.856653602+1330649.2802261533i             5881069.992379381
0                         4.6285714285714283E-7    3.909489795918368E-7     1660277.2817546355+1032306.3379744976i            4688341.44903574
0                         4.6285714285714283E-7    4.091326530612245E-7     1105707.1322512927+718989.6031769129i             3596645.9283192325
0                         4.6285714285714283E-7    4.273163265306122E-7     468601.0153783564+345862.4377860786i              2718454.069500547
0                         4.6285714285714283E-7    4.455E-7                 -9155.815521388224-5885.477282453956i             2227980.2091781297
0                         4.793877551020408E-7     -4.455E-7                18520.323946646273+6662.760388392833i             2171295.9474243997
0                         4.793877551020408E-7     -4.2731632653061225E-7   407448.3767246996+343921.5383889754i              2723977.8186018113
0                         4.793877551020408E-7     -4.091326530612245E-7    1032568.4944026531+710710.8501657826i             3560505.560198657
0                         4.793877551020408E-7     -3.9094897959183674E-7   1642276.2695133607+979060.1536816473i             4678788.3101646695
0                         4.793877551020408E-7     -3.72765306122449E-7     2183484.588789529+1264081.9799984428i             5839689.936234214
0                         4.793877551020408E-7     -3.545816326530612E-7    2715142.423029424+1543488.231412242i              7008948.76503595
0                         4.793877551020408E-7     -3.3639795918367346E-7   3237249.7722330447+1817278.9079230432i            8167613.501969353
0                         4.793877551020408E-7     -3.1821428571428575E-7   3800907.1186950626+2096684.8859116633i            9474424.93155696
0                         4.793877551020408E-7     -3.0003061224489794E-7   4332456.342372163+2339283.7416658234i             1.068780417590746E7
0                         4.793877551020408E-7     -2.8184693877551024E-7   4864764.036081101+2561236.840833724i              1.173055656195684E7
0                         4.793877551020408E-7     -2.636632653061224E-7    5160667.570639159+2796729.895894136i              1.2441378093366308E7
0                         4.793877551020408E-7     -2.454795918367347E-7    5558699.673911788+2972777.7490465087i             1.349076139871619E7
0                         4.793877551020408E-7     -2.2729591836734696E-7   5944573.021204902+3143764.2756509343i             1.4472269926799215E7
0                         4.793877551020408E-7     -2.091122448979592E-7    6318287.612518508+3309689.475707412i              1.5384764026119357E7
0                         4.793877551020408E-7     -1.9092857142857144E-7   6679843.4478525985+3470553.349215945i             1.6227576435441004E7
0                         4.793877551020408E-7     -1.7274489795918368E-7   7156660.277129052+3619713.134901206i              1.6914505822875883E7
0                         4.793877551020408E-7     -1.5456122448979592E-7   7675308.685264528+3756195.197627926i              1.77618036630411E7
0                         4.793877551020408E-7     -1.3637755102040816E-7   7586793.094001165+3793750.9565959796i             1.813164812459216E7
0                         4.793877551020408E-7     -1.181938775510204E-7    7569783.802911419+3805465.0429695626i             1.832220258393158E7
0                         4.793877551020408E-7     -1.0001020408163265E-7   7719077.251810725+3805367.5136740357i             1.8904785925236598E7
0                         4.793877551020408E-7     -8.182653061224489E-8    7769655.736092018+3814619.7225645566i             1.910972059757279E7
0                         4.793877551020408E-7     -6.364285714285713E-8    7908259.045064356+3835771.976949385i              1.9516151346470226E7
0                         4.793877551020408E-7     -4.545918367346937E-8    7973224.995350972+3816668.5708176824i             1.964161563782861E7
0                         4.793877551020408E-7     -2.7275510204081612E-8   7694979.209818268+3777517.4422625965i             1.944949135522256E7
0                         4.793877551020408E-7     -9.091836734693906E-9    7759876.111783678+3793873.6448302423i             1.9548061416401964E7
0                         4.793877551020408E-7     9.091836734693853E-9     7802968.992617093+3800182.6109585166i             1.9567260164098505E7
0                         4.793877551020408E-7     2.7275510204081612E-8    7824257.852318538+3796444.3406474204i             1.9507166303371243E7
0                         4.793877551020408E-7     4.5459183673469424E-8    8019453.924583483+3837692.420614025i              1.9496133053803265E7
0                         4.793877551020408E-7     6.364285714285713E-8     8001389.033252877+3833666.708861318i              1.9389024096526433E7
0                         4.793877551020408E-7     8.182653061224494E-8     7985713.030235521+3800451.1038263883i             1.924762987171937E7
0                         4.793877551020408E-7     1.0001020408163265E-7    7831488.352171294+3770631.0510959295i             1.8905879896434624E7
0                         4.793877551020408E-7     1.1819387755102046E-7    7658816.500074986+3731759.8624564502i             1.8486611472530983E7
0                         4.793877551020408E-7     1.3637755102040816E-7    7467697.473946598+3683837.537907957i              1.7989964664814536E7
0                         4.793877551020408E-7     1.5456122448979587E-7    7258131.273786135+3626864.0774504463i             1.7416197996917896E7
0                         4.793877551020408E-7     1.7274489795918368E-7    7058434.3617911935+3577157.8528673695i            1.6786831128953554E7
0                         4.793877551020408E-7     1.909285714285714E-7     6610266.598561771+3389647.560927429i              1.6045508154888224E7
0                         4.793877551020408E-7     2.091122448979592E-7     6412233.514255841+3340629.248772885i              1.5398208726696543E7
0                         4.793877551020408E-7     2.272959183673469E-7     6080206.169120903+3174122.2302946197i             1.4514326262854666E7
0                         4.793877551020408E-7     2.454795918367347E-7     5729950.335044648+3000330.530179902i              1.3567643611490019E7
0                         4.793877551020408E-7     2.636632653061224E-7     5090196.243096137+2781393.2212917777i             1.2737098582352722E7
0                         4.793877551020408E-7     2.8184693877551024E-7    4690335.757855653+2572314.1749354424i             1.1743017998250857E7
0                         4.793877551020408E-7     3.0003061224489794E-7    4270720.870971251+2338552.827469147i              1.0609390546539458E7
0                         4.793877551020408E-7     3.1821428571428575E-7    3870972.290536617+2107217.5916252597i             9265982.66742548
0                         4.793877551020408E-7     3.3639795918367346E-7    3295812.836633182+1818496.7866623849i             8130789.976083264
0                         4.793877551020408E-7     3.5458163265306127E-7    2715922.1340683284+1526879.093024251i             6979575.013341359
0                         4.793877551020408E-7     3.72765306122449E-7      2131300.1828420623+1232364.5107108636i            5821732.152872602
0                         4.793877551020408E-7     3.909489795918368E-7     1541946.9829543745+934953.0397222169i             4676629.16343204
0                         4.793877551020408E-7     4.091326530612245E-7     947862.5344052722+634644.6800583148i              3589293.711741694
0                         4.793877551020408E-7     4.273163265306122E-7     384488.76976301114+334086.1951713758i             2697949.9669484454
0                         4.793877551020408E-7     4.455E-7                 -18520.32394665056-6662.760388397245i             2164116.996638182
0                         4.959183673469387E-7     -4.455E-7                27884.832371908924+7440.043494336474i             2097973.0347591564
0                         4.959183673469387E-7     -4.2731632653061225E-7   510331.07780009904+353400.8677563477i             2397728.1304741357
0                         4.959183673469387E-7     -4.091326530612245E-7    984373.6641291922+587162.6334602801i              3637276.966484802
0                         4.959183673469387E-7     -3.9094897959183674E-7   1531154.573854364+874539.2862322343i              4704468.915139511
0                         4.959183673469387E-7     -3.72765306122449E-7     2068384.9985432653+1156300.3641011938i            5818147.364230905
0                         4.959183673469387E-7     -3.545816326530612E-7    2596064.938195889+1432445.867067154i              6938275.2707985435
0                         4.959183673469387E-7     -3.3639795918367346E-7   3131284.368809683+1705172.1349915978i             8098744.465109826
0                         4.959183673469387E-7     -3.1821428571428575E-7   3729558.589770479+1994395.41638302i               9433804.804262476
0                         4.959183673469387E-7     -3.0003061224489794E-7   4246902.955354943+2190850.188542231i              1.0663048008526962E7
0                         4.959183673469387E-7     -2.8184693877551024E-7   4739640.020637345+2473096.1874110843i             1.1652029804488342E7
0                         4.959183673469387E-7     -2.636632653061224E-7    4933562.463146658+2615114.398414912i              1.2427045524194976E7
0                         4.959183673469387E-7     -2.454795918367347E-7    5333667.704041891+2791731.089045285i              1.3459211672524769E7
0                         4.959183673469387E-7     -2.2729591836734696E-7   5721614.188957617+2963286.453127713i              1.4423100577146674E7
0                         4.959183673469387E-7     -2.091122448979592E-7    6097401.91789383+3129780.4906621934i              1.5317763580462607E7
0                         4.959183673469387E-7     -1.9092857142857144E-7   6461030.890850531+3291213.201648726i              1.614267250516085E7
0                         4.959183673469387E-7     -1.7274489795918368E-7   6703154.45162808+3255616.5460676383i              1.6778212663744878E7
0                         4.959183673469387E-7     -1.5456122448979592E-7   6964883.659667509+3385684.098312423i              1.7457467362189755E7
0                         4.959183673469387E-7     -1.3637755102040816E-7   7209545.987455372+3472795.725870685i              1.806877456498149E7
0                         4.959183673469387E-7     -1.181938775510204E-7    7588530.19359613+3530314.1154829673i              1.859950975290554E7
0                         4.959183673469387E-7     -1.0001020408163265E-7   7553381.161937727+3659777.2120378343i             1.9080275146110017E7
0                         4.959183673469387E-7     -8.182653061224489E-8    7603199.139891967+3668240.7364914683i             1.928744716430407E7
0                         4.959183673469387E-7     -6.364285714285713E-8    7779603.209137865+3709826.964618447i              1.977862341298873E7
0                         4.959183673469387E-7     -4.545918367346937E-8    7294611.135473944+3631562.1140826894i             1.9431819909831733E7
0                         4.959183673469387E-7     -2.7275510204081612E-8   7381656.652283723+3658096.5436158935i             1.9610102613655455E7
0                         4.959183673469387E-7     -9.091836734693906E-9    7441600.958342988+3700348.507347965i              1.9708963883727085E7
0                         4.959183673469387E-7     9.091836734693853E-9     7458009.850452857+3699430.3715837346i             1.9711671421177465E7
0                         4.959183673469387E-7     2.7275510204081612E-8    7451097.107890761+3687256.7313377047i             1.9634388727761336E7
0                         4.959183673469387E-7     4.5459183673469424E-8    7442924.44278221+3664983.0283832345i              1.9528816168270092E7
0                         4.959183673469387E-7     6.364285714285713E-8     7990702.320961297+3710741.838291633i              1.956499487615233E7
0                         4.959183673469387E-7     8.182653061224494E-8     7755240.241832895+3615743.949286095i              1.929966470515046E7
0                         4.959183673469387E-7     1.0001020408163265E-7    7602026.138250131+3586509.5861102603i             1.8961569788119595E7
0                         4.959183673469387E-7     1.1819387755102046E-7    7430364.860635286+3548224.087025408i              1.8545805157400556E7
0                         4.959183673469387E-7     1.3637755102040816E-7    7240256.408988363+3500887.452031536i              1.80524728124005E7
0                         4.959183673469387E-7     1.5456122448979587E-7    7031700.783309359+3444499.6811286467i             1.7481783664878875E7
0                         4.959183673469387E-7     1.7274489795918368E-7    6761150.081155899+3389346.971179933i              1.6753752674853355E7
0                         4.959183673469387E-7     1.909285714285714E-7     6574430.056942396+3336239.1775642605i             1.6099530282698875E7
0                         4.959183673469387E-7     2.091122448979592E-7     6171835.167335091+3097579.072301461i              1.5317291237155458E7
0                         4.959183673469387E-7     2.272959183673469E-7     5845622.343336834+2936921.0879893443i             1.4456731969227074E7
0                         4.959183673469387E-7     2.454795918367347E-7     5503664.889774782+2768174.9571920945i             1.3531155441149835E7
0                         4.959183673469387E-7     2.636632653061224E-7     5145962.806648945+2591340.6799097164i             1.2541561469928794E7
0                         4.959183673469387E-7     2.8184693877551024E-7    4470394.64596468+2398834.417372123i               1.1708758558075633E7
0                         4.959183673469387E-7     3.0003061224489794E-7    4541973.023177379+2224328.6773285624i             1.0240686244490026E7
0                         4.959183673469387E-7     3.1821428571428575E-7    3753296.491691239+2006138.4083209424i             9079435.38786347
0                         4.959183673469387E-7     3.3639795918367346E-7    3177973.4127990836+1718349.0746210758i            7992604.135748039
0                         4.959183673469387E-7     3.5458163265306127E-7    2597919.085245507+1427662.8522459515i             6890398.904012685
0                         4.959183673469387E-7     3.72765306122449E-7      2013133.5090305207+1134079.7411955735i            5782005.247087033
0                         4.959183673469387E-7     3.909489795918368E-7     1423616.6841541121+837599.7414699361i             4685973.606215799
0                         4.959183673469387E-7     4.091326530612245E-7     829368.6106162885+538222.8530690435i              3644092.4233659557
0                         4.959183673469387E-7     4.273163265306122E-7     300376.52414766554+322309.952556673i              2684373.1129427166
0                         4.959183673469387E-7     4.455E-7                 -27884.832371912893-7440.043494340537i            2093553.209078132
0                         5.124489795918367E-7     -4.455E-7                37249.34079717164+8217.32660028012i               2016825.585819106
0                         5.124489795918367E-7     -4.2731632653061225E-7   709038.0941425106+242637.05661803536i             2478713.786217654
0                         5.124489795918367E-7     -4.091326530612245E-7    1156607.7782358886+524737.7884853305i             3371487.6220371253
0                         5.124489795918367E-7     -3.9094897959183674E-7   1420032.8781953696+770018.4187828227i             4752426.31990663
0                         5.124489795918367E-7     -3.72765306122449E-7     1953285.4082969986+1048518.7482039435i            5817727.446581536
0                         5.124489795918367E-7     -3.545816326530612E-7    2476987.4533623536+1321403.502722066i             6888260.451676116
0                         5.124489795918367E-7     -3.3639795918367346E-7   3058904.748282503+1602953.8123014523i             8112978.436609846
0                         5.124489795918367E-7     -3.1821428571428575E-7   3658210.0608458933+1892105.9468543767i            9410746.141288891
0                         5.124489795918367E-7     -3.0003061224489794E-7   4012298.5534564713+2113134.3091048957i            1.0434920848355839E7
0                         5.124489795918367E-7     -2.8184693877551024E-7   4227080.007119237+2237977.0534546888i             1.1390321648352776E7
0                         5.124489795918367E-7     -2.636632653061224E-7    4706457.355654158+2433498.900935689i              1.2445667634463247E7
0                         5.124489795918367E-7     -2.454795918367347E-7    5231177.669137329+2553296.3048765277i             1.3472594396983052E7
0                         5.124489795918367E-7     -2.2729591836734696E-7   5580429.669469536+2709300.767373443i              1.4333004432404775E7
0                         5.124489795918367E-7     -2.091122448979592E-7    5915152.2637981605+2858461.8928466924i            1.5126529987492522E7
0                         5.124489795918367E-7     -1.9092857142857144E-7   6235345.452123207+3000779.6812962806i             1.585278949729313E7
0                         5.124489795918367E-7     -1.7274489795918368E-7   6535684.096184127+3139352.1727019968i             1.6556674006107062E7
0                         5.124489795918367E-7     -1.5456122448979592E-7   6797000.245301664+3232645.953511786i              1.7228283586105224E7
0                         5.124489795918367E-7     -1.3637755102040816E-7   7040166.106462652+3317835.3081747503i             1.7828632099472202E7
0                         5.124489795918367E-7     -1.181938775510204E-7    7265181.679667072+3394920.2366908942i             1.835756373799426E7
0                         5.124489795918367E-7     -1.0001020408163265E-7   7309952.463538653+3464915.5122111836i             1.905708837795655E7
0                         5.124489795918367E-7     -8.182653061224489E-8    7240874.448067533+3465708.2034576205i             1.9018186190973144E7
0                         5.124489795918367E-7     -6.364285714285713E-8    7331420.562569067+3493852.702704883i              1.933831413071008E7
0                         5.124489795918367E-7     -4.545918367346937E-8    7417802.487529909+3526704.4487664644i             1.9580517920639213E7
0                         5.124489795918367E-7     -2.7275510204081612E-8   7480862.777818768+3548300.6903462396i             1.9742892812182534E7
0                         5.124489795918367E-7     -9.091836734693906E-9    7520601.433435639+3558641.4274442103i             1.9825396316174727E7
0                         5.124489795918367E-7     9.091836734693853E-9     7537018.4543805225+3557726.660060372i             1.982802303759602E7
0                         5.124489795918367E-7     2.7275510204081612E-8    7530113.840653431+3545556.388194733i              1.9750803682690848E7
0                         5.124489795918367E-7     4.5459183673469424E-8    7531590.678552483+3526664.0478432607i             1.9638732764353212E7
0                         5.124489795918367E-7     6.364285714285713E-8     7340136.045122295+3494002.010304084i              1.934243997141614E7
0                         5.124489795918367E-7     8.182653061224494E-8     7211832.12278275+3466670.7778364844i              1.9076902124374192E7
0                         5.124489795918367E-7     1.0001020408163265E-7    7070805.749547569+3417359.276819969i              1.876681645561668E7
0                         5.124489795918367E-7     1.1819387755102046E-7    6909892.500056668+3358616.118419419i              1.8378375471696895E7
0                         5.124489795918367E-7     1.3637755102040816E-7    6729092.374309994+3290441.302634825i              1.791162050606551E7
0                         5.124489795918367E-7     1.5456122448979587E-7    6528405.3723075995+3212834.829466196i             1.736668264935738E7
0                         5.124489795918367E-7     1.7274489795918368E-7    6338291.718929958+3123681.9571794486i             1.6644185663729131E7
0                         5.124489795918367E-7     1.909285714285714E-7     6130832.862613065+3030754.3025001846i             1.5982921488524927E7
0                         5.124489795918367E-7     2.091122448979592E-7     6023567.315381211+2917030.4627225325i             1.5269635849198027E7
0                         5.124489795918367E-7     2.272959183673469E-7     5784533.573004853+2729941.17309077i               1.444648680345358E7
0                         5.124489795918367E-7     2.454795918367347E-7     5353874.862306371+2559886.226217639i              1.3516017303336928E7
0                         5.124489795918367E-7     2.636632653061224E-7     4912579.638036245+2384606.855296665i              1.25238609619454E7
0                         5.124489795918367E-7     2.8184693877551024E-7    4460647.900194483+2204103.0603278507i             1.1471202981840108E7
0                         5.124489795918367E-7     3.0003061224489794E-7    3663801.005022739+1836594.7619773475i             1.0246776693924736E7
0                         5.124489795918367E-7     3.1821428571428575E-7    3322265.3231327403+1870119.4123703688i            9257281.718797373
0                         5.124489795918367E-7     3.3639795918367346E-7    2899358.108940109+1608204.9664552023i             8062130.507013376
0                         5.124489795918367E-7     3.5458163265306127E-7    2467086.8961608345+1341613.1596256846i            6856300.814257993
0                         5.124489795918367E-7     3.72765306122449E-7      2025451.6847949175+1070343.9918818162i            5650030.516176124
0                         5.124489795918367E-7     3.909489795918368E-7     1574452.4748423535+794397.4632235934i             4465072.244679903
0                         5.124489795918367E-7     4.091326530612245E-7     1114089.2663031472+513773.5736510194i             3354405.1977049992
0                         5.124489795918367E-7     4.273163265306122E-7     644362.059177299+228472.3231640944i               2464459.782832442
0                         5.124489795918367E-7     4.455E-7                 -37249.34079717531-8217.326600283837i             2015491.213059731
0                         5.289795918367346E-7     -4.455E-7                46613.849222434284+8994.609706223757i             1927283.3465949665
0                         5.289795918367346E-7     -4.2731632653061225E-7   739521.6313935698+162294.58277206408i             2485306.4145413693
0                         5.289795918367346E-7     -4.091326530612245E-7    1175133.1923915348+436466.1395534694i             3364405.961979472
0                         5.289795918367346E-7     -3.9094897959183674E-7   1367533.9470687946+689334.1801680548i             4342848.724921331
0                         5.289795918367346E-7     -3.72765306122449E-7     1816739.106324988+916519.5836700522i              5481276.255644746
0                         5.289795918367346E-7     -3.545816326530612E-7    2290327.5866916026+1160464.6961119412i            6696314.2831374
0                         5.289795918367346E-7     -3.3639795918367346E-7   2743272.349240722+1382621.4489163219i             7862056.107846577
0                         5.289795918367346E-7     -3.1821428571428575E-7   3189136.932691737+1601832.670841102i              9012052.173824517
0                         5.289795918367346E-7     -3.0003061224489794E-7   3627921.337044645+1818098.361886285i              1.0141166486419545E7
0                         5.289795918367346E-7     -2.8184693877551024E-7   4305341.868810438+2114615.947683113i              1.1404460737500094E7
0                         5.289795918367346E-7     -2.636632653061224E-7    4715929.964406284+2284172.6575701633i             1.2372545437568538E7
0                         5.289795918367346E-7     -2.454795918367347E-7    5077575.586984443+2444403.1439788127i             1.3281342091427596E7
0                         5.289795918367346E-7     -2.2729591836734696E-7   5424691.803559018+2597790.2933637975i             1.4124304755708747E7
0                         5.289795918367346E-7     -2.091122448979592E-7    5757278.614130015+2744334.105725119i              1.4900750999487847E7
0                         5.289795918367346E-7     -1.9092857142857144E-7   6075336.01869742+2884034.581062774i               1.5610299417269768E7
0                         5.289795918367346E-7     -1.7274489795918368E-7   6369297.148445172+2988236.3007966573i             1.635173711834155E7
0                         5.289795918367346E-7     -1.5456122448979592E-7   6629116.830935824+3079607.808711149i              1.7012326970315844E7
0                         5.289795918367346E-7     -1.3637755102040816E-7   6737835.996103948+3164563.460402823i              1.7779494040115956E7
0                         5.289795918367346E-7     -1.181938775510204E-7    6964972.989993732+3222832.2214120403i             1.8357198645823162E7
0                         5.289795918367346E-7     -1.0001020408163265E-7   6983439.898645922+3208781.486694982i              1.877387941224425E7
0                         5.289795918367346E-7     -8.182653061224489E-8    7181122.735473009+3267592.860754113i              1.9053427362498462E7
0                         5.289795918367346E-7     -6.364285714285713E-8    7581811.2385552+3418278.988031738i                1.9738976169548832E7
0                         5.289795918367346E-7     -4.545918367346937E-8    7680697.361998609+3438948.69314721i               1.998311691693556E7
0                         5.289795918367346E-7     -2.7275510204081612E-8   7758376.9191119075+3450437.664529087i             2.0150864035284966E7
0                         5.289795918367346E-7     -9.091836734693906E-9    7814849.909895076+3452745.9021773655i             2.024219209889071E7
0                         5.289795918367346E-7     9.091836734693853E-9     7616027.058308187+3416022.94853701i               1.9948951354613654E7
0                         5.289795918367346E-7     2.7275510204081612E-8    7609130.5734161055+3403856.0450517624i            1.9871854870939825E7
0                         5.289795918367346E-7     4.5459183673469424E-8    7347497.025708723+3359520.217526764i              1.951391357302538E7
0                         5.289795918367346E-7     6.364285714285713E-8     7251750.063947776+3343289.469654326i              1.9275302216807082E7
0                         5.289795918367346E-7     8.182653061224494E-8     7123909.018781064+3316731.16534626i               1.8986524677820038E7
0                         5.289795918367346E-7     1.0001020408163265E-7    6983824.732926368+3268819.55228044i               1.8680608026134025E7
0                         5.289795918367346E-7     1.1819387755102046E-7    6823853.570815931+3211476.2818305823i             1.829650654156399E7
0                         5.289795918367346E-7     1.3637755102040816E-7    6643995.532449746+3144701.353996682i              1.783425110981104E7
0                         5.289795918367346E-7     1.5456122448979587E-7    6444250.617827812+3068494.768778744i              1.7293966030122142E7
0                         5.289795918367346E-7     1.7274489795918368E-7    6267827.768830551+2984521.2994068586i             1.6563223418863956E7
0                         5.289795918367346E-7     1.909285714285714E-7     6062059.492875008+2893332.0546112056i             1.5907455869886093E7
0                         5.289795918367346E-7     2.091122448979592E-7     5795101.299903611+2766219.6252472643i             1.5098561390059259E7
0                         5.289795918367346E-7     2.272959183673469E-7     5535148.125131387+2630568.710880055i              1.424060537721463E7
0                         5.289795918367346E-7     2.454795918367347E-7     5105454.113365896+2462488.0891442625i             1.333092346289608E7
0                         5.289795918367346E-7     2.636632653061224E-7     4665123.588028781+2289183.0433606324i             1.2359941955422938E7
0                         5.289795918367346E-7     2.8184693877551024E-7    4219784.336961022+2095998.7795696615i             1.1394762398127127E7
0                         5.289795918367346E-7     3.0003061224489794E-7    3842418.1418082425+1898351.1973692821i            1.0271926139777534E7
0                         5.289795918367346E-7     3.1821428571428575E-7    3156928.012855105+1582801.4529714277i             8964388.140077777
0                         5.289795918367346E-7     3.3639795918367346E-7    2723303.7769118384+1365694.149867844i             7803207.936906333
0                         5.289795918367346E-7     3.5458163265306127E-7    2284265.4946404975+1145833.4447303612i            6636595.2510466585
0                         5.289795918367346E-7     3.72765306122449E-7      1839813.1660410892+923219.3375589801i             5474049.9614696
0                         5.289795918367346E-7     3.909489795918368E-7     1389946.791113609+697851.8283536995i              4335534.519946539
0                         5.289795918367346E-7     4.091326530612245E-7     934666.3698580613+469730.9171145212i              3268947.463131734
0                         5.289795918367346E-7     4.273163265306122E-7     673389.2576340386+159967.20175559266i             2460956.2938782177
0                         5.289795918367346E-7     4.455E-7                 -46613.849222437646-8994.609706227131i            1929232.5600262552
0                         5.455102040816326E-7     -4.455E-7                -2534.2481764177-2075.4540892771474i              2076608.2384005177
0                         5.455102040816326E-7     -4.2731632653061225E-7   457046.67415817216+227425.94466753668i            2408086.9654266154
0                         5.455102040816326E-7     -4.091326530612245E-7    911997.2868822669+454759.5337249282i              3240648.521482586
0                         5.455102040816326E-7     -3.9094897959183674E-7   1397167.642480758+690700.5605380752i              4366938.231871053
0                         5.455102040816326E-7     -3.72765306122449E-7     1861275.9627837443+914850.8172835789i             5495720.698542825
0                         5.455102040816326E-7     -3.545816326530612E-7    2318304.103988624+1136055.543149483i              6639150.911669422
0                         5.455102040816326E-7     -3.3639795918367346E-7   2768252.066095398+1354314.73813579i               7776757.407808546
0                         5.455102040816326E-7     -3.1821428571428575E-7   3211119.849104065+1569628.4022424947i             8898838.242797948
0                         5.455102040816326E-7     -3.0003061224489794E-7   3740607.231907673+1818623.6534779177i             1.0104040507909335E7
0                         5.455102040816326E-7     -2.8184693877551024E-7   4165725.0512638893+2010022.974203408i             1.1225428685278878E7
0                         5.455102040816326E-7     -2.636632653061224E-7    4564463.666011032+2177896.809784377i              1.2206219086912131E7
0                         5.455102040816326E-7     -2.454795918367347E-7    4923973.504831559+2335509.983081097i              1.3097234665851934E7
0                         5.455102040816326E-7     -2.2729591836734696E-7   5268953.937648503+2486279.819354152i              1.3922867953811504E7
0                         5.455102040816326E-7     -2.091122448979592E-7    5599404.964461864+2630206.318603542i              1.4682415337460026E7
0                         5.455102040816326E-7     -1.9092857142857144E-7   5926436.696885895+2739566.7677253005i             1.5439714075840507E7
0                         5.455102040816326E-7     -1.7274489795918368E-7   6202910.200706219+2837120.428891319i              1.6160017340377366E7
0                         5.455102040816326E-7     -1.5456122448979592E-7   6360199.717209963+2910637.7723403736i             1.6983111010834925E7
0                         5.455102040816326E-7     -1.3637755102040816E-7   6605530.725221708+2976266.1486834497i             1.7620528085378516E7
0                         5.455102040816326E-7     -1.181938775510204E-7    6652608.390638342+3003119.320461843i              1.8091970292969942E7
0                         5.455102040816326E-7     -1.0001020408163265E-7   6831956.036774436+3066162.1544685136i             1.8536259288319E7
0                         5.455102040816326E-7     -8.182653061224489E-8    7014937.659584278+3120632.1906449576i             1.8826820719392553E7
0                         5.455102040816326E-7     -6.364285714285713E-8    7115658.9940062985+3163774.887738191i             1.946684667796634E7
0                         5.455102040816326E-7     -4.545918367346937E-8    7372793.100441524+3260368.385415924i              1.970003513324718E7
0                         5.455102040816326E-7     -2.7275510204081612E-8   7449641.638703169+3271412.9583337456i             1.986612970665751E7
0                         5.455102040816326E-7     -9.091836734693906E-9    7505283.610634702+3273276.79751797i               1.9955903594416127E7
0                         5.455102040816326E-7     9.091836734693853E-9     7539719.016236119+3265959.9029685995i             1.9969368139167827E7
0                         5.455102040816326E-7     2.7275510204081612E-8    7384948.1199788945+3227009.5015592203i            1.9798834147949737E7
0                         5.455102040816326E-7     4.5459183673469424E-8    7372537.643955612+3198786.646117i                 1.966047896894351E7
0                         5.455102040816326E-7     6.364285714285713E-8     7163364.082773246+3192576.9290045667i             1.921459339385953E7
0                         5.455102040816326E-7     8.182653061224494E-8     7046121.736044504+3167926.0330130453i             1.8905810095437985E7
0                         5.455102040816326E-7     1.0001020408163265E-7    6896843.716305169+3120279.827740911i              1.8600548616039805E7
0                         5.455102040816326E-7     1.1819387755102046E-7    6737814.6415752+3064336.445241745i                1.822075752253929E7
0                         5.455102040816326E-7     1.3637755102040816E-7    6558898.690589488+2998961.4053585385i             1.776301586654523E7
0                         5.455102040816326E-7     1.5456122448979587E-7    6360095.863348034+2924154.708091293i              1.7227444454499915E7
0                         5.455102040816326E-7     1.7274489795918368E-7    6197363.81873114+2845360.6416342664i              1.6490579867254466E7
0                         5.455102040816326E-7     1.909285714285714E-7     5935543.713561587+2719053.642556674i              1.5775998481800329E7
0                         5.455102040816326E-7     2.091122448979592E-7     5566635.284426011+2615408.787771997i              1.4940638801082661E7
0                         5.455102040816326E-7     2.272959183673469E-7     5181961.839253427+2504208.330965954i              1.4049321628231835E7
0                         5.455102040816326E-7     2.454795918367347E-7     4857033.364425432+2365089.9520708895i             1.3156217449745499E7
0                         5.455102040816326E-7     2.636632653061224E-7     4456755.763189513+2181367.565938075i              1.220272171136694E7
0                         5.455102040816326E-7     2.8184693877551024E-7    4101585.383402397+1980780.3599254687i             1.1220142424703412E7
0                         5.455102040816326E-7     3.0003061224489794E-7    3727777.953900859+1788997.7527865174i             1.012245879198715E7
0                         5.455102040816326E-7     3.1821428571428575E-7    3368219.553599211+1622597.8423505744i             8965926.00762726
0                         5.455102040816326E-7     3.3639795918367346E-7    2811246.0546427984+1381086.0240690133i            7992254.94926412
0                         5.455102040816326E-7     3.5458163265306127E-7    2259989.1219894933+1120656.3188094425i            6502227.796508499
0                         5.455102040816326E-7     3.72765306122449E-7      1819326.2398830187+902446.9499332071i             5370571.818491867
0                         5.455102040816326E-7     3.909489795918368E-7     1373249.311448471+681484.1790230714i              4264307.3213989725
0                         5.455102040816326E-7     4.091326530612245E-7     921758.3366858568+457768.0060790387i              3231956.730171735
0                         5.455102040816326E-7     4.273163265306122E-7     464853.31559517176+231298.4311011072i             2402469.7823841684
0                         5.455102040816326E-7     4.455E-7                 2534.248176414695+2075.454089276005i              2076244.0999273385
0                         5.620408163265306E-7     -4.455E-7                2794.892009921152+1077.9803559141394i             2088525.3560073609
0                         5.620408163265306E-7     -4.2731632653061225E-7   458860.648591422+226391.9452692786i               2402934.9036704563
0                         5.620408163265306E-7     -4.091326530612245E-7    962946.0617037279+450888.2934047382i              3324294.269553004
0                         5.620408163265306E-7     -3.9094897959183674E-7   1431137.7606624751+674086.5232117682i             4365341.243019922
0                         5.620408163265306E-7     -3.72765306122449E-7     1892249.2805231125+894339.2221391975i             5467458.352465639
0                         5.620408163265306E-7     -3.545816326530612E-7    2346280.6212856453+1111646.390187027i             6583586.945849775
0                         5.620408163265306E-7     -3.3639795918367346E-7   2793231.7829500735+1326008.0273552572i            7693865.154448297
0                         5.620408163265306E-7     -3.1821428571428575E-7   3284879.112611984+1553863.7371545648i             8860831.73174997
0                         5.620408163265306E-7     -3.0003061224489794E-7   3643014.3262758465+1720848.0366096206i            9964945.737492654
0                         5.620408163265306E-7     -2.8184693877551024E-7   4026108.2337173373+1905430.000723702i             1.1054078851836812E7
0                         5.620408163265306E-7     -2.636632653061224E-7    4412997.367615778+2071620.9619985903i             1.2047051597362407E7
0                         5.620408163265306E-7     -2.454795918367347E-7    4770371.422678677+2226616.822183381i              1.2920360074348133E7
0                         5.620408163265306E-7     -2.2729591836734696E-7   5113216.07173799+2374769.3453445053i              1.3728807970676104E7
0                         5.620408163265306E-7     -2.091122448979592E-7    5468418.890623832+2486637.3542977143i             1.44931695153825E7
0                         5.620408163265306E-7     -1.9092857142857144E-7   5682650.387938332+2569004.861933267i              1.5385620028143762E7
0                         5.620408163265306E-7     -1.7274489795918368E-7   5968100.64708887+2652229.302348474i               1.6150621613058066E7
0                         5.620408163265306E-7     -1.5456122448979592E-7   6231625.669222588+2725217.2940254128i             1.684727282292362E7
0                         5.620408163265306E-7     -1.3637755102040816E-7   6307008.246681122+2794220.889456815i              1.7369221392320238E7
0                         5.620408163265306E-7     -1.181938775510204E-7    6502199.629312078+2862021.2176463944i             1.78655329189496E7
0                         5.620408163265306E-7     -1.0001020408163265E-7   6680472.174902952+2923542.822242045i              1.8301572674571514E7
0                         5.620408163265306E-7     -8.182653061224489E-8    6848752.583695549+2973671.520535802i              1.8604683799591262E7
0                         5.620408163265306E-7     -6.364285714285713E-8    6922704.299998129+3007702.852629146i              1.9175154417519823E7
0                         5.620408163265306E-7     -4.545918367346937E-8    7064888.838884424+3081788.0776846353i             1.9424774952833734E7
0                         5.620408163265306E-7     -2.7275510204081612E-8   7140906.358294433+3092388.2521384014i             1.9589177933607977E7
0                         5.620408163265306E-7     -9.091836734693906E-9    7195717.311374327+3093807.692858573i              1.9677413786544506E7
0                         5.620408163265306E-7     9.091836734693853E-9     7101577.821226201+3079768.9208731446i             1.960920213951888E7
0                         5.620408163265306E-7     2.7275510204081612E-8    7109426.538555432+3059677.8165388317i             1.9542418845649257E7
0                         5.620408163265306E-7     4.5459183673469424E-8    7096617.513754142+3031615.1664098823i             1.940525419944132E7
0                         5.620408163265306E-7     6.364285714285713E-8     7063150.746822305+2995580.9704862954i             1.919776701375042E7
0                         5.620408163265306E-7     8.182653061224494E-8     6959624.3607065305+3018502.593628212i             1.8854003115660734E7
0                         5.620408163265306E-7     1.0001020408163265E-7    6809862.69968396+2971740.103201381i               1.852661421341986E7
0                         5.620408163265306E-7     1.1819387755102046E-7    6651775.7123344615+2917196.6086529065i            1.8151096145702764E7
0                         5.620408163265306E-7     1.3637755102040816E-7    6473801.848729232+2853221.456720393i              1.7697874078027595E7
0                         5.620408163265306E-7     1.5456122448979587E-7    6275941.108868253+2779814.647403842i              1.716706843287498E7
0                         5.620408163265306E-7     1.7274489795918368E-7    6054784.4641411975+2658984.5729271527i            1.6378514686653681E7
0                         5.620408163265306E-7     1.909285714285714E-7     5704359.374563314+2565569.0626226226i             1.5615305556820361E7
0                         5.620408163265306E-7     2.091122448979592E-7     5338169.268948412+2464597.9502967275i             1.4795916452975154E7
0                         5.620408163265306E-7     2.272959183673469E-7     4956214.147296492+2356071.2359494674i             1.3920793205096992E7
0                         5.620408163265306E-7     2.454795918367347E-7     4628444.837805101+2226606.9318698095i             1.2932729855205832E7
0                         5.620408163265306E-7     2.636632653061224E-7     4336025.936053521+2063231.0041076513i             1.2014834591530615E7
0                         5.620408163265306E-7     2.8184693877551024E-7    3983386.4298437736+1865561.940281276i             1.1054363969634539E7
0                         5.620408163265306E-7     3.0003061224489794E-7    3613137.7659934666+1679644.30820375i              9982158.47596586
0                         5.620408163265306E-7     3.1821428571428575E-7    3255596.5420530546+1516223.5885597314i            8848595.743013145
0                         5.620408163265306E-7     3.3639795918367346E-7    2778918.195756506+1321118.9589989674i             7834122.072309025
0                         5.620408163265306E-7     3.5458163265306127E-7    2334464.992608853+1114549.9325203667i             6675338.088109439
0                         5.620408163265306E-7     3.72765306122449E-7      1883412.6087452741+905428.20861173i               5514197.720338518
0                         5.620408163265306E-7     3.909489795918368E-7     1356551.8317833324+665116.5296924436i             4191936.397627022
0                         5.620408163265306E-7     4.091326530612245E-7     908850.3035136515+445805.09504355665i             3192459.8740891926
0                         5.620408163265306E-7     4.273163265306122E-7     455734.7289158998+223740.2583607706i              2395946.938556482
0                         5.620408163265306E-7     4.455E-7                 -2794.8920099242077-1077.9803559152724i           2088583.0492252759
0                         5.785714285714285E-7     -4.455E-7                8124.03219625997+4231.414801105407i               2094323.2898215707
0                         5.785714285714285E-7     -4.2731632653061225E-7   527637.9027132904+215925.6110279544i              2500345.9626721903
0                         5.785714285714285E-7     -4.091326530612245E-7    999912.9803277934+438171.813896506i               3344277.96439052
0                         5.785714285714285E-7     -3.9094897959183674E-7   1465107.8788441913+657472.4858854611i             4363060.841114596
0                         5.785714285714285E-7     -3.72765306122449E-7     1923222.5982624814+873827.6269948159i             5439702.558737581
0                         5.785714285714285E-7     -3.545816326530612E-7    2374257.1385826664+1087237.23722457i              6529511.484385136
0                         5.785714285714285E-7     -3.3639795918367346E-7   2825693.234551737+1293010.2574542835i             7654328.456915405
0                         5.785714285714285E-7     -3.1821428571428575E-7   3188881.336870347+1458988.315989515i              8753923.46093914
0                         5.785714285714285E-7     -3.0003061224489794E-7   3545421.4206440235+1623072.4197413248i            9834643.269996844
0                         5.785714285714285E-7     -2.8184693877551024E-7   3895313.4858727623+1785262.5687097106i            1.0893439359740391E7
0                         5.785714285714285E-7     -2.636632653061224E-7    4319670.614198029+1951122.7375283048i             1.177124353186273E7
0                         5.785714285714285E-7     -2.454795918367347E-7    4638067.877256347+2095451.2105914415i             1.2709856907990236E7
0                         5.785714285714285E-7     -2.2729591836734696E-7   4940350.138853822+2231926.004657367i              1.3587555766922925E7
0                         5.785714285714285E-7     -2.091122448979592E-7    5257894.5124681685+2298753.9946780615i            1.4459868718752284E7
0                         5.785714285714285E-7     -1.9092857142857144E-7   5561538.7857406745+2389338.0504271276i            1.5282677146644361E7
0                         5.785714285714285E-7     -1.7274489795918368E-7   5718685.510608358+2503249.6477134787i             1.5997750075793441E7
0                         5.785714285714285E-7     -1.5456122448979592E-7   5946639.466774248+2582086.1936798966i             1.660580222005771E7
0                         5.785714285714285E-7     -1.3637755102040816E-7   6157674.585900058+2654644.016052385i              1.7153932464180045E7
0                         5.785714285714285E-7     -1.181938775510204E-7    6351790.867985805+2720923.1148309465i             1.7641996426856685E7
0                         5.785714285714285E-7     -1.0001020408163265E-7   6556777.84841849+2786814.5302635995i              1.7999837197413646E7
0                         5.785714285714285E-7     -8.182653061224489E-8    6701232.836524875+2839340.5216953126i             1.8560405656078365E7
0                         5.785714285714285E-7     -6.364285714285713E-8    6729749.605989964+2851630.817520101i              1.888858962472352E7
0                         5.785714285714285E-7     -4.545918367346937E-8    6738295.847426857+2856441.2132869028i             1.9149807991862934E7
0                         5.785714285714285E-7     -2.7275510204081612E-8   6832171.077885699+2913363.545943061i              1.9320372276083186E7
0                         5.785714285714285E-7     -9.091836734693906E-9    6798346.877899014+2924236.3837658893i             1.9353935316249635E7
0                         5.785714285714285E-7     9.091836734693853E-9     6826454.788580756+2912277.0305394856i             1.935870324342058E7
0                         5.785714285714285E-7     2.7275510204081612E-8    6833904.957131971+2892346.131518444i              1.9293112289413508E7
0                         5.785714285714285E-7     4.5459183673469424E-8    6820697.383552665+2864443.686702765i              1.915718920178114E7
0                         5.785714285714285E-7     6.364285714285713E-8     6786832.067842817+2828569.696092449i              1.8950987242657524E7
0                         5.785714285714285E-7     8.182653061224494E-8     6732309.01000246+2784724.1596874944i              1.8674589158508845E7
0                         5.785714285714285E-7     1.0001020408163265E-7    6611631.50853267+2847446.48996994i                1.8304835459417574E7
0                         5.785714285714285E-7     1.1819387755102046E-7    6415259.064541766+2785306.4574500723i             1.7829313694008075E7
0                         5.785714285714285E-7     1.3637755102040816E-7    6201311.649785702+2715482.517113252i              1.728100888973449E7
0                         5.785714285714285E-7     1.5456122448979587E-7    5969789.264264481+2637974.6689594835i             1.6660129757087763E7
0                         5.785714285714285E-7     1.7274489795918368E-7    5820881.801622255+2502826.250534318i              1.6215215847556446E7
0                         5.785714285714285E-7     1.909285714285714E-7     5473175.035565041+2412084.4826885704i             1.5467781572180169E7
0                         5.785714285714285E-7     2.091122448979592E-7     5109703.25347081+2313787.112821458i               1.4664429324637981E7
0                         5.785714285714285E-7     2.272959183673469E-7     4868686.570934036+2210628.958646388i              1.3676089320391044E7
0                         5.785714285714285E-7     2.454795918367347E-7     4575197.626150068+2071065.324544483i              1.2786243653571906E7
0                         5.785714285714285E-7     2.636632653061224E-7     4264946.499332733+1924563.2241030156i             1.1848124504259475E7
0                         5.785714285714285E-7     2.8184693877551024E-7    3865187.476285151+1750343.520637083i              1.0897381547828158E7
0                         5.785714285714285E-7     3.0003061224489794E-7    3498497.578086083+1570290.8636209841i             9850901.347058149
0                         5.785714285714285E-7     3.1821428571428575E-7    3142973.530506899+1409849.334768889i              8740216.22817182
0                         5.785714285714285E-7     3.3639795918367346E-7    2781502.8935141494+1247418.6616616915i            7608993.640358001
0                         5.785714285714285E-7     3.5458163265306127E-7    2304023.089818673+1057770.9704261196i             6547810.90151307
0                         5.785714285714285E-7     3.72765306122449E-7      1854856.662051207+851837.3494932808i              5413325.831088274
0                         5.785714285714285E-7     3.909489795918368E-7     1399091.0535678081+643351.0311304006i             4298224.966888971
0                         5.785714285714285E-7     4.091326530612245E-7     936726.2643684838+432312.0153374852i              3253080.201859126
0                         5.785714285714285E-7     4.273163265306122E-7     446616.14223662793+216182.08562043394i            2384299.764436322
0                         5.785714285714285E-7     4.455E-7                 -8124.032196263084-4231.414801106537i             2094428.6995942385
0                         5.951020408163264E-7     -4.455E-7                13937.691872021713+7435.088652690516i             2112327.060874746
0                         5.951020408163264E-7     -4.2731632653061225E-7   567601.6217796996+207106.68933779513i             2526905.967359989
0                         5.951020408163264E-7     -4.091326530612245E-7    1036879.8989518575+425455.33438827406i            3361920.139242177
0                         5.951020408163264E-7     -3.9094897959183674E-7   1499077.9970259087+640858.4485591532i             4359934.78863411
0                         5.951020408163264E-7     -3.72765306122449E-7     1954195.9160018521+853316.0318504337i             5412327.110126937
0                         5.951020408163264E-7     -3.545816326530612E-7    2363049.5977269243+1036063.2143770684i            6489148.249972656
0                         5.951020408163264E-7     -3.3639795918367346E-7   2731290.5887002815+1201035.0319924776i            7579148.9403219875
0                         5.951020408163264E-7     -3.1821428571428575E-7   3092883.5611287076+1364112.8948244648i            8655500.663872497
0                         5.951020408163264E-7     -3.0003061224489794E-7   3447828.5150122005+1525296.802873029i             9713003.295255816
0                         5.951020408163264E-7     -2.8184693877551024E-7   3807166.1056455798+1662066.3053977308i            1.0739693157565366E7
0                         5.951020408163264E-7     -2.636632653061224E-7    4175535.8745875596+1812988.0171334306i            1.1668356198094217E7
0                         5.951020408163264E-7     -2.454795918367347E-7    4490194.967525088+1953938.370021405i              1.2591256867354902E7
0                         5.951020408163264E-7     -2.2729591836734696E-7   4788739.059001772+2087035.0439121658i             1.3453690480339974E7
0                         5.951020408163264E-7     -2.091122448979592E-7    5140514.133165382+2121964.0165763353i             1.4380313001952996E7
0                         5.951020408163264E-7     -1.9092857142857144E-7   5327704.358256968+2283121.192981761i              1.514293824432746E7
0                         5.951020408163264E-7     -1.7274489795918368E-7   5571502.050917718+2366715.2331310892i             1.580209721919892E7
0                         5.951020408163264E-7     -1.5456122448979592E-7   5798380.906538405+2444030.5496864887i             1.6401701122346038E7
0                         5.951020408163264E-7     -1.3637755102040816E-7   6008340.925119006+2515067.1426479574i             1.6941530658483233E7
0                         5.951020408163264E-7     -1.181938775510204E-7    6201382.10665953+2579825.012015498i               1.7421443472449325E7
0                         5.951020408163264E-7     -1.0001020408163265E-7   6392374.456585173+2641495.4137159786i             1.7791805199925024E7
0                         5.951020408163264E-7     -8.182653061224489E-8    6509173.268733358+2684433.4600801487i             1.8280914585719474E7
0                         5.951020408163264E-7     -6.364285714285713E-8    6536794.911981784+2695558.782411055i              1.8607303753521383E7
0                         5.951020408163264E-7     -4.545918367346937E-8    6544446.027202034+2699204.204683977i              1.8866777804745E7
0                         5.951020408163264E-7     -2.7275510204081612E-8   6475255.289997321+2760411.8902374576i             1.903355540029737E7
0                         5.951020408163264E-7     -9.091836734693906E-9    6523622.394031584+2756584.2881189613i             1.9109666912324525E7
0                         5.951020408163264E-7     9.091836734693853E-9     6551331.755935317+2744785.1402058275i             1.9115530275856484E7
0                         5.951020408163264E-7     2.7275510204081612E-8    6558383.375708512+2725014.446498057i              1.9051138108114097E7
0                         5.951020408163264E-7     4.5459183673469424E-8    6544777.253351192+2697272.2069956474i             1.891651068162979E7
0                         5.951020408163264E-7     6.364285714285713E-8     6510513.388863332+2661558.421698602i              1.871169716099513E7
0                         5.951020408163264E-7     8.182653061224494E-8     6455591.78224496+2617873.090606919i               1.843677852962008E7
0                         5.951020408163264E-7     1.0001020408163265E-7    6334439.784651667+2582379.9880019994i             1.7989954493708696E7
0                         5.951020408163264E-7     1.1819387755102046E-7    6145623.078699974+2611148.317034521i              1.7534458384281423E7
0                         5.951020408163264E-7     1.3637755102040816E-7    5931894.115856191+2542130.541830454i              1.6990722461433556E7
0                         5.951020408163264E-7     1.5456122448979587E-7    5817926.390315366+2424435.172475423i              1.6464281239338167E7
0                         5.951020408163264E-7     1.7274489795918368E-7    5586979.139103318+2346667.928141486i              1.6065143504090121E7
0                         5.951020408163264E-7     1.909285714285714E-7     5241990.696566771+2258599.90275452i               1.5333468995850291E7
0                         5.951020408163264E-7     2.091122448979592E-7     5084025.081150194+2180421.5956570446i             1.4348050315422727E7
0                         5.951020408163264E-7     2.272959183673469E-7     4811368.838839304+2051441.8896078826i             1.3523881101152854E7
0                         5.951020408163264E-7     2.454795918367347E-7     4521950.414495041+1915523.7172191571i             1.265103804659758E7
0                         5.951020408163264E-7     2.636632653061224E-7     4215769.808117407+1772667.0784908663i             1.1730095239527194E7
0                         5.951020408163264E-7     2.8184693877551024E-7    3892827.019706402+1622871.9734230114i             1.0761903217102496E7
0                         5.951020408163264E-7     3.0003061224489794E-7    3383857.390178696+1460937.419038218i              9728556.631318748
0                         5.951020408163264E-7     3.1821428571428575E-7    3030350.5189607423+1303475.0809780452i            8640628.434804615
0                         5.951020408163264E-7     3.3639795918367346E-7    2670897.058329222+1144023.5986627715i             7532206.935316974
0                         5.951020408163264E-7     3.5458163265306127E-7    2273581.187028493+1000992.0083318718i             6424260.351838807
0                         5.951020408163264E-7     3.72765306122449E-7      1826300.7153571374+798246.4903748296i             5315687.505053117
0                         5.951020408163264E-7     3.909489795918368E-7     1372421.062969853+592948.2749877477i              4227372.340915964
0                         5.951020408163264E-7     4.091326530612245E-7     911942.2298666403+385097.36217062856i             3210200.0086868675
0                         5.951020408163264E-7     4.273163265306122E-7     444864.2160474993+174693.751923471i               2399375.8533430686
0                         5.951020408163264E-7     4.455E-7                 -13937.6918720252-7435.088652691578i              2135341.061322279
0                         6.116326530612245E-7     -4.455E-7                20168.67865203259+10367.078747914358i             2099319.3508488466
0                         6.116326530612245E-7     -4.2731632653061225E-7   540644.7019086372+227527.12685580226i             2453922.4695475134
0                         6.116326530612245E-7     -4.091326530612245E-7    1073846.8175759225+412738.85488004226i            3377128.032839923
0                         6.116326530612245E-7     -3.9094897959183674E-7   1533048.1152076237+624244.4112328463i             4355855.712038762
0                         6.116326530612245E-7     -3.72765306122449E-7     1896948.2021375473+783022.6079229224i             5374357.469366768
0                         6.116326530612245E-7     -3.545816326530612E-7    2270242.081765658+946988.1846185098i              6445296.675933193
0                         6.116326530612245E-7     -3.3639795918367346E-7   2636887.9428488323+1109059.8065306738i            7512153.525832783
0                         6.116326530612245E-7     -3.1821428571428575E-7   2996885.7853870704+1269237.4736594148i            8565393.142776132
0                         6.116326530612245E-7     -3.0003061224489794E-7   3367239.635339401+1401698.8135883776i             9556933.977973495
0                         6.116326530612245E-7     -2.8184693877551024E-7   3723069.53179229+1546163.7314824706i              1.0587822705685658E7
0                         6.116326530612245E-7     -2.636632653061224E-7    4055186.3597844695+1680593.124645052i             1.157345810617799E7
0                         6.116326530612245E-7     -2.454795918367347E-7    4342322.057793829+1812425.5294513672i             1.2481341589119835E7
0                         6.116326530612245E-7     -2.2729591836734696E-7   4705026.689362977+1850107.2007960896i             1.3445099391883483E7
0                         6.116326530612245E-7     -2.091122448979592E-7    4921954.569955944+2059756.4734781552i             1.4249202452390334E7
0                         6.116326530612245E-7     -1.9092857142857144E-7   5181595.999111551+2148108.007810392i              1.4958770986937383E7
0                         6.116326530612245E-7     -1.7274489795918368E-7   5424318.591227091+2230180.8185487i                1.5609313629088698E7
0                         6.116326530612245E-7     -1.5456122448979592E-7   5650122.346302556+2305974.905693079i              1.620049654175489E7
0                         6.116326530612245E-7     -1.3637755102040816E-7   5859007.264337946+2375490.2692435286i             1.673209453314123E7
0                         6.116326530612245E-7     -1.181938775510204E-7    6050973.345333263+2438726.9092000495i             1.7203964612242796E7
0                         6.116326530612245E-7     -1.0001020408163265E-7   6227971.064751863+2496176.2971683596i             1.7588261197903592E7
0                         6.116326530612245E-7     -8.182653061224489E-8    6317113.700941842+2529526.3984649847i             1.800689253912613E7
0                         6.116326530612245E-7     -6.364285714285713E-8    6343840.21797362+2539486.7473020093i              1.8331457027037997E7
0                         6.116326530612245E-7     -4.545918367346937E-8    6350596.2069772035+2541967.1960810493i            1.8589202265412934E7
0                         6.116326530612245E-7     -2.7275510204081612E-8   6373669.841589846+2558064.696174143i              1.8774912937815104E7
0                         6.116326530612245E-7     -9.091836734693906E-9    6388108.650076692+2571085.52899425i               1.8862918093401458E7
0                         6.116326530612245E-7     9.091836734693853E-9     6381359.588381817+2576613.117375005i              1.888125362591652E7
0                         6.116326530612245E-7     2.7275510204081612E-8    6353422.656505203+2574647.4613164067i             1.882990002395945E7
0                         6.116326530612245E-7     4.5459183673469424E-8    6268857.123149708+2530100.7272885297i             1.868345007675669E7
0                         6.116326530612245E-7     6.364285714285713E-8     6234194.709883847+2494547.1473047547i             1.848013399554583E7
0                         6.116326530612245E-7     8.182653061224494E-8     6178874.554487441+2451022.021526342i              1.820685850539075E7
0                         6.116326530612245E-7     1.0001020408163265E-7    6040986.603014858+2412236.9749787524i             1.7685327876097415E7
0                         6.116326530612245E-7     1.1819387755102046E-7    5875987.092858162+2436990.1766189663i             1.7248660399826217E7
0                         6.116326530612245E-7     1.3637755102040816E-7    5775578.843230169+2334980.891987416i              1.6794637112337448E7
0                         6.116326530612245E-7     1.5456122448979587E-7    5526331.217162679+2260294.2900256664i             1.6167013587099968E7
0                         6.116326530612245E-7     1.7274489795918368E-7    5353076.476584368+2190509.6057486515i             1.592834906854815E7
0                         6.116326530612245E-7     1.909285714285714E-7     5274460.3684535595+2135984.8429017807i            1.4948922863978751E7
0                         6.116326530612245E-7     2.091122448979592E-7     5022636.82861575+2017589.0649053624i              1.4190274596014159E7
0                         6.116326530612245E-7     2.272959183673469E-7     4754051.106744563+1892254.820569377i              1.3382754303852756E7
0                         6.116326530612245E-7     2.454795918367347E-7     4171638.912912922+1829403.5312052832i             1.249883186033121E7
0                         6.116326530612245E-7     2.636632653061224E-7     3875577.8532075677+1706204.8480995516i            1.158654605990479E7
0                         6.116326530612245E-7     2.8184693877551024E-7    3563041.470209318+1576579.1120958682i             1.0627377322828203E7
0                         6.116326530612245E-7     3.0003061224489794E-7    3217631.2829771424+1438502.2270157859i            9616165.853608511
0                         6.116326530612245E-7     3.1821428571428575E-7    2917727.507414584+1197100.827187202i              8549667.152987046
0                         6.116326530612245E-7     3.3639795918367346E-7    2560291.2231442938+1040628.5356638507i            7463992.562213909
0                         6.116326530612245E-7     3.5458163265306127E-7    2196908.3494604286+882167.0998853969i             6364523.504707388
0                         6.116326530612245E-7     3.72765306122449E-7      1797744.7686630702+744655.6312563776i             5221216.355775952
0                         6.116326530612245E-7     3.909489795918368E-7     1345751.0723718975+542545.5188450939i             4158723.6525838645
0                         6.116326530612245E-7     4.091326530612245E-7     887158.195364797+337882.7090037717i               3168217.796024906
0                         6.116326530612245E-7     4.273163265306122E-7     421966.13764176844+130667.20173241096i            2383352.3146024407
0                         6.116326530612245E-7     4.455E-7                 -20168.678652036113-10367.078747915375i           2156256.2430773415
0                         6.281632653061224E-7     -4.455E-7                26399.665432043457+13299.068843138188i            2080674.2538207234
0                         6.281632653061224E-7     -4.2731632653061225E-7   545225.0230364029+227410.02068362792i             2426000.892716452
0                         6.281632653061224E-7     -4.091326530612245E-7    1059781.6070954232+439069.426158624i              3291879.375181841
0                         6.281632653061224E-7     -3.9094897959183674E-7   1427389.0477836058+533888.4380918453i             4328454.908907517
0                         6.281632653061224E-7     -3.72765306122449E-7     1805735.8160664667+696847.7738676094i             5361459.399498134
0                         6.281632653061224E-7     -3.545816326530612E-7    2177434.5658043916+857913.1548599508i             6409349.811727891
0                         6.281632653061224E-7     -3.3639795918367346E-7   2542485.2969973776+1017084.5810688679i            7453129.700145026
0                         6.281632653061224E-7     -3.1821428571428575E-7   2900888.0096454313+1174362.052494364i             8483423.76780199
0                         6.281632653061224E-7     -3.0003061224489794E-7   3286452.0264655887+1289511.790933087i             9432905.214397911
0                         6.281632653061224E-7     -2.8184693877551024E-7   3638972.957938997+1430261.157567211i              1.0442521283682903E7
0                         6.281632653061224E-7     -2.636632653061224E-7    3984542.637242922+1557511.9428472777i             1.1426725329904133E7
0                         6.281632653061224E-7     -2.454795918367347E-7    4251040.295697307+1703161.2727528228i             1.2317086670749148E7
0                         6.281632653061224E-7     -2.2729591836734696E-7   4501436.1457052585+1833155.4892026596i            1.33179348882905E7
0                         6.281632653061224E-7     -2.091122448979592E-7    4776921.31135574+1926264.5177178062i              1.4076867047369625E7
0                         6.281632653061224E-7     -1.9092857142857144E-7   5035487.63996614+2013094.8226390241i              1.4777548127430756E7
0                         6.281632653061224E-7     -1.7274489795918368E-7   5277135.131536469+2093646.4039663118i             1.541946449691263E7
0                         6.281632653061224E-7     -1.5456122448979592E-7   5501863.786066717+2167919.2616996705i             1.6002263670807365E7
0                         6.281632653061224E-7     -1.3637755102040816E-7   5709673.603556887+2235913.3958391002i             1.6525710458621053E7
0                         6.281632653061224E-7     -1.181938775510204E-7    5900564.584006991+2297628.8063846007i             1.698965865468248E7
0                         6.281632653061224E-7     -1.0001020408163265E-7   6063567.672918546+2350857.1806207392i             1.738921848145804E7
0                         6.281632653061224E-7     -8.182653061224489E-8    6125054.133150335+2374619.3368498217i             1.773850835717612E7
0                         6.281632653061224E-7     -6.364285714285713E-8    6150885.523965446+2383414.7121929643i             1.806121864464074E7
0                         6.281632653061224E-7     -4.545918367346937E-8    6223081.061752336+2403565.152211416i              1.833635670959169E7
0                         6.281632653061224E-7     -2.7275510204081612E-8   6276812.7570813205+2405123.654829425i             1.8506813087812025E7
0                         6.281632653061224E-7     -9.091836734693906E-9    6291411.824844255+2418443.8822732447i             1.8595317500911623E7
0                         6.281632653061224E-7     9.091836734693853E-9     6284823.0224254625+2424270.865277711i             1.8614370914159387E7
0                         6.281632653061224E-7     2.7275510204081612E-8    6257046.3498249315+2422604.6038428238i            1.8563950236110043E7
0                         6.281632653061224E-7     4.5459183673469424E-8    6208081.807042668+2413445.097968584i              1.844406420877549E7
0                         6.281632653061224E-7     6.364285714285713E-8     6137929.394078664+2396792.347654989i              1.825475417986103E7
0                         6.281632653061224E-7     8.182653061224494E-8     6055872.466915747+2392405.621560588i              1.801568435381301E7
0                         6.281632653061224E-7     1.0001020408163265E-7    6079528.392128204+2247684.3175656847i             1.7561174994184677E7
0                         6.281632653061224E-7     1.1819387755102046E-7    5956532.342590235+2206364.3050223957i             1.713645798449534E7
0                         6.281632653061224E-7     1.3637755102040816E-7    5752644.826022582+2228866.8639863078i             1.662556371457597E7
0                         6.281632653061224E-7     1.5456122448979587E-7    5552954.500768942+2178605.7950421353i             1.6052164800011754E7
0                         6.281632653061224E-7     1.7274489795918368E-7    5236217.181019653+2142100.5223629484i             1.5507990925839787E7
0                         6.281632653061224E-7     1.909285714285714E-7     5027700.8328971155+2031190.3276957786i            1.4816670296151657E7
0                         6.281632653061224E-7     2.091122448979592E-7     4692105.155110063+1938092.076128064i              1.3990618542328231E7
0                         6.281632653061224E-7     2.272959183673469E-7     4433523.162659604+1832501.5955462568i             1.3190132619183823E7
0                         6.281632653061224E-7     2.454795918367347E-7     4158465.8469162434+1720484.0620664996i            1.2341456872803759E7
0                         6.281632653061224E-7     2.636632653061224E-7     3866933.2078800024+1602039.4756887923i            1.1445288137246363E7
0                         6.281632653061224E-7     2.8184693877551024E-7    3558925.245550873+1477167.836413134i              1.0502663757825747E7
0                         6.281632653061224E-7     3.0003061224489794E-7    3216746.5457006195+1343807.6348891717i            9504990.635571534
0                         6.281632653061224E-7     3.1821428571428575E-7    2847010.97142843+1202478.850473581i               8464027.974381948
0                         6.281632653061224E-7     3.3639795918367346E-7    2449685.3879593676+937233.4726649313i             7404149.17337113
0                         6.281632653061224E-7     3.5458163265306127E-7    2088319.6906367328+781751.2276784012i             6327506.761920307
0                         6.281632653061224E-7     3.72765306122449E-7      1769188.8219690025+691064.7721379282i             5129864.846735531
0                         6.281632653061224E-7     3.909489795918368E-7     1319081.0817739419+492142.76270243985i            4092155.0157162608
0                         6.281632653061224E-7     4.091326530612245E-7     862374.1608629546+290668.0558369155i              3126920.2150128763
0                         6.281632653061224E-7     4.273163265306122E-7     443390.8859999384+165294.5094972012i              2478258.8303241166
0                         6.281632653061224E-7     4.455E-7                 -26399.66543204698-13299.068843139152i            2171573.711744112
0                         6.446938775510203E-7     -4.455E-7                32630.652212054298+16231.058938362008i            2056442.517861529
0                         6.446938775510203E-7     -4.2731632653061225E-7   549805.3441641686+227292.91451145348i             2393929.321127013
0                         6.446938775510203E-7     -4.091326530612245E-7    789608.081099618+323773.5570990633i               3144657.104112237
0                         6.446938775510203E-7     -3.9094897959183674E-7   1221557.336655289+487603.7905571318i              4123477.193946298
0                         6.446938775510203E-7     -3.72765306122449E-7     1714523.4299953873+610672.9398122956i             5356229.717014353
0                         6.446938775510203E-7     -3.545816326530612E-7    2084627.049843126+768838.1251013924i              6381050.362999555
0                         6.446938775510203E-7     -3.3639795918367346E-7   2448082.651145928+925109.3556070643i              7401860.7053717105
0                         6.446938775510203E-7     -3.1821428571428575E-7   2847239.062119167+1036898.352891253i              8304972.968411602
0                         6.446938775510203E-7     -3.0003061224489794E-7   3205664.4175917753+1177324.768277797i             9314871.605260015
0                         6.446938775510203E-7     -2.8184693877551024E-7   3554876.3840857036+1314358.5836519513i            1.0303614549024826E7
0                         6.446938775510203E-7     -2.636632653061224E-7    3865334.1075702645+1458764.974381073i             1.1283701161453579E7
0                         6.446938775510203E-7     -2.454795918367347E-7    4203169.605964978+1571518.8264957103i             1.2273645925024305E7
0                         6.446938775510203E-7     -2.2729591836734696E-7   4357477.987650278+1701184.7628533314i             1.3157960142720466E7
0                         6.446938775510203E-7     -2.091122448979592E-7    4631888.052755544+1792772.5619574583i             1.3907594766803218E7
0                         6.446938775510203E-7     -1.9092857142857144E-7   4889379.280820726+1878081.6374676551i             1.4599333139681365E7
0                         6.446938775510203E-7     -1.7274489795918368E-7   5129951.671845841+1957111.9893839238i             1.5232622450394318E7
0                         6.446938775510203E-7     -1.5456122448979592E-7   5353605.2258308735+2029863.6177062627i            1.580708547026189E7
0                         6.446938775510203E-7     -1.3637755102040816E-7   5560339.942775834+2096336.5224346723i             1.6322472959744753E7
0                         6.446938775510203E-7     -1.181938775510204E-7    5750155.82268072+2156530.703569153i               1.677863301075318E7
0                         6.446938775510203E-7     -1.0001020408163265E-7   5899164.28108523+2205538.0640731184i              1.7194693673771385E7
0                         6.446938775510203E-7     -8.182653061224489E-8    5932994.565358818+2219712.275234659i              1.7475940044489965E7
0                         6.446938775510203E-7     -6.364285714285713E-8    5957930.829957272+2227342.6770839198i             1.7796766952004537E7
0                         6.446938775510203E-7     -4.545918367346937E-8    6118555.095002987+2256294.877782725i              1.807699210942256E7
0                         6.446938775510203E-7     -2.7275510204081612E-8   6184347.7792922035+2258581.478385307i             1.8229931951876726E7
0                         6.446938775510203E-7     -9.091836734693906E-9    6194714.999611816+2265802.2355522383i             1.8328151424652223E7
0                         6.446938775510203E-7     9.091836734693853E-9     6188286.456469098+2271928.613180416i              1.8347877158819195E7
0                         6.446938775510203E-7     2.7275510204081612E-8    6160670.043144649+2270561.7463692413i             1.829838663158148E7
0                         6.446938775510203E-7     4.5459183673469424E-8    6111865.759638471+2261701.6351187127i             1.8179690545273785E7
0                         6.446938775510203E-7     6.364285714285713E-8     6041873.605950551+2245348.279428831i              1.799183872594079E7
0                         6.446938775510203E-7     8.182653061224494E-8     5937595.933333751+2243766.693174802i              1.7711854976239268E7
0                         6.446938775510203E-7     1.0001020408163265E-7    5800552.872214066+2233558.973214683i              1.7340791588379096E7
0                         6.446938775510203E-7     1.1819387755102046E-7    5784619.471833708+2087365.6079811202i             1.6828874280374877E7
0                         6.446938775510203E-7     1.3637755102040816E-7    5600956.501817154+2110507.3629913037i             1.633188438659335E7
0                         6.446938775510203E-7     1.5456122448979587E-7    5308405.024446792+2097306.922623664i              1.5854658053586373E7
0                         6.446938775510203E-7     1.7274489795918368E-7    5116811.370840702+1992725.4878213115i             1.5224173989488736E7
0                         6.446938775510203E-7     1.909285714285714E-7     4908861.73936443+1883935.1515582686i              1.4544821448496822E7
0                         6.446938775510203E-7     2.091122448979592E-7     4684556.130017981+1770935.9138345332i             1.3816874715793237E7
0                         6.446938775510203E-7     2.272959183673469E-7     4443894.5428013615+1653727.7746501071i            1.3040727183872838E7
0                         6.446938775510203E-7     2.454795918367347E-7     4186876.9777145544+1532310.734004991i             1.2216942402798299E7
0                         6.446938775510203E-7     2.636632653061224E-7     3913503.434757568+1406684.7918991798i             1.1346336036918722E7
0                         6.446938775510203E-7     2.8184693877551024E-7    3554809.0208924366+1377756.5607303982i            1.03804565863107E7
0                         6.446938775510203E-7     3.0003061224489794E-7    3215861.808424099+1249113.042762559i              9395317.688828152
0                         6.446938775510203E-7     3.1821428571428575E-7    2851056.626189417+1113040.7864620856i             8375143.330176922
0                         6.446938775510203E-7     3.3639795918367346E-7    2477999.9163180636+972341.1198141994i             7337910.502250069
0                         6.446938775510203E-7     3.5458163265306127E-7    2096691.6788100312+827014.0428189003i             6288579.627128203
0                         6.446938775510203E-7     3.72765306122449E-7      1614435.9214380623+526843.157021695i              5243644.911153392
0                         6.446938775510203E-7     3.909489795918368E-7     1292411.0911759867+441740.00655978627i            4027568.8140426343
0                         6.446938775510203E-7     4.091326530612245E-7     900093.408094359+333190.7701156355i               3272966.1717059975
0                         6.446938775510203E-7     4.273163265306122E-7     435472.1495465159+159271.2668204048i              2472324.1895633168
0                         6.446938775510203E-7     4.455E-7                 -32630.652212057852-16231.058938362927i           2181204.7639349173
0                         6.612244897959182E-7     -4.455E-7                38861.638992065156+19163.049033585838i            2026689.865878115
0                         6.612244897959182E-7     -4.2731632653061225E-7   157913.79901548987+76544.49058462816i             2355165.1667371234
0                         6.612244897959182E-7     -4.091326530612245E-7    593855.2195343454+239795.83143317726i             3037979.0809924905
0                         6.612244897959182E-7     -3.9094897959183674E-7   1025258.836461029+401370.41006690287i             3972889.875605545
0                         6.612244897959182E-7     -3.72765306122449E-7     1452124.649795535+561268.226485798i               5007594.15321349
0                         6.612244897959182E-7     -3.545816326530612E-7    1874452.6595378693+719489.2806898679i             6080583.8639853895
0                         6.612244897959182E-7     -3.3639795918367346E-7   2405430.638753022+788323.4173569693i              7207319.508543583
0                         6.612244897959182E-7     -3.1821428571428575E-7   2665780.369999863+963876.9560320013i              8200626.401612289
0                         6.612244897959182E-7     -3.0003061224489794E-7   2999733.1263835058+1071416.1868774933i            9174340.820972601
0                         6.612244897959182E-7     -2.8184693877551024E-7   3327893.5919441404+1177048.0882500429i            1.0128961079197519E7
0                         6.612244897959182E-7     -2.636632653061224E-7    3651143.3925234927+1325593.4618543407i            1.1043359995839182E7
0                         6.612244897959182E-7     -2.454795918367347E-7    4167949.4132418074+1439494.4495265067i            1.2088510839514267E7
0                         6.612244897959182E-7     -2.2729591836734696E-7   4392062.859063623+1549465.7649619533i             1.2872048339757018E7
0                         6.612244897959182E-7     -2.091122448979592E-7    4486854.794155342+1659280.6061971094i             1.3741448306463592E7
0                         6.612244897959182E-7     -1.9092857142857144E-7   4743270.9216753105+1743068.4522962864i            1.442419696463276E7
0                         6.612244897959182E-7     -1.7274489795918368E-7   4982768.212155208+1820577.5748015344i             1.5048867879040329E7
0                         6.612244897959182E-7     -1.5456122448979592E-7   5205346.665595031+1891807.973712853i              1.5615053001907097E7
0                         6.612244897959182E-7     -1.3637755102040816E-7   5411006.281994779+1956759.6490302435i             1.612248505565988E7
0                         6.612244897959182E-7     -1.181938775510204E-7    5596228.530067338+2020466.6503107739i             1.6576363524583476E7
0                         6.612244897959182E-7     -1.0001020408163265E-7   5696923.331157308+2050859.8852061313i             1.6834338487094156E7
0                         6.612244897959182E-7     -8.182653061224489E-8    5740934.997567302+2064805.2136194971i             1.7219374891083207E7
0                         6.612244897959182E-7     -6.364285714285713E-8    5930312.751502332+2102302.7279588208i             1.7610141191847023E7
0                         6.612244897959182E-7     -4.545918367346937E-8    6014029.128253632+2109024.603354032i              1.7819029142123364E7
0                         6.612244897959182E-7     -2.7275510204081612E-8   6079566.059490856+2110919.1324655786i             1.7969359220573116E7
0                         6.612244897959182E-7     -9.091836734693906E-9    6098018.174379379+2113160.588831233i              1.806159850194106E7
0                         6.612244897959182E-7     9.091836734693853E-9     6091749.890512741+2119586.361083122i              1.8081947299116794E7
0                         6.612244897959182E-7     2.7275510204081612E-8    6064293.736464373+2118518.888895659i              1.803338299997505E7
0                         6.612244897959182E-7     4.5459183673469424E-8    6015649.712234272+2109958.1722688423i             1.791591856765934E7
0                         6.612244897959182E-7     6.364285714285713E-8     5936126.597977275+2097460.2114440277i             1.7712800991316516E7
0                         6.612244897959182E-7     8.182653061224494E-8     5819319.399751751+2095127.764789017i              1.7408717229952678E7
0                         6.612244897959182E-7     1.0001020408163265E-7    5683732.542096827+2086278.1404634966i             1.7041918678530574E7
0                         6.612244897959182E-7     1.1819387755102046E-7    5529366.025012495+2070911.3384674676i             1.6612621983374879E7
0                         6.612244897959182E-7     1.3637755102040816E-7    5363103.456711226+2044064.704615432i              1.6133430369325621E7
0                         6.612244897959182E-7     1.5456122448979587E-7    5188432.497621579+1945812.0296778982i             1.5563264008653605E7
0                         6.612244897959182E-7     1.7274489795918368E-7    4997405.560661754+1843350.453279674i              1.494429660924975E7
0                         6.612244897959182E-7     1.909285714285714E-7     4790022.645831751+1736679.975420759i              1.4276719533823779E7
0                         6.612244897959182E-7     2.091122448979592E-7     4566283.753131565+1625800.5961011506i             1.3560817735094568E7
0                         6.612244897959182E-7     2.272959183673469E-7     4326188.8825612+1510712.3153208538i               1.2797004949072016E7
0                         6.612244897959182E-7     2.454795918367347E-7     4069738.034120664+1391415.1330798618i             1.1985878742914643E7
0                         6.612244897959182E-7     2.636632653061224E-7     3796931.207809951+1267909.04937818i               1.1128309120706063E7
0                         6.612244897959182E-7     2.8184693877551024E-7    3377214.5902897613+1240389.6113949516i            1.0116675062950684E7
0                         6.612244897959182E-7     3.0003061224489794E-7    3105835.807545366+1124215.6158548738i             9202174.718286537
0                         6.612244897959182E-7     3.1821428571428575E-7    2786416.9917330295+1021717.9307927685i            8236004.448028177
0                         6.612244897959182E-7     3.3639795918367346E-7    2459348.1574676665+916949.8571187488i             7253011.711779078
0                         6.612244897959182E-7     3.5458163265306127E-7    2124629.3047492667+809911.3948328169i             6257839.558475121
0                         6.612244897959182E-7     3.72765306122449E-7      1782260.4335778302+700602.5439349727i             5258918.904980721
0                         6.612244897959182E-7     3.909489795918368E-7     1349938.887631228+493321.70310738846i             4231760.113410417
0                         6.612244897959182E-7     4.091326530612245E-7     890486.9219675252+324076.27485726634i             3237430.4427291085
0                         6.612244897959182E-7     4.273163265306122E-7     427553.4130930935+153248.02414360864i             2461656.1327106263
0                         6.612244897959182E-7     4.455E-7                 -38861.63899206872-19163.049033586703i            2185074.8096421873
0                         6.777551020408163E-7     -4.455E-7                -73797.80288732874-35927.25913849473i             1970778.4154123703
0                         6.777551020408163E-7     -4.2731632653061225E-7   449740.11572307313+226065.40773618498i            2453687.4929101905
0                         6.777551020408163E-7     -4.091326530612245E-7    823666.8883225085+342204.51430513745i             3155556.5150357904
0                         6.777551020408163E-7     -3.9094897959183674E-7   1192608.7631803947+456901.23872745276i            4054084.0417669336
0                         6.777551020408163E-7     -3.72765306122449E-7     1556565.7402967343+570155.581003129i              5033105.768516532
0                         6.777551020408163E-7     -3.545816326530612E-7    1915537.8196715256+681967.5411321683i             6043723.752630178
0                         6.777551020408163E-7     -3.3639795918367346E-7   2266157.1079718773+791522.2545539049i             7106197.748191235
0                         6.777551020408163E-7     -3.1821428571428575E-7   2603680.2743721954+897727.9674141869i             8077329.759480476
0                         6.777551020408163E-7     -3.0003061224489794E-7   2935411.149949508+1002026.3508015267i             9032964.665553166
0                         6.777551020408163E-7     -2.8184693877551024E-7   3261349.7347038127+1104417.4047159234i            9970037.582304401
0                         6.777551020408163E-7     -2.636632653061224E-7    3586329.499957069+1241288.4351724654i             1.0865805460927425E7
0                         6.777551020408163E-7     -2.454795918367347E-7    3892631.3014422143+1301424.234392589i             1.1778281085486552E7
0                         6.777551020408163E-7     -2.2729591836734696E-7   4355200.103063548+1414998.159232613i              1.2677701068170344E7
0                         6.777551020408163E-7     -2.091122448979592E-7    4560552.3411603775+1516997.5499752152i            1.3399752302367728E7
0                         6.777551020408163E-7     -1.9092857142857144E-7   4597162.562529896+1608055.267124917i              1.4252218325483872E7
0                         6.777551020408163E-7     -1.7274489795918368E-7   4835584.752464583+1684043.1602191452i             1.4868289256862221E7
0                         6.777551020408163E-7     -1.5456122448979592E-7   5057088.105359186+1753752.329719444i              1.542626575780143E7
0                         6.777551020408163E-7     -1.3637755102040816E-7   5261672.62121372+1817182.7756258138i              1.5925858594692064E7
0                         6.777551020408163E-7     -1.181938775510204E-7    5433606.822289435+1876789.0873246875i             1.6396106766839068E7
0                         6.777551020408163E-7     -1.0001020408163265E-7   5505758.889582445+1897117.7970848503i             1.6586214797420522E7
0                         6.777551020408163E-7     -8.182653061224489E-8    5724402.468591584+1944267.3748333247i             1.7091797329580884E7
0                         6.777551020408163E-7     -6.364285714285713E-8    5826042.537804972+1955424.5250211642i             1.7356397268399563E7
0                         6.777551020408163E-7     -4.545918367346937E-8    5909503.161504282+1961754.3289253404i             1.7562600093951594E7
0                         6.777551020408163E-7     -2.7275510204081612E-8   5974784.339689517+1963256.786545851i              1.7710354199291017E7
0                         6.777551020408163E-7     -9.091836734693906E-9    6001321.349146932+1960518.942110225i              1.779585656472122E7
0                         6.777551020408163E-7     9.091836734693853E-9     5995213.324556384+1967244.1089858273i             1.781677520919906E7
0                         6.777551020408163E-7     2.7275510204081612E-8    5967917.429784095+1966476.0314220758i             1.7769132012148466E7
0                         6.777551020408163E-7     4.5459183673469424E-8    5912965.196261864+1941920.3607735466i             1.7644103987778742E7
0                         6.777551020408163E-7     6.364285714285713E-8     5816393.860930513+1947463.1874236425i             1.7406612762352645E7
0                         6.777551020408163E-7     8.182653061224494E-8     5701042.866169756+1946488.836403229i              1.7106539568709668E7
0                         6.777551020408163E-7     1.0001020408163265E-7    5566912.2119795885+1938997.3077123077i            1.6744054387648527E7
0                         6.777551020408163E-7     1.1819387755102046E-7    5414001.898360005+1924988.6013508774i             1.6319402623084852E7
0                         6.777551020408163E-7     1.3637755102040816E-7    5219806.134749423+1866716.2386562491i             1.5843598893618597E7
0                         6.777551020408163E-7     1.5456122448979587E-7    5068459.97079637+1794317.1367321336i              1.5276223355069662E7
0                         6.777551020408163E-7     1.7274489795918368E-7    4877999.750482801+1693975.4187380366i             1.4668516341185732E7
0                         6.777551020408163E-7     1.909285714285714E-7     4671183.552299067+1589424.799283248i              1.4012507225811508E7
0                         6.777551020408163E-7     2.091122448979592E-7     4448011.376245148+1480665.278367767i              1.3308495533765592E7
0                         6.777551020408163E-7     2.272959183673469E-7     4208483.2223210465+1367696.8559915968i            1.2556921540598061E7
0                         6.777551020408163E-7     2.454795918367347E-7     3952599.090526771+1250519.5321547335i             1.1758426273574997E7
0                         6.777551020408163E-7     2.636632653061224E-7     3577682.0516869957+1228053.0084872744i            1.0819118771217348E7
0                         6.777551020408163E-7     2.8184693877551024E-7    3330120.4976415327+1144910.7713432864i            9961561.770356808
0                         6.777551020408163E-7     3.0003061224489794E-7    3020936.415809554+1047717.35899565i               9033935.880571585
0                         6.777551020408163E-7     3.1821428571428575E-7    2704102.315524541+948253.5580360999i              8087186.09067781
0                         6.777551020408163E-7     3.3639795918367346E-7    2379618.1967864777+846519.3684646429i             7124231.318156098
0                         6.777551020408163E-7     3.5458163265306127E-7    2047484.0595953914+742514.7902812687i             6150000.934259076
0                         6.777551020408163E-7     3.72765306122449E-7      1745074.9814055534+614758.810177916i              5257065.126949929
0                         6.777551020408163E-7     3.909489795918368E-7     1365913.9697798775+504292.3976248371i             4242698.503540618
0                         6.777551020408163E-7     4.091326530612245E-7     1006389.2250763621+349558.9012705601i             3289362.5177828697
0                         6.777551020408163E-7     4.273163265306122E-7     624580.1251122297+225153.99342283932i             2533132.681444125
0                         6.777551020408163E-7     4.455E-7                 73797.80288732667+35927.2591384943i               2060331.1429909682
0                         6.942857142857142E-7     -4.455E-7                -71985.32248402831-37529.01307760439i             2026369.3088847345
0                         6.942857142857142E-7     -4.2731632653061225E-7   252595.2543167969+48804.16409438856i              2245791.23885276
0                         6.942857142857142E-7     -4.091326530612245E-7    772461.0982750929+292525.6735124301i              3126579.8231525966
0                         6.942857142857142E-7     -3.9094897959183674E-7   1139294.297037039+403921.3557943459i              3995848.622803974
0                         6.942857142857142E-7     -3.72765306122449E-7     1501142.5980574375+513874.65592962253i            4950357.117682271
0                         6.942857142857142E-7     -3.545816326530612E-7    1858006.0013362865+622385.5739182626i             5939256.568505536
0                         6.942857142857142E-7     -3.3639795918367346E-7   2206278.893150538+728614.1133942434i              7001811.004742851
0                         6.942857142857142E-7     -3.1821428571428575E-7   2541580.1787445284+831578.9787963735i             7954470.704341374
0                         6.942857142857142E-7     -3.0003061224489794E-7   2871089.1735155126+932636.5147255603i             8892373.202927696
0                         6.942857142857142E-7     -2.8184693877551024E-7   3198026.6007137527+1073821.9498173974i            9794490.051251428
0                         6.942857142857142E-7     -2.636632653061224E-7    3535608.3731059935+1130075.052397017i             1.0736088363689547E7
0                         6.942857142857142E-7     -2.454795918367347E-7    3800415.684374842+1208273.1423422494i             1.1557969566123372E7
0                         6.942857142857142E-7     -2.2729591836734696E-7   4052133.795482695+1283435.223838129i              1.2342633023631195E7
0                         6.942857142857142E-7     -2.091122448979592E-7    4522047.021883396+1380086.7154857374i             1.3196555460294135E7
0                         6.942857142857142E-7     -1.9092857142857144E-7   4708638.052255233+1474114.1815354975i             1.3857288340732634E7
0                         6.942857142857142E-7     -1.7274489795918368E-7   4688401.292773955+1547508.7456367568i             1.4690983459135238E7
0                         6.942857142857142E-7     -1.5456122448979592E-7   4908829.545123347+1615696.6857260368i             1.5240831982498541E7
0                         6.942857142857142E-7     -1.3637755102040816E-7   5112338.960432665+1677605.9022213856i             1.5732714580197029E7
0                         6.942857142857142E-7     -1.181938775510204E-7    5270985.114511537+1733111.524338603i              1.6220396469686257E7
0                         6.942857142857142E-7     -1.0001020408163265E-7   5314594.448007606+1743375.7089635686i             1.6344587624697711E7
0                         6.942857142857142E-7     -8.182653061224489E-8    5620388.00794621+1797781.2433867038i              1.6842569497187123E7
0                         6.942857142857142E-7     -6.364285714285713E-8    5721772.32410761+1808546.322083509i               1.710433413914962E7
0                         6.942857142857142E-7     -4.545918367346937E-8    5804977.194754931+1814484.054496649i              1.7307852405740887E7
0                         6.942857142857142E-7     -2.7275510204081612E-8   5870002.619888179+1815594.4406261242i             1.7453067861085366E7
0                         6.942857142857142E-7     -9.091836734693906E-9    5904624.52391449+1807877.2953892187i              1.753114401735075E7
0                         6.942857142857142E-7     9.091836734693853E-9     5898676.758600017+1814901.8568885324i             1.7552575058467735E7
0                         6.942857142857142E-7     2.7275510204081612E-8    5868111.728187522+1777147.1411633596i             1.7506954888648923E7
0                         6.942857142857142E-7     4.5459183673469424E-8    5791776.255750343+1790565.2411185633i             1.733550552356544E7
0                         6.942857142857142E-7     6.364285714285713E-8     5696661.12388375+1797466.1634032577i              1.7101687791364633E7
0                         6.942857142857142E-7     8.182653061224494E-8     5582766.332587753+1797849.9080174433i             1.68056212191474E7
0                         6.942857142857142E-7     1.0001020408163265E-7    5450091.881862346+1791716.4749611202i             1.6447497887028504E7
0                         6.942857142857142E-7     1.1819387755102046E-7    5275855.345873022+1774090.4855910763i             1.604848378820579E7
0                         6.942857142857142E-7     1.3637755102040816E-7    5115500.0343890665+1709895.5586812736i            1.554879580178111E7
0                         6.942857142857142E-7     1.5456122448979587E-7    4937269.344327219+1641346.6504463293i             1.5000230204738034E7
0                         6.942857142857142E-7     1.7274489795918368E-7    4758593.940303856+1544600.384196399i              1.4397007606747378E7
0                         6.942857142857142E-7     1.909285714285714E-7     4552344.458766385+1442169.6231457382i             1.375234352898719E7
0                         6.942857142857142E-7     2.091122448979592E-7     4329738.999358727+1335529.9606343852i             1.3060054584630864E7
0                         6.942857142857142E-7     2.272959183673469E-7     4010820.0014503044+1266750.589792477i             1.2248464108226776E7
0                         6.942857142857142E-7     2.454795918367347E-7     3762940.2599292193+1207316.5835953592i            1.1456330854661152E7
0                         6.942857142857142E-7     2.636632653061224E-7     3503365.9958629212+1144569.3284108608i            1.0623339353086472E7
0                         6.942857142857142E-7     2.8184693877551024E-7    3242636.3903784147+1065378.6303815045i            9774712.730530694
0                         6.942857142857142E-7     3.0003061224489794E-7    2936037.024073743+971219.1021364271i              8865866.303034412
0                         6.942857142857142E-7     3.1821428571428575E-7    2621787.6393160336+874789.1852794378i             7938390.779492279
0                         6.942857142857142E-7     3.3639795918367346E-7    2299888.2361052907+776088.879810537i              6995394.189072359
0                         6.942857142857142E-7     3.5458163265306127E-7    2000333.5344159787+649352.8283156103i             6113256.776737561
0                         6.942857142857142E-7     3.72765306122449E-7      1631596.0639666037+543606.3482054302i             5107161.699380882
0                         6.942857142857142E-7     3.909489795918368E-7     1254220.5070162052+435770.693375875i              4119306.6535507604
0                         6.942857142857142E-7     4.091326530612245E-7     878547.635977354+286439.122641595i                3211461.677631388
0                         6.942857142857142E-7     4.273163265306122E-7     357242.0629925609+106680.73869211765i             2361388.9942287887
0                         6.942857142857142E-7     4.455E-7                 71985.3224840262+37529.01307760396i               2131673.1767570702
0                         7.108163265306121E-7     -4.455E-7                -70172.84208072787-39130.76701671403i             2080929.0625050562
0                         7.108163265306121E-7     -4.2731632653061225E-7   252608.8738411146+44482.382382269396i             2288191.117409455
0                         7.108163265306121E-7     -4.091326530612245E-7    721255.3082276776+242846.8327197238i              3097145.501455745
0                         7.108163265306121E-7     -3.9094897959183674E-7   1085979.830893682+350941.4728612394i              3937439.3614650182
0                         7.108163265306121E-7     -3.72765306122449E-7     1445719.455818139+457593.7308561168i              4867725.010661409
0                         7.108163265306121E-7     -3.545816326530612E-7    1800474.1830010493+562803.6067043558i             5835240.4795362875
0                         7.108163265306121E-7     -3.3639795918367346E-7   2146400.6783292+665705.9722345829i                6897390.630506313
0                         7.108163265306121E-7     -3.1821428571428575E-7   2479480.08311686+765429.9901785597i               7831940.530576533
0                         7.108163265306121E-7     -3.0003061224489794E-7   2806767.1970815156+863246.6786495942i             8752499.517627658
0                         7.108163265306121E-7     -2.8184693877551024E-7   3136380.1314442335+992891.3669815407i             9637695.324333383
0                         7.108163265306121E-7     -2.636632653061224E-7    3445299.1875893357+1039656.2938921794i            1.0534745438567273E7
0                         7.108163265306121E-7     -2.454795918367347E-7    3708200.0673074685+1115122.0502919117i            1.1339868376425777E7
0                         7.108163265306121E-7     -2.2729591836734696E-7   3958011.746864604+1187551.7982422889i             1.2108137882572124E7
0                         7.108163265306121E-7     -2.091122448979592E-7    4194734.226260748+1256945.5377433118i             1.28384259930115E7
0                         7.108163265306121E-7     -1.9092857142857144E-7   4668490.169701343+1334760.118285883i              1.364579115431822E7
0                         7.108163265306121E-7     -1.7274489795918368E-7   4836319.992348188+1420815.6596427984i             1.42456164239893E7
0                         7.108163265306121E-7     -1.5456122448979592E-7   4760570.984887509+1477641.041732627i              1.5058868984206181E7
0                         7.108163265306121E-7     -1.3637755102040816E-7   4963005.299651609+1538029.028816958i              1.5543183482877553E7
0                         7.108163265306121E-7     -1.181938775510204E-7    5108363.406733636+1589433.9613525185i             1.60492523608788E7
0                         7.108163265306121E-7     -1.0001020408163265E-7   5397065.538677354+1636094.75845065i               1.6278372572074976E7
0                         7.108163265306121E-7     -8.182653061224489E-8    5516373.547300838+1651295.1119400833i             1.659522266855567E7
0                         7.108163265306121E-7     -6.364285714285713E-8    5617502.110410247+1661668.1191458527i             1.6854113852841306E7
0                         7.108163265306121E-7     -4.545918367346937E-8    5700451.228005579+1667213.780067957i              1.7054949672545116E7
0                         7.108163265306121E-7     -2.7275510204081612E-8   5765220.900086831+1667932.094706396i              1.7197667476754956E7
0                         7.108163265306121E-7     -9.091836734693906E-9    5807927.69868205+1655235.6486682126i              1.726770130191488E7
0                         7.108163265306121E-7     9.091836734693853E-9     5801566.193754266+1603140.5526134688i             1.7302928622062374E7
0                         7.108163265306121E-7     2.7275510204081612E-8    5745466.584211249+1624433.9258737785i             1.719677627933842E7
0                         7.108163265306121E-7     4.5459183673469424E-8    5670587.315238824+1639210.1214635803i             1.7028567357376777E7
0                         7.108163265306121E-7     6.364285714285713E-8     5576928.386836995+1647469.1393828732i             1.6798362299301203E7
0                         7.108163265306121E-7     8.182653061224494E-8     5464489.799005756+1649210.9796316582i             1.650629479359519E7
0                         7.108163265306121E-7     1.0001020408163265E-7    5310064.292146975+1673118.0656991943i             1.6188262849713482E7
0                         7.108163265306121E-7     1.1819387755102046E-7    5169566.802376787+1615273.4628653154i             1.5747786486145306E7
0                         7.108163265306121E-7     1.3637755102040816E-7    5011193.934028707+1553074.8787062971i             1.5258518548340408E7
0                         7.108163265306121E-7     1.5456122448979587E-7    4834945.687102738+1486522.3132221391i             1.4720527743819196E7
0                         7.108163265306121E-7     1.7274489795918368E-7    4640822.061598874+1415615.7664128398i             1.4133909852978969E7
0                         7.108163265306121E-7     1.909285714285714E-7     4433505.365233699+1294914.4470082275i             1.3496404908657482E7
0                         7.108163265306121E-7     2.091122448979592E-7     4167417.068687396+1231757.8074305104i             1.2767278344607398E7
0                         7.108163265306121E-7     2.272959183673469E-7     3932989.2150164265+1178180.3367192037i            1.202855767624509E7
0                         7.108163265306121E-7     2.454795918367347E-7     3686866.838800237+1121289.6170205167i             1.1248095468002103E7
0                         7.108163265306121E-7     2.636632653061224E-7     3451516.91543962+1074701.7449503283i              1.045825438079515E7
0                         7.108163265306121E-7     2.8184693877551024E-7    3155152.2831152948+985846.4894197213i             9588119.86248719
0                         7.108163265306121E-7     3.0003061224489794E-7    2851137.632337935+894720.8452772031i              8697821.12880892
0                         7.108163265306121E-7     3.1821428571428575E-7    2539472.9631075333+801324.8125227734i             7789434.125960498
0                         7.108163265306121E-7     3.3639795918367346E-7    2243383.091574839+676596.1562868874i              6925593.895420646
0                         7.108163265306121E-7     3.5458163265306127E-7    1885069.1623017548+575569.6086196036i             5941804.598320093
0                         7.108163265306121E-7     3.72765306122449E-7      1518117.1465276522+472453.8862329452i             4959156.150912704
0                         7.108163265306121E-7     3.909489795918368E-7     1142527.0442525297+367248.98912691284i            3998673.771744863
0                         7.108163265306121E-7     4.091326530612245E-7     758298.8554763799+259954.917301508i               3107782.334758177
0                         7.108163265306121E-7     4.273163265306122E-7     354640.1325873672+105434.60361453219i             2414491.211781796
0                         7.108163265306121E-7     4.455E-7                 70172.84208072572+39130.767016713624i             2206899.1712448476
0                         7.273469387755101E-7     -4.455E-7                -30445.295178889995-36501.10018381599i            2143123.617774956
0                         7.273469387755101E-7     -4.2731632653061225E-7   252622.4933654324+40160.600670150365i             2329799.5156570654
0                         7.273469387755101E-7     -4.091326530612245E-7    571508.4993960145+120285.56274011113i             2922310.7375533963
0                         7.273469387755101E-7     -3.9094897959183674E-7   1032665.3647503259+297961.5899281321i             3878601.5154894553
0                         7.273469387755101E-7     -3.72765306122449E-7     1390296.3135788427+401312.80578260904i            4785030.605846239
0                         7.273469387755101E-7     -3.545816326530612E-7    1742942.36466581+503221.639490449i                5731558.422583731
0                         7.273469387755101E-7     -3.3639795918367346E-7   2086522.4635078604+602797.8310749203i             6792799.539209762
0                         7.273469387755101E-7     -3.1821428571428575E-7   2417379.9874891927+699281.0015607456i             7709647.956113017
0                         7.273469387755101E-7     -3.0003061224489794E-7   2742445.220647519+793856.8425736272i              8613293.985023234
0                         7.273469387755101E-7     -2.8184693877551024E-7   3074733.662174717+911960.7841456825i              9482438.467391545
0                         7.273469387755101E-7     -2.636632653061224E-7    3354990.0020726775+949237.5353873408i             1.033545451067852E7
0                         7.273469387755101E-7     -2.454795918367347E-7    3615984.4502400933+1021970.9582415711i            1.1124009505186044E7
0                         7.273469387755101E-7     -2.2729591836734696E-7   3863889.6982465144+1091668.3726464494i            1.1876122107059218E7
0                         7.273469387755101E-7     -2.091122448979592E-7    4098705.7460919414+1158329.778601972i             1.2590592445829324E7
0                         7.273469387755101E-7     -1.9092857142857144E-7   4320432.5937763695+1221955.1761081386i            1.3266567347900247E7
0                         7.273469387755101E-7     -1.7274489795918368E-7   4529070.241299807+1282544.5651649514i             1.390342800229085E7
0                         7.273469387755101E-7     -1.5456122448979592E-7   4943598.161439254+1357101.984297118i              1.4566104302485095E7
0                         7.273469387755101E-7     -1.3637755102040816E-7   4813671.638870548+1398452.1554125287i             1.5357405534319058E7
0                         7.273469387755101E-7     -1.181938775510204E-7    4945741.698955737+1445756.3983664315i             1.5882697853308944E7
0                         7.273469387755101E-7     -1.0001020408163265E-7   5293306.831083967+1490000.6984950642i             1.6036246540593147E7
0                         7.273469387755101E-7     -8.182653061224489E-8    5412359.086655463+1504808.9804934626i             1.6349936923912965E7
0                         7.273469387755101E-7     -6.364285714285713E-8    5513231.896712887+1514789.9162081957i             1.6605915671949286E7
0                         7.273469387755101E-7     -4.545918367346937E-8    5595925.261256226+1519943.505639264i              1.6804072695680927E7
0                         7.273469387755101E-7     -2.7275510204081612E-8   5660439.180285496+1520269.748786668i              1.6944337673458762E7
0                         7.273469387755101E-7     -9.091836734693906E-9    5711230.87344961+1502594.001947206i               1.700579244932538E7
0                         7.273469387755101E-7     9.091836734693853E-9     5677464.846313221+1449069.2416892874i             1.6992221984388236E7
0                         7.273469387755101E-7     2.7275510204081612E-8    5622821.440234974+1471720.7105841963i             1.6888762239453964E7
0                         7.273469387755101E-7     4.5459183673469424E-8    5549398.374727314+1487855.0018085965i             1.6723669502634188E7
0                         7.273469387755101E-7     6.364285714285713E-8     5457195.649790236+1497472.115362489i              1.6497008648304256E7
0                         7.273469387755101E-7     8.182653061224494E-8     5346213.265423752+1500572.0512458708i             1.6208929093130598E7
0                         7.273469387755101E-7     1.0001020408163265E-7    5201793.305514866+1512304.7002226473i             1.5882259812116995E7
0                         7.273469387755101E-7     1.1819387755102046E-7    5063278.258880548+1456456.4401395537i             1.5451838168762773E7
0                         7.273469387755101E-7     1.3637755102040816E-7    4906887.83366835+1396254.1987313202i              1.4972811398698743E7
0                         7.273469387755101E-7     1.5456122448979587E-7    4732622.029878256+1331697.9759979472i             1.4445257910684507E7
0                         7.273469387755101E-7     1.7274489795918368E-7    4514330.678616817+1224943.4878267657i             1.3851128561430221E7
0                         7.273469387755101E-7     1.909285714285714E-7     4308804.88276947+1188365.2030843077i              1.3222249964896062E7
0                         7.273469387755101E-7     2.091122448979592E-7     4087828.9169486137+1140644.2678588075i            1.2536697160949212E7
0                         7.273469387755101E-7     2.272959183673469E-7     3855158.4285825444+1089610.0836459298i            1.1808880303288985E7
0                         7.273469387755101E-7     2.454795918367347E-7     3610793.417671258+1035262.650445671i              1.1039919098773511E7
0                         7.273469387755101E-7     2.636632653061224E-7     3361448.0926491884+992135.7198859858i             1.0253992011738058E7
0                         7.273469387755101E-7     2.8184693877551024E-7    3067668.1758521753+906314.3484579382i             9401689.717449868
0                         7.273469387755101E-7     3.0003061224489794E-7    2766238.2406021184+818222.5884179809i             8529670.110915009
0                         7.273469387755101E-7     3.1821428571428575E-7    2474223.6528821248+696488.7940917441i             7688701.333238497
0                         7.273469387755101E-7     3.3639795918367346E-7    2126333.264785339+600182.1788673556i              6734219.065779734
0                         7.273469387755101E-7     3.5458163265306127E-7    1769804.790187531+501786.38892359426i             5771901.414278425
0                         7.273469387755101E-7     3.72765306122449E-7      1404638.2290887032+401301.424260459i              4813104.362527725
0                         7.273469387755101E-7     3.909489795918368E-7     905599.799887907+269436.0648278801i               3838006.48215854
0                         7.273469387755101E-7     4.091326530612245E-7     608657.4243584274+213269.00152309285i             3062552.644568309
0                         7.273469387755101E-7     4.273163265306122E-7     308427.6400679748+155879.65328998657i             2477463.769197961
0                         7.273469387755101E-7     4.455E-7                 30445.295178887325+36501.10018381475i             2045007.1162736625
0                         7.438775510204081E-7     -4.455E-7                -18995.281114340618-28882.11236686837i            2201806.3090152675
0                         7.438775510204081E-7     -4.2731632653061225E-7   312553.8222366942+47071.178284341186i             2368876.2590372018
0                         7.438775510204081E-7     -4.091326530612245E-7    569723.2580413502+113243.75325498247i             2935888.4272047593
0                         7.438775510204081E-7     -3.9094897959183674E-7   884713.5541806719+189880.52799592057i             3704664.619079936
0                         7.438775510204081E-7     -3.72765306122449E-7     1334873.1713395454+345031.88070910185i            4702119.5243180925
0                         7.438775510204081E-7     -3.545816326530612E-7    1685410.5463305716+443639.6722765423i             5628115.585038734
0                         7.438775510204081E-7     -3.3639795918367346E-7   2026644.2486865222+539889.6899152598i             6687920.173027878
0                         7.438775510204081E-7     -3.1821428571428575E-7   2355279.891861525+633132.0129429314i              7587520.564403173
0                         7.438775510204081E-7     -3.0003061224489794E-7   2678123.2442135215+724467.0064976611i             8474725.739316456
0                         7.438775510204081E-7     -2.8184693877551024E-7   2992503.599778323+785781.679124418i               9331891.008428555
0                         7.438775510204081E-7     -2.636632653061224E-7    3264680.8165560197+858818.7768825035i             1.0138235509002352E7
0                         7.438775510204081E-7     -2.454795918367347E-7    3523768.83317272+928819.866191234i                1.0910441211267795E7
0                         7.438775510204081E-7     -2.2729591836734696E-7   3769767.6496284246+995784.9470506089i             1.1646662925242148E7
0                         7.438775510204081E-7     -2.091122448979592E-7    4002677.2659231327+1059714.0194606308i            1.2345623366036953E7
0                         7.438775510204081E-7     -1.9092857142857144E-7   4222497.682056849+1120607.0834212971i             1.3006416739309995E7
0                         7.438775510204081E-7     -1.7274489795918368E-7   4429228.898029565+1178464.1389326085i             1.3628388535629667E7
0                         7.438775510204081E-7     -1.5456122448979592E-7   4622870.913841292+1233285.1859945662i             1.4211059437573157E7
0                         7.438775510204081E-7     -1.3637755102040816E-7   5042339.548497843+1280706.9794967326i             1.4779145235587867E7
0                         7.438775510204081E-7     -1.181938775510204E-7    5067990.797739362+1287003.468489472i              1.528693225245772E7
0                         7.438775510204081E-7     -1.0001020408163265E-7   5189548.123490583+1343906.6385394803i             1.5796468050248185E7
0                         7.438775510204081E-7     -8.182653061224489E-8    5308344.626010093+1358322.8490468424i             1.610691084024133E7
0                         7.438775510204081E-7     -6.364285714285713E-8    5408961.683015523+1367911.71327054i               1.635993717638071E7
0                         7.438775510204081E-7     -4.545918367346937E-8    5446488.753042279+1429011.3866900546i             1.6469087988586335E7
0                         7.438775510204081E-7     -2.7275510204081612E-8   5502058.245891605+1435587.8888038122i             1.6595463002963526E7
0                         7.438775510204081E-7     -9.091836734693906E-9    5553454.558706725+1445038.540641995i              1.6649310136665497E7
0                         7.438775510204081E-7     9.091836734693853E-9     5544274.41728825+1447411.4247474205i              1.6646640268903252E7
0                         7.438775510204081E-7     2.7275510204081612E-8    5518977.071121127+1445682.5339657203i             1.6586880592493448E7
0                         7.438775510204081E-7     4.5459183673469424E-8    5428209.434215795+1336499.882153613i              1.6421231395833354E7
0                         7.438775510204081E-7     6.364285714285713E-8     5337462.912743476+1347475.0913421048i             1.6198038310977107E7
0                         7.438775510204081E-7     8.182653061224494E-8     5212179.543803303+1400989.27075327i               1.5953495652164211E7
0                         7.438775510204081E-7     1.0001020408163265E-7    5093522.318882758+1351491.334746102i              1.5581323533085052E7
0                         7.438775510204081E-7     1.1819387755102046E-7    4950232.22005467+1190021.1785589298i              1.515433702795577E7
0                         7.438775510204081E-7     1.3637755102040816E-7    4790915.440813652+1171498.1005201933i             1.4682893920407014E7
0                         7.438775510204081E-7     1.5456122448979587E-7    4617564.233580249+1150614.2128161932i             1.4165693423124714E7
0                         7.438775510204081E-7     1.7274489795918368E-7    4430178.598354461+1127369.5154469241i             1.3602901527336221E7
0                         7.438775510204081E-7     1.909285714285714E-7     4227459.365725788+1094708.3770141741i             1.298219961079849E7
0                         7.438775510204081E-7     2.091122448979592E-7     4008240.7652098313+1049530.7282871054i            1.230673535374045E7
0                         7.438775510204081E-7     2.272959183673469E-7     3777327.642148667+1001039.8305726555i             1.158957942981268E7
0                         7.438775510204081E-7     2.454795918367347E-7     3534719.9965422805+949235.6838708292i             1.083193130074095E7
0                         7.438775510204081E-7     2.636632653061224E-7     3271379.269858755+909569.6948216457i              1.0050154330873692E7
0                         7.438775510204081E-7     2.8184693877551024E-7    2980184.068589051+826782.2074961565i              9215345.363886466
0                         7.438775510204081E-7     3.0003061224489794E-7    2692855.2183378455+709030.7417301822i             8400234.69511952
0                         7.438775510204081E-7     3.1821428571428575E-7    2355388.3714173543+617444.05894869i               7478778.0663694125
0                         7.438775510204081E-7     3.3639795918367346E-7    2009283.437995842+523768.20144782483i             6544340.135693171
0                         7.438775510204081E-7     3.5458163265306127E-7    1654540.4180733059+428003.1692275868i             5603625.472785492
0                         7.438775510204081E-7     3.72765306122449E-7      1198566.0301615237+299818.0855862738i             4649022.209278573
0                         7.438775510204081E-7     3.909489795918368E-7     907631.0287851519+248248.21473641612i             3820965.5754407207
0                         7.438775510204081E-7     4.091326530612245E-7     613408.6186478045+195456.05895824276i             3081378.718519101
0                         7.438775510204081E-7     4.273163265306122E-7     364163.23004607856+207418.9019961465i             2567311.117788489
0                         7.438775510204081E-7     4.455E-7                 18995.281114337457+28882.11236686768i             2114810.509131753
0                         7.60408163265306E-7      -4.455E-7                -7545.267049790254-21263.12454992123i             2254370.5299165603
0                         7.60408163265306E-7      -4.2731632653061225E-7   320920.1696434107+50461.02179051425i              2412634.684665885
0                         7.60408163265306E-7      -4.091326530612245E-7    647520.1881304191+122081.35797193952i             2931262.2541835043
0                         7.60408163265306E-7      -3.9094897959183674E-7   881129.4519470255+180118.69073778228i             3690833.0402852087
0                         7.60408163265306E-7      -3.72765306122449E-7     1192224.038195087+253267.2781496978i              4530065.722650618
0                         7.60408163265306E-7      -3.545816326530612E-7    1627878.7279953342+384057.7050626345i             5524841.543744791
0                         7.60408163265306E-7      -3.3639795918367346E-7   1966766.0338651834+476981.5487555992i             6582656.014767411
0                         7.60408163265306E-7      -3.1821428571428575E-7   2293179.7962338575+566983.0243251179i             7465506.370057294
0                         7.60408163265306E-7      -3.0003061224489794E-7   2628280.1802886226+676877.8132266835i             8316635.630734522
0                         7.60408163265306E-7      -2.8184693877551024E-7   2904100.8458123812+698095.2541650817i             9153512.05481249
0                         7.60408163265306E-7      -2.636632653061224E-7    3174371.6310393615+768400.0183776655i             9943125.234476052
0                         7.60408163265306E-7      -2.454795918367347E-7    3431553.2161053456+835668.7741408956i             1.0699229562269013E7
0                         7.60408163265306E-7      -2.2729591836734696E-7   3675645.6010103337+899901.52145477i               1.1419856523321668E7
0                         7.60408163265306E-7      -2.091122448979592E-7    3906648.7857543277+961098.26031929i               1.2103646226989144E7
0                         7.60408163265306E-7      -1.9092857142857144E-7   4124562.7703373255+1019258.9907344556i            1.274963716599639E7
0                         7.60408163265306E-7      -1.7274489795918368E-7   4329387.554759329+1074383.7127002662i             1.3357137525384666E7
0                         7.60408163265306E-7      -1.5456122448979592E-7   4521123.139020337+1126472.426216722i              1.3925643746541345E7
0                         7.60408163265306E-7      -1.3637755102040816E-7   4750077.980686832+1262702.5184256178i             1.4475222606266433E7
0                         7.60408163265306E-7      -1.181938775510204E-7    5141447.67722713+1253317.9636637943i              1.497269981054499E7
0                         7.60408163265306E-7      -1.0001020408163265E-7   5085789.415897198+1197812.5785838955i             1.5559259399529006E7
0                         7.60408163265306E-7      -8.182653061224489E-8    5091301.510670171+1298447.593325662i              1.5662729706844673E7
0                         7.60408163265306E-7      -6.364285714285713E-8    5176021.243984053+1309212.1443577874i             1.5891881284837352E7
0                         7.60408163265306E-7      -4.545918367346937E-8    5245941.593405386+1317598.4101156658i             1.6068084846037576E7
0                         7.60408163265306E-7      -2.7275510204081612E-8   5301062.558934166+1323606.3905993018i             1.6191293925969038E7
0                         7.60408163265306E-7      -9.091836734693906E-9    5341384.140570401+1327236.085808686i              1.6261495616929775E7
0                         7.60408163265306E-7      9.091836734693853E-9     5348926.972474645+1332524.769877106i              1.6235940042597331E7
0                         7.60408163265306E-7      2.7275510204081612E-8    5323447.73991218+1330667.3171918583i              1.6175530868997332E7
0                         7.60408163265306E-7      4.5459183673469424E-8    5281851.302601068+1324708.0896194836i             1.6058422214141004E7
0                         7.60408163265306E-7      6.364285714285713E-8     5224137.660541291+1314647.0871599896i             1.5884700351886671E7
0                         7.60408163265306E-7      8.182653061224494E-8     5150743.831903889+1240550.2867188104i             1.5655773501912585E7
0                         7.60408163265306E-7      1.0001020408163265E-7    5002212.6910874415+1100611.50729131i              1.5295823528819447E7
0                         7.60408163265306E-7      1.1819387755102046E-7    4859217.789827183+1086448.7307331506i             1.4878991422391849E7
0                         7.60408163265306E-7      1.3637755102040816E-7    4702188.460574538+1069925.144509726i              1.4416509671278996E7
0                         7.60408163265306E-7      1.5456122448979587E-7    4531124.703329513+1051040.748621038i              1.3908507774597988E7
0                         7.60408163265306E-7      1.7274489795918368E-7    4346026.5180921005+1029795.5430670835i            1.335516754371805E7
0                         7.60408163265306E-7      1.909285714285714E-7     4146113.8486821065+1001051.5509440398i            1.2743278647958037E7
0                         7.60408163265306E-7      2.091122448979592E-7     3928652.6134710554+958417.1887153998i             1.2077588851131933E7
0                         7.60408163265306E-7      2.272959183673469E-7     3699496.8557147835+912469.5774993825i             1.1370830538453061E7
0                         7.60408163265306E-7      2.454795918367347E-7     3462270.914357679+904486.8843683212i              1.064404386792801E7
0                         7.60408163265306E-7      2.636632653061224E-7     3181310.4470683243+827003.669757304i              9846719.305625662
0                         7.60408163265306E-7      2.8184693877551024E-7    2899277.787941997+714221.9992022006i              9059477.493114317
0                         7.60408163265306E-7      3.0003061224489794E-7    2572234.4821978016+627355.2488636059i             8173062.393676994
0                         7.60408163265306E-7      3.1821428571428575E-7    2236553.089952583+538399.3238056365i              7270511.832585091
0                         7.60408163265306E-7      3.3639795918367346E-7    1764445.1393522024+367978.39982972294i            6294327.806648066
0                         7.60408163265306E-7      3.5458163265306127E-7    1482804.9208899112+322228.0063631232i             5440214.526944304
0                         7.60408163265306E-7      3.72765306122449E-7      1197877.2936666454+275255.32796819904i            4601748.917571059
0                         7.60408163265306E-7      3.909489795918368E-7     986453.8799733625+292176.07232253364i             3800707.005848079
0                         7.60408163265306E-7      4.091326530612245E-7     668184.8176684143+236849.40059386304i             3108426.086284803
0                         7.60408163265306E-7      4.273163265306122E-7     343843.4186949306+180850.93360567023i             2613737.934647376
0                         7.60408163265306E-7      4.455E-7                 7545.26704978761+21263.124549920627i              2179360.7983697006
0                         7.76938775510204E-7      -4.455E-7                3904.7470147594468-13644.136732973653i            2300331.796538915
0                         7.76938775510204E-7      -4.2731632653061225E-7   329286.51705012686+53850.86529668672i             2450958.333514292
0                         7.76938775510204E-7      -4.091326530612245E-7    652802.868879302+121242.05716733728i              2946568.8949851594
0                         7.76938775510204E-7      -3.9094897959183674E-7   974453.8025022848+188529.4388789773i              3643163.3585781474
0                         7.76938775510204E-7      -3.72765306122449E-7     1294239.317919074+255713.01043160676i             4442357.895944364
0                         7.76938775510204E-7      -3.545816326530612E-7    1570346.9096600963+324475.7378487287i             5421692.619766439
0                         7.76938775510204E-7      -3.3639795918367346E-7   1906887.8190438454+414073.40759593796i            6476933.242814453
0                         7.76938775510204E-7      -3.1821428571428575E-7   2231079.7006061897+500834.0357073038i             7343575.528323024
0                         7.76938775510204E-7      -3.0003061224489794E-7   2569801.1343160104+599321.6742368428i             8181038.815825614
0                         7.76938775510204E-7      -2.8184693877551024E-7   2815698.0918464405+610408.8292057442i             8977076.207800778
0                         7.76938775510204E-7      -2.636632653061224E-7    3084062.445522703+677981.2598728269i              9750178.987143815
0                         7.76938775510204E-7      -2.454795918367347E-7    3339337.59903797+742517.6820905559i               1.0490460100404173E7
0                         7.76938775510204E-7      -2.2729591836734696E-7   3581523.552392242+804018.0958589301i              1.119581976369342E7
0                         7.76938775510204E-7      -2.091122448979592E-7    3810620.3055855203+862482.5011779483i             1.1864810593333837E7
0                         7.76938775510204E-7      -1.9092857142857144E-7   4094853.7558010966+1018316.7947811654i            1.2512217754456257E7
0                         7.76938775510204E-7      -1.7274489795918368E-7   4186046.2452234877+857408.677240039i              1.303089758936852E7
0                         7.76938775510204E-7      -1.5456122448979592E-7   4363212.536128635+877794.6962922643i              1.3573561706642669E7
0                         7.76938775510204E-7      -1.3637755102040816E-7   4561727.138127882+945262.7425127582i              1.4083873270407658E7
0                         7.76938775510204E-7      -1.181938775510204E-7    4725492.079602784+996504.6292221874i              1.454748225343868E7
0                         7.76938775510204E-7      -1.0001020408163265E-7   4882973.22463017+1060533.4230596127i              1.5002870465765104E7
0                         7.76938775510204E-7      -8.182653061224489E-8    4973031.9085291475+1084234.5614859017i            1.5275332304376418E7
0                         7.76938775510204E-7      -6.364285714285713E-8    4975922.611667695+1198367.6894135238i             1.549742573499091E7
0                         7.76938775510204E-7      -4.545918367346937E-8    5045394.4337684885+1206185.4335412793i            1.5670317308075562E7
0                         7.76938775510204E-7      -2.7275510204081612E-8   5100066.8719767295+1211624.8923947883i            1.5790476570287665E7
0                         7.76938775510204E-7      -9.091836734693906E-9    5139939.926292417+1214686.065974053i              1.5857893406906787E7
0                         7.76938775510204E-7      9.091836734693853E-9     5153579.527661041+1217638.1150067905i             1.5828289756503034E7
0                         7.76938775510204E-7      2.7275510204081612E-8    5127918.408703235+1215652.1004179942i             1.576729321309614E7
0                         7.76938775510204E-7      4.5459183673469424E-8    5131534.409803169+1212652.7083140165i             1.5668015781651866E7
0                         7.76938775510204E-7      6.364285714285713E-8     5076965.950141424+1160943.3639239576i             1.5498535063619386E7
0                         7.76938775510204E-7      8.182653061224494E-8     5007455.321710119+1107632.6519523663i             1.5280132752368802E7
0                         7.76938775510204E-7      1.0001020408163265E-7    4923002.524509261+1052720.572399243i              1.5012936389502522E7
0                         7.76938775510204E-7      1.1819387755102046E-7    4768203.359599688+982876.2829073686i              1.4604988917809708E7
0                         7.76938775510204E-7      1.3637755102040816E-7    4613461.480335426+968352.1884992574i              1.415120426835736E7
0                         7.76938775510204E-7      1.5456122448979587E-7    4444685.173078779+951467.2844258819i              1.3652174830482146E7
0                         7.76938775510204E-7      1.7274489795918368E-7    4261874.437829745+932221.5706872408i              1.3108099834005019E7
0                         7.76938775510204E-7      1.909285714285714E-7     4064768.3316384275+907394.724873904i              1.2505737343558898E7
0                         7.76938775510204E-7      2.091122448979592E-7     3849064.461732272+867303.6491436961i              1.1849484615165742E7
0                         7.76938775510204E-7      2.272959183673469E-7     3621666.069280906+823899.324426108i               1.115283983577834E7
0                         7.76938775510204E-7      2.454795918367347E-7     3369617.376039933+818886.9752014204i              1.0424746784423763E7
0                         7.76938775510204E-7      2.636632653061224E-7     3093491.361694581+712062.5665077986i              9666704.155225351
0                         7.76938775510204E-7      2.8184693877551024E-7    2776871.5971266762+629915.7486121001i             8816376.027271658
0                         7.76938775510204E-7      3.0003061224489794E-7    2451613.7460577576+545679.7559970275i             7947882.198683998
0                         7.76938775510204E-7      3.1821428571428575E-7    2033949.3163822521+377819.0281700967i             7028991.433317007
0                         7.76938775510204E-7      3.3639795918367346E-7    1758316.4720730698+336665.827158422i              6195938.639575645
0                         7.76938775510204E-7      3.5458163265306127E-7    1572730.561688291+358784.50057076843i             5344359.066724787
0                         7.76938775510204E-7      3.72765306122449E-7      1269537.3281049659+308666.809621159i              4536767.109101412
0                         7.76938775510204E-7      3.909489795918368E-7     960271.7578531033+257877.32341202686i             3776563.5257639154
0                         7.76938775510204E-7      4.091326530612245E-7     644933.8509327115+206416.04194337083i             3116973.726074166
0                         7.76938775510204E-7      4.273163265306122E-7     330962.92570214916+66820.15342940333i             2466234.158607831
0                         7.76938775510204E-7      4.455E-7                 -3904.7470147623267+13644.136732973533i           2237907.4063331946
0                         7.934693877551019E-7     -4.455E-7                15354.761079309897-6025.148916026778i             2339307.1566353044
0                         7.934693877551019E-7     -4.2731632653061225E-7   337652.8644568437+57240.708802860245i             2483380.3380505224
0                         7.934693877551019E-7     -4.091326530612245E-7    658085.5496281855+120402.75636273668i             2958253.280652893
0                         7.934693877551019E-7     -3.9094897959183674E-7   976652.8165933344+183460.99376360173i             3630615.0470653162
0                         7.934693877551019E-7     -3.72765306122449E-7     1293354.6653522907+246415.421005457i              4406197.545852729
0                         7.934693877551019E-7     -3.545816326530612E-7    1608191.0959050541+309266.038088302i              5235295.698101852
0                         7.934693877551019E-7     -3.3639795918367346E-7   1847009.6042225077+351165.2664362764i             6370702.558597992
0                         7.934693877551019E-7     -3.1821428571428575E-7   2168979.604978522+434685.0470894902i              7221722.20998376
0                         7.934693877551019E-7     -3.0003061224489794E-7   2447748.215593958+454846.29867547035i             8017054.735562626
0                         7.934693877551019E-7     -2.8184693877551024E-7   2727295.337880499+522722.4042464072i              8802628.792201897
0                         7.934693877551019E-7     -2.636632653061224E-7    2993753.260006047+587562.5013679896i              9559472.329883669
0                         7.934693877551019E-7     -2.454795918367347E-7    3319285.1910386113+766305.6851806156i             1.0297923465287948E7
0                         7.934693877551019E-7     -2.2729591836734696E-7   3572995.382175233+809790.5530108954i              1.09870828562508E7
0                         7.934693877551019E-7     -2.091122448979592E-7    3702636.050734766+716373.3907292873i              1.1573283781923201E7
0                         7.934693877551019E-7     -1.9092857142857144E-7   3897971.227507501+736217.2693080192i              1.217148013617903E7
0                         7.934693877551019E-7     -1.7274489795918368E-7   4082959.153853189+754907.561391001i               1.2735864089901889E7
0                         7.934693877551019E-7     -1.5456122448979592E-7   4257599.829771828+772444.2669782308i              1.3266001057787668E7
0                         7.934693877551019E-7     -1.3637755102040816E-7   4450786.583645898+833017.0681812543i              1.3759620734816859E7
0                         7.934693877551019E-7     -1.181938775510204E-7    4652254.3583881995+899278.1586254984i             1.4324168896634331E7
0                         7.934693877551019E-7     -1.0001020408163265E-7   4759379.916726093+924469.5797973607i              1.464398837282689E7
0                         7.934693877551019E-7     -8.182653061224489E-8    4848916.45740882+947257.7177395856i               1.491180168853152E7
0                         7.934693877551019E-7     -6.364285714285713E-8    4920863.980436384+967642.5724521726i              1.5127471195907157E7
0                         7.934693877551019E-7     -4.545918367346937E-8    4975222.48580878+985624.1439351196i               1.5290909873140752E7
0                         7.934693877551019E-7     -2.7275510204081612E-8   5011991.97352601+1001202.4321884301i              1.5402074832805367E7
0                         7.934693877551019E-7     -9.091836734693906E-9    4938495.712014443+1102136.0461394158i             1.5458490943105659E7
0                         7.934693877551019E-7     9.091836734693853E-9     5051429.527709663+1173215.9244385925i             1.5462049764680177E7
0                         7.934693877551019E-7     2.7275510204081612E-8    5027027.101815674+1125992.748997724i              1.5397185832556924E7
0                         7.934693877551019E-7     4.5459183673469424E-8    4987682.5071521215+1077168.2059753246i            1.5283498071670225E7
0                         7.934693877551019E-7     6.364285714285713E-8     4933395.743719016+1026742.2953713909i             1.512102787182589E7
0                         7.934693877551019E-7     8.182653061224494E-8     4864166.811516354+974715.0171859239i              1.4909860769578228E7
0                         7.934693877551019E-7     1.0001020408163265E-7    4779995.710544133+921086.3714189262i              1.4650131740607282E7
0                         7.934693877551019E-7     1.1819387755102046E-7    4680882.440802354+865856.3580703952i              1.4342033413626336E7
0                         7.934693877551019E-7     1.3637755102040816E-7    4524734.500096312+866779.2324887897i              1.388722064945701E7
0                         7.934693877551019E-7     1.5456122448979587E-7    4358245.642828042+851893.820230727i               1.3396916549553312E7
0                         7.934693877551019E-7     1.7274489795918368E-7    4177722.3575673867+834647.5983073987i             1.2861901669410564E7
0                         7.934693877551019E-7     1.909285714285714E-7     3983422.8145947466+813737.8988037689i             1.2269860404992241E7
0                         7.934693877551019E-7     2.091122448979592E-7     3769476.3099934915+776190.1095719921i             1.1622683516613455E7
0                         7.934693877551019E-7     2.272959183673469E-7     3545104.855503888+802432.1238285094i              1.095092423101762E7
0                         7.934693877551019E-7     2.454795918367347E-7     3275495.939595591+702552.4436469788i              1.022287439115213E7
0                         7.934693877551019E-7     2.636632653061224E-7     2969299.716203987+625125.5581941763i              9409073.587608112
0                         7.934693877551019E-7     2.8184693877551024E-7    2654465.4063113593+545609.498022001i              8575757.244000401
0                         7.934693877551019E-7     3.0003061224489794E-7    2294726.1538670696+379687.5565289259i             7716416.418448811
0                         7.934693877551019E-7     3.1821428571428575E-7    2025100.6837109867+343131.5479721839i             6909313.301540695
0                         7.934693877551019E-7     3.3639795918367346E-7    1834875.8703291586+362335.4765703015i             6070964.8979942445
0                         7.934693877551019E-7     3.5458163265306127E-7    1540686.1287989207+316754.97114023066i            5265905.3059920175
0                         7.934693877551019E-7     3.72765306122449E-7      1240424.050600151+270502.6704506358i              4483005.460184747
0                         7.934693877551019E-7     3.909489795918368E-7     934089.6357328465+223578.57450152002i             3750698.8750117426
0                         7.934693877551019E-7     4.091326530612245E-7     621682.8841970083+175982.68329287984i             3122768.0327470265
0                         7.934693877551019E-7     4.273163265306122E-7     315774.7718578571+55382.4085816743i               2502336.9410983664
0                         7.934693877551019E-7     4.455E-7                 -15354.761079312204+6025.148916026475i            2289857.275972028
0                         8.1E-7                   -4.455E-7                26804.775143859697+1593.838900920512i             2370994.4568211595
0                         8.1E-7                   -4.2731632653061225E-7   346019.21186355996+60630.55230903229i             2509527.246045394
0                         8.1E-7                   -4.091326530612245E-7    663368.230377069+119563.45555813558i              2965856.1123993914
0                         8.1E-7                   -3.9094897959183674E-7   978851.8306843843+178392.54864822575i             3615930.122904295
0                         8.1E-7                   -3.72765306122449E-7     1292470.0127855071+237117.83157930666i            4369395.443996702
0                         8.1E-7                   -3.545816326530612E-7    1604222.7766804383+295739.30435137736i            5177314.043831318
0                         8.1E-7                   -3.3639795918367346E-7   1914110.122369175+354256.966964437i               6014354.430917773
0                         8.1E-7                   -3.1821428571428575E-7   2236942.498540355+340322.8422092946i              6987332.941063112
0                         8.1E-7                   -3.0003061224489794E-7   2361251.89317873+369892.2072616342i               7861668.358582477
0                         8.1E-7                   -2.8184693877551024E-7   2718000.135703567+551442.8168861535i              8636959.427210774
0                         8.1E-7                   -2.636632653061224E-7    2964088.0014165156+561665.687494522i              9356710.30296671
0                         8.1E-7                   -2.454795918367347E-7    3187939.314483884+582121.0120955121i              1.003765083093033E7
0                         8.1E-7                   -2.2729591836734696E-7   3401443.377124209+601422.7502007502i              1.0687849783679686E7
0                         8.1E-7                   -2.091122448979592E-7    3604600.1893374855+619570.9018102383i             1.1306091778238723E7
0                         8.1E-7                   -1.9092857142857144E-7   3797409.7511237087+636565.4669239759i             1.189150631625639E7
0                         8.1E-7                   -1.7274489795918368E-7   3979872.062482887+652406.4455419622i              1.2443459568324925E7
0                         8.1E-7                   -1.5456122448979592E-7   4186771.9107706994+715906.9882684834i             1.2962762454912955E7
0                         8.1E-7                   -1.3637755102040816E-7   4339846.029163911+720771.3938497507i              1.3438431981017046E7
0                         8.1E-7                   -1.181938775510204E-7    4529183.193700377+764127.3158473097i              1.3973515504526123E7
0                         8.1E-7                   -1.0001020408163265E-7   4635786.608822016+788405.7365351082i              1.4288318822881449E7
0                         8.1E-7                   -8.182653061224489E-8    4724801.006288494+810280.8739932682i              1.4551515791468956E7
0                         8.1E-7                   -6.364285714285713E-8    4796226.386099803+829752.7282217899i              1.4762948932171185E7
0                         8.1E-7                   -4.545918367346937E-8    4850062.7482559495+846821.2992206737i             1.4922521678046465E7
0                         8.1E-7                   -2.7275510204081612E-8   4886310.092756927+861486.5869899187i              1.5030190762172116E7
0                         8.1E-7                   -9.091836734693906E-9    4916943.800033218+804968.327457209i               1.5099909435120352E7
0                         8.1E-7                   9.091836734693853E-9     4951082.392412098+702790.5172061651i              1.5040101926833622E7
0                         8.1E-7                   2.7275510204081612E-8    4915315.543566768+720275.2240872383i              1.498694649956936E7
0                         8.1E-7                   4.5459183673469424E-8    4867389.383459775+738347.9071089876i              1.4887392228655579E7
0                         8.1E-7                   6.364285714285713E-8     4789825.537296608+892541.2268188233i              1.4749588956505733E7
0                         8.1E-7                   8.182653061224494E-8     4720878.301322585+841797.3824194805i              1.4545435330094393E7
0                         8.1E-7                   1.0001020408163265E-7    4636988.896579002+789452.1704386075i              1.4293007213678636E7
0                         8.1E-7                   1.1819387755102046E-7    4538157.323065865+735505.5908762012i              1.3992512034033613E7
0                         8.1E-7                   1.3637755102040816E-7    4424383.580783171+679957.6437322635i              1.3644235826658562E7
0                         8.1E-7                   1.5456122448979587E-7    4295667.669730916+622808.3290067932i              1.3248562488828385E7
0                         8.1E-7                   1.7274489795918368E-7    4093570.277305029+737073.6259275569i              1.2616809184835322E7
0                         8.1E-7                   1.909285714285714E-7     3902077.297551065+720081.0727336357i              1.2035970014306631E7
0                         8.1E-7                   2.091122448979592E-7     3689888.158254713+685076.5700002875i              1.139748345585477E7
0                         8.1E-7                   2.272959183673469E-7     3445291.521645034+685691.6306197369i              1.0729485069126302E7
0                         8.1E-7                   2.454795918367347E-7     3149518.839429725+612984.6776098306i              9952238.685233574
0                         8.1E-7                   2.636632653061224E-7     2807106.3390486464+404320.51607970125i            9123569.44715582
0                         8.1E-7                   2.8184693877551024E-7    2546775.651806652+373583.9849062073i              8356035.658032996
0                         8.1E-7                   3.0003061224489794E-7    2364200.4443409923+397855.40144129324i            7551801.029289889
0                         8.1E-7                   3.1821428571428575E-7    2085086.531532378+357483.8767902818i              6761420.966977371
0                         8.1E-7                   3.3639795918367346E-7    1799900.2820552308+316440.5568797483i             5969960.918785106
0                         8.1E-7                   3.5458163265306127E-7    1508641.69590955+274725.4417096913i               5186732.595774348
0                         8.1E-7                   3.72765306122449E-7      1211310.7730953358+232338.5312801123i             4427872.488975936
0                         8.1E-7                   3.909489795918368E-7     907907.5136125884+189279.82559101164i             3722672.2570300824
0                         8.1E-7                   4.091326530612245E-7     624379.1574731952+90112.1414610961i               3017845.0854554866
0                         8.1E-7                   4.273163265306122E-7     300586.61801356485+43944.66373394558i             2532695.723415405
0                         8.1E-7                   4.455E-7                 -26804.775143862138-1593.8389009206423i           2334739.317578337
