% Model:              omc_unitcell_iso.mph
% Version:            COMSOL 6.2.0.658
% Date:               Jul 1 2026, 14:34
% Dimension:          3
% Nodes:              2500
% Expressions:        2
% Description:        Electric field, y-component, Electric field norm
% Length unit:        m
% X                       Y                        Z                        ewfd.Ey (V/m) @ lambda=1.2E-11                    ewfd.normE (V/m) @ lambda=1.2E-11
0                         0                        -4.455E-7                1.3462601678222785E7-5127965.977832498i           1.4413133228860855E7
0                         0                        -4.2731632653061225E-7   1.330937597083486E7-5190440.854777297i            1.4285662917764008E7
0                         0                        -4.091326530612245E-7    1.2838049292951623E7-5338928.355325494i           1.3903944247283008E7
0                         0                        -3.9094897959183674E-7   1.2245464983736305E7-5556069.817990939i           1.3446981984456655E7
0                         0                        -3.72765306122449E-7     1.1531623043188896E7-5841865.24277363i            1.2926937747391365E7
0                         0                        -3.545816326530612E-7    1.0696523471309418E7-6196314.629673576i           1.2361631339033699E7
0                         0                        -3.3639795918367346E-7   9764483.236954479-6594900.889506957i              1.1782947450752068E7
0                         0                        -3.1821428571428575E-7   8786586.320585018-6984555.953085399i              1.122444301650966E7
0                         0                        -3.0003061224489794E-7   7406321.825067672-7300494.067249598i              1.0399558481128914E7
0                         0                        -2.8184693877551024E-7   6138360.37994599-7498862.177225553i               9690841.145489624
0                         0                        -2.636632653061224E-7    4843079.407607203-7579334.884460709i              8994539.201048154
0                         0                        -2.454795918367347E-7    3520478.908051339-7541912.188955073i              8323113.071918671
0                         0                        -2.2729591836734696E-7   2170558.8812783626-7386594.0907086255i            7698902.396964645
0                         0                        -2.091122448979592E-7    -221145.14731080332-6216899.282051626i            6220831.283627063
0                         0                        -1.9092857142857144E-7   -485103.3761384748-5526831.651497148i             5548080.153488379
0                         0                        -1.7274489795918368E-7   -676664.9863726518-4871335.920283653i             4918108.289985945
0                         0                        -1.5456122448979592E-7   -795829.9780133397-4250412.088411154i             4324274.306194784
0                         0                        -1.3637755102040816E-7   -842598.3510605319-3664060.1558796465i            3759695.3077496463
0                         0                        -1.181938775510204E-7    -816970.1055142311-3112280.122689129i             3217720.8883602372
0                         0                        -1.0001020408163265E-7   -718945.2413744377-2595071.988839603i             2692820.247873014
0                         0                        -8.182653061224489E-8    -548523.7586411508-2112435.754331067i             2182490.121391178
0                         0                        -6.364285714285713E-8    -305705.65731437167-1664371.4191635244i           1692213.9846492277
0                         0                        -4.545918367346937E-8    -391774.49226729525-1054937.1840645713i           1125335.378948598
0                         0                        -2.7275510204081612E-8   -245052.64742911173-630862.3383027774i            676785.1135337305
0                         0                        -9.091836734693906E-9    -103114.69721464941-203553.00211557047i           228180.7736246204
0                         0                        9.091836734693853E-9     34039.358376092685+226990.82449705276i            229528.8921345369
0                         0                        2.7275510204081612E-8    166409.51934311405+660769.1415350905i             681401.487034646
0                         0                        4.5459183673469424E-8    246499.70995792648+1277050.0709448264i            1300622.5396745699
0                         0                        6.364285714285713E-8     555492.3508928693+1646074.839673541i              1737277.7929009397
0                         0                        8.182653061224494E-8     1040824.1880352066+1834630.5901497647i            2109308.9846469676
0                         0                        1.0001020408163265E-7    1027316.9493862403+2397067.6434676414i            2607932.783231915
0                         0                        1.1819387755102046E-7    903854.6442853649+3003494.3175130775i             3136547.67751577
0                         0                        1.3637755102040816E-7    670437.272732581+3653910.612286057i               3714909.0028217067
0                         0                        1.5456122448979587E-7    327064.8347278895+4348316.527786592i              4360599.503730837
0                         0                        1.7274489795918368E-7    -126262.66972871452+5086712.064014681i            5088278.872463607
0                         0                        1.909285714285714E-7     -689545.2406372244+5869097.220970314i             5909464.851243885
0                         0                        2.091122448979592E-7     -1362782.8779976475+6695471.998653508i            6832753.651150959
0                         0                        2.272959183673469E-7     -2501928.766960289+7530689.460053364i             7935422.565856355
0                         0                        2.454795918367347E-7     -3781223.7991877794+7646044.18998167i             8529926.446030851
0                         0                        2.636632653061224E-7     -5039019.546235805+7652492.928911357i             9162552.374441568
0                         0                        2.8184693877551024E-7    -6275316.008104365+7550035.676842413i             9817465.544791292
0                         0                        3.0003061224489794E-7    -7490113.184793451+7338672.433774844i             1.0486081661481733E7
0                         0                        3.1821428571428575E-7    -8733797.8567411+7027900.88794058i                1.121029062482911E7
0                         0                        3.3639795918367346E-7    -9642490.00909634+6627905.36825221i               1.170071549718346E7
0                         0                        3.5458163265306127E-7    -1.0515036208700096E7+6221612.632179292i          1.2217792362582E7
0                         0                        3.72765306122449E-7      -1.1309825555014307E7+5855684.320089832i          1.2735823214123247E7
0                         0                        3.909489795918368E-7     -1.1990728436672572E7+5557967.307354424i          1.3216223705417855E7
0                         0                        4.091326530612245E-7     -1.2557744853674887E7+5328461.593973078i          1.3641461020302929E7
0                         0                        4.273163265306122E-7     -1.301087480602125E7+5167167.179945783i           1.3999374267568797E7
0                         0                        4.455E-7                 -1.3342854658939146E7+5138525.887964909i          1.4298197645585109E7
0                         1.6530612244897957E-8    -4.455E-7                1.3090145481983854E7-5037267.701530011i           1.4051774908719402E7
0                         1.6530612244897957E-8    -4.2731632653061225E-7   1.3004780297727387E7-5092855.228986093i           1.398659505893751E7
0                         1.6530612244897957E-8    -4.091326530612245E-7    1.2538955252658842E7-5241401.726885334i           1.3609122228075307E7
0                         1.6530612244897957E-8    -3.9094897959183674E-7   1.1951872576258218E7-5458602.186901828i           1.3157298919791894E7
0                         1.6530612244897957E-8    -3.72765306122449E-7     1.1243532268525513E7-5744456.60903557i            1.2643589760911545E7
0                         1.6530612244897957E-8    -3.545816326530612E-7    1.0413934329460723E7-6098964.993286559i           1.2086308352448644E7
0                         1.6530612244897957E-8    -3.3639795918367346E-7   9509192.313324746-6498622.333563113i              1.1535620780416856E7
0                         1.6530612244897957E-8    -3.1821428571428575E-7   8434474.686921587-6872437.781221218i              1.0893989447005568E7
0                         1.6530612244897957E-8    -3.0003061224489794E-7   7241898.817511638-7195719.108595853i              1.0220993453049462E7
0                         1.6530612244897957E-8    -2.8184693877551024E-7   5975003.501102147-7401682.23829185i               9522993.757637048
0                         1.6530612244897957E-8    -2.636632653061224E-7    4680788.657475548-7489749.965247042i              8841899.191243289
0                         1.6530612244897957E-8    -2.454795918367347E-7    3359254.286631863-7459922.289461434i              8191084.672536858
0                         1.6530612244897957E-8    -2.2729591836734696E-7   2165213.1169121778-7404378.271089843i             7745249.400491727
0                         1.6530612244897957E-8    -2.091122448979592E-7    1361821.3312382358-6866727.778958017i             7132369.589019763
0                         1.6530612244897957E-8    -1.9092857142857144E-7   146902.27324708528-5771760.340223179i             5825774.188939823
0                         1.6530612244897957E-8    -1.7274489795918368E-7   -841732.8054606128-4741934.089142097i             4861923.946507326
0                         1.6530612244897957E-8    -1.5456122448979592E-7   -947695.2364140836-4126026.769632388i             4279567.86285419
0                         1.6530612244897957E-8    -1.3637755102040816E-7   -981261.0487740621-3544691.349463671i             3725359.8994085067
0                         1.6530612244897957E-8    -1.181938775510204E-7    -942430.2425405462-2997927.8286359436i            3192797.017975509
0                         1.6530612244897957E-8    -1.0001020408163265E-7   -831202.8177135389-2485736.207149209i             2676768.899320696
0                         1.6530612244897957E-8    -8.182653061224489E-8    -647578.7742930369-2008116.4850034637i            2175728.273677256
0                         1.6530612244897957E-8    -6.364285714285713E-8    -525389.6365178277-1521306.2816449318i            1698305.6088451399
0                         1.6530612244897957E-8    -4.545918367346937E-8    -408161.04629285826-1052675.9235705333i           1216087.0460592788
0                         1.6530612244897957E-8    -2.7275510204081612E-8   -251554.5950397264-630987.7361814909i             813067.4759258671
0                         1.6530612244897957E-8    -9.091836734693906E-9    -99732.03841031587-206065.05836703576i            500946.78628363827
0                         1.6530612244897957E-8    9.091836734693853E-9     47306.623595374316+222092.10987283522i            502357.66317892796
0                         1.6530612244897957E-8    2.7275510204081612E-8    189561.3909773438+653483.768538121i               818177.2756488075
0                         1.6530612244897957E-8    4.5459183673469424E-8    380009.4552737413+1093902.952645924i              1287526.112634399
0                         1.6530612244897957E-8    6.364285714285713E-8     595425.4627756783+1589380.8429901323i             1769483.7009171708
0                         1.6530612244897957E-8    8.182653061224494E-8     890334.8897920921+1965133.2226908517i             2220885.793035281
0                         1.6530612244897957E-8    1.0001020408163265E-7    1104350.7014553312+2342569.4986758176i            2643117.799322707
0                         1.6530612244897957E-8    1.1819387755102046E-7    992482.656331349+2945688.7589900177i              3150155.2727096686
0                         1.6530612244897957E-8    1.3637755102040816E-7    770659.5447554591+3592797.6400317634i             3709315.8813737375
0                         1.6530612244897957E-8    1.5456122448979587E-7    438881.3667276606+4283896.141801063i              4337032.371715868
0                         1.6530612244897957E-8    1.7274489795918368E-7    -2851.877752049353+5018984.2642979175i            5047498.966242952
0                         1.6530612244897957E-8    1.909285714285714E-7     -554540.188683666+5798062.00752232i               5852064.140652662
0                         1.6530612244897957E-8    2.091122448979592E-7     -1189164.5107698678+6814785.552413127i            6960997.58893675
0                         1.6530612244897957E-8    2.272959183673469E-7     -2243270.2800044524+7352587.280259591i            7705858.425013856
0                         1.6530612244897957E-8    2.454795918367347E-7     -3512176.854825653+7513266.172027095i             8306628.1382177835
0                         1.6530612244897957E-8    2.636632653061224E-7     -4758074.053383975+7520051.300165471i             8911379.504823506
0                         1.6530612244897957E-8    2.8184693877551024E-7    -5982471.966762842+7417930.437305224i             9542398.536857326
0                         1.6530612244897957E-8    3.0003061224489794E-7    -7185370.594962224+7206903.583446344i             1.019033433511715E7
0                         1.6530612244897957E-8    3.1821428571428575E-7    -8366769.937982145+6886970.738588836i             1.085136122902209E7
0                         1.6530612244897957E-8    3.3639795918367346E-7    -9515536.22801121+6547654.402335562i              1.157162754784859E7
0                         1.6530612244897957E-8    3.5458163265306127E-7    -1.0408447061153127E7+6141047.728637884i          1.2104918039191699E7
0                         1.6530612244897957E-8    3.72765306122449E-7      -1.1200584001012517E7+5776859.410698057i          1.2621566212873632E7
0                         1.6530612244897957E-8    3.909489795918368E-7     -1.220031542922231E7+5523118.061147012i           1.3414564359649513E7
0                         1.6530612244897957E-8    4.091326530612245E-7     -1.2846992409833273E7+5290294.2796338275i         1.3917798134340022E7
0                         1.6530612244897957E-8    4.273163265306122E-7     -1.2896831801017724E7+5115473.557848089i          1.3902491589700343E7
0                         1.6530612244897957E-8    4.455E-7                 -1.3090145481983844E7+5037267.701530056i          1.4054890573730055E7
0                         3.3061224489795914E-8    -4.455E-7                1.2680742770194748E7-4943352.016589058i           1.369111877269297E7
0                         3.3061224489795914E-8    -4.2731632653061225E-7   1.2529512428653358E7-5004414.645809109i           1.3573007122188421E7
0                         3.3061224489795914E-8    -4.091326530612245E-7    1.223986121236606E7-5143875.098445176i            1.3350254972089928E7
0                         3.3061224489795914E-8    -3.9094897959183674E-7   1.1658280168780126E7-5361134.555812713i           1.2901578391403906E7
0                         3.3061224489795914E-8    -3.72765306122449E-7     1.0955441493862122E7-5647047.975297509i           1.2393348629654255E7
0                         3.3061224489795914E-8    -3.545816326530612E-7    1.0131345187612029E7-6001615.3568995455i          1.1844472359360088E7
0                         3.3061224489795914E-8    -3.3639795918367346E-7   9253901.389695007-6402343.777619266i              1.1321429979432805E7
0                         3.3061224489795914E-8    -3.1821428571428575E-7   8160369.163650885-6756981.323448427i              1.0650963352793146E7
0                         3.3061224489795914E-8    -3.0003061224489794E-7   7077475.809955606-7090944.149942115i              1.0065516758921508E7
0                         3.3061224489795914E-8    -2.8184693877551024E-7   5811646.622258302-7304502.299358145i              9375213.35584669
0                         3.3061224489795914E-8    -2.636632653061224E-7    4518497.9073438905-7400165.046033373i             8707607.768095523
0                         3.3061224489795914E-8    -2.454795918367347E-7    3176342.4772368055-7391042.653050671i             8080210.918422618
0                         3.3061224489795914E-8    -2.2729591836734696E-7   2007600.9212131365-7142613.116683632i             7468477.370571267
0                         3.3061224489795914E-8    -2.091122448979592E-7    1204865.386517887-6687095.083760193i              6947653.842457841
0                         3.3061224489795914E-8    -1.9092857142857144E-7   309967.02315098874-5710967.969224126i             5832831.739064922
0                         3.3061224489795914E-8    -1.7274489795918368E-7   -280856.6306551894-4948136.21912244i              5073035.801922713
0                         3.3061224489795914E-8    -1.5456122448979592E-7   -750073.86262515-4225230.083088268i               4433582.298392872
0                         3.3061224489795914E-8    -1.3637755102040816E-7   -1119923.7464875912-3425322.543047694i            3789700.5908475476
0                         3.3061224489795914E-8    -1.181938775510204E-7    -1067890.3795668618-2883575.5345827583i           3271664.5343664857
0                         3.3061224489795914E-8    -1.0001020408163265E-7   -943460.3940526389-2376400.4254588126i            2774415.1944110957
0                         3.3061224489795914E-8    -8.182653061224489E-8    -746633.7899449235-1903797.2156758604i            2300314.9621747867
0                         3.3061224489795914E-8    -6.364285714285713E-8    -616029.5027730011-1483417.0684489857i            1873220.774462352
0                         3.3061224489795914E-8    -4.545918367346937E-8    -424547.60031842114-1050414.663076495i            1447937.5287805896
0                         3.3061224489795914E-8    -2.7275510204081612E-8   -258056.54265034117-631113.1340602047i            1122256.3947903968
0                         3.3061224489795914E-8    -9.091836734693906E-9    -96349.37960598244-208577.11461850157i            917883.1223919913
0                         3.3061224489795914E-8    9.091836734693853E-9     60573.88881465599+217193.3952486178i              921537.6886008875
0                         3.3061224489795914E-8    2.7275510204081612E-8    221597.907481985+671348.9436183514i               1222688.7821531517
0                         3.3061224489795914E-8    4.5459183673469424E-8    458680.52660275134+1056630.587929272i             1521528.9492500965
0                         3.3061224489795914E-8    6.364285714285713E-8     681971.1738557325+1445554.6483189424i             1901336.6897968634
0                         3.3061224489795914E-8    8.182653061224494E-8     911947.8169913883+1925684.1479913762i             2346749.8697282234
0                         3.3061224489795914E-8    1.0001020408163265E-7    1017183.005361024+2425659.6531838225i             2786581.643766806
0                         3.3061224489795914E-8    1.1819387755102046E-7    1081110.6683773333+2887883.200466958i             3248356.6641222923
0                         3.3061224489795914E-8    1.3637755102040816E-7    870881.816778337+3531684.66777747i                3775080.5406138757
0                         3.3061224489795914E-8    1.5456122448979587E-7    550697.8987274318+4219475.755815534i              4376774.224019673
0                         3.3061224489795914E-8    1.7274489795918368E-7    120558.9142246158+4951256.464581155i              5065505.765039101
0                         3.3061224489795914E-8    1.909285714285714E-7     -323808.6712702828+5775780.987814387i             5903772.089868151
0                         3.3061224489795914E-8    2.091122448979592E-7     -997439.3626710488+6647406.49134023i              6847070.1109773265
0                         3.3061224489795914E-8    2.272959183673469E-7     -2058739.2145340743+7116132.88459781i             7444072.6200473085
0                         3.3061224489795914E-8    2.454795918367347E-7     -3275447.9544917103+7340385.795376392i            8087588.278309768
0                         3.3061224489795914E-8    2.636632653061224E-7     -4477128.560532155+7387609.671419593i             8684203.210400797
0                         3.3061224489795914E-8    2.8184693877551024E-7    -5689627.925421317+7285825.197768033i             9291338.127718795
0                         3.3061224489795914E-8    3.0003061224489794E-7    -6880628.005131003+7075134.733117848i             9919943.60229987
0                         3.3061224489795914E-8    3.1821428571428575E-7    -8050128.799661225+6755538.277469034i             1.0565433016590873E7
0                         3.3061224489795914E-8    3.3639795918367346E-7    -9177056.492274435+6406911.2091781255i            1.1261376091089314E7
0                         3.3061224489795914E-8    3.5458163265306127E-7    -1.018191667056939E7+6021149.104282729i           1.1900525706887908E7
0                         3.3061224489795914E-8    3.72765306122449E-7      -1.1061215420754436E7+5679967.988931415i          1.2505332944481947E7
0                         3.3061224489795914E-8    3.909489795918368E-7     -1.1818197045195743E7+5395306.657016508i          1.3065119776923701E7
0                         3.3061224489795914E-8    4.091326530612245E-7     -1.2115955685757883E7+5155394.1502118725i         1.3246590859114384E7
0                         3.3061224489795914E-8    4.273163265306122E-7     -1.2480245262432842E7+5016429.1951969825i         1.3533880501820497E7
0                         3.3061224489795914E-8    4.455E-7                 -1.2680742770194737E7+4943352.016589099i          1.3693350987386722E7
0                         4.959183673469387E-8     -4.455E-7                1.2271340058405649E7-4849436.331648103i           1.3361774739044536E7
0                         4.959183673469387E-8     -4.2731632653061225E-7   1.2121814234064808E7-4908927.332520534i           1.324734332896689E7
0                         4.959183673469387E-8     -4.091326530612245E-7    1.184538801891558E7-5047013.320489007i            1.3043255475349674E7
0                         4.959183673469387E-8     -3.9094897959183674E-7   1.1364687761302046E7-5263666.924723606i           1.2676983157463422E7
0                         4.959183673469387E-8     -3.72765306122449E-7     1.066735071919873E7-5549639.341559442i            1.2172927127631256E7
0                         4.959183673469387E-8     -3.545816326530612E-7    9889428.543378782-5918309.276667337i              1.1675029185407072E7
0                         4.959183673469387E-8     -3.3639795918367346E-7   8888254.099093502-6294661.273043925i              1.1027704868135264E7
0                         4.959183673469387E-8     -3.1821428571428575E-7   7886263.640380181-6641524.865675636i              1.0433266365656454E7
0                         4.959183673469387E-8     -3.0003061224489794E-7   6830514.52830144-6958020.383143855i               9857578.865251737
0                         4.959183673469387E-8     -2.8184693877551024E-7   5648289.743414457-7207322.36042444i               9245335.710446103
0                         4.959183673469387E-8     -2.636632653061224E-7    4306860.522754993-7273270.607471231i              8535611.056251222
0                         4.959183673469387E-8     -2.454795918367347E-7    3101373.053498213-7169230.18402534i               7892069.08674868
0                         4.959183673469387E-8     -2.2729591836734696E-7   1888857.7566921746-6901779.894911887i             7228722.124697057
0                         4.959183673469387E-8     -2.091122448979592E-7    1021099.4789911858-6563183.10040122i              6900847.809675389
0                         4.959183673469387E-8     -1.9092857142857144E-7   707554.2765396942-5785432.541260019i              6045694.997366342
0                         4.959183673469387E-8     -1.7274489795918368E-7   -116671.91993642367-4910670.702725867i            5153805.945156284
0                         4.959183673469387E-8     -1.5456122448979592E-7   -583870.5330832954-4191046.4459716994i            4512649.887971762
0                         4.959183673469387E-8     -1.3637755102040816E-7   -928990.6697190376-3511552.4410850657i            3970287.754338774
0                         4.959183673469387E-8     -1.181938775510204E-7    -1150968.512734191-2872548.961295358i             3507036.701545471
0                         4.959183673469387E-8     -1.0001020408163265E-7   -1055717.97039174-2267064.6437684186i             2969871.5324204015
0                         4.959183673469387E-8     -8.182653061224489E-8    -928120.7683957837-1841287.8490317161i            2522342.8769509085
0                         4.959183673469387E-8     -6.364285714285713E-8    -706669.3690281748-1445527.8552530415i            2137973.3598284507
0                         4.959183673469387E-8     -4.545918367346937E-8    -460172.61511652975-1057258.716929082i            1800515.619031618
0                         4.959183673469387E-8     -2.7275510204081612E-8   -264558.490260956-631238.531938919i               1499549.7918529126
0                         4.959183673469387E-8     -9.091836734693906E-9    -92966.72080164902-211089.1708699672i             1349685.3968212686
0                         4.959183673469387E-8     9.091836734693853E-9     73841.15403393768+212294.6806244003i              1355587.520872714
0                         4.959183673469387E-8     2.7275510204081612E-8    289947.9033249329+638065.4334421756i              1576905.6529418915
0                         4.959183673469387E-8     4.5459183673469424E-8    537351.5979317615+1019358.2232126207i             1836306.2307802083
0                         4.959183673469387E-8     6.364285714285713E-8     770963.3206708045+1404293.429061816i              2176768.5777502297
0                         4.959183673469387E-8     8.182653061224494E-8     816408.4058382806+1937401.1243026296i             2579962.597438023
0                         4.959183673469387E-8     1.0001020408163265E-7    1046065.1046724757+2385464.9232429937i            2966822.1230809134
0                         4.959183673469387E-8     1.1819387755102046E-7    1100757.1551557402+2912488.6004503076i            3431447.645131162
0                         4.959183673469387E-8     1.3637755102040816E-7    971104.0888012145+3470571.695523174i              3907512.5512556965
0                         4.959183673469387E-8     1.5456122448979587E-7    662514.4307272031+4155055.369830006i              4476299.335808205
0                         4.959183673469387E-8     1.7274489795918368E-7    243969.70620128055+4883528.664864393i             5139304.412605439
0                         4.959183673469387E-8     1.909285714285714E-7     -71200.90991143655+5685048.018752812i             5945405.79937389
0                         4.959183673469387E-8     2.091122448979592E-7     -819350.7785180556+6544944.278189486i             6851799.451094533
0                         4.959183673469387E-8     2.272959183673469E-7     -1909629.8976107826+6895577.384085818i            7215782.319888458
0                         4.959183673469387E-8     2.454795918367347E-7     -3083736.87439203+7108198.714792713i              7822951.613861325
0                         4.959183673469387E-8     2.636632653061224E-7     -4281130.369485577+7225799.892381781i             8496502.858189685
0                         4.959183673469387E-8     2.8184693877551024E-7    -5408373.704534403+7159865.870483249i             9069685.453164665
0                         4.959183673469387E-8     3.0003061224489794E-7    -6575885.415299779+6943365.88278935i              9670689.146807367
0                         4.959183673469387E-8     3.1821428571428575E-7    -7733487.661340302+6624105.816349229i             1.0303831243886838E7
0                         4.959183673469387E-8     3.3639795918367346E-7    -8845014.639388064+6270169.328414741i             1.0983967266120529E7
0                         4.959183673469387E-8     3.5458163265306127E-7    -9823823.250369648+5883973.2340828525i            1.1599543021641612E7
0                         4.959183673469387E-8     3.72765306122449E-7      -1.0691109518641286E7+5547474.351766225i          1.2195243206750395E7
0                         4.959183673469387E-8     3.909489795918368E-7     -1.123822201154659E7+5264468.0473535955i          1.2570479798990995E7
0                         4.959183673469387E-8     4.091326530612245E-7     -1.1749283622063898E7+5061256.271749157i          1.2962196083404731E7
0                         4.959183673469387E-8     4.273163265306122E-7     -1.2074184727562241E7+4921170.935263736i          1.3209378991314199E7
0                         4.959183673469387E-8     4.455E-7                 -1.2271340058405634E7+4849436.331648142i          1.336318185321923E7
0                         6.612244897959183E-8     -4.455E-7                1.1861937346616538E7-4755520.646707147i           1.3056227668876356E7
0                         6.612244897959183E-8     -4.2731632653061225E-7   1.1714116039476259E7-4813440.019231961i           1.2945883930911101E7
0                         6.612244897959183E-8     -4.091326530612245E-7    1.1439394341527587E7-4949954.378852816i           1.2745472252649728E7
0                         6.612244897959183E-8     -3.9094897959183674E-7   1.107109535382396E7-5166199.293634495i            1.248082573960619E7
0                         6.612244897959183E-8     -3.72765306122449E-7     1.037925994453534E7-5452230.70782138i             1.1979182974561788E7
0                         6.612244897959183E-8     -3.545816326530612E-7    9622998.696839666-5823194.147252812i              1.1503558166578686E7
0                         6.612244897959183E-8     -3.3639795918367346E-7   8599507.074514575-6180351.058075229i              1.0820885977729531E7
0                         6.612244897959183E-8     -3.1821428571428575E-7   7612158.11710948-6526068.407902846i               1.0236787502153672E7
0                         6.612244897959183E-8     -3.0003061224489794E-7   6538572.253852723-6778947.593263507i              9619872.072370907
0                         6.612244897959183E-8     -2.8184693877551024E-7   5459619.444566603-7032434.511739378i              9066195.909926504
0                         6.612244897959183E-8     -2.636632653061224E-7    4227431.312088596-7062013.647323648i              8366556.611542972
0                         6.612244897959183E-8     -2.454795918367347E-7    2984227.880174808-6938367.744272979i              7665255.760126187
0                         6.612244897959183E-8     -2.2729591836734696E-7   1806359.8918655298-6680582.883429723i             7020870.476883825
0                         6.612244897959183E-8     -2.091122448979592E-7    811402.1556685201-6496874.259033839i              6991929.296959839
0                         6.612244897959183E-8     -1.9092857142857144E-7   531205.5066066567-5704176.451954594i              6124481.143026075
0                         6.612244897959183E-8     -1.7274489795918368E-7   46128.05121511813-4892574.233444199i              5301208.642723655
0                         6.612244897959183E-8     -1.5456122448979592E-7   -419080.96581877157-4176232.2622098806i           4663312.527358623
0                         6.612244897959183E-8     -1.3637755102040816E-7   -762793.7193404902-3499868.101761909i             4121440.6861563805
0                         6.612244897959183E-8     -1.181938775510204E-7    -983956.1591199875-2863839.261631827i             3657469.233026007
0                         6.612244897959183E-8     -1.0001020408163265E-7   -895987.6739943757-2364756.6013820535i            3280400.2105096257
0                         6.612244897959183E-8     -8.182653061224489E-8    -1028576.9149490143-1799712.8050250039i           2818887.6057550292
0                         6.612244897959183E-8     -6.364285714285713E-8    -797309.2352833482-1407638.6420570961i            2461306.878690142
0                         6.612244897959183E-8     -4.545918367346937E-8    -540996.2010736465-1023055.3345439039i            2153650.3823880283
0                         6.612244897959183E-8     -2.7275510204081612E-8   -271060.4378715707-631363.9298176324i             1904253.3394229773
0                         6.612244897959183E-8     -9.091836734693906E-9    -89584.06199731556-213601.22712143278i            1784749.9988825803
0                         6.612244897959183E-8     9.091836734693853E-9     87108.41925321933+207395.9660001828i              1792738.514809048
0                         6.612244897959183E-8     2.7275510204081612E-8    358297.89916788+604781.923265998i                 1965915.9306238212
0                         6.612244897959183E-8     4.5459183673469424E-8    616022.6692607712+982085.8584959692i              2195042.2105861306
0                         6.612244897959183E-8     6.364285714285713E-8     859955.4674858775+1363032.2098046897i             2503301.9949180405
0                         6.612244897959183E-8     8.182653061224494E-8     863641.3368266599+1892475.2428914006i             2817200.5528785377
0                         6.612244897959183E-8     1.0001020408163265E-7    877549.4351319311+2383073.358664364i              3217098.4441518253
0                         6.612244897959183E-8     1.1819387755102046E-7    1136908.4265793492+2871548.2152681286i            3639228.765980217
0                         6.612244897959183E-8     1.3637755102040816E-7    1071326.3608240918+3409458.723268881i             4099598.7088360507
0                         6.612244897959183E-8     1.5456122448979587E-7    774330.9627269746+4090634.9838444777i             4630401.806043838
0                         6.612244897959183E-8     1.7274489795918368E-7    656176.8163245555+4777784.631324688i              5289127.896383911
0                         6.612244897959183E-8     1.909285714285714E-7     88562.65439088817+5617232.729622623i              6054576.659097808
0                         6.612244897959183E-8     2.091122448979592E-7     -657547.4175462859+6511486.501986991i             6975269.640821231
0                         6.612244897959183E-8     2.272959183673469E-7     -1793351.392811101+6689833.2512008045i            7014658.306720592
0                         6.612244897959183E-8     2.454795918367347E-7     -2927704.2818434266+6891480.713603121i            7592684.352156889
0                         6.612244897959183E-8     2.636632653061224E-7     -4081054.8087869072+6979443.401751762i            8214758.821537334
0                         6.612244897959183E-8     2.8184693877551024E-7    -5294045.756960642+6971393.179815876i             8921903.061911505
0                         6.612244897959183E-8     3.0003061224489794E-7    -6422659.14145027+6795828.960970643i              9533521.688311696
0                         6.612244897959183E-8     3.1821428571428575E-7    -7416846.523019382+6492673.355229423i             1.0063407100939922E7
0                         6.612244897959183E-8     3.3639795918367346E-7    -8512972.786501687+6133427.447651352i             1.0729630968495151E7
0                         6.612244897959183E-8     3.5458163265306127E-7    -9465729.830169907+5746797.363882976i             1.132405729546498E7
0                         6.612244897959183E-8     3.72765306122449E-7      -1.0263630778383847E7+5442695.249273261i          1.1877596261820527E7
0                         6.612244897959183E-8     3.909489795918368E-7     -1.0855397130052252E7+5165106.171253554i          1.2295186507618539E7
0                         6.612244897959183E-8     4.091326530612245E-7     -1.1346565264111798E7+4964655.43682362i           1.2665731742496435E7
0                         6.612244897959183E-8     4.273163265306122E-7     -1.166812419269164E7+4825912.67533049i            1.290824463278203E7
0                         6.612244897959183E-8     4.455E-7                 -1.1861937346616529E7+4755520.646707186i          1.3056942141220845E7
0                         8.265306122448978E-8     -4.455E-7                1.1452534634827426E7-4661604.961766191i           1.2767311291967014E7
0                         8.265306122448978E-8     -4.2731632653061225E-7   1.1306417844887707E7-4717952.705943387i           1.2661427885884982E7
0                         8.265306122448978E-8     -4.091326530612245E-7    1.1033400664139593E7-4852895.437216623i           1.2466140971517906E7
0                         8.265306122448978E-8     -3.9094897959183674E-7   1.063348309258308E7-5066433.1555859i              1.2188236943703206E7
0                         8.265306122448978E-8     -3.72765306122449E-7     1.009116916987195E7-5354822.074083316i            1.1809207721912213E7
0                         8.265306122448978E-8     -3.545816326530612E-7    9229708.85266711-5691101.660919522i               1.1215113651524464E7
0                         8.265306122448978E-8     -3.3639795918367346E-7   8310760.049935649-6066040.843106533i              1.063438147020003E7
0                         8.265306122448978E-8     -3.1821428571428575E-7   7438798.242731246-6314362.228815527i              1.0102218302079808E7
0                         8.265306122448978E-8     -3.0003061224489794E-7   5984675.679742257-6516987.857076244i              9174485.213076137
0                         8.265306122448978E-8     -2.8184693877551024E-7   5001913.84924163-6646863.852317839i               8593861.33518488
0                         8.265306122448978E-8     -2.636632653061224E-7    4195382.916276033-6775214.219713025i              8153778.034020202
0                         8.265306122448978E-8     -2.454795918367347E-7    3098156.256057698-6620940.365498861i              7453920.77168885
0                         8.265306122448978E-8     -2.2729591836734696E-7   1757599.7129721087-6478145.371235364i             6841237.045804685
0                         8.265306122448978E-8     -2.091122448979592E-7    576557.9985411086-6489909.841139925i              7214569.144278635
0                         8.265306122448978E-8     -1.9092857142857144E-7   329541.7569306446-5682182.466030508i              6350402.576094852
0                         8.265306122448978E-8     -1.7274489795918368E-7   121895.90009014582-4919181.968636558i             5557817.612443075
0                         8.265306122448978E-8     -1.5456122448979592E-7   -255625.6213810731-4180259.0468376083i            4878519.3170913905
0                         8.265306122448978E-8     -1.3637755102040816E-7   -521630.9880439781-3477087.527106754i             4329528.1039700275
0                         8.265306122448978E-8     -1.181938775510204E-7    -808011.8431880774-2888434.5413772482i            3897032.9193715365
0                         8.265306122448978E-8     -1.0001020408163265E-7   -982162.1750434354-2334241.2781304736i            3527339.1959379395
0                         8.265306122448978E-8     -8.182653061224489E-8    -944018.7219175545-1858801.9679083934i            3131186.494553977
0                         8.265306122448978E-8     -6.364285714285713E-8    -887949.1015385219-1369749.4288611505i            2821582.763954116
0                         8.265306122448978E-8     -4.545918367346937E-8    -621819.7870307632-988851.9521587255i             2538177.062732166
0                         8.265306122448978E-8     -2.7275510204081612E-8   -330645.1179789679-615445.3309110161i             2329844.000475922
0                         8.265306122448978E-8     -9.091836734693906E-9    -86201.40319298214-216113.28337289835i            2220940.882681054
0                         8.265306122448978E-8     9.091836734693853E-9     100375.684472501+202497.25137596537i              2230821.8583317334
0                         8.265306122448978E-8     2.7275510204081612E-8    426647.89501082856+571498.4130898226i             2370608.0018893788
0                         8.265306122448978E-8     4.5459183673469424E-8    694693.740589782+944813.4937793182i               2578074.3879486844
0                         8.265306122448978E-8     6.364285714285713E-8     820498.05683215+1413521.9254820333i               2869717.8290911736
0                         8.265306122448978E-8     8.182653061224494E-8     910874.2678150397+1847549.361480172i              3099955.0384693183
0                         8.265306122448978E-8     1.0001020408163265E-7    939854.0955439457+2335349.0183999697i             3476069.8486307645
0                         8.265306122448978E-8     1.1819387755102046E-7    882391.607363126+2862204.2002913617i              3894622.943330638
0                         8.265306122448978E-8     1.3637755102040816E-7    1184477.782712008+3383934.0240667732i             4339245.548750308
0                         8.265306122448978E-8     1.5456122448979587E-7    1167246.1129040108+3995929.5352526186i            4911699.055023641
0                         8.265306122448978E-8     1.7274489795918368E-7    847292.9308807469+4730019.15540308i               5505185.812578345
0                         8.265306122448978E-8     1.909285714285714E-7     230338.67137225298+5621972.192172759i             6288467.249177335
0                         8.265306122448978E-8     2.091122448979592E-7     -514469.4987329594+6551104.350563145i             7214554.950864437
0                         8.265306122448978E-8     2.272959183673469E-7     -1707605.2095599007+6498182.948745603i            6835700.87841157
0                         8.265306122448978E-8     2.454795918367347E-7     -2804743.490960139+6689310.913121255i             7392005.19977945
0                         8.265306122448978E-8     2.636632653061224E-7     -3919449.761253523+6769406.456967074i             7996896.1878293725
0                         8.265306122448978E-8     2.8184693877551024E-7    -5052111.619822569+6736479.632769115i             8643878.655300714
0                         8.265306122448978E-8     3.0003061224489794E-7    -6295567.3013187675+6611351.639655885i            9411680.819360606
0                         8.265306122448978E-8     3.1821428571428575E-7    -7368144.351160683+6284736.779982135i             1.0027318637201272E7
0                         8.265306122448978E-8     3.3639795918367346E-7    -8142057.979781602+5993275.693366765i             1.0483735473154645E7
0                         8.265306122448978E-8     3.5458163265306127E-7    -9192181.986269657+5690075.7559708655i            1.1183796701802345E7
0                         8.265306122448978E-8     3.72765306122449E-7      -9884049.289227376+5342752.6169584915i            1.1627337350367265E7
0                         8.265306122448978E-8     3.909489795918368E-7     -1.0497884379843405E7+5073805.521268746i          1.206236278136367E7
0                         8.265306122448978E-8     4.091326530612245E-7     -1.0943846906159703E7+4868054.601898085i          1.2385800217745423E7
0                         8.265306122448978E-8     4.273163265306122E-7     -1.1262063657821037E7+4730654.415397243i          1.2623296219196687E7
0                         8.265306122448978E-8     4.455E-7                 -1.1452534634827431E7+4661604.961766232i          1.276754978778358E7
0                         9.918367346938774E-8     -4.455E-7                1.0944072112661118E7-4535480.161543558i           1.2391230842269115E7
0                         9.918367346938774E-8     -4.2731632653061225E-7   1.0902988646859143E7-4607442.097099691i           1.2387110936792787E7
0                         9.918367346938774E-8     -4.091326530612245E-7    1.0753391322303297E7-4751965.0614917455i          1.2306711947995858E7
0                         9.918367346938774E-8     -3.9094897959183674E-7   1.0495280138993591E7-4969049.054719733i           1.2155368123587446E7
0                         9.918367346938774E-8     -3.72765306122449E-7     9704080.4872313-5258363.662719792i                1.1591606229031116E7
0                         9.918367346938774E-8     -3.545816326530612E-7    8505966.117316077-5636877.977491795i              1.0798697172047423E7
0                         9.918367346938774E-8     -3.3639795918367346E-7   7519917.92629944-5848058.886282768i               1.0089982352074552E7
0                         9.918367346938774E-8     -3.1821428571428575E-7   6516862.110267179-6035293.427803093i              9412860.605364477
0                         9.918367346938774E-8     -3.0003061224489794E-7   5496798.669219279-6198581.6020527715i             8779802.18011466
0                         9.918367346938774E-8     -2.8184693877551024E-7   4554637.437220803-6326073.370465913i              8216677.831937204
0                         9.918367346938774E-8     -2.636632653061224E-7    3579315.170937741-6308701.213549275i              7551187.184349664
0                         9.918367346938774E-8     -2.454795918367347E-7    2719035.9348954763-6260131.139279727i             7003904.208092889
0                         9.918367346938774E-8     -2.2729591836734696E-7   1708638.2655865704-6003043.298914544i             6375472.068342202
0                         9.918367346938774E-8     -2.091122448979592E-7    774495.5164128685-5680459.097284714i              5891198.952283343
0                         9.918367346938774E-8     -1.9092857142857144E-7   65604.83402539039-5570138.830840996i              6522622.026263391
0                         9.918367346938774E-8     -1.7274489795918368E-7   -277363.1728518206-4800583.421257814i             5769553.0360098425
0                         9.918367346938774E-8     -1.5456122448979592E-7   -611247.4345821813-4071432.552908937i             5112150.67088905
0                         9.918367346938774E-8     -1.3637755102040816E-7   -1113568.0582450044-3349191.5712591144i           4610133.583912046
0                         9.918367346938774E-8     -1.181938775510204E-7    -1487244.6231839648-2663383.800791803i            4213136.0993366875
0                         9.918367346938774E-8     -1.0001020408163265E-7   -1068336.6760924954-2303725.954878895i            3808004.343527299
0                         9.918367346938774E-8     -8.182653061224489E-8    -1033147.205049422-1825140.8299360892i            3476271.744993904
0                         9.918367346938774E-8     -6.364285714285713E-8    -866781.9651518506-1403243.813017285i             3205865.683585532
0                         9.918367346938774E-8     -4.545918367346937E-8    -702643.3729878808-954648.5697735486i             2940437.3198387735
0                         9.918367346938774E-8     -2.7275510204081612E-8   -401652.42363802815-584927.7793366062i            2747823.08550119
0                         9.918367346938774E-8     -9.091836734693906E-9    -82818.74438864861-218625.33962436384i            2657907.7657925263
0                         9.918367346938774E-8     9.091836734693853E-9     202838.997920977+172531.0928433785i               2683580.4324764023
0                         9.918367346938774E-8     2.7275510204081612E-8    494997.89085377555+538214.9029136454i             2782985.1406365377
0                         9.918367346938774E-8     4.5459183673469424E-8    773364.8119187918+907541.1290626663i              2975384.3772096927
0                         9.918367346938774E-8     6.364285714285713E-8     847022.81921226+1383819.7370238767i               3203998.744508232
0                         9.918367346938774E-8     8.182653061224494E-8     966050.7281226047+1798990.8601194897i             3437513.3067058744
0                         9.918367346938774E-8     1.0001020408163265E-7    1002158.7559559605+2287624.6781355753i            3770365.1776403547
0                         9.918367346938774E-8     1.1819387755102046E-7    959767.9971987761+2811681.4011738016i             4160539.8043291937
0                         9.918367346938774E-8     1.3637755102040816E-7    830934.9225318658+3374793.649183615i              4596223.806143567
0                         9.918367346938774E-8     1.5456122448979587E-7    712148.5016814389+4132295.5328106466i             5252200.505199541
0                         9.918367346938774E-8     1.7274489795918368E-7    666127.5188549283+4805587.8139957385i             5837417.954745243
0                         9.918367346938774E-8     1.909285714285714E-7     390969.3230243482+5578477.921276971i              6539214.028720974
0                         9.918367346938774E-8     2.091122448979592E-7     -373213.5546808137+5665927.547642511i             5847512.0298797665
0                         9.918367346938774E-8     2.272959183673469E-7     -1575028.2060312056+5907330.398151076i            6275573.989245004
0                         9.918367346938774E-8     2.454795918367347E-7     -2559821.0364848925+6194225.4743772i              6896193.05897875
0                         9.918367346938774E-8     2.636632653061224E-7     -3568052.0999498344+6391103.757184962i            7563423.974597607
0                         9.918367346938774E-8     2.8184693877551024E-7    -4599711.732426281+6498004.095865728i             8269217.934294206
0                         9.918367346938774E-8     3.0003061224489794E-7    -5476253.80891765+6432430.660880998i              8868575.827772895
0                         9.918367346938774E-8     3.1821428571428575E-7    -6455762.150166912+6244734.165434521i             9469797.47340322
0                         9.918367346938774E-8     3.3639795918367346E-7    -7650646.935800404+5878554.632333869i             1.0113891357555572E7
0                         9.918367346938774E-8     3.5458163265306127E-7    -8533451.404410336+5436923.427469781i             1.0667142834059048E7
0                         9.918367346938774E-8     3.72765306122449E-7      -9700867.324206006+5132922.473930232i             1.149502935505075E7
0                         9.918367346938774E-8     3.909489795918368E-7     -1.0183967737834506E7+4888221.018115383i          1.1831073284719035E7
0                         9.918367346938774E-8     4.091326530612245E-7     -1.0552202007119846E7+4707080.14744599i           1.2098365147247013E7
0                         9.918367346938774E-8     4.273163265306122E-7     -1.0805570132062053E7+4589499.861922063i          1.2287104857644703E7
0                         9.918367346938774E-8     4.455E-7                 -1.0944072112661112E7+4535480.161543597i          1.2391399030763004E7
0                         1.1571428571428571E-7    -4.455E-7                9939194.005414449-4360943.318643624i              1.159502582167061E7
0                         1.1571428571428571E-7    -4.2731632653061225E-7   9897273.055033641-4431184.738569647i              1.1595942304310257E7
0                         1.1571428571428571E-7    -4.091326530612245E-7    9219021.709259968-4523339.055546373i              1.102302104119073E7
0                         1.1571428571428571E-7    -3.9094897959183674E-7   9022450.746948928-4725425.976302065i              1.0936970045061994E7
0                         1.1571428571428571E-7    -3.72765306122449E-7     8661807.36922192-4955337.076793975i               1.0720539343664352E7
0                         1.1571428571428571E-7    -3.545816326530612E-7    8035391.700959306-5171189.064476217i              1.0366347115727555E7
0                         1.1571428571428571E-7    -3.3639795918367346E-7   6976114.700664167-5537076.212527529i              9714666.02739145
0                         1.1571428571428571E-7    -3.1821428571428575E-7   6001021.992188046-5720598.963413735i              9045814.803085476
0                         1.1571428571428571E-7    -3.0003061224489794E-7   5008921.658696299-5880175.3470293i                8421593.735060256
0                         1.1571428571428571E-7    -2.8184693877551024E-7   4120508.2031801217-5992475.565688209i             7826492.174260363
0                         1.1571428571428571E-7    -2.636632653061224E-7    3120709.5852859276-5967875.355965291i             7125302.226055998
0                         1.1571428571428571E-7    -2.454795918367347E-7    2165221.795418571-5861346.762133865i              6498042.78487974
0                         1.1571428571428571E-7    -2.2729591836734696E-7   1368046.59650065-5654012.321856374i               5958459.758264152
0                         1.1571428571428571E-7    -2.091122448979592E-7    492649.69215090596-5262536.758574747i             5409659.527652872
0                         1.1571428571428571E-7    -1.9092857142857144E-7   -383937.55019043543-5408218.217771446i            6673479.28118586
0                         1.1571428571428571E-7    -1.7274489795918368E-7   -690934.2588844537-4648588.567180255i             5994749.325178288
0                         1.1571428571428571E-7    -1.5456122448979592E-7   -903556.0968517583-3934975.8737628167i            5326669.486593684
0                         1.1571428571428571E-7    -1.3637755102040816E-7   -1374947.9973089024-3217482.3314586873i           4885133.594970733
0                         1.1571428571428571E-7    -1.181938775510204E-7    -1717061.3404887351-2536545.4385983637i           4535229.825047897
0                         1.1571428571428571E-7    -1.0001020408163265E-7   -1226926.0648007684-2151846.002374982i            4160744.7018474312
0                         1.1571428571428571E-7    -8.182653061224489E-8    -1096516.1514642232-1700694.3279474054i           3735706.6281622695
0                         1.1571428571428571E-7    -6.364285714285713E-8    -947939.2104401974-1370526.2416903449i            3590728.4000653364
0                         1.1571428571428571E-7    -4.545918367346937E-8    -783466.9589449972-920445.1873883705i             3353328.8499375763
0                         1.1571428571428571E-7    -2.7275510204081612E-8   -472659.72929708945-554410.2277621967i            3172797.6685025105
0                         1.1571428571428571E-7    -9.091836734693906E-9    -136807.14510514558-195866.12359073875i           3079295.8885699976
0                         1.1571428571428571E-7    9.091836734693853E-9     260867.9182778623+143236.43720767708i             3106704.6006734343
0                         1.1571428571428571E-7    2.7275510204081612E-8    563347.8866967235+504931.3927374693i              3199573.9729231605
0                         1.1571428571428571E-7    4.5459183673469424E-8    724838.8768961219+947469.0900534122i              3376602.021512517
0                         1.1571428571428571E-7    6.364285714285713E-8     873547.5815923697+1354117.54856572i               3552310.8814771012
0                         1.1571428571428571E-7    8.182653061224494E-8     1004655.7007678311+1767071.2462749528i            3767787.067954738
0                         1.1571428571428571E-7    1.0001020408163265E-7    1064463.416367975+2239900.337871181i              4092524.3042911743
0                         1.1571428571428571E-7    1.1819387755102046E-7    1037144.387034426+2761158.602056243i              4457157.336934499
0                         1.1571428571428571E-7    1.3637755102040816E-7    1320078.7751449107+3185117.179079302i             4920168.43730095
0                         1.1571428571428571E-7    1.5456122448979587E-7    1092099.1245056686+3848820.1217712318i            5431914.532547082
0                         1.1571428571428571E-7    1.7274489795918368E-7    708526.4394744079+4644389.711585155i              6065183.277926269
0                         1.1571428571428571E-7    1.909285714285714E-7     450749.0738059173+5394539.242060619i              6706860.458495144
0                         1.1571428571428571E-7    2.091122448979592E-7     -369137.4257955301+5202613.602744108i             5374210.219516525
0                         1.1571428571428571E-7    2.272959183673469E-7     -1225842.5714370222+5520327.44513526i             5839732.9504375495
0                         1.1571428571428571E-7    2.454795918367347E-7     -2177262.1002578945+5799236.8383028265i           6442277.058815692
0                         1.1571428571428571E-7    2.636632653061224E-7     -3152122.556778032+5988139.924530631i             7103967.413681963
0                         1.1571428571428571E-7    2.8184693877551024E-7    -4085042.5411865176+6029014.586467711i            7748992.432431915
0                         1.1571428571428571E-7    3.0003061224489794E-7    -4995683.658475665+6016173.259040525i             8399583.031006455
0                         1.1571428571428571E-7    3.1821428571428575E-7    -5934935.623033011+5927777.170159994i             9077714.744007437
0                         1.1571428571428571E-7    3.3639795918367346E-7    -7259592.860701436+5508426.992908396i             9727279.464409431
0                         1.1571428571428571E-7    3.5458163265306127E-7    -8146813.719380167+5211496.535743592i             1.0363717374811007E7
0                         1.1571428571428571E-7    3.72765306122449E-7      -8665121.808022168+4928104.271496875i             1.067415719384955E7
0                         1.1571428571428571E-7    3.909489795918368E-7     -9080067.577866014+4704507.674428882i             1.0943867997316603E7
0                         1.1571428571428571E-7    4.091326530612245E-7     -9391651.028911706+4540706.7445396185i            1.1158800910180453E7
0                         1.1571428571428571E-7    4.273163265306122E-7     -9804275.837751646+4411982.146794101i             1.1496287184389733E7
0                         1.1571428571428571E-7    4.455E-7                 -9939194.00541444+4360943.318643651i              1.1595321635674985E7
0                         1.3224489795918366E-7    -4.455E-7                8735460.769164387-4188809.527193663i              1.0635450039764026E7
0                         1.3224489795918366E-7    -4.2731632653061225E-7   8741948.461606828-4243402.399467233i              1.0674061996170027E7
0                         1.3224489795918366E-7    -4.091326530612245E-7    8646709.168851761-4368775.118472301i              1.0650192809554549E7
0                         1.3224489795918366E-7    -3.9094897959183674E-7   8338107.837189536-4530385.48356275i               1.0464141926520776E7
0                         1.3224489795918366E-7    -3.72765306122449E-7     7993665.849267631-4760444.80979965i               1.0365438413708929E7
0                         1.3224489795918366E-7    -3.545816326530612E-7    7365890.485963417-4989409.210347879i              9936141.006380353
0                         1.3224489795918366E-7    -3.3639795918367346E-7   6432311.475028889-5226093.538772291i              9392365.23430475
0                         1.3224489795918366E-7    -3.1821428571428575E-7   5485181.874108919-5405904.499024379i              8720947.264783882
0                         1.3224489795918366E-7    -3.0003061224489794E-7   4521044.648173321-5561769.092005827i              8095183.376065137
0                         1.3224489795918366E-7    -2.8184693877551024E-7   3626578.411636885-5651203.374886757i              7441186.258116651
0                         1.3224489795918366E-7    -2.636632653061224E-7    2662103.999634116-5627049.498381311i              6726184.4813842485
0                         1.3224489795918366E-7    -2.454795918367347E-7    1741940.415658183-5520967.237767355i              6093026.6772487145
0                         1.3224489795918366E-7    -2.2729591836734696E-7   639381.8921690707-5053526.218438127i              5310916.469029132
0                         1.3224489795918366E-7    -2.091122448979592E-7    -203180.86460273195-4602704.520197963i            4818619.71475215
0                         1.3224489795918366E-7    -1.9092857142857144E-7   -851444.828288335-5296687.3508024765i             6916274.669890221
0                         1.3224489795918366E-7    -1.7274489795918368E-7   -1121665.698553042-4548146.903802622i             6312792.431396756
0                         1.3224489795918366E-7    -1.5456122448979592E-7   -1339685.831753689-3836388.8981612897i            5782270.884363414
0                         1.3224489795918366E-7    -1.3637755102040816E-7   -1622421.0580827366-3139743.3952705013i           5238292.874538112
0                         1.3224489795918366E-7    -1.181938775510204E-7    -1176173.9693938287-2676631.326585944i            4826439.053726605
0                         1.3224489795918366E-7    -1.0001020408163265E-7   -1223898.2555604028-2143078.55073264i             4492861.0592466425
0                         1.3224489795918366E-7    -8.182653061224489E-8    -1114050.395430463-1673768.0221858127i            4078248.3482501456
0                         1.3224489795918366E-7    -6.364285714285713E-8    -898548.7828361877-1292657.1319053767i            3873283.3279445595
0                         1.3224489795918366E-7    -4.545918367346937E-8    -665844.8973500001-915264.2906717963i             3708999.3870732966
0                         1.3224489795918366E-7    -2.7275510204081612E-8   -543667.0349561508-523892.67618778767i            3601732.749487767
0                         1.3224489795918366E-7    -9.091836734693906E-9    -91201.15633607421-215487.91602361252i            3499105.449641857
0                         1.3224489795918366E-7    9.091836734693853E-9     318896.83863474743+113941.78157197533i            3531092.4062657943
0                         1.3224489795918366E-7    2.7275510204081612E-8    631697.882539671+471647.88256129273i              3618926.9547886373
0                         1.3224489795918366E-7    4.5459183673469424E-8    739283.429011115+919984.3269816354i               3748628.7177378535
0                         1.3224489795918366E-7    6.364285714285713E-8     900072.3439724797+1324415.3601075632i             3911308.069821437
0                         1.3224489795918366E-7    8.182653061224494E-8     1043260.6734130576+1735151.6324304163i            4112172.9453086024
0                         1.3224489795918366E-7    1.0001020408163265E-7    1126768.076779989+2192175.997606785i              4437210.956318944
0                         1.3224489795918366E-7    1.1819387755102046E-7    1386724.08492027+2607124.2214879226i              4811840.230541601
0                         1.3224489795918366E-7    1.3637755102040816E-7    1214239.1551942383+3210021.720284519i             5213429.7088189395
0                         1.3224489795918366E-7    1.5456122448979587E-7    1175976.5609364957+3794960.0792712863i            5736935.552432696
0                         1.3224489795918366E-7    1.7274489795918368E-7    921729.7209275392+4479151.738151648i              6275027.992102004
0                         1.3224489795918366E-7    1.909285714285714E-7     415283.84958841756+5239816.188722122i             6949052.2325319955
0                         1.3224489795918366E-7    2.091122448979592E-7     -359022.93861427956+4748267.753754877i            4936126.503176381
0                         1.3224489795918366E-7    2.272959183673469E-7     -876599.4524748917+5133280.701881649i             5415568.635715313
0                         1.3224489795918366E-7    2.454795918367347E-7     -1794645.8866422721+5404204.48623722i             6012120.341989196
0                         1.3224489795918366E-7    2.636632653061224E-7     -2764811.7100693756+5558254.93019092i             6688714.676793905
0                         1.3224489795918366E-7    2.8184693877551024E-7    -3625657.1854174337+5616862.774422161i            7318998.655421804
0                         1.3224489795918366E-7    3.0003061224489794E-7    -4515113.508033683+5599915.857200054i             7978548.605464169
0                         1.3224489795918366E-7    3.1821428571428575E-7    -5657574.501561102+5409647.577161359i             8617685.58836551
0                         1.3224489795918366E-7    3.3639795918367346E-7    -6463285.459487496+5209695.690294175i             9141411.628310647
0                         1.3224489795918366E-7    3.5458163265306127E-7    -7212147.741106007+4955524.11024876i              9670531.420241369
0                         1.3224489795918366E-7    3.72765306122449E-7      -7870859.489132911+4731383.695287055i             1.0096523162841229E7
0                         1.3224489795918366E-7    3.909489795918368E-7     -8397086.441039385+4529958.4845626i               1.0452983603116458E7
0                         1.3224489795918366E-7    4.091326530612245E-7     -8694798.912591923+4369468.13662786i              1.0654662846003046E7
0                         1.3224489795918366E-7    4.273163265306122E-7     -8889149.065346308+4268773.455871851i             1.0796059005130088E7
0                         1.3224489795918366E-7    4.455E-7                 -8735460.76916439+4188809.5271936907i             1.0637944189147374E7
0                         1.487755102040816E-7     -4.455E-7                8163938.86003925-4046114.3001578404i              1.0275694880953645E7
0                         1.487755102040816E-7     -4.2731632653061225E-7   8170031.236840158-4094772.817412285i              1.0313781050713083E7
0                         1.487755102040816E-7     -4.091326530612245E-7    7934652.399843272-4182223.023843778i              1.0178888501228496E7
0                         1.487755102040816E-7     -3.9094897959183674E-7   7546839.2888441635-4338064.379626828i             9960159.828042729
0                         1.487755102040816E-7     -3.72765306122449E-7     7154341.754765126-4506751.729254651i              9889739.270279525
0                         1.487755102040816E-7     -3.545816326530612E-7    6563472.821752604-4730570.689403685i              9513225.652481625
0                         1.487755102040816E-7     -3.3639795918367346E-7   5990388.04681113-4969309.358401545i               9167818.62469698
0                         1.487755102040816E-7     -3.1821428571428575E-7   4969341.756029793-5091210.034635025i              8436886.236946508
0                         1.487755102040816E-7     -3.0003061224489794E-7   4033167.6376503413-5243362.836982356i             7798372.169479301
0                         1.487755102040816E-7     -2.8184693877551024E-7   3132648.6200936507-5309931.184085307i             7101686.355710084
0                         1.487755102040816E-7     -2.636632653061224E-7    2203498.4139823043-5286223.64079733i              6361502.028082886
0                         1.487755102040816E-7     -2.454795918367347E-7    1082567.1299005738-4977975.104751615i             5518335.437641105
0                         1.487755102040816E-7     -2.2729591836734696E-7   626317.2370094638-4707476.853927985i              5010183.946165273
0                         1.487755102040816E-7     -2.091122448979592E-7    33484.020091739745-4213268.4328532i               4385863.324604334
0                         1.487755102040816E-7     -1.9092857142857144E-7   -1212300.543161175-4913085.642212074i             7004017.57835645
0                         1.487755102040816E-7     -1.7274489795918368E-7   -1124399.0882838273-4365345.97799819i             6488809.5539007615
0                         1.487755102040816E-7     -1.5456122448979592E-7   -975673.2110810707-3834910.4561701566i            6032755.134598337
0                         1.487755102040816E-7     -1.3637755102040816E-7   -1095138.9750376437-3226592.9369854764i           5542588.059830919
0                         1.487755102040816E-7     -1.181938775510204E-7    -1191438.2829600112-2663658.006470295i            5173343.028604143
0                         1.487755102040816E-7     -1.0001020408163265E-7   -1220870.4463200374-2134311.099090299i            4845041.567194186
0                         1.487755102040816E-7     -8.182653061224489E-8    -1131584.6393967022-1646841.7164242177i           4432682.385648029
0                         1.487755102040816E-7     -6.364285714285713E-8    -898278.8770626162-1272313.348869447i             4240236.848335386
0                         1.487755102040816E-7     -4.545918367346937E-8    -647770.8418366174-901503.0303615297i             4089044.6810025447
0                         1.487755102040816E-7     -2.7275510204081612E-8   -380060.53371870716-534410.7609004669i            3985802.361550388
0                         1.487755102040816E-7     -9.091836734693906E-9    -87719.7512432973-207462.94492761395i             3918320.0254355585
0                         1.487755102040816E-7     9.091836734693853E-9     239084.82506499346+102105.32969977982i            3978427.1495121242
0                         1.487755102040816E-7     2.7275510204081612E-8    700047.8783826188+438364.3723851163i              4040594.303022061
0                         1.487755102040816E-7     4.5459183673469424E-8    753727.9811261083+892499.5639098592i              4127565.082721147
0                         1.487755102040816E-7     6.364285714285713E-8     926597.1063525894+1294713.1716494064i             4279062.758364477
0                         1.487755102040816E-7     8.182653061224494E-8     1081865.6460582844+1703232.0185858798i            4468064.0626871735
0                         1.487755102040816E-7     1.0001020408163265E-7    1338788.9287357572+2075238.864336052i             4800100.182862445
0                         1.487755102040816E-7     1.1819387755102046E-7    1247814.4866296146+2612234.338612643i             5098911.536469941
0                         1.487755102040816E-7     1.3637755102040816E-7    1386210.9767376806+3127953.192407714i             5572687.1268690005
0                         1.487755102040816E-7     1.5456122448979587E-7    1317264.7204455375+3709025.7598195923i            6038563.344044793
0                         1.487755102040816E-7     1.7274489795918368E-7    1181563.348707709+4344224.695408563i              6507827.966069655
0                         1.487755102040816E-7     1.909285714285714E-7     709157.6541970628+5069698.152258957i              7075165.016361983
0                         1.487755102040816E-7     2.091122448979592E-7     -345589.18643348245+4303757.647132806i            4528094.740392918
0                         1.487755102040816E-7     2.272959183673469E-7     -761813.3379798968+4726809.002715182i             5049894.977555758
0                         1.487755102040816E-7     2.454795918367347E-7     -1515561.3155662306+5020151.692050628i            5680557.631289184
0                         1.487755102040816E-7     2.636632653061224E-7     -2326611.1489731907+5150208.707940293i            6285888.471215287
0                         1.487755102040816E-7     2.8184693877551024E-7    -3166271.8296483494+5204710.962376609i            6931185.072916475
0                         1.487755102040816E-7     3.0003061224489794E-7    -4098314.0820199316+5217804.391497823i            7601437.966200836
0                         1.487755102040816E-7     3.1821428571428575E-7    -4878137.0592220295+5083084.376710872i            8100715.785070838
0                         1.487755102040816E-7     3.3639795918367346E-7    -5666978.058273559+4910964.387679957i             8612183.24691392
0                         1.487755102040816E-7     3.5458163265306127E-7    -6376626.353072993+4705475.701806242i             9120570.643856943
0                         1.487755102040816E-7     3.72765306122449E-7      -7021375.718303092+4490425.651008929i             9511763.87298537
0                         1.487755102040816E-7     3.909489795918368E-7     -7578113.752157649+4314682.338252159i             9868801.748755796
0                         1.487755102040816E-7     4.091326530612245E-7     -7997946.796272141+4198229.528716104i             1.0158266037640518E7
0                         1.487755102040816E-7     4.273163265306122E-7     -8027497.169981746+4049985.579708223i             1.0146770614736805E7
0                         1.487755102040816E-7     4.455E-7                 -8163938.860039254+4046114.3001578655i            1.0277211748073088E7
0                         1.6530612244897956E-7    -4.455E-7                7592416.950914113-3903419.073122016i              9921144.135753455
0                         1.6530612244897956E-7    -4.2731632653061225E-7   7451441.057183133-3910849.6976370616i             9846743.08991465
0                         1.6530612244897956E-7    -4.091326530612245E-7    7139150.377661653-3999712.1982871736i             9703606.598577106
0                         1.6530612244897956E-7    -3.9094897959183674E-7   6755570.740498794-4145743.2756909076i             9521139.878858218
0                         1.6530612244897956E-7    -3.72765306122449E-7     6268524.463264606-4257233.569233405i              9441009.989476582
0                         1.6530612244897956E-7    -3.545816326530612E-7    5761055.157541791-4471732.168459492i              9142560.971108582
0                         1.6530612244897956E-7    -3.3639795918367346E-7   5205908.330002661-4696140.462217019i              8820546.273245744
0                         1.6530612244897956E-7    -3.1821428571428575E-7   4603083.980647212-4930458.450505983i              8486440.764463097
0                         1.6530612244897956E-7    -3.0003061224489794E-7   3545290.627127363-4924956.5819588825i             7532068.855674145
0                         1.6530612244897956E-7    -2.8184693877551024E-7   2638718.828550417-4968658.993283858i              6821551.814231049
0                         1.6530612244897956E-7    -2.636632653061224E-7    1547491.230940313-4859359.744809046i              5924409.353730007
0                         1.6530612244897956E-7    -2.454795918367347E-7    1043180.741535051-4569206.249920725i              5319363.101022239
0                         1.6530612244897956E-7    -2.2729591836734696E-7   653914.2983501834-4274738.871466758i              4724506.976659108
0                         1.6530612244897956E-7    -2.091122448979592E-7    371385.2264517174-3822607.090962681i              4055664.529749455
0                         1.6530612244897956E-7    -1.9092857142857144E-7   -324458.9866290587-3179522.842895367i             3298143.852708137
0                         1.6530612244897956E-7    -1.7274489795918368E-7   -1296126.486249432-4200879.367648652i             6770536.0852821
0                         1.6530612244897956E-7    -1.5456122448979592E-7   -1438601.7761904923-3614680.7031563655i           6294911.53145524
0                         1.6530612244897956E-7    -1.3637755102040816E-7   -1294041.2919832007-3131818.1928712702i           5891354.601384497
0                         1.6530612244897956E-7    -1.181938775510204E-7    -1206702.596526195-2650684.686354648i             5538341.970425834
0                         1.6530612244897956E-7    -1.0001020408163265E-7   -1217842.6370796715-2125543.6474479563i           5216797.507264919
0                         1.6530612244897956E-7    -8.182653061224489E-8    -1162115.5330708069-1633990.6316764513i           4926674.725335176
0                         1.6530612244897956E-7    -6.364285714285713E-8    -898008.9712890446-1251969.5658335167i            4616305.280930243
0                         1.6530612244897956E-7    -4.545918367346937E-8    -629696.7863232354-887741.7700512649i             4476938.424922532
0                         1.6530612244897956E-7    -2.7275510204081612E-8   -167722.39666810137-537409.2337319781i            4391311.153758243
0                         1.6530612244897956E-7    -9.091836734693906E-9    139512.02503647667-202610.01230958046i            4308089.79143605
0                         1.6530612244897956E-7    9.091836734693853E-9     212829.68151766184+221430.3594359471i             4376911.313339448
0                         1.6530612244897956E-7    2.7275510204081612E-8    287879.87992356805+528415.5363422809i             4382584.555283257
0                         1.6530612244897956E-7    4.5459183673469424E-8    635000.5862750534+867185.0179426492i              4485442.028735356
0                         1.6530612244897956E-7    6.364285714285713E-8     910028.4338487585+1226316.36759761i               4625751.915162293
0                         1.6530612244897956E-7    8.182653061224494E-8     1167264.9003106356+1590604.3168376735i            4805058.216140838
0                         1.6530612244897956E-7    1.0001020408163265E-7    1319992.3952109783+2057178.704084354i             5174058.32293773
0                         1.6530612244897956E-7    1.1819387755102046E-7    1493545.7027314247+2505776.2525483547i            5530089.578003231
0                         1.6530612244897956E-7    1.3637755102040816E-7    1500150.0397824324+3050189.511490406i             5915413.815138717
0                         1.6530612244897956E-7    1.5456122448979587E-7    1458274.2016429943+3622381.2625421965i            6355223.987997812
0                         1.6530612244897956E-7    1.7274489795918368E-7    1438962.7968559784+4229334.644169746i             6768052.342986679
0                         1.6530612244897956E-7    1.909285714285714E-7     444414.6100030407+3242616.3336423137i             3452396.8379608914
0                         1.6530612244897956E-7    2.091122448979592E-7     -130867.23196659956+3808507.4900881215i           4028266.113898751
0                         1.6530612244897956E-7    2.272959183673469E-7     -714541.9582907183+4275032.106224149i             4720324.864035696
0                         1.6530612244897956E-7    2.454795918367347E-7     -1374863.2424178119+4558380.656342752i            5448987.276451429
0                         1.6530612244897956E-7    2.636632653061224E-7     -1888410.5878770065+4742162.485689664i            5925002.085332279
0                         1.6530612244897956E-7    2.8184693877551024E-7    -2584606.0874945163+4969706.2089999085i           6715309.286473328
0                         1.6530612244897956E-7    3.0003061224489794E-7    -3348516.9972128635+4877919.780618926i            7166753.934676596
0                         1.6530612244897956E-7    3.1821428571428575E-7    -4098699.6168829566+4756521.176260386i            7644909.725340014
0                         1.6530612244897956E-7    3.3639795918367346E-7    -4870670.657059619+4612233.085065739i             8136765.842492371
0                         1.6530612244897956E-7    3.5458163265306127E-7    -5540263.608876381+4429861.369670612i             8603878.743617598
0                         1.6530612244897956E-7    3.72765306122449E-7      -6171891.947473275+4249467.606730804i             8993924.000189789
0                         1.6530612244897956E-7    3.909489795918368E-7     -6714667.59853103+4082814.658138424i              9318780.128438449
0                         1.6530612244897956E-7    4.091326530612245E-7     -7112372.548796362+3966197.258490622i             9558821.06101479
0                         1.6530612244897956E-7    4.273163265306122E-7     -7463490.738134801+3906002.8439522856i            9792482.134762911
0                         1.6530612244897956E-7    4.455E-7                 -7592416.950914112+3903419.0731220413i            9921056.826673515
0                         1.8183673469387754E-7    -4.455E-7                7020895.041788972-3760723.8460861943i             9566656.066867953
0                         1.8183673469387754E-7    -4.2731632653061225E-7   6651705.561165263-3738149.150459771i              9400015.562660545
0                         1.8183673469387754E-7    -4.091326530612245E-7    6343648.355480032-3817201.372730567i              9294829.558517443
0                         1.8183673469387754E-7    -3.9094897959183674E-7   6082902.904536932-3908340.4578540325i             9532454.573132886
0                         1.8183673469387754E-7    -3.72765306122449E-7     5448168.851651452-4012725.4235295476i             9083816.045191394
0                         1.8183673469387754E-7    -3.545816326530612E-7    4958637.493330973-4212893.647515299i              8811660.174659431
0                         1.8183673469387754E-7    -3.3639795918367346E-7   4421428.613194188-4422971.566032493i              8513431.128762793
0                         1.8183673469387754E-7    -3.1821428571428575E-7   3836542.2112410795-4642959.1790811205i            8201283.713548145
0                         1.8183673469387754E-7    -3.0003061224489794E-7   3057413.616604386-4606550.326935413i              7300882.230738843
0                         1.8183673469387754E-7    -2.8184693877551024E-7   2034154.1952882938-4697680.138610423i             6586403.396979033
0                         1.8183673469387754E-7    -2.636632653061224E-7    1477728.6830356605-4441920.236544101i             5876800.496600857
0                         1.8183673469387754E-7    -2.454795918367347E-7    1003794.3531695275-4160437.395089833i             5214619.212591153
0                         1.8183673469387754E-7    -2.2729591836734696E-7   459069.8019676702-3697388.455655404i              4410583.890693548
0                         1.8183673469387754E-7    -2.091122448979592E-7    208793.52132525854-3307698.340628051i             3681280.153972037
0                         1.8183673469387754E-7    -1.9092857142857144E-7   64189.413861798064-2845808.4421289973i            3009260.34469967
0                         1.8183673469387754E-7    -1.7274489795918368E-7   -1495879.3745924975-4059963.600684195i            7093398.703120703
0                         1.8183673469387754E-7    -1.5456122448979592E-7   -1776208.0689525665-3426607.4792361893i           6623126.834087279
0                         1.8183673469387754E-7    -1.3637755102040816E-7   -1611300.6770562227-2952068.4219032386i           6231721.336713704
0                         1.8183673469387754E-7    -1.181938775510204E-7    -1397331.0135334255-2494049.765135882i            5862087.642979809
0                         1.8183673469387754E-7    -1.0001020408163265E-7   -1134149.269524965-2052595.0218048415i            5519966.5169519475
0                         1.8183673469387754E-7    -8.182653061224489E-8    -888434.3117681701-1772660.7791842048i            5289292.901745348
0                         1.8183673469387754E-7    -6.364285714285713E-8    -800533.0487444251-1134317.497527727i             5023713.893215959
0                         1.8183673469387754E-7    -4.545918367346937E-8    -821219.8914351541-803457.3008274621i             4927540.027596513
0                         1.8183673469387754E-7    -2.7275510204081612E-8   -465249.5022462462-504408.60422197846i            4766098.643984477
0                         1.8183673469387754E-7    -9.091836734693906E-9    -95403.59923210193-214432.64180862327i            4660795.128375788
0                         1.8183673469387754E-7    9.091836734693853E-9     184983.1041047168+23559.25939096324i              4708757.017009268
0                         1.8183673469387754E-7    2.7275510204081612E-8    227979.84535582818+518508.7835664102i             4747319.763179182
0                         1.8183673469387754E-7    4.5459183673469424E-8    554462.4525789492+810040.5521736699i              4898860.239456267
0                         1.8183673469387754E-7    6.364285714285713E-8     893247.2606695471+1192179.2632445854i             4993949.927330395
0                         1.8183673469387754E-7    8.182653061224494E-8     1170563.9405720832+1548169.7611742113i            5161971.522406318
0                         1.8183673469387754E-7    1.0001020408163265E-7    1333515.3040860957+1986020.6070263083i            5496357.3894952675
0                         1.8183673469387754E-7    1.1819387755102046E-7    1580183.1660031+2436147.383951447i                5899559.220834253
0                         1.8183673469387754E-7    1.3637755102040816E-7    1613897.0717017315+2971686.9510600986i            6273489.705132234
0                         1.8183673469387754E-7    1.5456122448979587E-7    1599050.642154491+3535019.8653107407i             6687705.944370322
0                         1.8183673469387754E-7    1.7274489795918368E-7    1535903.8189673857+4125968.667153987i             7144333.458229222
0                         1.8183673469387754E-7    1.909285714285714E-7     669012.631135756+2789293.8983826465i              3018110.615632604
0                         1.8183673469387754E-7    2.091122448979592E-7     139098.345238426+3340157.782306014i               3669038.785137872
0                         1.8183673469387754E-7    2.272959183673469E-7     -921068.8732153676+3868326.877161258i             4626883.080758215
0                         1.8183673469387754E-7    2.454795918367347E-7     -833796.551340403+4124821.9072020357i             5165788.541241554
0                         1.8183673469387754E-7    2.636632653061224E-7     -1331430.355412157+4341274.643796787i             5892041.900239846
0                         1.8183673469387754E-7    2.8184693877551024E-7    -1864449.3602194497+4616500.187692601i            6365605.605598123
0                         1.8183673469387754E-7    3.0003061224489794E-7    -2598719.912405793+4538035.169740029i             6797022.605035278
0                         1.8183673469387754E-7    3.1821428571428575E-7    -3319262.1745438813+4429957.975809896i            7256432.319468558
0                         1.8183673469387754E-7    3.3639795918367346E-7    -4074363.2558456785+4313501.782451519i            7716804.066540603
0                         1.8183673469387754E-7    3.5458163265306127E-7    -4718480.489034006+4139101.3002559217i            8177572.0592213655
0                         1.8183673469387754E-7    3.72765306122449E-7      -5322408.176643454+4008509.562452674i             8556764.077731183
0                         1.8183673469387754E-7    3.909489795918368E-7     -5951734.583782502+3973549.991858173i             8980399.942589438
0                         1.8183673469387754E-7    4.091326530612245E-7     -6384754.457093138+3868251.636382289i             9227831.861463746
0                         1.8183673469387754E-7    4.273163265306122E-7     -6741432.4851264795+3813413.7416178575i           9432699.503277253
0                         1.8183673469387754E-7    4.455E-7                 -7020895.041788976+3760723.8460862157i            9564426.448558938
0                         1.9836734693877549E-7    -4.455E-7                5903890.28224481-3689893.1202412313i              9082546.076526456
0                         1.9836734693877549E-7    -4.2731632653061225E-7   5903953.591880936-3748021.9320781343i             9168829.092635846
0                         1.9836734693877549E-7    -4.091326530612245E-7    5548146.333298413-3634690.5471739625i             8963663.212860242
0                         1.9836734693877549E-7    -3.9094897959183674E-7   5228143.692736689-3662465.437030883i              9159806.52813425
0                         1.9836734693877549E-7    -3.72765306122449E-7     4627813.240038295-3768217.2778256875i             8759022.66863937
0                         1.9836734693877549E-7    -3.545816326530612E-7    4156219.8291201633-3954055.1265711067i            8512304.706504866
0                         1.9836734693877549E-7    -3.3639795918367346E-7   3636948.8963857125-4149802.6698479634i            8238030.375002861
0                         1.9836734693877549E-7    -3.1821428571428575E-7   3316373.862457475-4263382.87385787i               7661729.623683534
0                         1.9836734693877549E-7    -3.0003061224489794E-7   2320745.43790654-4231555.29994716i                7254604.785875874
0                         1.9836734693877549E-7    -2.8184693877551024E-7   2134911.77995334-4351880.9315112345i              6643288.741013037
0                         1.9836734693877549E-7    -2.636632653061224E-7    1437888.1706018248-4087625.388716746i             5900494.545750025
0                         1.9836734693877549E-7    -2.454795918367347E-7    810711.915748846-3793840.111510711i               5213207.103856538
0                         1.9836734693877549E-7    -2.2729591836734696E-7   252607.62402092537-3412919.4554456105i            4454669.346676159
0                         1.9836734693877549E-7    -2.091122448979592E-7    -280270.3953084579-2886858.129444367i             3589966.604896379
0                         1.9836734693877549E-7    -1.9092857142857144E-7   -417061.75512879563-2468631.615439641i            2833406.0574224256
0                         1.9836734693877549E-7    -1.7274489795918368E-7   -1369875.8925229139-3913788.6272768676i           7266322.314534399
0                         1.9836734693877549E-7    -1.5456122448979592E-7   -1449014.9691386062-3421496.874148921i            6888483.688097646
0                         1.9836734693877549E-7    -1.3637755102040816E-7   -1482967.129754389-2919890.178067385i             6537350.445040012
0                         1.9836734693877549E-7    -1.181938775510204E-7    -1467700.2537141764-2408630.699512321i            6217963.089212321
0                         1.9836734693877549E-7    -1.0001020408163265E-7   -1398708.789919427-1887390.0998279937i            5937253.708446636
0                         1.9836734693877549E-7    -8.182653061224489E-8    -1290107.3670607456-1454524.2952663489i           5679023.997091606
0                         1.9836734693877549E-7    -6.364285714285713E-8    -888609.3208955996-1104738.1073705312i            5375564.91330625
0                         1.9836734693877549E-7    -4.545918367346937E-8    -657478.4828801976-777940.7615228184i             5238549.403811268
0                         1.9836734693877549E-7    -2.7275510204081612E-8   -413996.8298071092-460699.5929477491i             5129810.365872438
0                         1.9836734693877549E-7    -9.091836734693906E-9    -202311.28772338934-148381.50187736715i           5071829.654942896
0                         1.9836734693877549E-7    9.091836734693853E-9     119352.98160554701+72051.34821706219i             5124469.080139722
0                         1.9836734693877549E-7    2.7275510204081612E-8    464876.5555034939+410417.0980648184i              5183516.724466898
0                         1.9836734693877549E-7    4.5459183673469424E-8    806667.6570156787+752308.1668199669i              5288092.614035169
0                         1.9836734693877549E-7    6.364285714285713E-8     876466.0874903348+1158042.1588915589i             5375935.16865078
0                         1.9836734693877549E-7    8.182653061224494E-8     1099780.29808092+1569203.4926054794i              5748818.380713829
0                         1.9836734693877549E-7    1.0001020408163265E-7    1557029.7914624168+1867050.6946243648i            5959692.320440611
0                         1.9836734693877549E-7    1.1819387755102046E-7    1666715.4423677018+2365750.9507437083i            6290219.134716117
0                         1.9836734693877549E-7    1.3637755102040816E-7    1727497.2253623481+2892438.986928627i             6649142.546007579
0                         1.9836734693877549E-7    1.5456122448979587E-7    2023596.6624674974+3239545.3443303923i            6989390.768114822
0                         1.9836734693877549E-7    1.7274489795918368E-7    2057508.6844221526+3655942.089555498i             7298060.237545881
0                         1.9836734693877549E-7    1.909285714285714E-7     684902.4112666966+2078878.8769343048i             2558472.9476522296
0                         1.9836734693877549E-7    2.091122448979592E-7     388386.64672654105+2757586.116386517i             3502715.6928692884
0                         1.9836734693877549E-7    2.272959183673469E-7     57851.40443843383+3369232.24529147i               4610583.497054655
0                         1.9836734693877549E-7    2.454795918367347E-7     -699647.7185617794+3863966.9119529855i            5271895.08143517
0                         1.9836734693877549E-7    2.636632653061224E-7     -1181860.8407085058+4081891.838101333i            5980927.089047591
0                         1.9836734693877549E-7    2.8184693877551024E-7    -1726036.4424761522+4172307.8731258144i           6396646.554861466
0                         1.9836734693877549E-7    3.0003061224489794E-7    -2270861.060577045+4235612.608077928i             6817001.230210024
0                         1.9836734693877549E-7    3.1821428571428575E-7    -2816334.6950111873+4271806.042957672i            7233424.6628525155
0                         1.9836734693877549E-7    3.3639795918367346E-7    -3489400.894146301+4223391.881546043i             7778963.382750574
0                         1.9836734693877549E-7    3.5458163265306127E-7    -4342101.391286476+4107000.2547078417i            8248833.2754294835
0                         1.9836734693877549E-7    3.72765306122449E-7      -4842249.262738834+3964907.2866031756i            8543601.546153536
0                         1.9836734693877549E-7    3.909489795918368E-7     -5224956.61201006+3865711.1949940342i             8752137.215484828
0                         1.9836734693877549E-7    4.091326530612245E-7     -5657136.365389908+3770306.0142739527i            8964327.447182354
0                         1.9836734693877549E-7    4.273163265306122E-7     -5841260.337965236+3737295.837776729i             9083845.061323479
0                         1.9836734693877549E-7    4.455E-7                 -5903890.282244813+3689893.120241257i             9082305.584595263
0                         2.1489795918367344E-7    -4.455E-7                4805653.690850099-3472041.1180606256i             8726215.004998926
0                         2.1489795918367344E-7    -4.2731632653061225E-7   4384937.428601559-3349587.2489887998i             8393700.820468638
0                         2.1489795918367344E-7    -4.091326530612245E-7    4341433.584647479-3489949.0789181353i             8429227.195658516
0                         2.1489795918367344E-7    -3.9094897959183674E-7   4063875.5913298866-4229514.113634364i             9022256.317974497
0                         2.1489795918367344E-7    -3.72765306122449E-7     3693769.8845574996-4256573.623920732i             8783130.068173572
0                         2.1489795918367344E-7    -3.545816326530612E-7    3666067.4150145743-3869154.1232068036i            8383447.967571302
0                         2.1489795918367344E-7    -3.3639795918367346E-7   3218208.220965552-3951992.7176907137i             8145550.3776115095
0                         2.1489795918367344E-7    -3.1821428571428575E-7   2746028.5912409397-4032205.7076915014i            7899144.415357478
0                         2.1489795918367344E-7    -3.0003061224489794E-7   1922063.0815832806-3991605.1232986636i            7653745.333912535
0                         2.1489795918367344E-7    -2.8184693877551024E-7   1148599.1020291157-3724015.868152285i             6589181.201590559
0                         2.1489795918367344E-7    -2.636632653061224E-7    961449.9307399839-3652958.119406784i              6085780.102197771
0                         2.1489795918367344E-7    -2.454795918367347E-7    376083.76537827763-3355788.702162302i             5362134.8405370675
0                         2.1489795918367344E-7    -2.2729591836734696E-7   -126879.29687518744-3009295.3826955403i           4654421.199767727
0                         2.1489795918367344E-7    -2.091122448979592E-7    -471892.4780836967-2455861.632720167i             3738951.018948133
0                         2.1489795918367344E-7    -1.9092857142857144E-7   -797775.4662217665-1798922.2911121189i            2904853.783925884
0                         2.1489795918367344E-7    -1.7274489795918368E-7   -741852.4875219604-1190689.494346732i             1966594.4840043853
0                         2.1489795918367344E-7    -1.5456122448979592E-7   -1749383.5396674983-3236640.9189482774i           7192262.524476111
0                         2.1489795918367344E-7    -1.3637755102040816E-7   -1758555.46250967-2738488.8202708084i             6897344.080477148
0                         2.1489795918367344E-7    -1.181938775510204E-7    -1714813.5211456404-2232073.6160016856i           6632712.279207879
0                         2.1489795918367344E-7    -1.0001020408163265E-7   -1436691.2398146526-1873666.649245295i            6303102.805668935
0                         2.1489795918367344E-7    -8.182653061224489E-8    -1140611.9675940939-1488595.8181431165i           6195587.947515359
0                         2.1489795918367344E-7    -6.364285714285713E-8    -1112286.354071555-1070064.3659116223i            5864261.183122139
0                         2.1489795918367344E-7    -4.545918367346937E-8    -690957.8425156324-741624.9370235993i             5626493.544730447
0                         2.1489795918367344E-7    -2.7275510204081612E-8   -425266.0997477922-432808.63594714156i            5521780.771418723
0                         2.1489795918367344E-7    -9.091836734693906E-9    -179526.84699116976-148607.47685248742i           5467480.84194292
0                         2.1489795918367344E-7    9.091836734693853E-9     123214.29135494155+141749.93029994657i            5504866.768493096
0                         2.1489795918367344E-7    2.7275510204081612E-8    418528.4771209217+436754.6371988617i              5575221.62099176
0                         2.1489795918367344E-7    4.5459183673469424E-8    706415.710306772+736406.6438442636i               5676612.54052524
0                         2.1489795918367344E-7    6.364285714285713E-8     986875.9909124892+1040705.9502361403i             5806799.9935888965
0                         2.1489795918367344E-7    8.182653061224494E-8     1055324.6748767209+1579746.470659481i             6042544.424257627
0                         2.1489795918367344E-7    1.0001020408163265E-7    1375626.317332479+1893283.7562679085i             6357588.0361806825
0                         2.1489795918367344E-7    1.1819387755102046E-7    1576175.5646145525+2311561.489715127i             6639841.461344935
0                         2.1489795918367344E-7    1.3637755102040816E-7    1729365.9204931287+2730761.0546390745i            6921604.414370164
0                         2.1489795918367344E-7    1.5456122448979587E-7    1837765.9426152369+3150878.332891033i             7202317.323783027
0                         2.1489795918367344E-7    1.7274489795918368E-7    721622.9796689551+1110040.8109773777i             1967792.415750153
0                         2.1489795918367344E-7    1.909285714285714E-7     716350.1701300163+1786559.4636731653i             2809919.4553528707
0                         2.1489795918367344E-7    2.091122448979592E-7     451306.0053734362+2465096.8022550666i             3860389.0046079983
0                         2.1489795918367344E-7    2.272959183673469E-7     146913.2347240697+3080235.021280504i              4922658.762117378
0                         2.1489795918367344E-7    2.454795918367347E-7     -464766.35678672115+3394546.9673352866i           5229886.708339105
0                         2.1489795918367344E-7    2.636632653061224E-7     -1008828.6558747089+3779032.9001523154i           6056929.602043892
0                         2.1489795918367344E-7    2.8184693877551024E-7    -1549185.8304714677+3928595.1497714976i           6535177.959949484
0                         2.1489795918367344E-7    3.0003061224489794E-7    -2066729.3512713248+4007569.9670647434i           6991386.77659907
0                         2.1489795918367344E-7    3.1821428571428575E-7    -2584921.8884044336+4059433.484285622i            7438456.409612418
0                         2.1489795918367344E-7    3.3639795918367346E-7    -3196294.8305505197+4014069.0046245726i           7921097.801106685
0                         2.1489795918367344E-7    3.5458163265306127E-7    -3948039.384469266+3925887.8699991386i            8229188.794783866
0                         2.1489795918367344E-7    3.72765306122449E-7      -4392052.566881686+3784181.740938199i             8471565.287978197
0                         2.1489795918367344E-7    3.909489795918368E-7     -4134778.0799273574+3473816.0060333023i           8435480.56581613
0                         2.1489795918367344E-7    4.091326530612245E-7     -4339182.173420596+3405855.905836836i             8328928.848799327
0                         2.1489795918367344E-7    4.273163265306122E-7     -4390641.602318135+3311435.8355786754i            8348704.641307699
0                         2.1489795918367344E-7    4.455E-7                 -4805653.690850109+3472041.118060651i             8724851.40986202
0                         2.3142857142857141E-7    -4.455E-7                3907487.1448608763-3240617.638903438i             8533638.640097374
0                         2.3142857142857141E-7    -4.2731632653061225E-7   3909418.234046221-3336485.4107643752i             8602011.709709495
0                         2.3142857142857141E-7    -4.091326530612245E-7    3865059.742852546-3467874.3293492356i             8637661.385520214
0                         2.3142857142857141E-7    -3.9094897959183674E-7   3675753.5453233374-3504179.393503762i             8936099.466800828
0                         2.3142857142857141E-7    -3.72765306122449E-7     3472015.162065203-3606951.8245049794i             8816369.42184229
0                         2.3142857142857141E-7    -3.545816326530612E-7    3064224.9837271953-3674269.6679948205i            8623436.842957016
0                         2.3142857142857141E-7    -3.3639795918367346E-7   2632114.3697135947-3738961.9070015363i            8411268.242787028
0                         2.3142857142857141E-7    -3.1821428571428575E-7   1830937.2023520125-3702709.580580951i             8127002.632595257
0                         2.3142857142857141E-7    -3.0003061224489794E-7   1523380.7252600214-3751654.946650168i             8096678.035918251
0                         2.3142857142857141E-7    -2.8184693877551024E-7   872846.8836302793-3549564.5387392202i             7097365.545738353
0                         2.3142857142857141E-7    -2.636632653061224E-7    299197.4924998217-3262417.457744182i              6399865.050825959
0                         2.3142857142857141E-7    -2.454795918367347E-7    -204153.3087575602-2964233.321293759i             5751844.2794394335
0                         2.3142857142857141E-7    -2.2729591836734696E-7   -506366.21777130116-2605671.3099454674i           5049620.811235965
0                         2.3142857142857141E-7    -2.091122448979592E-7    -637950.6913648195-2046435.669748637i             4190297.212470207
0                         2.3142857142857141E-7    -1.9092857142857144E-7   -712919.0370917462-1289042.695227153i             3080100.7530659665
0                         2.3142857142857141E-7    -1.7274489795918368E-7   -967812.1659558435-770387.7561312547i             2459526.515977583
0                         2.3142857142857141E-7    -1.5456122448979592E-7   -2067912.0057513407-3066558.9784479006i           7561017.49007535
0                         2.3142857142857141E-7    -1.3637755102040816E-7   -2060619.7173851263-2440608.513364528i            7333294.286122946
0                         2.3142857142857141E-7    -1.181938775510204E-7    -1740532.2024615176-2113860.1599681224i           6981643.032172033
0                         2.3142857142857141E-7    -1.0001020408163265E-7   -1375974.4187752018-1773686.6136454376i           6675190.317479658
0                         2.3142857142857141E-7    -8.182653061224489E-8    -1126413.7510640528-1441663.259765559i            6543822.322676392
0                         2.3142857142857141E-7    -6.364285714285713E-8    -1010065.0742822445-1066651.9909499255i           6259836.603933413
0                         2.3142857142857141E-7    -4.545918367346937E-8    -864183.8576445475-720525.5631185684i             6109287.779147662
0                         2.3142857142857141E-7    -2.7275510204081612E-8   -487463.7861613263-427088.04098450067i            5879102.771415596
0                         2.3142857142857141E-7    -9.091836734693906E-9    -156742.40625895018-148833.45182760758i           5879881.7355529275
0                         2.3142857142857141E-7    9.091836734693853E-9     166552.02106329612+134068.43707576906i            5916043.064241756
0                         2.3142857142857141E-7    2.7275510204081612E-8    490805.4205220981+452634.74729876337i             5999652.176679319
0                         2.3142857142857141E-7    4.5459183673469424E-8    719862.395110382+762935.5063386366i               6099441.832417235
0                         2.3142857142857141E-7    6.364285714285713E-8     942107.7882817327+1078158.486332866i              6224273.074476999
0                         2.3142857142857141E-7    8.182653061224494E-8     1133826.034727598+1423735.2542360134i             6490973.50680214
0                         2.3142857142857141E-7    1.0001020408163265E-7    1332276.3164428785+1818043.2918348913i            6715722.76018315
0                         2.3142857142857141E-7    1.1819387755102046E-7    1442461.154010616+2227874.7812564205i             6969503.853924125
0                         2.3142857142857141E-7    1.3637755102040816E-7    1476289.4556666303+2666809.91505149i              7205406.292465853
0                         2.3142857142857141E-7    1.5456122448979587E-7    1625983.801995588+3089942.799422411i              7459266.045255866
0                         2.3142857142857141E-7    1.7274489795918368E-7    681456.7964022838+836302.8614571798i              2392010.379269333
0                         2.3142857142857141E-7    1.909285714285714E-7     747792.6524156218+1494252.7418930475i             3305004.797324684
0                         2.3142857142857141E-7    2.091122448979592E-7     479176.94299467845+2162601.1384599046i            4352406.725462975
0                         2.3142857142857141E-7    2.272959183673469E-7     231571.24455336458+2662160.7037248607i            5076955.355691074
0                         2.3142857142857141E-7    2.454795918367347E-7     -66368.90751870206+3088909.605405159i             5659396.242645867
0                         2.3142857142857141E-7    2.636632653061224E-7     -460781.8164257276+3472600.8547759494i            6264819.173829221
0                         2.3142857142857141E-7    2.8184693877551024E-7    -1087405.8183259803+3637837.19157088i             6747363.055531406
0                         2.3142857142857141E-7    3.0003061224489794E-7    -1681949.6900730943+3777657.942596003i            7222119.2160497485
0                         2.3142857142857141E-7    3.1821428571428575E-7    -2285614.5651308973+3888233.44150248i             7702086.821800767
0                         2.3142857142857141E-7    3.3639795918367346E-7    -2239598.3633994646+3593990.729713472i            7918246.3436582405
0                         2.3142857142857141E-7    3.5458163265306127E-7    -2629137.9790335246+3548027.557384195i            8107890.399346349
0                         2.3142857142857141E-7    3.72765306122449E-7      -3387478.5951157766+3524123.8135936046i           8374862.18567709
0                         2.3142857142857141E-7    3.909489795918368E-7     -3674877.947291531+3458658.012220979i             8639376.223450838
0                         2.3142857142857141E-7    4.091326530612245E-7     -3873673.2383630723+3394799.5962190153i           8524359.194725454
0                         2.3142857142857141E-7    4.273163265306122E-7     -3920554.861131498+3303843.21732979i              8549346.446740642
0                         2.3142857142857141E-7    4.455E-7                 -3907487.1448608697+3240617.638903456i            8532462.633153595
0                         2.4795918367346934E-7    -4.455E-7                3432822.5975451376-3236488.712023492i             8751552.84946155
0                         2.4795918367346934E-7    -4.2731632653061225E-7   3433899.039490885-3323383.5725399517i             8817382.702438794
0                         2.4795918367346934E-7    -4.091326530612245E-7    3388685.901057616-3445799.579780334i              8856894.041145638
0                         2.4795918367346934E-7    -3.9094897959183674E-7   3113164.169411602-3369106.138836597i              9189010.719560407
0                         2.4795918367346934E-7    -3.72765306122449E-7     2854424.150742407-3430213.724770195i              9038941.389398688
0                         2.4795918367346934E-7    -3.545816326530612E-7    2462382.552439819-3479385.21278284i               8865075.112977838
0                         2.4795918367346934E-7    -3.3639795918367346E-7   2046020.5184616405-3525931.096312361i             8670506.316814419
0                         2.4795918367346934E-7    -3.1821428571428575E-7   1414247.4428611782-3485913.1919941427i            8536550.682286972
0                         2.4795918367346934E-7    -3.0003061224489794E-7   1124698.3689367624-3511704.7700016717i            8519933.886099668
0                         2.4795918367346934E-7    -2.8184693877551024E-7   655673.3852794684-3409332.7140551438i             7354653.643765058
0                         2.4795918367346934E-7    -2.636632653061224E-7    47769.822153023735-3068014.605766993i             6882210.841625228
0                         2.4795918367346934E-7    -2.454795918367347E-7    -431256.43105231953-2749878.946752444i            6217834.057789182
0                         2.4795918367346934E-7    -2.2729591836734696E-7   -794286.521380354-2378565.905535995i              5661467.453510763
0                         2.4795918367346934E-7    -2.091122448979592E-7    -1024642.8864720049-1752904.2346160375i           4861966.793783158
0                         2.4795918367346934E-7    -1.9092857142857144E-7   -917936.1710380634-1172988.8022204004i            3971285.9872746435
0                         2.4795918367346934E-7    -1.7274489795918368E-7   -962948.62113875-442835.05833243753i              3255712.3533067154
0                         2.4795918367346934E-7    -1.5456122448979592E-7   -912584.8111160023+285314.20387093746i            2693936.7907414166
0                         2.4795918367346934E-7    -1.3637755102040816E-7   -2057716.434337296-2325189.4910981054i            7649500.289164209
0                         2.4795918367346934E-7    -1.181938775510204E-7    -1710254.5844079466-2008673.240068267i            7341287.356464241
0                         2.4795918367346934E-7    -1.0001020408163265E-7   -1410782.671674032-1678383.257101765i             7088767.557427533
0                         2.4795918367346934E-7    -8.182653061224489E-8    -1112223.2923693722-1394706.7283178885i           6919782.270804219
0                         2.4795918367346934E-7    -6.364285714285713E-8    -907843.794492935-1063239.615988231i              6694796.200176849
0                         2.4795918367346934E-7    -4.545918367346937E-8    -739831.9945512417-695642.6475178418i             6556803.2737698285
0                         2.4795918367346934E-7    -2.7275510204081612E-8   -369280.709874274-423182.55877324694i             6317870.42357829
0                         2.4795918367346934E-7    -9.091836734693906E-9    -95651.30282553083-142218.96457811532i            6327440.7246157685
0                         2.4795918367346934E-7    9.091836734693853E-9     171166.52280628093+143666.85057138035i            6366681.890486452
0                         2.4795918367346934E-7    2.7275510204081612E-8    431172.7670211595+434474.8866752356i              6434896.603203654
0                         2.4795918367346934E-7    4.5459183673469424E-8    684367.429819106+730205.1437334581i               6531066.495858432
0                         2.4795918367346934E-7    6.364285714285713E-8     930750.5112001193+1030857.6217460368i             6653911.927984886
0                         2.4795918367346934E-7    8.182653061224494E-8     1173030.7036833412+1354652.8975501498i            6892548.723814689
0                         2.4795918367346934E-7    1.0001020408163265E-7    1472120.9824658902+1642416.624727174i             7165061.300593624
0                         2.4795918367346934E-7    1.1819387755102046E-7    1609480.5738434258+2052887.020018273i             7367129.511954381
0                         2.4795918367346934E-7    1.3637755102040816E-7    1685846.0263183548+2450989.993293502i             7587757.756356236
0                         2.4795918367346934E-7    1.5456122448979587E-7    669579.237727837-291627.35205786687i              2628999.6603071014
0                         2.4795918367346934E-7    1.7274489795918368E-7    739095.2925146408+507637.1567829049i              3116026.8951745736
0                         2.4795918367346934E-7    1.909285714285714E-7     978130.3548698802+1272887.3734220262i             4076835.60838953
0                         2.4795918367346934E-7    2.091122448979592E-7     819826.9287933124+1897458.94864763i               5016030.369969552
0                         2.4795918367346934E-7    2.272959183673469E-7     608920.8369769603+2343294.222878461i              5581991.389281318
0                         2.4795918367346934E-7    2.454795918367347E-7     333124.5918226592+2798703.193005619i              6222198.840947526
0                         2.4795918367346934E-7    2.636632653061224E-7     -66259.35901155777+3104277.305695583i             6637323.487381098
0                         2.4795918367346934E-7    2.8184693877551024E-7    -553986.0777990975+3344228.925764588i             7062420.556621087
0                         2.4795918367346934E-7    3.0003061224489794E-7    -1121955.9150044923+3500703.122708627i            7530134.745430839
0                         2.4795918367346934E-7    3.1821428571428575E-7    -1508175.7188630423+3494034.0336122676i           7742383.071639617
0                         2.4795918367346934E-7    3.3639795918367346E-7    -1837215.8784655626+3461929.8228718443i           8306196.206982511
0                         2.4795918367346934E-7    3.5458163265306127E-7    -2212008.1184571353+3435987.91331013i             8482906.583642518
0                         2.4795918367346934E-7    3.72765306122449E-7      -2525766.50614067+3405021.440778296i              8611769.021550987
0                         2.4795918367346934E-7    3.909489795918368E-7     -3214977.8146557026+3443500.0184086557i           8795721.787767297
0                         2.4795918367346934E-7    4.091326530612245E-7     -3408164.303305554+3383743.2866011923i            8724380.828400748
0                         2.4795918367346934E-7    4.273163265306122E-7     -3450468.1199448677+3296250.5990809053i           8753827.261334706
0                         2.4795918367346934E-7    4.455E-7                 -3432822.5975451274+3236488.7120235073i           8748892.187126378
0                         2.644897959183673E-7     -4.455E-7                2958158.0502293883-3232359.785143542i             8944526.09113565
0                         2.644897959183673E-7     -4.2731632653061225E-7   2958379.844935544-3310281.7343155257i             9009497.105148263
0                         2.644897959183673E-7     -4.091326530612245E-7    2826963.5676891184-3250484.1643195124i            9063247.984721815
0                         2.644897959183673E-7     -3.9094897959183674E-7   2488131.7731444337-3229238.284446812i             9415360.853141794
0                         2.644897959183673E-7     -3.72765306122449E-7     2090236.6589896178-3191461.6746496586i            9121248.035861893
0                         2.644897959183673E-7     -3.545816326530612E-7    1860540.1211524392-3284500.7575708567i            9065246.10195031
0                         2.644897959183673E-7     -3.3639795918367346E-7   1459926.667209682-3312900.285623184i              8882090.004993485
0                         2.644897959183673E-7     -3.1821428571428575E-7   997557.683370342-3269116.8034073333i              8894227.64701374
0                         2.644897959183673E-7     -3.0003061224489794E-7   726016.012613503-3271754.593353175i               8885376.521948187
0                         2.644897959183673E-7     -2.8184693877551024E-7   351251.3930525511-3192690.344548315i              7850133.855892038
0                         2.644897959183673E-7     -2.636632653061224E-7    -203657.84819377406-2873611.753789803i            7325156.93927884
0                         2.644897959183673E-7     -2.454795918367347E-7    -658359.5533470786-2535524.5722111277i            6650330.636712325
0                         2.644897959183673E-7     -2.2729591836734696E-7   -809503.3468841871-2212420.9078138997i            6141973.5509723155
0                         2.644897959183673E-7     -2.091122448979592E-7    -1127259.8737289065-1719497.0120199951i           5583465.255463157
0                         2.644897959183673E-7     -1.9092857142857144E-7   -1126129.872481623-1062253.2559520882i            4882773.596497629
0                         2.644897959183673E-7     -1.7274489795918368E-7   -1153499.5098873288-317494.1045957161i            4202104.345970423
0                         2.644897959183673E-7     -1.5456122448979592E-7   -1078086.357233841+465923.43112620746i            3817302.514468128
0                         2.644897959183673E-7     -1.3637755102040816E-7   -638483.9267753082+1098716.4158033903i            3652903.693514273
0                         2.644897959183673E-7     -1.181938775510204E-7    -1680267.809432985-1910576.8929526638i            7732754.396280899
0                         2.644897959183673E-7     -1.0001020408163265E-7   -1417944.6679805298-1620127.1935927118i           7489301.691515216
0                         2.644897959183673E-7     -8.182653061224489E-8    -1079012.387796292-1336454.5215591658i            7329534.439168508
0                         2.644897959183673E-7     -6.364285714285713E-8    -848917.2874561177-1009196.8711691969i            7185338.452782165
0                         2.644897959183673E-7     -4.545918367346937E-8    -727695.124065286-632500.5571330788i              7103235.807978359
0                         2.644897959183673E-7     -2.7275510204081612E-8   -515589.292862941-371723.0124364201i              6819531.4457604615
0                         2.644897959183673E-7     -9.091836734693906E-9    -203559.33274579435-131237.8212383394i            6818908.137997776
0                         2.644897959183673E-7     9.091836734693853E-9     87396.18109567964+140077.49192950258i             6850079.369491917
0                         2.644897959183673E-7     2.7275510204081612E-8    371540.1135202207+416315.02605170733i             6912708.080227733
0                         2.644897959183673E-7     4.5459183673469424E-8    648872.46452783+697474.7811282787i                7005778.585635372
0                         2.644897959183673E-7     6.364285714285713E-8     930579.2602131711+943783.7586147194i              7031645.72038603
0                         2.644897959183673E-7     8.182653061224494E-8     1211423.2573194744+1285665.5767813122i            7333891.5695396755
0                         2.644897959183673E-7     1.0001020408163265E-7    1460976.5299689097+1574289.9433923226i            7539981.461785959
0                         2.644897959183673E-7     1.1819387755102046E-7    1784458.6939725066+1886499.533573955i             7824063.726748792
0                         2.644897959183673E-7     1.3637755102040816E-7    851818.5077259592-1311958.9597522812i             3515479.760845748
0                         2.644897959183673E-7     1.5456122448979587E-7    994314.028569677-472485.5305447145i               3725553.3823934123
0                         2.644897959183673E-7     1.7274489795918368E-7    1083825.6239381218+345517.24041895824i            4212419.751908886
0                         2.644897959183673E-7     1.909285714285714E-7     902409.682503472+1071074.2243568066i              4714247.21771219
0                         2.644897959183673E-7     2.091122448979592E-7     1176128.6643724912+1565363.348884953i             5551837.899980513
0                         2.644897959183673E-7     2.272959183673469E-7     986270.4294005593+2024427.742032058i              6128673.654220187
0                         2.644897959183673E-7     2.454795918367347E-7     703711.0507903516+2415826.1101144343i             6651366.205831462
0                         2.644897959183673E-7     2.636632653061224E-7     328263.0984026138+2735953.756615214i              7069056.04040998
0                         2.644897959183673E-7     2.8184693877551024E-7    -20566.33727221232+3050620.6599582965i            7445085.815615153
0                         2.644897959183673E-7     3.0003061224489794E-7    -473002.2237728429+3243862.504559022i             7812531.436874579
0                         2.644897959183673E-7     3.1821428571428575E-7    -1009068.3855230967+3305390.58553104i             8099886.375438749
0                         2.644897959183673E-7     3.3639795918367346E-7    -1434833.3935316545+3329868.916030217i            8639188.45522618
0                         2.644897959183673E-7     3.5458163265306127E-7    -1794878.2578807469+3323948.2692360627i           8807610.438904742
0                         2.644897959183673E-7     3.72765306122449E-7      -2106608.6702882037+3311262.1518097506i           8922712.405594256
0                         2.644897959183673E-7     3.909489795918368E-7     -2371877.69509783+3300736.944675627i              9015812.20108023
0                         2.644897959183673E-7     4.091326530612245E-7     -2942655.3682480277+3372686.9769833703i           8899091.160237703
0                         2.644897959183673E-7     4.273163265306122E-7     -2980381.3787582354+3288657.9808320184i           8932178.875731947
0                         2.644897959183673E-7     4.455E-7                 -2958158.0502293822+3232359.785143558i            8939639.658864126
0                         2.810204081632653E-7     -4.455E-7                2483493.5029136464-3228230.8582635946i            9099113.568172053
0                         2.810204081632653E-7     -4.2731632653061225E-7   2367895.8660849216-3090686.5769080194i            9188704.300310353
0                         2.810204081632653E-7     -4.091326530612245E-7    2195819.091326691-3126519.4170590276i             9330688.902109228
0                         2.810204081632653E-7     -3.9094897959183674E-7   1863099.376877263-3089370.4300570255i             9590892.865002206
0                         2.810204081632653E-7     -3.72765306122449E-7     1477434.993705241-3039060.6584036835i             9300841.696244475
0                         2.810204081632653E-7     -3.545816326530612E-7    1258697.6898650602-3089616.3023588755i            9200224.324075473
0                         2.810204081632653E-7     -3.3639795918367346E-7   846158.4804965423-3054812.2675887616i             9133763.716808971
0                         2.810204081632653E-7     -3.1821428571428575E-7   580867.9238795055-3052320.414820524i              9178622.504123254
0                         2.810204081632653E-7     -3.0003061224489794E-7   327333.6562902428-3031804.4167046794i             9173276.407008046
0                         2.810204081632653E-7     -2.8184693877551024E-7   -12474.4501166103-2937256.3121146173i             8276570.846272055
0                         2.810204081632653E-7     -2.636632653061224E-7    -455085.51854057173-2679208.901812614i            7716061.438543069
0                         2.810204081632653E-7     -2.454795918367347E-7    -721766.3234052702-2402922.3271867926i            7062456.0754197
0                         2.810204081632653E-7     -2.2729591836734696E-7   -824720.1723880173-2046275.9100918004i            6573524.128162428
0                         2.810204081632653E-7     -2.091122448979592E-7    -877352.1397548593-1689754.5658455112i            6098260.294355462
0                         2.810204081632653E-7     -1.9092857142857144E-7   -1337251.7245480674-956731.1318766999i            5777180.027225775
0                         2.810204081632653E-7     -1.7274489795918368E-7   -1346581.051317729-197383.98485754692i            5121296.00300992
0                         2.810204081632653E-7     -1.5456122448979592E-7   -1143338.390072931+544174.6928108677i             4698505.578523348
0                         2.810204081632653E-7     -1.3637755102040816E-7   -702603.4615092124+1183123.551798665i             4509278.9430320375
0                         2.810204081632653E-7     -1.181938775510204E-7    -182328.11566995215+1800291.6423423174i           4592341.892953143
0                         2.810204081632653E-7     -1.0001020408163265E-7   -1452184.1814268169-1504972.6983542251i           7944049.885427111
0                         2.810204081632653E-7     -8.182653061224489E-8    -1180275.1074298057-1242853.3965412085i           7808536.455507663
0                         2.810204081632653E-7     -6.364285714285713E-8    -886888.5814198263-941298.5399614563i             7761194.583188249
0                         2.810204081632653E-7     -4.545918367346937E-8    -670584.2122412979-648749.4403811765i             7501408.246957097
0                         2.810204081632653E-7     -2.7275510204081612E-8   -435690.2267025009-378318.34587239183i            7338931.251006223
0                         2.810204081632653E-7     -9.091836734693906E-9    -183015.2735063957-104397.45451646944i            7301396.7033009175
0                         2.810204081632653E-7     9.091836734693853E-9     3625.839385078347+136488.13328762446i             7379302.666207498
0                         2.810204081632653E-7     2.7275510204081612E-8    311907.46001928195+398155.1654281805i             7436070.136686424
0                         2.810204081632653E-7     4.5459183673469424E-8    613377.4992365539+664744.4185230979i              7526383.645624346
0                         2.810204081632653E-7     6.364285714285713E-8     948622.0778058512+946631.4564474197i              7783290.057241923
0                         2.810204081632653E-7     8.182653061224494E-8     1249195.7117986018+1216709.5506984084i            7818439.383345764
0                         2.810204081632653E-7     1.0001020408163265E-7    1517973.306510364+1487100.4870985944i             7990273.076407278
0                         2.810204081632653E-7     1.1819387755102046E-7    993111.5679918781-2396175.1864111144i             4718666.761818324
0                         2.810204081632653E-7     1.3637755102040816E-7    994945.61181915-1368702.4322143514i               4587249.198785349
0                         2.810204081632653E-7     1.5456122448979587E-7    1261781.592530019-653424.0810320955i              4818939.317410059
0                         2.810204081632653E-7     1.7274489795918368E-7    1256904.3104614983+91993.28526863502i             5141143.996514266
0                         2.810204081632653E-7     1.909285714285714E-7     1179325.3254694133+818961.4858492779i             5542746.001292406
0                         2.810204081632653E-7     2.091122448979592E-7     1030048.1193452112+1623574.6739638532i            6140781.463773517
0                         2.810204081632653E-7     2.272959183673469E-7     941909.325114666+1951376.0397259872i              6686916.146888553
0                         2.810204081632653E-7     2.454795918367347E-7     747600.3629309393+2263658.427297849i              7133371.023017402
0                         2.810204081632653E-7     2.636632653061224E-7     489246.9508854919+2555816.277128945i              7529169.265292089
0                         2.810204081632653E-7     2.8184693877551024E-7    185780.39086343104+2820137.141369333i             7972153.4046126455
0                         2.810204081632653E-7     3.0003061224489794E-7    2465.3977581132203+3035416.1026479285i            8190896.197967384
0                         2.810204081632653E-7     3.1821428571428575E-7    -509961.0521831522+3116747.137449815i             8445156.403181335
0                         2.810204081632653E-7     3.3639795918367346E-7    -1026256.6582026831+3184469.284496314i            8694942.415909346
0                         2.810204081632653E-7     3.5458163265306127E-7    -1377748.3973043566+3211908.6251619975i           9056592.701616818
0                         2.810204081632653E-7     3.72765306122449E-7      -1687450.834435743+3217502.8628412047i            9162117.382260395
0                         2.810204081632653E-7     3.909489795918368E-7     -1941504.9483803585+3162745.660703756i            9197428.351905914
0                         2.810204081632653E-7     4.091326530612245E-7     -2085798.1794104637+3125577.5063238437i           9200921.956394123
0                         2.810204081632653E-7     4.273163265306122E-7     -2187149.322278222+3093548.923179947i             9160148.80156048
0                         2.810204081632653E-7     4.455E-7                 -2483493.5029136366+3228230.8582636085i           9090756.49967914
0                         2.975510204081632E-7     -4.455E-7                1871895.9554591335-3111718.1890483266i            9341998.976305211
0                         2.975510204081632E-7     -4.2731632653061225E-7   1804928.5713616156-3116720.1473907656i            9443651.275775177
0                         2.975510204081632E-7     -4.091326530612245E-7    1564674.614964269-3002554.6697985474i             9597353.575022215
0                         2.975510204081632E-7     -3.9094897959183674E-7   1238066.9806100943-2949502.5756672383i            9703131.798856832
0                         2.975510204081632E-7     -3.72765306122449E-7     864633.3284208684-2886659.642157711i              9414728.343701418
0                         2.975510204081632E-7     -3.545816326530612E-7    656855.2585776807-2894731.847146893i              9262463.045395639
0                         2.975510204081632E-7     -3.3639795918367346E-7   411461.317838131-2861169.667063639i               9333347.14713111
0                         2.975510204081632E-7     -3.1821428571428575E-7   164178.1643886707-2835524.026233717i              9382289.895678682
0                         2.975510204081632E-7     -3.0003061224489794E-7   -71348.70003301538-2791854.2400561846i            9377495.220678473
0                         2.975510204081632E-7     -2.8184693877551024E-7   -376200.2932857699-2681822.2796809217i            8680068.736149982
0                         2.975510204081632E-7     -2.636632653061224E-7    -776111.9204029384-2448186.743919327i             8280096.410508655
0                         2.975510204081632E-7     -2.454795918367347E-7    -752100.830813417-2257500.885186163i              7470806.6633476885
0                         2.975510204081632E-7     -2.2729591836734696E-7   -1024227.7385706573-1693576.099471732i            7154885.43024024
0                         2.975510204081632E-7     -2.091122448979592E-7    -1189317.2997765932-1299029.5984288335i           6779924.013945567
0                         2.975510204081632E-7     -1.9092857142857144E-7   -1306339.9392342826-821380.0640850913i            6447200.328525889
0                         2.975510204081632E-7     -1.7274489795918368E-7   -1485611.74657126-196481.65136044682i             5956996.459494272
0                         2.975510204081632E-7     -1.5456122448979592E-7   -1229200.6246469487+678144.3845960365i            5612228.299878881
0                         2.975510204081632E-7     -1.3637755102040816E-7   -1108715.4334601522+1269950.511361851i            5467080.554063496
0                         2.975510204081632E-7     -1.181938775510204E-7    -930955.5183991188+1791173.9382527177i            5468992.825883664
0                         2.975510204081632E-7     -1.0001020408163265E-7   -801575.6030036882+2290551.328709461i             5845472.076391802
0                         2.975510204081632E-7     -8.182653061224489E-8    -1285368.3048344697-1148422.1779997535i           8349555.812779401
0                         2.975510204081632E-7     -6.364285714285713E-8    -977814.8331806287-855125.7565830701i             8353967.419987632
0                         2.975510204081632E-7     -4.545918367346937E-8    -612951.0307749712-635033.3676772936i             8076201.815185039
0                         2.975510204081632E-7     -2.7275510204081612E-8   -357563.13536564755-386733.60494432016i           7914040.16258707
0                         2.975510204081632E-7     -9.091836734693906E-9    -111698.38521171716-121209.76052910542i           7890696.078108607
0                         2.975510204081632E-7     9.091836734693853E-9     235022.37583546626+115511.72969697975i            7931390.915582577
0                         2.975510204081632E-7     2.7275510204081612E-8    252274.80651834345+379995.30480464874i            8007464.916335407
0                         2.975510204081632E-7     4.5459183673469424E-8    626737.7695985045+587842.1001238308i              7977921.230859301
0                         2.975510204081632E-7     6.364285714285713E-8     987432.6209036845+892888.2917728333i              8318229.102201797
0                         2.975510204081632E-7     8.182653061224494E-8     1286515.217994586+1147729.5588012398i             8348752.136387824
0                         2.975510204081632E-7     1.0001020408163265E-7    529325.6016093588-2258841.5500428537i             5885346.052725516
0                         2.975510204081632E-7     1.1819387755102046E-7    823529.4532184881-1729004.9064463095i             5337461.7830253625
0                         2.975510204081632E-7     1.3637755102040816E-7    1196657.1310230163-1068809.3370741138i            5478098.399575387
0                         2.975510204081632E-7     1.5456122448979587E-7    1165630.5291274637-371737.9280463236i             5679566.984395691
0                         2.975510204081632E-7     1.7274489795918368E-7    1198255.666191462+332662.2899694359i              6000540.597022317
0                         2.975510204081632E-7     1.909285714285714E-7     1264828.5166975702+856947.773410633i              6210717.892714403
0                         2.975510204081632E-7     2.091122448979592E-7     1304633.3907257093+1290465.1108252546i            6820084.097104142
0                         2.975510204081632E-7     2.272959183673469E-7     1306236.976943467+1664606.4740924742i             7166590.474612872
0                         2.975510204081632E-7     2.454795918367347E-7     812615.9203204645+2173216.7707805987i             7504658.815261733
0                         2.975510204081632E-7     2.636632653061224E-7     573562.4353653674+2489694.1391205164i             7920786.817963486
0                         2.975510204081632E-7     2.8184693877551024E-7    296723.225024674+2757319.677555873i               8310559.184607386
0                         2.975510204081632E-7     3.0003061224489794E-7    35124.868836303474+2876762.63358883i              8578549.236906981
0                         2.975510204081632E-7     3.1821428571428575E-7    -10853.718843207927+2928103.689368588i            8766436.399850024
0                         2.975510204081632E-7     3.3639795918367346E-7    -503509.6130537526+3015628.7902449565i            8982281.806830216
0                         2.975510204081632E-7     3.5458163265306127E-7    -960618.5367279709+3099868.981087933i             9220822.023190467
0                         2.975510204081632E-7     3.72765306122449E-7      -1268292.998583282+3123743.573872659i             9318883.290974619
0                         2.975510204081632E-7     3.909489795918368E-7     -1431541.0365219722+3028330.216117315i            9420051.0948607
0                         2.975510204081632E-7     4.091326530612245E-7     -1569305.2784613725+3008123.0806183303i           9435152.517146682
0                         2.975510204081632E-7     4.273163265306122E-7     -1875938.1152674584+3129344.655531845i            9359747.089129457
0                         2.975510204081632E-7     4.455E-7                 -1871895.9554591272+3111718.1890483396i           9335639.541372962
0                         3.140816326530612E-7     -4.455E-7                1295081.1470951727-2952436.1766097615i            9618363.286188656
0                         3.140816326530612E-7     -4.2731632653061225E-7   1014599.377924795-3132454.19984877i               9706920.93627784
0                         3.140816326530612E-7     -4.091326530612245E-7    803734.623602221-2950354.1535894047i              9336705.125116594
0                         3.140816326530612E-7     -3.9094897959183674E-7   185315.63554891897-2634369.894880105i             9785028.545043938
0                         3.140816326530612E-7     -3.72765306122449E-7     66747.26229399594-2623131.5966231716i             9532254.896958843
0                         3.140816326530612E-7     -3.545816326530612E-7    -5987.372153368313-2627917.7930587833i            9382796.628980508
0                         3.140816326530612E-7     -3.3639795918367346E-7   -238728.14428165136-2597500.9682002123i           9470582.472549846
0                         3.140816326530612E-7     -3.1821428571428575E-7   -462292.1472034458-2548075.5777445836i            9495618.315075466
0                         3.140816326530612E-7     -3.0003061224489794E-7   -470031.05635627476-2551904.0634076884i           9502950.601954587
0                         3.140816326530612E-7     -2.8184693877551024E-7   -324362.7750136098-2540173.1700918595i            8850258.153777042
0                         3.140816326530612E-7     -2.636632653061224E-7    -719093.0093752143-2351950.234729011i             8522773.439055521
0                         3.140816326530612E-7     -2.454795918367347E-7    -934281.8868066929-1957246.873236784i             8001374.326598413
0                         3.140816326530612E-7     -2.2729591836734696E-7   -1149888.717651616-1538504.3679561135i            7594882.554836893
0                         3.140816326530612E-7     -2.091122448979592E-7    -1309312.0677900221-1119311.3450369793i           7203411.506078814
0                         3.140816326530612E-7     -1.9092857142857144E-7   -1355631.8515052246-719901.7943499737i            7092486.331741577
0                         3.140816326530612E-7     -1.7274489795918368E-7   -1140260.3370027416-297629.0973254359i            6611022.479264545
0                         3.140816326530612E-7     -1.5456122448979592E-7   -1170960.932717578+254969.5552251872i             6367177.45139847
0                         3.140816326530612E-7     -1.3637755102040816E-7   -1116360.173654545+958084.6263027631i             6143642.036538294
0                         3.140816326530612E-7     -1.181938775510204E-7    -955625.3544699108+1520350.1004338444i            6085352.25665554
0                         3.140816326530612E-7     -1.0001020408163265E-7   -854755.9509304314+2024276.7531773832i            6524968.880970274
0                         3.140816326530612E-7     -8.182653061224489E-8    -729147.1084826076+2478031.0975463153i            7137214.193794192
0                         3.140816326530612E-7     -6.364285714285713E-8    -1072092.239863955-769204.4820098757i             9018796.119937116
0                         3.140816326530612E-7     -4.545918367346937E-8    -556196.8801911963-623872.9926235615i             8707009.04369086
0                         3.140816326530612E-7     -2.7275510204081612E-8   -311793.8799170079-366867.4322516369i             8573249.39495123
0                         3.140816326530612E-7     -9.091836734693906E-9    -113071.39255003435-126978.23981946868i           8559292.656188676
0                         3.140816326530612E-7     9.091836734693853E-9     93718.84083630797+138029.63688020105i             8546460.596636698
0                         3.140816326530612E-7     2.7275510204081612E-8    671844.9976940067+279027.94192127907i             8699001.954724677
0                         3.140816326530612E-7     4.5459183673469424E-8    786613.4400380749+570157.9536803617i              8570848.495126674
0                         3.140816326530612E-7     6.364285714285713E-8     1025238.6556526442+838450.5537528428i             8891116.85485519
0                         3.140816326530612E-7     8.182653061224494E-8     491984.4004370881-2456394.260144635i              7123011.905207587
0                         3.140816326530612E-7     1.0001020408163265E-7    775811.6278520699-1978585.5685021593i             6599889.40932375
0                         3.140816326530612E-7     1.1819387755102046E-7    1024503.6665953285-1467122.348566785i             6110737.09097098
0                         3.140816326530612E-7     1.3637755102040816E-7    983642.8665104737-838074.1544106659i              6212583.787878426
0                         3.140816326530612E-7     1.5456122448979587E-7    1264445.487684646-284293.85735971294i             6482997.300206138
0                         3.140816326530612E-7     1.7274489795918368E-7    1370673.1775464911+196235.00645516918i            6579171.370137977
0                         3.140816326530612E-7     1.909285714285714E-7     1376027.8823357676+843752.3941916054i             6882488.169221097
0                         3.140816326530612E-7     2.091122448979592E-7     1283006.5370745207+1242482.5653094812i            7217687.246145561
0                         3.140816326530612E-7     2.272959183673469E-7     1225797.5304403799+1618599.8428251504i            7545722.806625807
0                         3.140816326530612E-7     2.454795918367347E-7     985825.7256503436+2044167.554413905i              7899525.762882787
0                         3.140816326530612E-7     2.636632653061224E-7     733658.9013803557+2435929.4506621365i             8266840.5453262655
0                         3.140816326530612E-7     2.8184693877551024E-7    407666.05918591033+2694502.2137424145i            8536379.387497358
0                         3.140816326530612E-7     3.0003061224489794E-7    163287.73471562332+2836593.787011469i             8833553.641604312
0                         3.140816326530612E-7     3.1821428571428575E-7    -92619.89686768735+2955488.1574988225i            9113651.447237972
0                         3.140816326530612E-7     3.3639795918367346E-7    19237.43209518236+2846788.295993597i              9247906.167591136
0                         3.140816326530612E-7     3.5458163265306127E-7    -453647.90638464614+2940507.4629444494i           9416876.365806175
0                         3.140816326530612E-7     3.72765306122449E-7      -747399.7836525372+2902300.4593849457i            9546972.53342445
0                         3.140816326530612E-7     3.909489795918368E-7     -921577.1246635895+2893914.771530875i             9604986.871038368
0                         3.140816326530612E-7     4.091326530612245E-7     -1250146.5215978376+2966674.388060253i            9583959.592132797
0                         3.140816326530612E-7     4.273163265306122E-7     -1292558.5125101367+2963780.086814236i            9624958.30543773
0                         3.140816326530612E-7     4.455E-7                 -1295081.1470951654+2952436.17660977i             9612371.620794097
0                         3.306122448979591E-7     -4.455E-7                735501.0596130934-2856628.1842395463i             9832622.397554843
0                         3.306122448979591E-7     -4.2731632653061225E-7   671986.0057350186-2834617.7735291095i             9925530.205438398
0                         3.306122448979591E-7     -4.091326530612245E-7    488358.83553719055-2738754.8384474516i            9544063.815739142
0                         3.306122448979591E-7     -3.9094897959183674E-7   440347.33051898476-2774146.5692084706i            9501099.55656107
0                         3.306122448979591E-7     -3.72765306122449E-7     -222772.10807473958-2542754.6933382708i           9955247.113228248
0                         3.306122448979591E-7     -3.545816326530612E-7    -253357.58328886004-2535877.922884742i            9740363.92309503
0                         3.306122448979591E-7     -3.3639795918367346E-7   -473989.39411059953-2482419.834793269i            9834366.848137878
0                         3.306122448979591E-7     -3.1821428571428575E-7   -685444.4357258484-2409953.1811047383i            9865343.807753444
0                         3.306122448979591E-7     -3.0003061224489794E-7   -640195.9519172503-2432650.1674526674i            9213634.64328109
0                         3.306122448979591E-7     -2.8184693877551024E-7   -820291.6515552478-2367112.2351838825i            8931467.454729678
0                         3.306122448979591E-7     -2.636632653061224E-7    -1083601.6846843814-2028559.5309407564i           8417973.850094195
0                         3.306122448979591E-7     -2.454795918367347E-7    -1233965.7277250087-1740550.725086099i            8194670.245926888
0                         3.306122448979591E-7     -2.2729591836734696E-7   -1298568.8141045454-1408131.2431086074i           7864498.712543678
0                         3.306122448979591E-7     -2.091122448979592E-7    -1320117.0999847704-1077593.162886682i            7527929.295523446
0                         3.306122448979591E-7     -1.9092857142857144E-7   -1321678.452522262-741526.1362017096i             7244934.601183403
0                         3.306122448979591E-7     -1.7274489795918368E-7   -1273714.6332825562-409531.94175397744i           7079116.782186827
0                         3.306122448979591E-7     -1.5456122448979592E-7   -1176110.1905147298-96759.3287501568i             6954852.944307501
0                         3.306122448979591E-7     -1.3637755102040816E-7   -1211180.377600458+700535.213442561i              6728343.187758981
0                         3.306122448979591E-7     -1.181938775510204E-7    -916457.4599596327+1081036.9514519956i            6637520.682274744
0                         3.306122448979591E-7     -1.0001020408163265E-7   -977989.9620863094+1647381.651142548i             7083282.418560549
0                         3.306122448979591E-7     -8.182653061224489E-8    -650755.7767176852+1919736.7427731922i            7603904.160394854
0                         3.306122448979591E-7     -6.364285714285713E-8    -432453.04661413445+1577970.1591137988i           7817292.670631466
0                         3.306122448979591E-7     -4.545918367346937E-8    -406196.14845552464+1657438.075300349i            8672952.952923723
0                         3.306122448979591E-7     -2.7275510204081612E-8   -338314.20207800815-356674.73013784876i           9284730.223951098
0                         3.306122448979591E-7     -9.091836734693906E-9    -112935.26938409136-134683.89497995027i           9292757.700996177
0                         3.306122448979591E-7     9.091836734693853E-9     113164.44900268555+116133.88057096256i            9300073.3869072
0                         3.306122448979591E-7     2.7275510204081612E-8    344305.1797932184+349187.4440438576i              9282303.364188697
0                         3.306122448979591E-7     4.5459183673469424E-8    433185.3520276753-1592041.0309810503i             8678123.58195802
0                         3.306122448979591E-7     6.364285714285713E-8     753173.8166051358-1927950.661298134i              8003705.510130674
0                         3.306122448979591E-7     8.182653061224494E-8     1192217.805303378-2101887.4685954903i             7822819.66342113
0                         3.306122448979591E-7     1.0001020408163265E-7    1134307.5678190128-1627505.1769717399i            7196547.405725298
0                         3.306122448979591E-7     1.1819387755102046E-7    1238931.5981931135-1286706.5350328695i            6832852.581937138
0                         3.306122448979591E-7     1.3637755102040816E-7    1252240.347151146-145141.83021496277i             6757297.544935815
0                         3.306122448979591E-7     1.5456122448979587E-7    1370858.1676463308+199499.77230018773i            6805815.840756124
0                         3.306122448979591E-7     1.7274489795918368E-7    1442467.5526991629+571386.6575831319i             6920377.121320688
0                         3.306122448979591E-7     1.909285714285714E-7     1455468.9948641742+686041.2493450593i             7244745.7901374865
0                         3.306122448979591E-7     2.091122448979592E-7     1337052.2352579962+1127757.1502634075i            7575048.543286687
0                         3.306122448979591E-7     2.272959183673469E-7     1180058.7241805634+1543321.6785184417i            7859651.141955334
0                         3.306122448979591E-7     2.454795918367347E-7     1073034.0948323992+1940558.154722251i             8206176.279444315
0                         3.306122448979591E-7     2.636632653061224E-7     798016.5147316735+2279051.712916754i              8581254.399049615
0                         3.306122448979591E-7     2.8184693877551024E-7    561402.3032719921+2361611.816211164i              8801966.809343774
0                         3.306122448979591E-7     3.0003061224489794E-7    254702.66549495282+2479946.9045230425i            9063570.643428097
0                         3.306122448979591E-7     3.1821428571428575E-7    -71621.72349829925+2580408.6850753864i            9304291.11792635
0                         3.306122448979591E-7     3.3639795918367346E-7    -417570.8637077394+2662997.157868179i             9518788.781542895
0                         3.306122448979591E-7     3.5458163265306127E-7    -300747.30719977856+2791355.9152268367i           9865796.895077327
0                         3.306122448979591E-7     3.72765306122449E-7      -442580.48485404986+2762701.9261222263i           9616039.406090321
0                         3.306122448979591E-7     3.909489795918368E-7     -533272.9849399104+2915962.365886033i             9776149.146949114
0                         3.306122448979591E-7     4.091326530612245E-7     -617016.4004864749+2916377.1417152504i            9830855.673791515
0                         3.306122448979591E-7     4.273163265306122E-7     -684425.7587108731+2896599.081166426i             9848821.691873757
0                         3.306122448979591E-7     4.455E-7                 -735501.0596130982+2856628.184239555i             9828530.194907105
0                         3.471428571428571E-7     -4.455E-7                390919.73059089563-2564477.8301392174i            9931012.272866521
0                         3.471428571428571E-7     -4.2731632653061225E-7   329372.63354524306-2536781.3472094494i            1.0020443647762617E7
0                         3.471428571428571E-7     -4.091326530612245E-7    172983.04747215915-2527155.5233054976i            9645555.4829452
0                         3.471428571428571E-7     -3.9094897959183674E-7   130062.63651088096-2560520.1596006i               9599831.435172498
0                         3.471428571428571E-7     -3.72765306122449E-7     75273.81334719874-2562117.127673531i              9508846.363245696
0                         3.471428571428571E-7     -3.545816326530612E-7    -628209.2800101282-2413148.7003653934i            9920636.939903628
0                         3.471428571428571E-7     -3.3639795918367346E-7   -709250.6439395461-2367338.701386325i             1.0052189012537053E7
0                         3.471428571428571E-7     -3.1821428571428575E-7   -630084.7450542451-2336166.5498398193i            9435777.14018164
0                         3.471428571428571E-7     -3.0003061224489794E-7   -872808.7569637839-2206016.1834076615i            9211594.554198302
0                         3.471428571428571E-7     -2.8184693877551024E-7   -860246.1155077927-2100654.158114612i             8970677.525693268
0                         3.471428571428571E-7     -2.636632653061224E-7    -1031042.6235585611-1902436.0998888628i           8540065.804307865
0                         3.471428571428571E-7     -2.454795918367347E-7    -1169253.378813351-1709445.0650860788i            8249399.012546132
0                         3.471428571428571E-7     -2.2729591836734696E-7   -1301152.4831626376-1448534.0742312209i           8020120.0983947525
0                         3.471428571428571E-7     -2.091122448979592E-7    -1318202.0070438448-1089910.1685870804i           7669797.773514447
0                         3.471428571428571E-7     -1.9092857142857144E-7   -1341965.1488408041-734836.4410193074i            7415488.059668794
0                         3.471428571428571E-7     -1.7274489795918368E-7   -1297526.5707889984-373380.1771557797i            7249787.733311095
0                         3.471428571428571E-7     -1.5456122448979592E-7   -1203447.3692090735-31145.49473615922i            7125095.977869798
0                         3.471428571428571E-7     -1.3637755102040816E-7   -1075358.9662966619+261523.83283740148i           7081446.097608552
0                         3.471428571428571E-7     -1.181938775510204E-7    -1007019.5230502981+799963.6780106317i            6941761.4361529
0                         3.471428571428571E-7     -1.0001020408163265E-7   -793947.5696552217+1067029.636486882i             7260740.265132515
0                         3.471428571428571E-7     -8.182653061224489E-8    -735302.2721452258+1293318.4740171453i            7680422.094554226
0                         3.471428571428571E-7     -6.364285714285713E-8    -739047.806088391+1487148.473247055i              8405802.730742851
0                         3.471428571428571E-7     -4.545918367346937E-8    -469489.9224190649+1242408.6484480586i            8591666.21254966
0                         3.471428571428571E-7     -2.7275510204081612E-8   -219673.26115137356+818457.5793324631i            8983890.37346312
0                         3.471428571428571E-7     -9.091836734693906E-9    -73295.90892459225+258444.9251006775i             9340804.089380087
0                         3.471428571428571E-7     9.091836734693853E-9     91148.85350997307-274269.06159543036i             9376390.227692215
0                         3.471428571428571E-7     2.7275510204081612E-8    243292.84457048294-789867.7447122091i             9026157.274003152
0                         3.471428571428571E-7     4.5459183673469424E-8    462662.7126657535-1279657.3462884536i             8385250.970937186
0                         3.471428571428571E-7     6.364285714285713E-8     638782.3035620395-1378948.248206148i              8045238.533921282
0                         3.471428571428571E-7     8.182653061224494E-8     776305.9033013211-1428901.5551263168i             7740637.7683596285
0                         3.471428571428571E-7     1.0001020408163265E-7    939472.8114861232-1458243.8413768236i             7493408.082917319
0                         3.471428571428571E-7     1.1819387755102046E-7    984821.1388281188-1411241.2379195648i             7260448.127767953
0                         3.471428571428571E-7     1.3637755102040816E-7    1240268.5306565298-631618.7598282353i             7463037.958912191
0                         3.471428571428571E-7     1.5456122448979587E-7    1215243.5374081994-28400.768200962746i            7032165.120411661
0                         3.471428571428571E-7     1.7274489795918368E-7    1260240.2413262324+367176.0942614593i             7140466.24214636
0                         3.471428571428571E-7     1.909285714285714E-7     1341300.8952894546+787949.2475727515i             7367246.931932146
0                         3.471428571428571E-7     2.091122448979592E-7     1264218.3920446623+1105584.2289512716i            7770687.159338631
0                         3.471428571428571E-7     2.272959183673469E-7     1116872.2042148225+1326661.6250093393i            7985294.146999591
0                         3.471428571428571E-7     2.454795918367347E-7     1074737.0033817745+1573882.8882617643i            8248239.94484066
0                         3.471428571428571E-7     2.636632653061224E-7     1012469.6477127663+1822623.1458775676i            8554075.096661108
0                         3.471428571428571E-7     2.8184693877551024E-7    780701.8797427318+2054716.6935905972i             8851929.978240008
0                         3.471428571428571E-7     3.0003061224489794E-7    658218.0455690012+2205180.9523525983i             9092357.987337846
0                         3.471428571428571E-7     3.1821428571428575E-7    525759.515227668+2330853.747738084i               9296062.072978953
0                         3.471428571428571E-7     3.3639795918367346E-7    403110.333886235+2440990.013676732i               9474132.045377849
0                         3.471428571428571E-7     3.5458163265306127E-7    290502.738169604+2436657.4239142295i              9543767.467368439
0                         3.471428571428571E-7     3.72765306122449E-7      -29546.75161448284+2544767.2599140746i            9911578.13018497
0                         3.471428571428571E-7     3.909489795918368E-7     -194264.41170684155+2614871.5463456055i           9883702.949820884
0                         3.471428571428571E-7     4.091326530612245E-7     -276150.2419903665+2618266.477321528i             9929070.307512406
0                         3.471428571428571E-7     4.273163265306122E-7     -341702.01495172095+2601468.571919402i            9944179.80726132
0                         3.471428571428571E-7     4.455E-7                 -390919.73059090076+2564477.8301392263i           9927397.8695642
0                         3.6367346938775507E-7    -4.455E-7                46338.401568700756-2272327.476038894i             9900199.959091095
0                         3.6367346938775507E-7    -4.2731632653061225E-7   -116431.83589092322-2252450.9981121873i           9632656.125780808
0                         3.6367346938775507E-7    -4.091326530612245E-7    -142392.74059287115-2315556.208163544i            9625287.283951655
0                         3.6367346938775507E-7    -3.9094897959183674E-7   -180222.05749722273-2346893.749992732i            9574984.218802577
0                         3.6367346938775507E-7    -3.72765306122449E-7     -229919.78660397814-2346463.623599746i            9484369.610820603
0                         3.6367346938775507E-7    -3.545816326530612E-7    -291485.927913137-2314265.8289845884i             9357641.136303924
0                         3.6367346938775507E-7    -3.3639795918367346E-7   -639930.596612464-2253117.687018107i              9484709.895717671
0                         3.6367346938775507E-7    -3.1821428571428575E-7   -877291.1084278432-2129384.8463333463i            9292026.798330624
0                         3.6367346938775507E-7    -3.0003061224489794E-7   -807522.8637551619-2005729.1861409417i            9072524.111563388
0                         3.6367346938775507E-7    -2.8184693877551024E-7   -976848.605131407-1859163.0693846226i             8780459.504879678
0                         3.6367346938775507E-7    -2.636632653061224E-7    -1056650.5906449044-1736009.504253646i            8510993.214740757
0                         3.6367346938775507E-7    -2.454795918367347E-7    -1122051.4519136648-1556298.2125725267i           8246825.668197181
0                         3.6367346938775507E-7    -2.2729591836734696E-7   -1220681.4351816413-1343187.7479264098i           7973550.550231408
0                         3.6367346938775507E-7    -2.091122448979592E-7    -1353524.5584951318-1138286.660560137i            7660235.905109482
0                         3.6367346938775507E-7    -1.9092857142857144E-7   -1362251.8451593462-728146.7458369033i            7465840.57361938
0                         3.6367346938775507E-7    -1.7274489795918368E-7   -1321338.508295439-337228.4125575796i             7302984.933409139
0                         3.6367346938775507E-7    -1.5456122448979592E-7   -1247118.4808425163+28944.27159047965i            7156412.422467285
0                         3.6367346938775507E-7    -1.3637755102040816E-7   -1080547.0599504118+233009.1320622802i            7158184.6207534615
0                         3.6367346938775507E-7    -1.181938775510204E-7    -1097581.586140964+518890.4045692685i             7155557.887776258
0                         3.6367346938775507E-7    -1.0001020408163265E-7   -969412.5376333566+934288.0552640499i             7648246.321426186
0                         3.6367346938775507E-7    -8.182653061224489E-8    -848065.0511258314+1098426.4396012845i            7943664.4219641
0                         3.6367346938775507E-7    -6.364285714285713E-8    -661941.95708803+1014967.3633302818i              8221050.542027331
0                         3.6367346938775507E-7    -4.545918367346937E-8    -446959.185864578+850562.8962623931i              8432007.468207544
0                         3.6367346938775507E-7    -2.7275510204081612E-8   -235371.93015836418+619161.8593589729i            8742355.81821468
0                         3.6367346938775507E-7    -9.091836734693906E-9    -60259.91169497924+223180.19323408973i            9120198.608031813
0                         3.6367346938775507E-7    9.091836734693853E-9     80488.92707254367-203276.25189426364i             9185434.453640072
0                         3.6367346938775507E-7    2.7275510204081612E-8    220206.21847545216-599875.0203003779i             8801601.496357827
0                         3.6367346938775507E-7    4.5459183673469424E-8    406897.25574080495-812210.9382424765i             8358500.2346765185
0                         3.6367346938775507E-7    6.364285714285713E-8     524390.7905189432-829945.835114162i               7999871.1017988175
0                         3.6367346938775507E-7    8.182653061224494E-8     603288.3341400765-798343.1369883195i              7680599.989088911
0                         3.6367346938775507E-7    1.0001020408163265E-7    715002.985726538-537515.4857893119i               7636492.91906622
0                         3.6367346938775507E-7    1.1819387755102046E-7    854844.3035708123-487694.48484130675i             7338678.909904309
0                         3.6367346938775507E-7    1.3637755102040816E-7    1006778.9861701082-378478.30625785224i            7317155.413441568
0                         3.6367346938775507E-7    1.5456122448979587E-7    1094059.2095371992-178138.11908451142i            7161134.190342146
0                         3.6367346938775507E-7    1.7274489795918368E-7    1145711.3905923434+103497.61259778863i            7265240.558030352
0                         3.6367346938775507E-7    1.909285714285714E-7     1049388.5172941824+609477.6533494836i             7437850.313098271
0                         3.6367346938775507E-7    2.091122448979592E-7     1198392.948677371+955758.7307739216i              7689647.2448430685
0                         3.6367346938775507E-7    2.272959183673469E-7     1187274.733402146+1246004.1198377642i             7992602.251097178
0                         3.6367346938775507E-7    2.454795918367347E-7     1075347.7895060796+1554847.9501392073i            8209576.109489024
0                         3.6367346938775507E-7    2.636632653061224E-7     1037391.265628716+1767689.068090167i              8492473.72354225
0                         3.6367346938775507E-7    2.8184693877551024E-7    964174.5016407724+1898757.529450729i              8739087.680360012
0                         3.6367346938775507E-7    3.0003061224489794E-7    804383.2992021865+2034089.2698272401i             8973409.499427905
0                         3.6367346938775507E-7    3.1821428571428575E-7    681379.1175677283+2177894.930233741i              9174119.727333676
0                         3.6367346938775507E-7    3.3639795918367346E-7    595268.3640623111+2200717.9917701953i             9394466.032850774
0                         3.6367346938775507E-7    3.5458163265306127E-7    505007.9703957164+2210877.6879313877i             9491934.156026142
0                         3.6367346938775507E-7    3.72765306122449E-7      418054.66317218466+2251473.172266106i             9640496.283174992
0                         3.6367346938775507E-7    3.909489795918368E-7     321172.87059702707+2276972.189839093i             9776586.392157828
0                         3.6367346938775507E-7    4.091326530612245E-7     64715.91650573816+2320155.8129278044i             9902256.636870997
0                         3.6367346938775507E-7    4.273163265306122E-7     1021.7288074323442+2306338.0626723757i            9911966.716852985
0                         3.6367346938775507E-7    4.455E-7                 -46338.401568705456+2272327.476038902i            9897315.11157497
0                         3.80204081632653E-7      -4.455E-7                -298242.9274534913-1980177.12193857i              9750732.43271369
0                         3.80204081632653E-7      -4.2731632653061225E-7   -436898.7180128805-2042878.7774361502i            9509276.648955882
0                         3.80204081632653E-7      -4.091326530612245E-7    -457768.5286579019-2103956.8930215924i            9489827.7014634
0                         3.80204081632653E-7      -3.9094897959183674E-7   -490506.75150532636-2133267.340384861i            9433940.682472901
0                         3.80204081632653E-7      -3.72765306122449E-7     -587490.3927885398-1994226.743266801i             9546184.226172633
0                         3.80204081632653E-7      -3.545816326530612E-7    -707964.1027650065-1931665.7694181285i            9424530.669361925
0                         3.80204081632653E-7      -3.3639795918367346E-7   -901730.5183131201-2066188.264050175i             9221062.11188659
0                         3.80204081632653E-7      -3.1821428571428575E-7   -763115.5800843841-1931694.857005878i             9006819.097522095
0                         3.80204081632653E-7      -3.0003061224489794E-7   -853361.231827009-1762237.6083483673i             8874162.61602727
0                         3.80204081632653E-7      -2.8184693877551024E-7   -1010551.1474915799-1705739.5196397856i           8648717.914753174
0                         3.80204081632653E-7      -2.636632653061224E-7    -1082258.557731248-1569582.9086184269i            8386745.612440478
0                         3.80204081632653E-7      -2.454795918367347E-7    -1074849.5250139795-1403151.3600589733i           8153215.864140545
0                         3.80204081632653E-7      -2.2729591836734696E-7   -1173973.6239148523-1176368.4897749587i           7873073.777704457
0                         3.80204081632653E-7      -2.091122448979592E-7    -1205908.4072669037-913094.5391490188i            7616494.491120831
0                         3.80204081632653E-7      -1.9092857142857144E-7   -1277801.056283012-539332.2167986687i             7420772.493894283
0                         3.80204081632653E-7      -1.7274489795918368E-7   -1276946.6318353382-336552.8812836823i            7250967.685330821
0                         3.80204081632653E-7      -1.5456122448979592E-7   -1161595.5073829056-144568.8976775522i            7126578.478946166
0                         3.80204081632653E-7      -1.3637755102040816E-7   -1024820.8632519764+48716.70952482778i            7056936.538670268
0                         3.80204081632653E-7      -1.181938775510204E-7    -941606.2972026594+284436.3426606975i             7263345.317904342
0                         3.80204081632653E-7      -1.0001020408163265E-7   -813709.5053536294+459655.14115809265i            7461004.615534078
0                         3.80204081632653E-7      -8.182653061224489E-8    -729507.4617289555+605520.7711759342i             7730402.334413952
0                         3.80204081632653E-7      -6.364285714285713E-8    -584836.1080876695+542786.2534135114i             7916847.961995746
0                         3.80204081632653E-7      -4.545918367346937E-8    -424428.4493100916+458717.1440767313i             8141863.0544547085
0                         3.80204081632653E-7      -2.7275510204081612E-8   -248284.48539622122+353313.44316559285i           8406331.657952372
0                         3.80204081632653E-7      -9.091836734693906E-9    -68684.86444819006+139347.57573755592i            8738721.63323877
0                         3.80204081632653E-7      9.091836734693853E-9     86102.49187184946-106093.81091900176i             8829333.796419645
0                         3.80204081632653E-7      2.7275510204081612E-8    218475.72543204992-352864.36768385215i            8460500.585634436
0                         3.80204081632653E-7      4.5459183673469424E-8    351131.7988158558-344764.5301964999i              8216156.736725226
0                         3.80204081632653E-7      6.364285714285713E-8     473353.0130679209-351274.48180462327i             7814925.3399061635
0                         3.80204081632653E-7      8.182653061224494E-8     601138.8929456624-326492.55884865765i             7589300.109562232
0                         3.80204081632653E-7      1.0001020408163265E-7    714175.8315315646-284665.54539044894i             7406797.550725087
0                         3.80204081632653E-7      1.1819387755102046E-7    818747.7321330676-186574.10750765668i             7124118.01194972
0                         3.80204081632653E-7      1.3637755102040816E-7    936770.672269003-45673.150759196375i              7094844.734995759
0                         3.80204081632653E-7      1.5456122448979587E-7    1013258.4000205986+139850.51434914183i            7207056.311587487
0                         3.80204081632653E-7      1.7274489795918368E-7    1041267.8205693368+461557.2572273264i             7332296.661624181
0                         3.80204081632653E-7      1.909285714285714E-7     1159880.2678436856+665123.8416168364i             7316498.732526449
0                         3.80204081632653E-7      2.091122448979592E-7     1163324.9537500697+825860.7087979964i             7538721.706366061
0                         3.80204081632653E-7      2.272959183673469E-7     1149335.9212019863+1142636.204428589i             7828239.313787516
0                         3.80204081632653E-7      2.454795918367347E-7     1109559.7897859085+1454393.219345184i             8109056.637011902
0                         3.80204081632653E-7      2.636632653061224E-7     1032345.4901555241+1447373.0400526524i            8359112.026716068
0                         3.80204081632653E-7      2.8184693877551024E-7    1011939.3269378822+1603915.1398277963i            8633590.454619946
0                         3.80204081632653E-7      3.0003061224489794E-7    985929.0989858482+1725813.8185488684i             8880868.77070326
0                         3.80204081632653E-7      3.1821428571428575E-7    886684.0869993963+1899296.1878832653i             9108854.463734774
0                         3.80204081632653E-7      3.3639795918367346E-7    787426.3942383844+1960445.9698636606i             9224804.810573943
0                         3.80204081632653E-7      3.5458163265306127E-7    719513.2026218274+1985097.9519485463i             9339493.060306456
0                         3.80204081632653E-7      3.72765306122449E-7      639810.9290111226+2031602.1377366693i             9497058.285452157
0                         3.80204081632653E-7      3.909489795918368E-7     553383.7910927578+2057116.4976651173i             9626782.62829948
0                         3.80204081632653E-7      4.091326530612245E-7     587951.9728962993+1896265.9064297113i             1.0434783815253185E7
0                         3.80204081632653E-7      4.273163265306122E-7     281048.17541666934+2337544.2598413406i            1.047436744494721E7
0                         3.80204081632653E-7      4.455E-7                 298242.92745348945+1980177.1219385767i            9748937.145887734
0                         3.9673469387755097E-7    -4.455E-7                -574721.7908261395-2059855.7347171674i            1.0179958474476095E7
0                         3.9673469387755097E-7    -4.2731632653061225E-7   -757365.6001348386-1833306.5567601132i            9302739.253839443
0                         3.9673469387755097E-7    -4.091326530612245E-7    -773144.3167229325-1892357.5778796389i            9269212.144293126
0                         3.9673469387755097E-7    -3.9094897959183674E-7   -838476.1752710312-1730342.8401692607i            9405751.539176418
0                         3.9673469387755097E-7    -3.72765306122449E-7     -934664.5976999504-1696418.3373259036i            9308709.20417736
0                         3.9673469387755097E-7    -3.545816326530612E-7    -1047649.5584398741-1626483.9811506537i           9191684.93969995
0                         3.9673469387755097E-7    -3.3639795918367346E-7   -696721.751215353-1571836.9701371188i             8951511.048301602
0                         3.9673469387755097E-7    -3.1821428571428575E-7   -814837.8522755315-1711169.7784900062i            8723337.46354826
0                         3.9673469387755097E-7    -3.0003061224489794E-7   -968768.7869652826-1671840.450665643i             8665635.30801026
0                         3.9673469387755097E-7    -2.8184693877551024E-7   -1044253.689851753-1552315.969894949i             8438450.187962322
0                         3.9673469387755097E-7    -2.636632653061224E-7    -1107866.5248175925-1403156.3129832076i           8179305.741944131
0                         3.9673469387755097E-7    -2.454795918367347E-7    -1159607.2918628026-1224361.4799304206i           7895008.103434995
0                         3.9673469387755097E-7    -2.2729591836734696E-7   -989279.6236542894-1100754.3671078922i            7598442.877966114
0                         3.9673469387755097E-7    -2.091122448979592E-7    -1056003.2083897714-885144.3332213185i            7346091.791744776
0                         3.9673469387755097E-7    -1.9092857142857144E-7   -1053095.5581688627-887749.9755890339i            7178188.907762188
0                         3.9673469387755097E-7    -1.7274489795918368E-7   -995509.4683162404-662777.3107034825i             6999056.320527094
0                         3.9673469387755097E-7    -1.5456122448979592E-7   -916499.8587851214-436503.0222216828i             6861443.420495259
0                         3.9673469387755097E-7    -1.3637755102040816E-7   -816066.7295755058-208927.11014363344i            6778745.5445654085
0                         3.9673469387755097E-7    -1.181938775510204E-7    -782602.1052039382-15572.51133579079i             6894773.695841694
0                         3.9673469387755097E-7    -1.0001020408163265E-7   -658006.4730739006-14977.772947867634i            7174584.786981738
0                         3.9673469387755097E-7    -8.182653061224489E-8    -597826.500282721+53004.303528054385i             7306284.846038011
0                         3.9673469387755097E-7    -6.364285714285713E-8    -507730.25908730883+70605.14349673828i            7491287.23578678
0                         3.9673469387755097E-7    -4.545918367346937E-8    -401897.71275560505+66871.39189106692i            7717438.643478975
0                         3.9673469387755097E-7    -2.7275510204081612E-8   -280328.86128760775+41803.04871103575i            7984669.582759545
0                         3.9673469387755097E-7    -9.091836734693906E-9    -116938.14126278536+94605.45041503436i            8343189.435603616
0                         3.9673469387755097E-7    9.091836734693853E-9     92085.22149051551-85704.06971139697i              8309518.783655095
0                         3.9673469387755097E-7    2.7275510204081612E-8    215838.55299221608-119487.86802589847i            7962312.41546383
0                         3.9673469387755097E-7    4.5459183673469424E-8    428954.49543325556-278122.16726499796i            7726235.736696299
0                         3.9673469387755097E-7    6.364285714285713E-8     538501.4973595361-213065.07034276985i             7464506.852378968
0                         3.9673469387755097E-7    8.182653061224494E-8     633299.5579939837-130962.88291829871i             7249165.592607019
0                         3.9673469387755097E-7    1.0001020408163265E-7    713348.6773365915-31815.604991588276i             7080211.180960255
0                         3.9673469387755097E-7    1.1819387755102046E-7    782651.1606953233+114546.26982599485i             6818924.807510318
0                         3.9673469387755097E-7    1.3637755102040816E-7    866762.3583678984+287132.0047394595i              6810831.241851404
0                         3.9673469387755097E-7    1.5456122448979587E-7    932457.5905039972+457839.1477827956i              7184272.179357869
0                         3.9673469387755097E-7    1.7274489795918368E-7    1114962.2824119937+498000.23901377805i            6948708.429860081
0                         3.9673469387755097E-7    1.909285714285714E-7     1140292.9080673612+768533.3919152785i             7136508.696916942
0                         3.9673469387755097E-7    2.091122448979592E-7     1142051.7074581902+1033425.0042939039i            7344463.4575501485
0                         3.9673469387755097E-7    2.272959183673469E-7     1111397.1090018263+1039268.2890194096i            7566638.396975392
0                         3.9673469387755097E-7    2.454795918367347E-7     1101667.6709536468+1103075.1746419824i            7776675.320017915
0                         3.9673469387755097E-7    2.636632653061224E-7     1065088.8330188347+1254780.3673577723i            8024709.070179991
0                         3.9673469387755097E-7    2.8184693877551024E-7    1030957.4196752527+1351720.9858635082i            8339944.672157073
0                         3.9673469387755097E-7    3.0003061224489794E-7    1008840.6953018463+1483757.1021226284i            8588110.193908045
0                         3.9673469387755097E-7    3.1821428571428575E-7    981119.9061940449+1581149.7973276847i             8804466.724993736
0                         3.9673469387755097E-7    3.3639795918367346E-7    979584.4244144626+1720173.9479571204i             8981501.344799194
0                         3.9673469387755097E-7    3.5458163265306127E-7    934018.4348479379+1759318.2159657062i             9099032.47699364
0                         3.9673469387755097E-7    3.72765306122449E-7      861567.1948500603+1811731.103207233i              9271977.494453378
0                         3.9673469387755097E-7    3.909489795918368E-7     785594.7115884897+1837260.8054911396i             9398558.97872208
0                         3.9673469387755097E-7    4.091326530612245E-7     714935.1134198726+1820023.7429223284i             9500593.07944415
0                         3.9673469387755097E-7    4.273163265306122E-7     762581.072629481+1622888.99219394i                1.0185109163946636E7
0                         3.9673469387755097E-7    4.455E-7                 574721.7908261392+2059855.7347171784i             1.0180282094110684E7
0                         4.1326530612244895E-7    -4.455E-7                -5476002.281557902-7990218.976969062i             1.3741010797326578E7
0                         4.1326530612244895E-7    -4.2731632653061225E-7   -5514242.052526588-7917599.172156251i             1.3813862414889274E7
0                         4.1326530612244895E-7    -4.091326530612245E-7    -5415838.398384011-7990002.616196338i             1.321523819565251E7
0                         4.1326530612244895E-7    -3.9094897959183674E-7   -5435083.715392041-7897945.80062728i              1.3107097574113917E7
0                         4.1326530612244895E-7    -3.72765306122449E-7     -5453482.91582956-7769053.788509i                 1.296688600300747E7
0                         4.1326530612244895E-7    -3.545816326530612E-7    -5471035.999696575-7603326.579841505i             1.27962158873379E7
0                         4.1326530612244895E-7    -3.3639795918367346E-7   -5743124.376923399-7490995.838475943i             1.2752612776348054E7
0                         4.1326530612244895E-7    -3.1821428571428575E-7   -5753148.955650214-7151957.24684374i              1.246809702771124E7
0                         4.1326530612244895E-7    -3.0003061224489794E-7   -5787686.358824773-6468140.218597509i             1.1902145313530842E7
0                         4.1326530612244895E-7    -2.8184693877551024E-7   -5809774.526992489-6121432.519064669i             1.1582372404104311E7
0                         4.1326530612244895E-7    -2.636632653061224E-7    -5821192.934529709-5745704.531311315i             1.122944534684618E7
0                         4.1326530612244895E-7    -2.454795918367347E-7    -5660937.863281199-5712098.354826902i             1.0836562637020525E7
0                         4.1326530612244895E-7    -2.2729591836734696E-7   -5795603.482860249-4758795.14170361i              1.036702329343391E7
0                         4.1326530612244895E-7    -2.091122448979592E-7    -5581415.866940783-4259063.075640433i             9906936.833149262
0                         4.1326530612244895E-7    -1.9092857142857144E-7   -5305517.8132156795-3699691.4136406775i           9394469.876854278
0                         4.1326530612244895E-7    -1.7274489795918368E-7   -4999042.455756612-3155191.7135157185i            8897611.096814241
0                         4.1326530612244895E-7    -1.5456122448979592E-7   -4682472.251323643-2600832.3840891677i            8441090.382698003
0                         4.1326530612244895E-7    -1.3637755102040816E-7   -4355807.1999167735-2036613.425361025i            8043262.514356754
0                         4.1326530612244895E-7    -1.181938775510204E-7    -3830411.9449505447-1482707.4584595044i           7612593.7302961815
0                         4.1326530612244895E-7    -1.0001020408163265E-7   -3164749.0631192513-982032.3299393633i            7319847.73237943
0                         4.1326530612244895E-7    -8.182653061224489E-8    -2639129.1606585896-704567.6136272483i            7343638.87237796
0                         4.1326530612244895E-7    -6.364285714285713E-8    -2178878.530434743-413256.76975348464i            7336696.098003682
0                         4.1326530612244895E-7    -4.545918367346937E-8    -1710660.6385364092-127482.49758300767i           7417457.221475414
0                         4.1326530612244895E-7    -2.7275510204081612E-8   -1234475.4849635903+152755.20288418068i           7587073.778959458
0                         4.1326530612244895E-7    -9.091836734693906E-9    -435950.4098004453-130828.32849319302i            7638080.226104871
0                         4.1326530612244895E-7    9.091836734693853E-9     400789.4473752996+81225.06914561617i              7601341.702685299
0                         4.1326530612244895E-7    2.7275510204081612E-8    1196989.7618794886+45390.248701342454i            7380764.461728437
0                         4.1326530612244895E-7    4.5459183673469424E-8    1627998.905138416+165715.63729132968i             7441154.720416931
0                         4.1326530612244895E-7    6.364285714285713E-8     2068406.9627772896+439528.9869336535i             7313505.183036195
0                         4.1326530612244895E-7    8.182653061224494E-8     2500956.6813792624+717031.4278782238i             7274599.069532259
0                         4.1326530612244895E-7    1.0001020408163265E-7    3289728.927223443+1007034.9816360316i             7361997.273318773
0                         4.1326530612244895E-7    1.1819387755102046E-7    4066780.0502198897+1556552.1002720366i            7722060.114423201
0                         4.1326530612244895E-7    1.3637755102040816E-7    4500360.342103042+2005712.059385532i              8140257.996743401
0                         4.1326530612244895E-7    1.5456122448979587E-7    4781486.798494113+2652423.5038681747i             8407970.004313285
0                         4.1326530612244895E-7    1.7274489795918368E-7    4949281.639125893+3144233.0473965546i             8870759.975803493
0                         4.1326530612244895E-7    1.909285714285714E-7     5155835.903015206+3707232.4903445328i             9319390.568696374
0                         4.1326530612244895E-7    2.091122448979592E-7     5345376.109727297+4258226.258582088i              9782612.981844148
0                         4.1326530612244895E-7    2.272959183673469E-7     5517902.25926217+4797214.352109221i               1.0248825709930126E7
0                         4.1326530612244895E-7    2.454795918367347E-7     5721807.59793651+5531127.994394772i               1.0853476111139063E7
0                         4.1326530612244895E-7    2.636632653061224E-7     5731211.494536492+5980053.729753838i              1.1250058880560657E7
0                         4.1326530612244895E-7    2.8184693877551024E-7    5744167.517987231+6376259.22366808i               1.1667779000887986E7
0                         4.1326530612244895E-7    3.0003061224489794E-7    5738212.887756165+6727634.981800625i              1.201724702698251E7
0                         4.1326530612244895E-7    3.1821428571428575E-7    5724183.65266696+7053423.456356791i               1.2335619089024644E7
0                         4.1326530612244895E-7    3.3639795918367346E-7    5677409.065880762+7317379.184337444i              1.2589747343282392E7
0                         4.1326530612244895E-7    3.5458163265306127E-7    5644929.239471528+7598471.947194891i              1.2797061106925122E7
0                         4.1326530612244895E-7    3.72765306122449E-7      5418978.844912783+7819227.693403928i              1.2951079743582746E7
0                         4.1326530612244895E-7    3.909489795918368E-7     5414936.915983727+7936964.642944555i              1.3107660581756309E7
0                         4.1326530612244895E-7    4.091326530612245E-7     5410018.128141013+8017484.0916463435i             1.3232220076153887E7
0                         4.1326530612244895E-7    4.273163265306122E-7     5404222.481384635+8060786.039509297i              1.3323541588273384E7
0                         4.1326530612244895E-7    4.455E-7                 5476002.281557926+7990218.976969047i              1.3741332591570852E7
0                         4.2979591836734687E-7    -4.455E-7                -5715862.1159164095-7325350.503356126i            1.344328441733079E7
0                         4.2979591836734687E-7    -4.2731632653061225E-7   -5601302.054003514-7436811.766398826i             1.2838427729720999E7
0                         4.2979591836734687E-7    -4.091326530612245E-7    -5621242.6265722625-7384909.434808322i            1.2764762431898614E7
0                         4.2979591836734687E-7    -3.9094897959183674E-7   -5640337.082570506-7296171.906668602i             1.2661422580550358E7
0                         4.2979591836734687E-7    -3.72765306122449E-7     -5658585.421998235-7170599.1819796525i            1.252926253991338E7
0                         4.2979591836734687E-7    -3.545816326530612E-7    -5748384.31845844-7079441.014507893i              1.2446351002224293E7
0                         4.2979591836734687E-7    -3.3639795918367346E-7   -5726138.467111563-6865126.227943565i             1.2259339344848527E7
0                         4.2979591836734687E-7    -3.1821428571428575E-7   -5827127.179940044-6557959.419513274i             1.2043243328184795E7
0                         4.2979591836734687E-7    -3.0003061224489794E-7   -5832212.724105245-6276458.048788448i             1.157673114380616E7
0                         4.2979591836734687E-7    -2.8184693877551024E-7   -5837312.739166016-6014821.439554202i             1.1429262530647006E7
0                         4.2979591836734687E-7    -2.636632653061224E-7    -5775029.770276687-5575050.842253992i             1.09431134310019E7
0                         4.2979591836734687E-7    -2.454795918367347E-7    -5737881.83419783-4997475.499258936i              1.061218337143156E7
0                         4.2979591836734687E-7    -2.2729591836734696E-7   -5624168.387453647-4620004.042419689i             1.0212999988255598E7
0                         4.2979591836734687E-7    -2.091122448979592E-7    -5442307.286250857-4205273.511928186i             9797903.684196694
0                         4.2979591836734687E-7    -1.9092857142857144E-7   -5171339.97868726-3409612.9717284627i             9085918.460111953
0                         4.2979591836734687E-7    -1.7274489795918368E-7   -4844305.5175666455-2891146.401728917i            8585954.30758827
0                         4.2979591836734687E-7    -1.5456122448979592E-7   -4507176.209472137-2362820.2024277835i            8124989.585955343
0                         4.2979591836734687E-7    -1.3637755102040816E-7   -4159952.054403721-1824634.373825054i             7721694.463418925
0                         4.2979591836734687E-7    -1.181938775510204E-7    -3615098.9344948237-1336354.1776037952i           7212526.993235657
0                         4.2979591836734687E-7    -1.0001020408163265E-7   -3139733.1264082347-989060.116319376i             6992308.2164985845
0                         4.2979591836734687E-7    -8.182653061224489E-8    -2605578.782930215-705680.65888658i               6963887.979472819
0                         4.2979591836734687E-7    -6.364285714285713E-8    -2136842.6762102856-439244.8263897862i            6934867.2872366775
0                         4.2979591836734687E-7    -4.545918367346937E-8    -1660139.3078158717-178345.56559628423i           7000286.109747558
0                         4.2979591836734687E-7    -2.7275510204081612E-8   -1062882.369654849-113607.12006786827i            6761453.876740133
0                         4.2979591836734687E-7    -9.091836734693906E-9    -406307.6123409084+61763.49381394661i             6686420.522710383
0                         4.2979591836734687E-7    9.091836734693853E-9     376046.4949326123-90469.60237927921i              6758909.013419944
0                         4.2979591836734687E-7    2.7275510204081612E-8    1049440.6703798869+100109.95474404524i            6811206.597340895
0                         4.2979591836734687E-7    4.5459183673469424E-8    1608126.3665861955+202965.23261360626i            7026746.976617374
0                         4.2979591836734687E-7    6.364285714285713E-8     2053436.5333957653+450972.2966148183i             6916032.085754439
0                         4.2979591836734687E-7    8.182653061224494E-8     2722726.7498133746+684700.2469919887i             6894612.902563976
0                         4.2979591836734687E-7    1.0001020408163265E-7    3255414.1942286664+999009.5558128222i             6992295.091989289
0                         4.2979591836734687E-7    1.1819387755102046E-7    3755191.3957462017+1347872.7925612861i            7241591.953290924
0                         4.2979591836734687E-7    1.3637755102040816E-7    4315433.218935605+1875440.3141952418i             7760701.364096425
0                         4.2979591836734687E-7    1.5456122448979587E-7    4624808.832600848+2313032.274918397i              8154295.968851371
0                         4.2979591836734687E-7    1.7274489795918368E-7    4979989.161408088+2982971.19062674i               8625684.83969998
0                         4.2979591836734687E-7    1.909285714285714E-7     5205877.920152775+3433765.1037763036i             9168516.869302614
0                         4.2979591836734687E-7    2.091122448979592E-7     5399767.060641125+3959430.882459622i              9615346.342722893
0                         4.2979591836734687E-7    2.272959183673469E-7     5624415.201058346+4520675.544684682i              1.0114203630868498E7
0                         4.2979591836734687E-7    2.454795918367347E-7     5721422.440743568+4919674.964623755i              1.045376220060916E7
0                         4.2979591836734687E-7    2.636632653061224E-7     5778215.3002961725+5460640.334819802i             1.090200545752382E7
0                         4.2979591836734687E-7    2.8184693877551024E-7    5812207.538445536+5858022.531394619i              1.1296118941181041E7
0                         4.2979591836734687E-7    3.0003061224489794E-7    5814365.356681325+6192754.518950902i              1.1629550355308203E7
0                         4.2979591836734687E-7    3.1821428571428575E-7    5808448.570058982+6501899.2229308095i             1.1932954277719615E7
0                         4.2979591836734687E-7    3.3639795918367346E-7    5763203.572377423+6751671.421361551i              1.2153599076606492E7
0                         4.2979591836734687E-7    3.5458163265306127E-7    5696163.867382813+7062798.392914667i              1.241091052499517E7
0                         4.2979591836734687E-7    3.72765306122449E-7      5714455.523341414+7217032.65849619i               1.2572173743991328E7
0                         4.2979591836734687E-7    3.909489795918368E-7     5623399.039348789+7329948.833045081i              1.266696468586034E7
0                         4.2979591836734687E-7    4.091326530612245E-7     5618300.079327229+7407502.577345928i              1.2785561688277919E7
0                         4.2979591836734687E-7    4.273163265306122E-7     5612324.2603920065+7447838.820807939i             1.2873997652589045E7
0                         4.2979591836734687E-7    4.455E-7                 5715862.115916437+7325350.503356111i              1.3443605592478894E7
0                         4.4632653061224485E-7    -4.455E-7                -5791705.149221571-6920050.836550995i             1.226940454107731E7
0                         4.4632653061224485E-7    -4.2731632653061225E-7   -5806857.143201559-6828399.29758148i              1.2443614549514988E7
0                         4.4632653061224485E-7    -4.091326530612245E-7    -5826646.854760517-6779816.253420308i             1.2370249685807327E7
0                         4.4632653061224485E-7    -3.9094897959183674E-7   -5845590.449748971-6694398.012709918i             1.2270897637961596E7
0                         4.4632653061224485E-7    -3.72765306122449E-7     -5918770.710771609-6619098.462049615i             1.2200754222693361E7
0                         4.4632653061224485E-7    -3.545816326530612E-7    -5903996.333138341-6430089.161661265i             1.2049874442158941E7
0                         4.4632653061224485E-7    -3.3639795918367346E-7   -5876566.274610546-6225395.250718084i             1.1872826712442484E7
0                         4.4632653061224485E-7    -3.1821428571428575E-7   -5901105.404229875-5963961.592182809i             1.166502430883226E7
0                         4.4632653061224485E-7    -3.0003061224489794E-7   -5893702.1556829605-5704473.71612536i             1.1266240250878328E7
0                         4.4632653061224485E-7    -2.8184693877551024E-7   -5900028.960365056-5383819.773759703i             1.1019675543825734E7
0                         4.4632653061224485E-7    -2.636632653061224E-7    -5771755.525678735-5000111.041898485i             1.0584224660286805E7
0                         4.4632653061224485E-7    -2.454795918367347E-7    -5746127.243148433-4566309.827795434i             1.0326950762260713E7
0                         4.4632653061224485E-7    -2.2729591836734696E-7   -5566416.544406049-4180046.9024316706i            9923964.492660712
0                         4.4632653061224485E-7    -2.091122448979592E-7    -5373570.8376933-3783919.950625767i               9518411.362738086
0                         4.4632653061224485E-7    -1.9092857142857144E-7   -5060716.268166211-3276381.6148923915i            8909591.475918451
0                         4.4632653061224485E-7    -1.7274489795918368E-7   -4833651.938917324-2649871.6152071077i            8346029.120789358
0                         4.4632653061224485E-7    -1.5456122448979592E-7   -4491211.0029452-2201646.9433668847i              7926989.892038707
0                         4.4632653061224485E-7    -1.3637755102040816E-7   -4144557.2472368553-1743547.145723601i            7557385.852428182
0                         4.4632653061224485E-7    -1.181938775510204E-7    -3602385.475355257-1317146.0415452765i            6963637.756799574
0                         4.4632653061224485E-7    -1.0001020408163265E-7   -3114717.1896972177-996087.9026993888i            6715957.599451007
0                         4.4632653061224485E-7    -8.182653061224489E-8    -2572028.405201842-706793.7041459131i             6633395.93171863
0                         4.4632653061224485E-7    -6.364285714285713E-8    -2094806.8219858296-465232.88302609016i           6580850.970033202
0                         4.4632653061224485E-7    -4.545918367346937E-8    -1609617.9770953327-229208.63360956078i           6631539.59218899
0                         4.4632653061224485E-7    -2.7275510204081612E-8   -888310.4344548619-183908.86972034423i            6239888.285820618
0                         4.4632653061224485E-7    -9.091836734693906E-9    -238815.71052612306-132643.5984038877i            6086473.565973126
0                         4.4632653061224485E-7    9.091836734693853E-9     254485.789589517+43868.50564825567i               6136221.394750874
0                         4.4632653061224485E-7    2.7275510204081612E-8    901891.5788802851+154829.6607867484i              6302940.31041017
0                         4.4632653061224485E-7    4.5459183673469424E-8    1567848.753027572+321305.91655533307i             6481999.906472453
0                         4.4632653061224485E-7    6.364285714285713E-8     2121259.283776163+420342.5859708137i              6538796.467436934
0                         4.4632653061224485E-7    8.182653061224494E-8     2669211.1273099645+705864.2917120268i             6552104.763620827
0                         4.4632653061224485E-7    1.0001020408163265E-7    3221099.461233889+990984.1299896141i              6687378.535403507
0                         4.4632653061224485E-7    1.1819387755102046E-7    3660728.9002649845+1350262.0099241924i            7042594.413825886
0                         4.4632653061224485E-7    1.3637755102040816E-7    4045683.8220526483+1696576.986387046i             7441797.066178442
0                         4.4632653061224485E-7    1.5456122448979587E-7    4556728.9974799445+2202628.8083077734i            7963515.296969138
0                         4.4632653061224485E-7    1.7274489795918368E-7    4843702.773038395+2619280.844151691i              8403636.065111132
0                         4.4632653061224485E-7    1.909285714285714E-7     5193386.39137074+3247240.6647268534i              8902294.83745758
0                         4.4632653061224485E-7    2.091122448979592E-7     5454158.011554953+3660635.506337149i              9478955.912836993
0                         4.4632653061224485E-7    2.272959183673469E-7     5647212.297865567+4129469.280509051i              9899177.815157149
0                         4.4632653061224485E-7    2.454795918367347E-7     5752307.455544792+4506583.440155119i              1.0225815486507911E7
0                         4.4632653061224485E-7    2.636632653061224E-7     5825219.106055856+4941226.939885765i              1.0593511805590937E7
0                         4.4632653061224485E-7    2.8184693877551024E-7    5850519.516149673+5328400.351406616i              1.094985043061493E7
0                         4.4632653061224485E-7    3.0003061224489794E-7    5890517.825606488+5657874.056101179i              1.128210356806104E7
0                         4.4632653061224485E-7    3.1821428571428575E-7    5892713.487451007+5950374.989504827i              1.1574511173430737E7
0                         4.4632653061224485E-7    3.3639795918367346E-7    5842245.786990678+6283792.041183779i              1.1863026952169789E7
0                         4.4632653061224485E-7    3.5458163265306127E-7    5878324.131997397+6446191.4535314385i             1.2042657282091057E7
0                         4.4632653061224485E-7    3.72765306122449E-7      5900606.911141606+6591430.141355923i              1.2195112011628529E7
0                         4.4632653061224485E-7    3.909489795918368E-7     5831861.162713845+6722933.023145601i              1.22812967448454E7
0                         4.4632653061224485E-7    4.091326530612245E-7     5826582.030513445+6797521.063045509i              1.2394389279247332E7
0                         4.4632653061224485E-7    4.273163265306122E-7     5820426.039399381+6834891.602106579i              1.2480795752447695E7
0                         4.4632653061224485E-7    4.455E-7                 5791705.149221593+6920050.8365509715i             1.2270437806709886E7
0                         4.6285714285714283E-7    -4.455E-7                -6007396.757923699-6235713.176452637i             1.2013234844349276E7
0                         4.6285714285714283E-7    -4.2731632653061225E-7   -6012412.2323996015-6219986.828764136i            1.211008933219025E7
0                         4.6285714285714283E-7    -4.091326530612245E-7    -6032051.082948773-6174723.072032297i             1.2035733980204843E7
0                         4.6285714285714283E-7    -3.9094897959183674E-7   -6086869.8365521-6123829.547794212i               1.197230238465629E7
0                         4.6285714285714283E-7    -3.72765306122449E-7     -6079566.932632433-5960125.733581842i             1.1854365253865419E7
0                         4.6285714285714283E-7    -3.545816326530612E-7    -6059608.347818242-5780737.308814637i             1.171032353787448E7
0                         4.6285714285714283E-7    -3.3639795918367346E-7   -6026994.082109529-5585664.2734926i               1.1540804610470979E7
0                         4.6285714285714283E-7    -3.1821428571428575E-7   -5981724.135506289-5374906.6276157275i            1.1346677307814922E7
0                         4.6285714285714283E-7    -3.0003061224489794E-7   -5955191.587260683-5132489.383462275i             1.1011267754325699E7
0                         4.6285714285714283E-7    -2.8184693877551024E-7   -5911235.56361205-4792878.506752368i              1.0699505530410565E7
0                         4.6285714285714283E-7    -2.636632653061224E-7    -5768481.281080782-4425171.241542976i             1.0267055954676704E7
0                         4.6285714285714283E-7    -2.454795918367347E-7    -5699360.005610798-4107749.1091218153i            1.0069966096709792E7
0                         4.6285714285714283E-7    -2.2729591836734696E-7   -5477302.056551156-3663525.092430486i             9526230.387189481
0                         4.6285714285714283E-7    -2.091122448979592E-7    -5276711.649578102-3320975.6986282803i            9141943.934946882
0                         4.6285714285714283E-7    -1.9092857142857144E-7   -5064296.125576415-2969721.2949332306i            8756200.040782562
0                         4.6285714285714283E-7    -1.7274489795918368E-7   -4696235.970532551-2587633.9461471345i            8287431.284244965
0                         4.6285714285714283E-7    -1.5456122448979592E-7   -4452139.834056883-2205238.4310419876i            7891816.248459206
0                         4.6285714285714283E-7    -1.3637755102040816E-7   -4001651.9257018557-1761883.0336852146i           7410285.737908186
0                         4.6285714285714283E-7    -1.181938775510204E-7    -3601929.848015758-1351212.8980808314i            6916382.313070763
0                         4.6285714285714283E-7    -1.0001020408163265E-7   -3089701.2529862006-1003115.689079402i            6489424.187871715
0                         4.6285714285714283E-7    -8.182653061224489E-8    -2538478.027473467-707906.7494052424i             6351199.441577808
0                         4.6285714285714283E-7    -6.364285714285713E-8    -2052770.9677613731-491220.93966239586i           6274073.744971021
0                         4.6285714285714283E-7    -4.545918367346937E-8    -1388433.5227102796-382242.4152157254i            5969428.831707133
0                         4.6285714285714283E-7    -2.7275510204081612E-8   -749867.2259542495-260224.75737321097i            5789262.124642459
0                         4.6285714285714283E-7    -9.091836734693906E-9    -251424.5656895028-103271.99146708392i            5737008.479256859
0                         4.6285714285714283E-7    9.091836734693853E-9     246658.8290737732+51232.096349786385i             5788139.43506269
0                         4.6285714285714283E-7    2.7275510204081612E-8    754342.4873806821+209549.36682945304i             5857414.104094292
0                         4.6285714285714283E-7    4.5459183673469424E-8    1434851.0191189256+349465.1052629644i             6032585.206378957
0                         4.6285714285714283E-7    6.364285714285713E-8     2048542.7717641185+470696.1012340965i             6226177.156802666
0                         4.6285714285714283E-7    8.182653061224494E-8     2615695.5048065535+727028.3364320658i             6271271.2760768095
0                         4.6285714285714283E-7    1.0001020408163265E-7    3161987.0483594444+1031193.5796423213i            6522428.552341324
0                         4.6285714285714283E-7    1.1819387755102046E-7    3566266.404783768+1352651.2272871013i             6885244.331061701
0                         4.6285714285714283E-7    1.3637755102040816E-7    3959553.808225402+1673258.1949469983i             7292479.678343592
0                         4.6285714285714283E-7    1.5456122448979587E-7    4406035.404728863+2086261.8343901357i             7779004.879947901
0                         4.6285714285714283E-7    1.7274489795918368E-7    4810462.493704774+2473300.916279408i              8241225.6850687405
0                         4.6285714285714283E-7    1.909285714285714E-7     5077491.5805246215+2859251.200726536i             8715247.018270228
0                         4.6285714285714283E-7    2.091122448979592E-7     5421678.488382067+3445231.926168525i              9224877.032919534
0                         4.6285714285714283E-7    2.272959183673469E-7     5670009.394672787+3738263.0163334245i             9720747.185193673
0                         4.6285714285714283E-7    2.454795918367347E-7     5783192.470346017+4093491.9156864854i             1.003840382582972E7
0                         4.6285714285714283E-7    2.636632653061224E-7     5887275.863220811+4437228.504707153i              1.0347954085821781E7
0                         4.6285714285714283E-7    2.8184693877551024E-7    5908642.542107014+4788957.190620743i              1.06752860339566E7
0                         4.6285714285714283E-7    3.0003061224489794E-7    5966670.294531651+5122993.5932514565i             1.097828089693189E7
0                         4.6285714285714283E-7    3.1821428571428575E-7    5930273.602753653+5355916.195662724i              1.1219593110723723E7
0                         4.6285714285714283E-7    3.3639795918367346E-7    6020414.928419653+5676180.67955759i               1.1556612049888285E7
0                         4.6285714285714283E-7    3.5458163265306127E-7    6060484.396611982+5829584.514148212i              1.1729305560150333E7
0                         4.6285714285714283E-7    3.72765306122449E-7      6086758.298941796+5965827.624215654i              1.1875370140470348E7
0                         4.6285714285714283E-7    3.909489795918368E-7     6099236.635409097+6084910.009759922i              1.1993997968766151E7
0                         4.6285714285714283E-7    4.091326530612245E-7     6034863.98169966+6187539.548745089i               1.206255927319698E7
0                         4.6285714285714283E-7    4.273163265306122E-7     6028527.818406752+6221944.383405218i              1.2147846520241648E7
0                         4.6285714285714283E-7    4.455E-7                 6007396.75792372+6235713.17645261i                1.2013698026045093E7
0                         4.793877551020408E-7     -4.455E-7                -6223088.366625821-5551375.51635428i              1.1836876333487486E7
0                         4.793877551020408E-7     -4.2731632653061225E-7   -6217967.321597647-5611574.359946791i             1.1841819889752759E7
0                         4.793877551020408E-7     -4.091326530612245E-7    -6237455.311137027-5569629.890644284i             1.176514555976923E7
0                         4.793877551020408E-7     -3.9094897959183674E-7   -6252850.265593842-5455235.943705295i             1.1686091939410627E7
0                         4.793877551020408E-7     -3.72765306122449E-7     -6240363.154493255-5301153.005114072i             1.1571067183291122E7
0                         4.793877551020408E-7     -3.545816326530612E-7    -6215220.362498146-5131385.455968013i             1.1430953567174438E7
0                         4.793877551020408E-7     -3.3639795918367346E-7   -6177421.88960851-4945933.29626712i               1.126636435624606E7
0                         4.793877551020408E-7     -3.1821428571428575E-7   -6164831.284325288-4747941.377519714i             1.1050111907347256E7
0                         4.793877551020408E-7     -3.0003061224489794E-7   -6016681.018838399-4560505.050799189i             1.08143801002633E7
0                         4.793877551020408E-7     -2.8184693877551024E-7   -5922442.166859049-4201937.239745041i             1.0428636842384867E7
0                         4.793877551020408E-7     -2.636632653061224E-7    -5878457.361107538-3920647.1964894724i            1.0137789655852389E7
0                         4.793877551020408E-7     -2.454795918367347E-7    -5693549.692120264-3619308.155949892i             9774759.47966274
0                         4.793877551020408E-7     -2.2729591836734696E-7   -5496816.9061043495-3309264.105517464i            9401992.861904345
0                         4.793877551020408E-7     -2.091122448979592E-7    -5288259.003059801-2990515.0451921914i            9022822.20149586
0                         4.793877551020408E-7     -1.9092857142857144E-7   -5067875.982986618-2663060.97497407i              8641458.23540706
0                         4.793877551020408E-7     -1.7274489795918368E-7   -4757161.3548969915-2278539.174708072i            8220592.294719542
0                         4.793877551020408E-7     -1.5456122448979592E-7   -4460602.664632198-1964282.143840261i             7790881.412338764
0                         4.793877551020408E-7     -1.3637755102040816E-7   -3956665.365378372-1787118.628916787i             7401348.75639876
0                         4.793877551020408E-7     -1.181938775510204E-7    -3547284.3906641523-1403776.3042875845i           6895204.616917229
0                         4.793877551020408E-7     -1.0001020408163265E-7   -3064685.3162751817-1010143.4754594145i           6311258.218958236
0                         4.793877551020408E-7     -8.182653061224489E-8    -2550141.4351452347-739703.8915998889i            6100486.898112333
0                         4.793877551020408E-7     -6.364285714285713E-8    -1906676.8771071574-533237.1426721973i            5891550.426139936
0                         4.793877551020408E-7     -4.545918367346937E-8    -1230840.5956092493-427250.2997846961i            5569667.186434288
0                         4.793877551020408E-7     -2.7275510204081612E-8   -767257.9757652648-208845.1342011355i             5485912.912231437
0                         4.793877551020408E-7     -9.091836734693906E-9    -264033.42085288203-73900.38453028165i            5428918.567167091
0                         4.793877551020408E-7     9.091836734693853E-9     238831.8685580299+58595.687051315035i             5481087.178763798
0                         4.793877551020408E-7     2.7275510204081612E-8    741337.8924674697+188643.08054365564i             5639565.233846401
0                         4.793877551020408E-7     4.5459183673469424E-8    1234494.4498197066+362543.6301726768i             5609831.4913029
0                         4.793877551020408E-7     6.364285714285713E-8     1975826.2597520736+521049.61649738287i            5974598.649039688
0                         4.793877551020408E-7     8.182653061224494E-8     2635588.2801632746+762690.4869814813i             6079439.07593454
0                         4.793877551020408E-7     1.0001020408163265E-7    3059192.0712242564+1059290.8058081842i            6394466.064858566
0                         4.793877551020408E-7     1.1819387755102046E-7    3471803.9093025504+1355040.4446500074i            6767939.018332721
0                         4.793877551020408E-7     1.3637755102040816E-7    3873423.7943981574+1649939.4035069505i            7184133.154114738
0                         4.793877551020408E-7     1.5456122448979587E-7    4264051.726511075+1943987.6823790097i             7630056.905148954
0                         4.793877551020408E-7     1.7274489795918368E-7    4672896.029612738+2331086.7009074315i             8097047.130088046
0                         4.793877551020408E-7     1.909285714285714E-7     4961596.76967851+2471261.7367262198i              8581923.898744939
0                         4.793877551020408E-7     2.091122448979592E-7     5326175.255059524+3032943.344642935i              9079636.134266008
0                         4.793877551020408E-7     2.272959183673469E-7     5529772.125314024+3377540.6184634767i             9422960.729839982
0                         4.793877551020408E-7     2.454795918367347E-7     5720177.036561858+3712659.1430849475i             9807526.944866037
0                         4.793877551020408E-7     2.636632653061224E-7     5926248.796016045+4002251.7199455146i             1.019697650049229E7
0                         4.793877551020408E-7     2.8184693877551024E-7    5966765.568064355+4249514.02983487i               1.045008958491342E7
0                         4.793877551020408E-7     3.0003061224489794E-7    6042822.763456811+4588113.130401735i              1.0721801423115471E7
0                         4.793877551020408E-7     3.1821428571428575E-7    6140727.91260818+4907000.336574649i               1.1112450452463204E7
0                         4.793877551020408E-7     3.3639795918367346E-7    6198584.069848627+5068569.317931406i              1.1305217200843796E7
0                         4.793877551020408E-7     3.5458163265306127E-7    6242644.661226564+5212977.574764986i              1.1473249528577939E7
0                         4.793877551020408E-7     3.72765306122449E-7      6272909.686741991+5340225.107075392i              1.1615494220824013E7
0                         4.793877551020408E-7     3.909489795918368E-7     6289379.1463949+5450311.914862618i                1.173115586346326E7
0                         4.793877551020408E-7     4.091326530612245E-7     6292053.040185295+5543237.998126666i              1.181966379562881E7
0                         4.793877551020408E-7     4.273163265306122E-7     6236629.597414128+5608997.164703861i              1.187892811577394E7
0                         4.793877551020408E-7     4.455E-7                 6223088.366625844+5551375.516354251i              1.1837130403207198E7
0                         4.959183673469387E-7     -4.455E-7                -6438779.975327946-4867037.856255925i             1.1741273997059522E7
0                         4.959183673469387E-7     -4.2731632653061225E-7   -6445419.697451211-4947432.0050677685i            1.173558137369896E7
0                         4.959183673469387E-7     -4.091326530612245E-7    -6423846.33202256-4915419.792031625i              1.1560930071796754E7
0                         4.959183673469387E-7     -3.9094897959183674E-7   -6418830.6946355775-4786642.339616378i            1.1469508348131593E7
0                         4.959183673469387E-7     -3.72765306122449E-7     -6401159.376354077-4642180.276646303i             1.1354019207718328E7
0                         4.959183673469387E-7     -3.545816326530612E-7    -6370832.377178048-4482033.603121389i             1.1214797632337637E7
0                         4.959183673469387E-7     -3.3639795918367346E-7   -6355267.984653915-4362742.135211486i             1.1219823839700103E7
0                         4.959183673469387E-7     -3.1821428571428575E-7   -6279780.787427399-4215784.755277611i             1.1005733986592084E7
0                         4.959183673469387E-7     -3.0003061224489794E-7   -6078170.450416118-3988520.7181361043i            1.0678020869476788E7
0                         4.959183673469387E-7     -2.8184693877551024E-7   -6064110.198608449-3747331.982418199i             1.0410916418389965E7
0                         4.959183673469387E-7     -2.636632653061224E-7    -5913907.202803723-3518785.54262259i              1.0056439583535971E7
0                         4.959183673469387E-7     -2.454795918367347E-7    -5721032.037744949-3241246.8355599395i            9694817.987595644
0                         4.959183673469387E-7     -2.2729591836734696E-7   -5516331.7556575425-2955003.1186044435i           9323277.651229145
0                         4.959183673469387E-7     -2.091122448979592E-7    -5299806.3565415-2660054.391756101i               8945155.224455778
0                         4.959183673469387E-7     -1.9092857142857144E-7   -5071455.840396818-2356400.6550149135i            8564671.731727082
0                         4.959183673469387E-7     -1.7274489795918368E-7   -4676189.717443556-2249364.7727595214i            8083144.621237983
0                         4.959183673469387E-7     -1.5456122448979592E-7   -4350876.2908797115-1973417.6281035258i           7675573.436483724
0                         4.959183673469387E-7     -1.3637755102040816E-7   -3976882.403292584-1796564.3226831488i            7232149.771402232
0                         4.959183673469387E-7     -1.181938775510204E-7    -3575166.391631945-1125318.790166789i             6748823.550694138
0                         4.959183673469387E-7     -1.0001020408163265E-7   -3039669.379564166-1017171.2618394283i            6180032.626077675
0                         4.959183673469387E-7     -8.182653061224489E-8    -2512823.0208627684-772967.6004184348i            5943845.314804564
0                         4.959183673469387E-7     -6.364285714285713E-8    -1766062.958105084-552951.1621576608i             5564065.47383466
0                         4.959183673469387E-7     -4.545918367346937E-8    -1293014.4406377724-272850.92255389725i           5402763.149162551
0                         4.959183673469387E-7     -2.7275510204081612E-8   -784648.7255762802-157465.51102906i               5226456.984459494
0                         4.959183673469387E-7     -9.091836734693906E-9    -273679.87983447086-49100.05943660939i            5162674.901973125
0                         4.959183673469387E-7     9.091836734693853E-9     286881.48030996503+94784.54320169392i             5225165.098077157
0                         4.959183673469387E-7     2.7275510204081612E-8    848779.2839420922+236374.45096825185i             5410253.785310181
0                         4.959183673469387E-7     4.5459183673469424E-8    1421615.7061662995+354450.8813586042i             5429145.443417722
0                         4.959183673469387E-7     6.364285714285713E-8     1822522.855223061+612350.7085506236i              5587445.9087872105
0                         4.959183673469387E-7     8.182653061224494E-8     2524460.8213741137+816495.7219502996i             5980370.905803402
0                         4.959183673469387E-7     1.0001020408163265E-7    2956397.0940890675+1087388.0319740477i            6305638.394671521
0                         4.959183673469387E-7     1.1819387755102046E-7    3377341.4138213354+1357429.6620129163i            6689315.915208924
0                         4.959183673469387E-7     1.3637755102040816E-7    3787293.7805709112+1626620.6120669027i            7115262.110540872
0                         4.959183673469387E-7     1.5456122448979587E-7    4186254.1943377997+1894960.8821360078i            7570275.997528308
0                         4.959183673469387E-7     1.7274489795918368E-7    4535329.565520698+2188872.485535456i              7995898.493580129
0                         4.959183673469387E-7     1.909285714285714E-7     4952194.372177097+2519395.181283824i              8478988.760907058
0                         4.959183673469387E-7     2.091122448979592E-7     5220977.111404822+2597935.6954366923i             8855560.739858042
0                         4.959183673469387E-7     2.272959183673469E-7     5439207.44881081+2924403.67525037i                9253521.65544818
0                         4.959183673469387E-7     2.454795918367347E-7     5646890.757316299+3239337.719689242i              9642387.72028005
0                         4.959183673469387E-7     2.636632653061224E-7     5844027.0369212795+3542737.8287533056i            1.0018743288376618E7
0                         4.959183673469387E-7     2.8184693877551024E-7    6076381.274875644+3855748.69328614i               1.0388018260154687E7
0                         4.959183673469387E-7     3.0003061224489794E-7    6047514.393001852+3993479.798887005i              1.0486600867822671E7
0                         4.959183673469387E-7     3.1821428571428575E-7    6314905.93085155+4308384.552705506i               1.0921590288209211E7
0                         4.959183673469387E-7     3.3639795918367346E-7    6376753.211277602+4460957.956305218i              1.1110907553914877E7
0                         4.959183673469387E-7     3.5458163265306127E-7    6424804.925841147+4596370.63538176i               1.1276634853508823E7
0                         4.959183673469387E-7     3.72765306122449E-7      6459061.074542181+4714622.589935126i              1.1417725429168625E7
0                         4.959183673469387E-7     3.909489795918368E-7     6479521.657380696+4815713.819965313i              1.1533408865672804E7
0                         4.959183673469387E-7     4.091326530612245E-7     6486186.674356703+4899644.325472321i              1.162315782453523E7
0                         4.959183673469387E-7     4.273163265306122E-7     6444731.3764215+4996049.946002498i                1.1677466502132427E7
0                         4.959183673469387E-7     4.455E-7                 6438779.975327967+4867037.856255895i              1.1741694162576027E7
0                         5.124489795918367E-7     -4.455E-7                -6654471.584030072-4182700.196157565i             1.1726040211731335E7
0                         5.124489795918367E-7     -4.2731632653061225E-7   -6613646.920652749-4151143.1917429366i            1.1645572914810397E7
0                         5.124489795918367E-7     -4.091326530612245E-7    -6589599.111607783-4074736.1820290145i            1.1580947936438493E7
0                         5.124489795918367E-7     -3.9094897959183674E-7   -6584811.123677322-4118048.7355274605i            1.1325245907871243E7
0                         5.124489795918367E-7     -3.72765306122449E-7     -6561955.5982149-3983207.548178527i               1.1205875337046556E7
0                         5.124489795918367E-7     -3.545816326530612E-7    -6526444.391857952-3832681.750274758i             1.1064469786257885E7
0                         5.124489795918367E-7     -3.3639795918367346E-7   -6475066.63954574-3819436.368664906i              1.1226038398232186E7
0                         5.124489795918367E-7     -3.1821428571428575E-7   -6394730.290529511-3683628.1330355057i            1.1009150075573597E7
0                         5.124489795918367E-7     -3.0003061224489794E-7   -6378581.645086594-3469688.914326829i             1.076309467449822E7
0                         5.124489795918367E-7     -2.8184693877551024E-7   -6138679.3511846755-3383293.2562299413i           1.0396732486824375E7
0                         5.124489795918367E-7     -2.636632653061224E-7    -5949357.044499908-3116923.888755706i             1.0029854789105456E7
0                         5.124489795918367E-7     -2.454795918367347E-7    -5740842.106861882-2590661.4006938427i            9642916.731815249
0                         5.124489795918367E-7     -2.2729591836734696E-7   -5495760.196215381-2412829.0377347805i            9245584.599421298
0                         5.124489795918367E-7     -2.091122448979592E-7    -5237015.646792101-2229327.4017854747i            8837548.975327875
0                         5.124489795918367E-7     -1.9092857142857144E-7   -4964608.458592051-2040156.4928459292i            8422258.727489792
0                         5.124489795918367E-7     -1.7274489795918368E-7   -4668122.345358976-1792671.1443001763i            8011084.318191147
0                         5.124489795918367E-7     -1.5456122448979592E-7   -4304628.95689847-1631268.930317722i              7551449.858676024
0                         5.124489795918367E-7     -1.3637755102040816E-7   -3925238.9372437308-1467950.7229448776i           7100412.503112713
0                         5.124489795918367E-7     -1.181938775510204E-7    -3529952.28639476-1302716.5221816322i             6669082.349353148
0                         5.124489795918367E-7     -1.0001020408163265E-7   -3089725.317852671-938255.6392295408i             6494575.644991115
0                         5.124489795918367E-7     -8.182653061224489E-8    -2536380.812025957-586184.2869128409i             5863101.845634095
0                         5.124489795918367E-7     -6.364285714285713E-8    -1982508.7167873406-430910.36191221606i           5544916.237845317
0                         5.124489795918367E-7     -4.545918367346937E-8    -1415184.6061460674-298656.0724289813i            5229344.548732824
0                         5.124489795918367E-7     -2.7275510204081612E-8   -846524.0520171038-168696.47781749i               5028196.859071701
0                         5.124489795918367E-7     -9.091836734693906E-9    -276527.05440045014-41031.578077745275i           4956668.668068899
0                         5.124489795918367E-7     9.091836734693853E-9     294806.38670389657+84338.62679025385i             5021538.292278501
0                         5.124489795918367E-7     2.7275510204081612E-8    867476.2712959362+207414.13678650607i             5218917.687378742
0                         5.124489795918367E-7     4.5459183673469424E-8    1459562.1475165798+310995.2587316013i             5239779.016427217
0                         5.124489795918367E-7     6.364285714285713E-8     2012734.8806416802+537309.3730674167i             5627999.461992473
0                         5.124489795918367E-7     8.182653061224494E-8     2460460.0438161646+685101.024165098i              5879138.768150936
0                         5.124489795918367E-7     1.0001020408163265E-7    2916191.205375081+865702.6713382857i              6221576.378079281
0                         5.124489795918367E-7     1.1819387755102046E-7    3362018.591447551+1044697.9926290752i             6620482.1976027815
0                         5.124489795918367E-7     1.3637755102040816E-7    3797942.2020335547+1222086.9880374563i            7059645.524617078
0                         5.124489795918367E-7     1.5456122448979587E-7    4223962.03713311+1397869.6575634417i              7526014.455711068
0                         5.124489795918367E-7     1.7274489795918368E-7    4667936.4767696485+1575455.692069449i             7994493.120802389
0                         5.124489795918367E-7     1.909285714285714E-7     5055327.066557244+1782312.2922844603i             8435616.731201112
0                         5.124489795918367E-7     2.091122448979592E-7     5308368.742899632+2152886.701287421i              8954227.950511055
0                         5.124489795918367E-7     2.272959183673469E-7     5471866.740843559+2556643.678363839i              9226219.25462972
0                         5.124489795918367E-7     2.454795918367347E-7     5684446.956925593+2758132.7786349365i             9594717.877649408
0                         5.124489795918367E-7     2.636632653061224E-7     5877602.984994232+2953492.620747898i              9945152.324541084
0                         5.124489795918367E-7     2.8184693877551024E-7    6051334.825049486+3142723.204702728i              1.0275439069090117E7
0                         5.124489795918367E-7     3.0003061224489794E-7    6577194.968011534+3609119.0441221073i             1.079797328917181E7
0                         5.124489795918367E-7     3.1821428571428575E-7    6379994.353387697+3426375.736364268i              1.0916832102869058E7
0                         5.124489795918367E-7     3.3639795918367346E-7    6440595.766727712+3582382.572152603i              1.1088559336565217E7
0                         5.124489795918367E-7     3.5458163265306127E-7    6494108.004641249+3721786.8440930257i             1.1241315661854144E7
0                         5.124489795918367E-7     3.72765306122449E-7      6540531.0671283+3844588.5521855247i               1.1374136037464192E7
0                         5.124489795918367E-7     3.909489795918368E-7     6579864.954188864+3950787.6964301076i             1.1486255083302388E7
0                         5.124489795918367E-7     4.091326530612245E-7     6612109.665822943+4040384.2768267635i             1.1577082260228598E7
0                         5.124489795918367E-7     4.273163265306122E-7     6637265.202030537+4113378.293375504i              1.1646182851660326E7
0                         5.124489795918367E-7     4.455E-7                 6654471.584030094+4182700.19615753i               1.172699849712797E7
0                         5.289795918367346E-7     -4.455E-7                -6870163.192732198-3498362.5360592096i            1.1789426979432633E7
0                         5.289795918367346E-7     -4.2731632653061225E-7   -6757062.861811776-3345970.6465815953i            1.1644370821814064E7
0                         5.289795918367346E-7     -4.091326530612245E-7    -6724769.83315948-3276287.416023093i              1.1573966646185674E7
0                         5.289795918367346E-7     -3.9094897959183674E-7   -6971894.988076118-3141853.712918906i             1.1643671236228112E7
0                         5.289795918367346E-7     -3.72765306122449E-7     -6911282.747941098-3112428.9738526596i            1.1556035261689002E7
0                         5.289795918367346E-7     -3.545816326530612E-7    -6797970.395136172-3059304.6904723877i            1.1397810255492909E7
0                         5.289795918367346E-7     -3.3639795918367346E-7   -6702217.15020242-2972438.4634673917i             1.1187906424512614E7
0                         5.289795918367346E-7     -3.1821428571428575E-7   -6591272.327231032-2878398.806810469i             1.0953893688221704E7
0                         5.289795918367346E-7     -3.0003061224489794E-7   -6465135.926222003-2777185.720501612i             1.0696888078254124E7
0                         5.289795918367346E-7     -2.8184693877551024E-7   -6226437.8479644945-2455811.7497426653i           1.030988494811585E7
0                         5.289795918367346E-7     -2.636632653061224E-7    -5991527.174676447-2298822.6078851465i            1.002085320809017E7
0                         5.289795918367346E-7     -2.454795918367347E-7    -5756724.526452089-2138650.2021031547i            9628463.681099776
0                         5.289795918367346E-7     -2.2729591836734696E-7   -5508259.239450952-1972808.52333092i              9223821.150671277
0                         5.289795918367346E-7     -2.091122448979592E-7    -5246131.31367304-1801297.5715684425i             8809609.764883965
0                         5.289795918367346E-7     -1.9092857142857144E-7   -4970340.749118347-1624117.3468157193i            8389325.768814268
0                         5.289795918367346E-7     -1.7274489795918368E-7   -4627271.143445347-1436987.3484668506i            7932577.246463747
0                         5.289795918367346E-7     -1.5456122448979592E-7   -4258381.62291723-1289120.2325319226i             7462215.863254527
0                         5.289795918367346E-7     -1.3637755102040816E-7   -3844317.7096023816-1023636.8101955911i           7135561.3929916285
0                         5.289795918367346E-7     -1.181938775510204E-7    -3415023.503687673-841508.1774785763i             6739907.032232999
0                         5.289795918367346E-7     -1.0001020408163265E-7   -2980339.527782899-723182.6548522221i             6363311.443918872
0                         5.289795918367346E-7     -8.182653061224489E-8    -2565852.33425301-695333.2444211104i              5949143.136837116
0                         5.289795918367346E-7     -6.364285714285713E-8    -1855381.818644808-501603.04214329435i            5456098.536351036
0                         5.289795918367346E-7     -4.545918367346937E-8    -1345518.856953993-354841.08647195774i            5119275.7638723105
0                         5.289795918367346E-7     -2.7275510204081612E-8   -831799.5807143181-208683.10668490286i            4894160.927092956
0                         5.289795918367346E-7     -9.091836734693906E-9    -314223.98992578284-63129.10278213286i            4799527.809340681
0                         5.289795918367346E-7     9.091836734693853E-9     302731.2930978286+73892.71037881309i              4858943.471960879
0                         5.289795918367346E-7     2.7275510204081612E-8    886173.2586497801+178453.82260476027i             5070191.483981831
0                         5.289795918367346E-7     4.5459183673469424E-8    1453974.4649266824+356291.7975455695i             5199623.421879661
0                         5.289795918367346E-7     6.364285714285713E-8     1953696.0587384538+430143.3313171449i             5471800.136404052
0                         5.289795918367346E-7     8.182653061224494E-8     2415615.4783074707+514941.2783796058i             5803380.986831918
0                         5.289795918367346E-7     1.0001020408163265E-7    2878098.580817248+680196.6097189514i              6159308.346141252
0                         5.289795918367346E-7     1.1819387755102046E-7    3330677.907840575+843845.6151758953i              6574293.068267628
0                         5.289795918367346E-7     1.3637755102040816E-7    3773353.4593774416+1005888.2947504355i            7031242.22582074
0                         5.289795918367346E-7     1.5456122448979587E-7    4206125.235427853+1166324.648442571i              7516516.638058204
0                         5.289795918367346E-7     1.7274489795918368E-7    4648428.952780113+1339409.322043305i              7987533.0081277825
0                         5.289795918367346E-7     1.909285714285714E-7     5043256.572416262+1530091.5101999042i             8441323.992840791
0                         5.289795918367346E-7     2.091122448979592E-7     5297330.326321184+1770136.3463073554i             8910668.790850544
0                         5.289795918367346E-7     2.272959183673469E-7     5554230.482361177+2005715.3949773256i             9232162.647507353
0                         5.289795918367346E-7     2.454795918367347E-7     5769661.948942231+2195540.6039793743i             9602808.185932143
0                         5.289795918367346E-7     2.636632653061224E-7     5965669.227509904+2379236.5548232906i             9956320.134575436
0                         5.289795918367346E-7     2.8184693877551024E-7    6178137.57916438+2622438.0313698775i              1.024783628344011E7
0                         5.289795918367346E-7     3.0003061224489794E-7    6347340.111559445+2785010.0535828248i             1.0554888777585559E7
0                         5.289795918367346E-7     3.1821428571428575E-7    6658200.826326843+3014010.6876304727i             1.1149955099508727E7
0                         5.289795918367346E-7     3.3639795918367346E-7    6760338.063796015+3056356.873874848i              1.1300019509253357E7
0                         5.289795918367346E-7     3.5458163265306127E-7    6847191.733647184+3093129.958723478i              1.1431509980707867E7
0                         5.289795918367346E-7     3.72765306122449E-7      6918761.83588034+3124329.942176367i               1.1543792260776019E7
0                         5.289795918367346E-7     3.909489795918368E-7     6975048.370495485+3149956.824233514i              1.1636369293648489E7
0                         5.289795918367346E-7     4.091326530612245E-7     7016051.3374926215+3170010.6048949193i            1.1708866412042977E7
0                         5.289795918367346E-7     4.273163265306122E-7     6786833.5471503+3305531.2724602204i               1.1647031630774045E7
0                         5.289795918367346E-7     4.455E-7                 6870163.19273222+3498362.5360591714i              1.1791274535526164E7
0                         5.455102040816326E-7     -4.455E-7                -7071312.969345749-2628406.4087750283i            1.1895287606348583E7
0                         5.455102040816326E-7     -4.2731632653061225E-7   -7060983.066349442-2618781.97206681i              1.186251785257444E7
0                         5.455102040816326E-7     -4.091326530612245E-7    -7033732.306711752-2603036.0240107346i            1.1811251664002677E7
0                         5.455102040816326E-7     -3.9094897959183674E-7   -6981023.917731908-2596034.032608172i             1.1766260529444305E7
0                         5.455102040816326E-7     -3.72765306122449E-7     -6913732.186806582-2525877.186155907i             1.160175281469423E7
0                         5.455102040816326E-7     -3.545816326530612E-7    -6831248.877843618-2448546.91005171i              1.141267946124257E7
0                         5.455102040816326E-7     -3.3639795918367346E-7   -6733573.990843022-2364043.204295578i             1.1199728536364863E7
0                         5.455102040816326E-7     -3.1821428571428575E-7   -6620707.525804786-2272366.0688875215i            1.0963821933331663E7
0                         5.455102040816326E-7     -3.0003061224489794E-7   -6474515.346894702-2098448.36423439i              1.0693852273190252E7
0                         5.455102040816326E-7     -2.8184693877551024E-7   -6250686.630233127-1983025.1767242092i            1.035370890221046E7
0                         5.455102040816326E-7     -2.636632653061224E-7    -6010792.9706212925-1834820.7251076328i           1.007326979892406E7
0                         5.455102040816326E-7     -2.454795918367347E-7    -5772606.946042299-1686639.0035124687i            9668575.649809573
0                         5.455102040816326E-7     -2.2729591836734696E-7   -5520758.282686526-1532788.0089270608i            9253037.295285875
0                         5.455102040816326E-7     -2.091122448979592E-7    -5255246.980553974-1373267.741351407i             8829381.337039828
0                         5.455102040816326E-7     -1.9092857142857144E-7   -4944808.962933214-1213719.5771305338i            8376588.275958362
0                         5.455102040816326E-7     -1.7274489795918368E-7   -4586419.94153172-1081303.5526335274i             7891039.784031484
0                         5.455102040816326E-7     -1.5456122448979592E-7   -4168560.3590553375-876088.464617745i             7496518.033453684
0                         5.455102040816326E-7     -1.3637755102040816E-7   -3744796.0592052434-710703.8167078553i            7070541.438019496
0                         5.455102040816326E-7     -1.181938775510204E-7    -3365993.2355209664-561759.9500525522i            6703982.233126089
0                         5.455102040816326E-7     -1.0001020408163265E-7   -2927500.519101776-545975.4528802246i             6290694.161513271
0                         5.455102040816326E-7     -8.182653061224489E-8    -2506091.110261035-525225.8746636125i             5856648.035520539
0                         5.455102040816326E-7     -6.364285714285713E-8    -2015999.7910388275-457465.27456811076i           5458597.05064412
0                         5.455102040816326E-7     -4.545918367346937E-8    -1344909.8004005316-281495.86999720713i           5053252.717933337
0                         5.455102040816326E-7     -2.7275510204081612E-8   -824909.2255454266-155468.99230284616i            4817838.766324752
0                         5.455102040816326E-7     -9.091836734693906E-9    -301052.3361414621-30046.090492769028i            4720041.292582191
0                         5.455102040816326E-7     9.091836734693853E-9     226660.8678113637+94772.83543302817i              4771469.131009067
0                         5.455102040816326E-7     2.7275510204081612E-8    799188.1365127068+142565.60398876356i             4846233.432137196
0                         5.455102040816326E-7     4.5459183673469424E-8    1308012.2777891606+181345.63805493346i            5019404.026911966
0                         5.455102040816326E-7     6.364285714285713E-8     1894657.2368352239+322977.28956687334i            5346576.384446793
0                         5.455102040816326E-7     8.182653061224494E-8     2394784.2834140537+382345.95940120914i            5706932.121300512
0                         5.455102040816326E-7     1.0001020408163265E-7    2840005.956259416+494690.54809961683i             6129642.248095714
0                         5.455102040816326E-7     1.1819387755102046E-7    3299337.2242336012+642993.2377227148i             6562792.718487678
0                         5.455102040816326E-7     1.3637755102040816E-7    3748764.716721326+789689.6014634097i              7040113.665751161
0                         5.455102040816326E-7     1.5456122448979587E-7    4188288.433722597+934779.6393217031i              7547289.554330223
0                         5.455102040816326E-7     1.7274489795918368E-7    4628921.428790575+1103362.952017156i              8023584.153094537
0                         5.455102040816326E-7     1.909285714285714E-7     4942231.95588492+1317644.5113658055i              8500357.52960448
0                         5.455102040816326E-7     2.091122448979592E-7     5286291.909742737+1387385.9913272923i             8914805.59964315
0                         5.455102040816326E-7     2.272959183673469E-7     5612261.926050963+1457239.9164514337i             9317937.287488265
0                         5.455102040816326E-7     2.454795918367347E-7     5854876.94095888+1632948.4293238185i              9671383.856725678
0                         5.455102040816326E-7     2.636632653061224E-7     6049198.0491353925+1860630.7639789418i            9983585.66635702
0                         5.455102040816326E-7     2.8184693877551024E-7    6237666.923235106+2035992.942310072i              1.0302561050451765E7
0                         5.455102040816326E-7     3.0003061224489794E-7    6409733.17149648+2183770.9445058685i              1.0608745572966421E7
0                         5.455102040816326E-7     3.1821428571428575E-7    6533218.677577189+2300542.253917516i              1.086592997540218E7
0                         5.455102040816326E-7     3.3639795918367346E-7    6703627.6956525+2409449.53489245i                 1.1105993320861017E7
0                         5.455102040816326E-7     3.5458163265306127E-7    6861950.342900488+2535740.3793066326i             1.1530234592201421E7
0                         5.455102040816326E-7     3.72765306122449E-7      6934390.003425562+2565419.7879917934i             1.1641479510494081E7
0                         5.455102040816326E-7     3.909489795918368E-7     6991546.096332627+2589526.0952812103i             1.1733950271301398E7
0                         5.455102040816326E-7     4.091326530612245E-7     7033418.621621679+2608059.3011748865i             1.1807262276107082E7
0                         5.455102040816326E-7     4.273163265306122E-7     7060007.579292724+2621019.40567282i               1.186115070506354E7
0                         5.455102040816326E-7     4.455E-7                 7071312.969345759+2628406.408775013i              1.189546254468502E7
0                         5.620408163265306E-7     -4.455E-7                -7090419.37005864-2063413.9555195344i             1.2064401864967111E7
0                         5.620408163265306E-7     -4.2731632653061225E-7   -7079609.234276889-2055225.287125777i             1.2028478465256771E7
0                         5.620408163265306E-7     -4.091326530612245E-7    -7072167.479527585-2041172.1052412295i            1.2008143266080886E7
0                         5.620408163265306E-7     -3.9094897959183674E-7   -7018145.6845730515-1980551.209689761i            1.1861715138214678E7
0                         5.620408163265306E-7     -3.72765306122449E-7     -6948932.31158088-1912756.8844863584i             1.169150210921004E7
0                         5.620408163265306E-7     -3.545816326530612E-7    -6864527.360551071-1837789.1296310253i            1.1498025414194632E7
0                         5.620408163265306E-7     -3.3639795918367346E-7   -6764930.831483625-1755647.9451237621i            1.1282025800476365E7
0                         5.620408163265306E-7     -3.1821428571428575E-7   -6644661.970017806-1605303.2120698374i            1.1041444379515285E7
0                         5.620408163265306E-7     -3.0003061224489794E-7   -6486839.788425935-1578342.3240637167i            1.0777658568897657E7
0                         5.620408163265306E-7     -2.8184693877551024E-7   -6274935.412501752-1510238.603705747i             1.0453833133775167E7
0                         5.620408163265306E-7     -2.636632653061224E-7    -6030058.766566137-1370818.842330118i             1.0182592213480212E7
0                         5.620408163265306E-7     -2.454795918367347E-7    -5788489.365632508-1234627.8049217812i            9762018.079216184
0                         5.620408163265306E-7     -2.2729591836734696E-7   -5533257.3259221-1092767.4945231974i              9332276.056876935
0                         5.620408163265306E-7     -2.091122448979592E-7    -5257242.415362075-961465.6163087627i             8887517.68591884
0                         5.620408163265306E-7     -1.9092857142857144E-7   -4899977.590164548-843692.8125284157i             8390706.353165304
0                         5.620408163265306E-7     -1.7274489795918368E-7   -4497277.378190859-694483.220020137i              7934572.527878581
0                         5.620408163265306E-7     -1.5456122448979592E-7   -4079042.984405381-545842.5569173708i             7483755.415773346
0                         5.620408163265306E-7     -1.3637755102040816E-7   -3744852.6411555456-378691.1874347816i            7120724.963034779
0                         5.620408163265306E-7     -1.181938775510204E-7    -3314984.1822545724-372818.2608280345i            6670076.752539837
0                         5.620408163265306E-7     -1.0001020408163265E-7   -2874661.510420652-368768.2509082265i             6244006.857797718
0                         5.620408163265306E-7     -8.182653061224489E-8    -2446329.88626906-355118.5049061135i              5793345.244440994
0                         5.620408163265306E-7     -6.364285714285713E-8    -1961747.8105458287-304444.49197899166i           5377739.50553365
0                         5.620408163265306E-7     -4.545918367346937E-8    -1344300.7438470696-208150.65352245414i           5027255.254808459
0                         5.620408163265306E-7     -2.7275510204081612E-8   -818018.8703765352-102254.87792078743i            4780618.899712058
0                         5.620408163265306E-7     -9.091836734693906E-9    -287880.68235714163+3036.921796595445i            4679649.5233066995
0                         5.620408163265306E-7     9.091836734693853E-9     282793.26416750473+89949.60575387484i             4684230.783332092
0                         5.620408163265306E-7     2.7275510204081612E-8    797242.9898852846+107903.05660524784i             4739182.244274749
0                         5.620408163265306E-7     4.5459183673469424E-8    1309829.6591615577+129327.16523408965i            4921563.800696909
0                         5.620408163265306E-7     6.364285714285713E-8     1820553.2719963198+154221.93164039904i            5215667.12542749
0                         5.620408163265306E-7     8.182653061224494E-8     2341848.6585797225+259803.32424498536i            5627285.492793174
0                         5.620408163265306E-7     1.0001020408163265E-7    2801913.331701583+309184.48648027965i             6131968.887199997
0                         5.620408163265306E-7     1.1819387755102046E-7    3267996.5406266255+442140.8602695328i             6585042.87232506
0                         5.620408163265306E-7     1.3637755102040816E-7    3724175.974065211+573490.9081763866i              7084974.646877627
0                         5.620408163265306E-7     1.5456122448979587E-7    4170451.632017344+703234.6302008335i              7616682.970774222
0                         5.620408163265306E-7     1.7274489795918368E-7    4561251.772568415+891223.7396663455i              8103179.317755393
0                         5.620408163265306E-7     1.909285714285714E-7     4927297.601641145+947873.465425459i               8537264.386612542
0                         5.620408163265306E-7     2.091122448979592E-7     5275253.49316429+1004635.6363472259i              8964812.130172336
0                         5.620408163265306E-7     2.272959183673469E-7     5605119.447137841+1061510.2524316458i             9381244.611862203
0                         5.620408163265306E-7     2.454795918367347E-7     5871525.164827529+1168151.812252176i              9740793.324695125
0                         5.620408163265306E-7     2.636632653061224E-7     6103348.419901407+1287635.2592690128i             1.0096082003708825E7
0                         5.620408163265306E-7     2.8184693877551024E-7    6297196.267305834+1449547.8532502647i             1.0425219239369169E7
0                         5.620408163265306E-7     3.0003061224489794E-7    6472126.23143351+1582531.8354289033i              1.0730876891130053E7
0                         5.620408163265306E-7     3.1821428571428575E-7    6599639.0270942+1689759.6771772327i               1.0994771833343988E7
0                         5.620408163265306E-7     3.3639795918367346E-7    6749623.846000854+1811334.7776397427i             1.1209555854003357E7
0                         5.620408163265306E-7     3.5458163265306127E-7    6849930.630297191+1887411.9212264149i             1.1454030186221525E7
0                         5.620408163265306E-7     3.72765306122449E-7      6933481.101631582+1957926.337840527i              1.1672853680219144E7
0                         5.620408163265306E-7     3.909489795918368E-7     7008043.822169768+2029095.3663289016i             1.1895998532599239E7
0                         5.620408163265306E-7     4.091326530612245E-7     7050785.905750737+2046107.99745485i               1.1970573727365622E7
0                         5.620408163265306E-7     4.273163265306122E-7     7078244.421713698+2057547.527185054i              1.2026789678450707E7
0                         5.620408163265306E-7     4.455E-7                 7090419.370058648+2063413.9555195183i             1.2064501034600765E7
0                         5.785714285714285E-7     -4.455E-7                -7109525.7707715295-1498421.502264043i            1.2293961328076739E7
0                         5.785714285714285E-7     -4.2731632653061225E-7   -7151962.747419322-1474411.7057246338i            1.2309646537101425E7
0                         5.785714285714285E-7     -4.091326530612245E-7    -7111210.888435577-1423326.7610739586i            1.217832176607594E7
0                         5.785714285714285E-7     -3.9094897959183674E-7   -7055267.451414194-1365068.3867713518i            1.2024341197252339E7
0                         5.785714285714285E-7     -3.72765306122449E-7     -6984132.436355175-1299636.5828168131i            1.184805690770729E7
0                         5.785714285714285E-7     -3.545816326530612E-7    -6897805.843258521-1227031.3492103445i            1.1650032247433225E7
0                         5.785714285714285E-7     -3.3639795918367346E-7   -6799148.403969765-1102812.3856876567i            1.1435501725405795E7
0                         5.785714285714285E-7     -3.1821428571428575E-7   -6658906.576031927-1078424.5670774267i            1.1190391555116491E7
0                         5.785714285714285E-7     -3.0003061224489794E-7   -6499164.229957174-1058236.2838930502i            1.0916130251334814E7
0                         5.785714285714285E-7     -2.8184693877551024E-7   -6319921.365745507-1042247.5361345289i            1.0613722327099435E7
0                         5.785714285714285E-7     -2.636632653061224E-7    -6115769.097586298-1033852.3002438914i            1.0084830290174631E7
0                         5.785714285714285E-7     -2.454795918367347E-7    -5847825.472895715-876904.792866278i              9716396.550693095
0                         5.785714285714285E-7     -2.2729591836734696E-7   -5568803.130771788-712730.1921529197i             9342282.202098435
0                         5.785714285714285E-7     -2.091122448979592E-7    -5227639.07291802-611286.6841039251i              8922992.972257981
0                         5.785714285714285E-7     -1.9092857142857144E-7   -4830468.767008946-478821.07640277105i            8451020.35656333
0                         5.785714285714285E-7     -1.7274489795918368E-7   -4527707.733136442-171760.6397270196i             8101021.948231758
0                         5.785714285714285E-7     -1.5456122448979592E-7   -4116917.744686627-173976.36699891236i            7610912.26916045
0                         5.785714285714285E-7     -1.3637755102040816E-7   -3695673.543303867-178015.01095774447i            7129231.463718501
0                         5.785714285714285E-7     -1.181938775510204E-7    -3263975.1289881715-183876.57160351725i           6663174.724238938
0                         5.785714285714285E-7     -1.0001020408163265E-7   -2850152.345576461-204959.82516799786i            6155647.946349267
0                         5.785714285714285E-7     -8.182653061224489E-8    -2363946.627159276-163805.2784106406i             5697409.056659974
0                         5.785714285714285E-7     -6.364285714285713E-8    -1907495.8300528298-151423.70938987326i           5327734.984176793
0                         5.785714285714285E-7     -4.545918367346937E-8    -1438719.232132536-148582.3891215908i             5044357.371897265
0                         5.785714285714285E-7     -2.7275510204081612E-8   -811128.5152076439-49040.7635387308i              4782519.098000067
0                         5.785714285714285E-7     -9.091836734693906E-9    -242989.72061884572+75516.11617111665i            4693434.411257706
0                         5.785714285714285E-7     9.091836734693853E-9     277085.58954026224+72642.98380768951i             4607229.637745484
0                         5.785714285714285E-7     2.7275510204081612E-8    795297.8432578618+73240.50922173343i              4664405.681021549
0                         5.785714285714285E-7     4.5459183673469424E-8    1311647.0405339554+77308.69241324358i             4857092.114248178
0                         5.785714285714285E-7     6.364285714285713E-8     1826133.1813685375+84847.53338222427i             5167550.865348798
0                         5.785714285714285E-7     8.182653061224494E-8     2338756.2657616143+95857.03212867456i             5573757.9007842
0                         5.785714285714285E-7     1.0001020408163265E-7    2813685.130815562+96711.29960382977i              6190060.1244939435
0                         5.785714285714285E-7     1.1819387755102046E-7    3260920.303936474+244005.75035979343i             6667799.449970645
0                         5.785714285714285E-7     1.3637755102040816E-7    3699184.1812899383+389480.94310721895i            7199349.453163108
0                         5.785714285714285E-7     1.5456122448979587E-7    4128476.7628759583+533136.8778461078i             7767335.098457844
0                         5.785714285714285E-7     1.7274489795918368E-7    4542421.48065931+534432.0027657201i               8165334.527652959
0                         5.785714285714285E-7     1.909285714285714E-7     4912363.247397368+578102.4194851136i              8614947.393174527
0                         5.785714285714285E-7     2.091122448979592E-7     5264215.076585839+621885.2813671604i              9058543.857823815
0                         5.785714285714285E-7     2.272959183673469E-7     5519875.526641487+671335.0054862609i              9484735.272412963
0                         5.785714285714285E-7     2.454795918367347E-7     5831086.774887611+750761.2663473533i              9861711.349672994
0                         5.785714285714285E-7     2.636632653061224E-7     6127704.38212202+825619.1683358015i               1.0225417005459245E7
0                         5.785714285714285E-7     2.8184693877551024E-7    6356725.61137656+863102.7641904581i               1.0611203041400837E7
0                         5.785714285714285E-7     3.0003061224489794E-7    6534519.291370542+981292.7263519452i              1.0916239818290804E7
0                         5.785714285714285E-7     3.1821428571428575E-7    6666059.376611213+1078977.1004369555i             1.1188037403564017E7
0                         5.785714285714285E-7     3.3639795918367346E-7    6775600.843637771+1181031.7078193917i             1.143272942735574E7
0                         5.785714285714285E-7     3.5458163265306127E-7    6897999.803960798+1285304.4146273753i             1.1629263533008024E7
0                         5.785714285714285E-7     3.72765306122449E-7      6983623.298610447+1351826.0818951516i             1.1852775164937818E7
0                         5.785714285714285E-7     3.909489795918368E-7     7052490.480298151+1412785.0221903669i             1.2050797014506863E7
0                         5.785714285714285E-7     4.091326530612245E-7     7104601.349023909+1468181.2355130194i             1.2222687911708863E7
0                         5.785714285714285E-7     4.273163265306122E-7     7096481.264134671+1494075.6486972922i             1.225225051587224E7
0                         5.785714285714285E-7     4.455E-7                 7109525.770771539+1498421.5022640256i             1.2294004430571686E7
0                         5.951020408163264E-7     -4.455E-7                -7133247.273620332-951914.8059045238i             1.2628183419001158E7
0                         5.951020408163264E-7     -4.2731632653061225E-7   -7192927.798394157-854203.8403084964i             1.255233255644258E7
0                         5.951020408163264E-7     -4.091326530612245E-7    -7150254.297343567-805481.4169066853i             1.2411432027517227E7
0                         5.951020408163264E-7     -3.9094897959183674E-7   -7092389.218255337-749585.5638529465i             1.2249500370372819E7
0                         5.951020408163264E-7     -3.72765306122449E-7     -7019332.561129473-686516.2811472715i             1.2066922108684096E7
0                         5.951020408163264E-7     -3.545816326530612E-7    -6937974.648750571-590975.8850878449i             1.1873242582855402E7
0                         5.951020408163264E-7     -3.3639795918367346E-7   -6815313.174466762-569161.1358735008i             1.1647297220193207E7
0                         5.951020408163264E-7     -3.1821428571428575E-7   -6673151.182046045-551545.9220850146i             1.1391023082911044E7
0                         5.951020408163264E-7     -3.0003061224489794E-7   -6511488.671488411-538130.2437223821i             1.1105202372581387E7
0                         5.951020408163264E-7     -2.8184693877551024E-7   -6296752.140318234-537403.1570155264i             1.0776037229734022E7
0                         5.951020408163264E-7     -2.636632653061224E-7    -6127067.068631792-560011.9475408957i             1.0311682936334943E7
0                         5.951020408163264E-7     -2.454795918367347E-7    -5852346.03290029-417956.8603620996i              9924911.874020936
0                         5.951020408163264E-7     -2.2729591836734696E-7   -5566546.279735436-268674.67984755593i            9533800.158921558
0                         5.951020408163264E-7     -2.091122448979592E-7    -5168134.525509601-229102.03376564552i            9048473.61583913
0                         5.951020408163264E-7     -1.9092857142857144E-7   -4884354.277045805+64511.80909252856i             8685857.745712832
0                         5.951020408163264E-7     -1.7274489795918368E-7   -4482188.546114208+52384.5112550576i              8174141.6822193675
0                         5.951020408163264E-7     -1.5456122448979592E-7   -4069568.6022496754+38434.29673064422i            7665571.217274851
0                         5.951020408163264E-7     -1.3637755102040816E-7   -3646494.4454521947+22661.165519292765i           7165728.664694056
0                         5.951020408163264E-7     -1.181938775510204E-7    -3212966.075721771+5065.117621000045i             6682002.921775639
0                         5.951020408163264E-7     -1.0001020408163265E-7   -2792542.1308821165-21053.63404424071i            6161646.221121274
0                         5.951020408163264E-7     -8.182653061224489E-8    -2312416.517178799+4353.253885632381i             5689240.920621369
0                         5.951020408163264E-7     -6.364285714285713E-8    -1853243.8495598296+1597.0731992466608i           5307800.865477177
0                         5.951020408163264E-7     -4.545918367346937E-8    -1381745.3811270143-10699.35623962537i            5016470.418300035
0                         5.951020408163264E-7     -2.7275510204081612E-8   -778160.8178463423+99265.13524048455i             4897879.793888775
0                         5.951020408163264E-7     -9.091836734693906E-9    -252459.92324590817+75565.41966226004i            4656446.520622025
0                         5.951020408163264E-7     9.091836734693853E-9     271377.9149130196+55336.36186150496i              4562457.008403339
0                         5.951020408163264E-7     2.7275510204081612E-8    793352.6966304396+38577.96183821873i              4621665.050530928
0                         5.951020408163264E-7     4.5459183673469424E-8    1313464.4219063527+25290.219592399662i            4825367.722263705
0                         5.951020408163264E-7     6.364285714285713E-8     1831713.0907407543+15473.13512405171i             5153628.323418195
0                         5.951020408163264E-7     8.182653061224494E-8     2348098.7031336515+9126.7084331722i               5581934.320090733
0                         5.951020408163264E-7     1.0001020408163265E-7    2852895.2802993134+2703.0105386781506i            6194113.277344896
0                         5.951020408163264E-7     1.1819387755102046E-7    3279216.3913613483+23085.2603836935i              6792231.398742568
0                         5.951020408163264E-7     1.3637755102040816E-7    3722997.628979188+149808.28946722113i             7342927.87165709
0                         5.951020408163264E-7     1.5456122448979587E-7    4153237.805494916+165188.75376748745i             7850513.704022084
0                         5.951020408163264E-7     1.7274489795918368E-7    4523591.188750209+177640.26586509484i             8263880.680746218
0                         5.951020408163264E-7     1.909285714285714E-7     4897428.893153591+208331.37354476913i             8731349.992110433
0                         5.951020408163264E-7     2.091122448979592E-7     5138991.277030786+196335.77118577482i             9232251.168713173
0                         5.951020408163264E-7     2.272959183673469E-7     5472116.6514950935+267137.42525047297i            9638314.654328596
0                         5.951020408163264E-7     2.454795918367347E-7     5790648.384947693+333370.7204425293i              1.0033166565894717E7
0                         5.951020408163264E-7     2.636632653061224E-7     6094586.477388581+395035.6567619401i              1.0415009437007604E7
0                         5.951020408163264E-7     2.8184693877551024E-7    6383930.928817755+452132.2342087128i              1.0782403868452866E7
0                         5.951020408163264E-7     3.0003061224489794E-7    6596912.351307572+380053.61727498454i             1.1159397087413915E7
0                         5.951020408163264E-7     3.1821428571428575E-7    6732479.726128224+468194.5236966759i              1.14400884585157E7
0                         5.951020408163264E-7     3.3639795918367346E-7    6846048.482734762+560705.6634157916i              1.169244608889063E7
0                         5.951020408163264E-7     3.5458163265306127E-7    6946068.977624409+683196.9080283355i              1.1867245102539426E7
0                         5.951020408163264E-7     3.72765306122449E-7      7033765.495589312+745725.8259497768i              1.2095670124909874E7
0                         5.951020408163264E-7     3.909489795918368E-7     7104705.700592276+802692.0168986565i              1.229979155535491E7
0                         5.951020408163264E-7     4.091326530612245E-7     7158889.592633288+854095.4808749742i              1.2478925463002577E7
0                         5.951020408163264E-7     4.273163265306122E-7     7196317.171712361+899936.2178787312i              1.2632578216807583E7
0                         5.951020408163264E-7     4.455E-7                 7133247.273620335+951914.8059044987i              1.2628654042171204E7
0                         6.116326530612245E-7     -4.455E-7                -7181932.926257989-323397.2720524865i             1.288037844284639E7
0                         6.116326530612245E-7     -4.2731632653061225E-7   -7164117.057563596-309675.6528593488i             1.2860708614215232E7
0                         6.116326530612245E-7     -4.091326530612245E-7    -7189297.70625156-187636.0727394097i              1.2702395304914167E7
0                         6.116326530612245E-7     -3.9094897959183674E-7   -7129510.985096481-134102.7409345311i             1.2532280378236111E7
0                         6.116326530612245E-7     -3.72765306122449E-7     -7061140.70436023-69793.71027039806i              1.2352766251139265E7
0                         6.116326530612245E-7     -3.545816326530612E-7    -6956059.583730457-50552.0304519448i              1.214570629070029E7
0                         6.116326530612245E-7     -3.3639795918367346E-7   -6831477.944963768-35509.886059343815i            1.1907574059161605E7
0                         6.116326530612245E-7     -3.1821428571428575E-7   -6687395.788060168-24667.277092600358i            1.1638985017838832E7
0                         6.116326530612245E-7     -3.0003061224489794E-7   -6488596.672579704-32989.53607475813i             1.133304856381897E7
0                         6.116326530612245E-7     -2.8184693877551024E-7   -6304255.3762207655+1073.3014643457718i           1.104955752018061E7
0                         6.116326530612245E-7     -2.636632653061224E-7    -6065881.727823854+62916.08468945765i             1.0724279838604216E7
0                         6.116326530612245E-7     -2.454795918367347E-7    -5856866.59290486+40991.0721420818i               1.0188459069078228E7
0                         6.116326530612245E-7     -2.2729591836734696E-7   -5510274.653692816+54673.90789124445i             9730295.90904269
0                         6.116326530612245E-7     -2.091122448979592E-7    -5234206.518851682+322430.3157301764i             9343988.976587236
0                         6.116326530612245E-7     -1.9092857142857144E-7   -4840665.045438302+300391.44732712617i            8811650.760795826
0                         6.116326530612245E-7     -1.7274489795918368E-7   -4436669.359091982+276529.6622371343i             8278548.0996920625
0                         6.116326530612245E-7     -1.5456122448979592E-7   -4022219.4598127212+250844.96046020283i           7748994.177420182
0                         6.116326530612245E-7     -1.3637755102040816E-7   -3597315.3476005187+223337.3419963304i            7228710.807580087
0                         6.116326530612245E-7     -1.181938775510204E-7    -3161957.022455374+194006.80684551777i            6725322.506302082
0                         6.116326530612245E-7     -1.0001020408163265E-7   -2734931.9161877735+162852.55707951623i           6195294.647565776
0                         6.116326530612245E-7     -8.182653061224489E-8    -2260886.407198323+172511.7861819059i             5711241.326440464
0                         6.116326530612245E-7     -6.364285714285713E-8    -1798991.8690668307+154617.85578836524i           5317183.016196727
0                         6.116326530612245E-7     -4.545918367346937E-8    -1324771.5301214913+127183.67664233997i           5017670.482456914
0                         6.116326530612245E-7     -2.7275510204081612E-8   -718270.815748411+162918.13638333845i             4882265.169751775
0                         6.116326530612245E-7     -9.091836734693906E-9    -238271.66685302826+98231.88916827008i            4642871.1933878185
0                         6.116326530612245E-7     9.091836734693853E-9     241601.24720051076+34909.13652956695i             4547262.26723222
0                         6.116326530612245E-7     2.7275510204081612E-8    721347.9264122047-27050.12153277005i              4603424.622244835
0                         6.116326530612245E-7     4.5459183673469424E-8    1315281.80327875-26728.25322844577i               4825753.302089028
0                         6.116326530612245E-7     6.364285714285713E-8     1837293.0001129718-53901.26313412376i             5172764.291605564
0                         6.116326530612245E-7     8.182653061224494E-8     2357441.1405056883-77603.6152623326i              5624637.370229008
0                         6.116326530612245E-7     1.0001020408163265E-7    2860291.101515035-106769.03650558938i             6233067.644350819
0                         6.116326530612245E-7     1.1819387755102046E-7    3297512.4787862212-197835.22959241504i            6956040.035831787
0                         6.116326530612245E-7     1.3637755102040816E-7    3766146.4100412787-247724.2170479641i             7424523.727216897
0                         6.116326530612245E-7     1.5456122448979587E-7    4152411.5515091536-198377.31162830943i            7964788.565584008
0                         6.116326530612245E-7     1.7274489795918368E-7    4504760.896841107-179151.47103553195i             8397016.980962383
0                         6.116326530612245E-7     1.909285714285714E-7     4728872.415995408-256845.8906492882i              8977037.495526828
0                         6.116326530612245E-7     2.091122448979592E-7     5083911.916677913-194668.8433809802i              9410885.329577085
0                         6.116326530612245E-7     2.272959183673469E-7     5424357.776348696-137060.1549853203i              9836416.708319793
0                         6.116326530612245E-7     2.454795918367347E-7     5827781.296973556+87575.37006223015i              1.027126893949906E7
0                         6.116326530612245E-7     2.636632653061224E-7     6089474.181422076+97067.21891097305i              1.0661350681338495E7
0                         6.116326530612245E-7     2.8184693877551024E-7    6334458.442657541+108296.35293340171i             1.1032058360583458E7
0                         6.116326530612245E-7     3.0003061224489794E-7    6527267.816903232+110917.70316064102i             1.1321254877857376E7
0                         6.116326530612245E-7     3.1821428571428575E-7    6798900.0756452335-142588.05304360762i            1.1745213599591702E7
0                         6.116326530612245E-7     3.3639795918367346E-7    6916496.121831751-59620.38098781183i              1.2006376612355422E7
0                         6.116326530612245E-7     3.5458163265306127E-7    7012093.54980416+27717.52436540881i               1.2237321082053933E7
0                         6.116326530612245E-7     3.72765306122449E-7      7083907.692568181+139625.57000439777i             1.2395944519212762E7
0                         6.116326530612245E-7     3.909489795918368E-7     7156920.920886399+192599.0116069432i              1.2606498247922603E7
0                         6.116326530612245E-7     4.091326530612245E-7     7213177.836242672+240009.72623692593i             1.2793391024442716E7
0                         6.116326530612245E-7     4.273163265306122E-7     7252678.438637+281857.71389434853i                1.295609522450914E7
0                         6.116326530612245E-7     4.455E-7                 7181932.926257993+323397.2720524635i              1.2880879085854085E7
0                         6.281632653061224E-7     -4.455E-7                -7230618.57889565+305120.26179954526i             1.3186454802474335E7
0                         6.281632653061224E-7     -4.2731632653061225E-7   -7211885.859260367+317219.84246249916i            1.3158774730810445E7
0                         6.281632653061224E-7     -4.091326530612245E-7    -7178912.074677128+337876.2815321814i             1.3105989953339811E7
0                         6.281632653061224E-7     -3.9094897959183674E-7   -7168646.57079874+460734.13876467687i             1.2872967008109445E7
0                         6.281632653061224E-7     -3.72765306122449E-7     -7081145.803822999+477402.74918724224i            1.268388873665615E7
0                         6.281632653061224E-7     -3.545816326530612E-7    -6974144.518710342+489871.8241839537i             1.2463359941057518E7
0                         6.281632653061224E-7     -3.3639795918367346E-7   -6847642.715460767+498141.36375481065i            1.2211864691764263E7
0                         6.281632653061224E-7     -3.1821428571428575E-7   -6701640.394074286+502211.3678998119i             1.1930028461549714E7
0                         6.281632653061224E-7     -3.0003061224489794E-7   -6499815.941202968+513749.10796443495i            1.1661686127203617E7
0                         6.281632653061224E-7     -2.8184693877551024E-7   -6311758.612123292+539549.7599442156i             1.136462459098998E7
0                         6.281632653061224E-7     -2.636632653061224E-7    -6076896.181867476+572388.3192619191i             1.1049932767411282E7
0                         6.281632653061224E-7     -2.454795918367347E-7    -5797539.21422127+664811.7827914101i              1.0669348236371007E7
0                         6.281632653061224E-7     -2.2729591836734696E-7   -5577264.4585540565+601994.8801859249i            1.0078777979723211E7
0                         6.281632653061224E-7     -2.091122448979592E-7    -5192347.242658901+570044.4412172931i             9525735.494748674
0                         6.281632653061224E-7     -1.9092857142857144E-7   -4796975.8138308+536271.0855617224i               8969091.289870044
0                         6.281632653061224E-7     -1.7274489795918368E-7   -4391150.172069758+500674.81321920984i            8412182.987673072
0                         6.281632653061224E-7     -1.5456122448979592E-7   -3974870.3173757717+463255.6241897593i            7859428.89625905
0                         6.281632653061224E-7     -1.3637755102040816E-7   -3548136.249748843+424013.5184733671i             7316724.290350332
0                         6.281632653061224E-7     -1.181938775510204E-7    -3110947.9691889756+382948.4960700347i            6791974.382921343
0                         6.281632653061224E-7     -1.0001020408163265E-7   -2677321.70149343+346758.74820327386i             6255437.596443404
0                         6.281632653061224E-7     -8.182653061224489E-8    -2209356.297217847+340670.31847817835i            5762345.335940421
0                         6.281632653061224E-7     -6.364285714285713E-8    -1744739.8885738314+307638.6383774843i            5355198.156341097
0                         6.281632653061224E-7     -4.545918367346937E-8    -1203066.8779609753+308553.6447831327i            5096689.3005099725
0                         6.281632653061224E-7     -2.7275510204081612E-8   -722409.1878180477+163994.03677780606i            4898291.321753256
0                         6.281632653061224E-7     -9.091836734693906E-9    -242729.91496683154+88373.80176946004i            4652106.107432899
0                         6.281632653061224E-7     9.091836734693853E-9     236823.12304254132+14117.06133748003i             4556633.040018262
0                         6.281632653061224E-7     2.7275510204081612E-8    716249.926210069-58776.18451813434i               4620205.633623584
0                         6.281632653061224E-7     4.5459183673469424E-8    1195550.4945357533-130305.93579738366i            4835588.372778136
0                         6.281632653061224E-7     6.364285714285713E-8     1674724.8280195906-200472.19250026747i            5182993.526680891
0                         6.281632653061224E-7     8.182653061224494E-8     2168393.975069329-236096.18963927153i             5718395.106001209
0                         6.281632653061224E-7     1.0001020408163265E-7    2739066.2820763118-229206.98146556108i            6212696.817266472
0                         6.281632653061224E-7     1.1819387755102046E-7    3213358.245116825-347692.25295546907i             6890610.357609539
0                         6.281632653061224E-7     1.3637755102040816E-7    3583578.4022080624-453612.35772223794i            7435275.9342651535
0                         6.281632653061224E-7     1.5456122448979587E-7    3997581.8513343446-539914.0048045823i             8005179.191846502
0                         6.281632653061224E-7     1.7274489795918368E-7    4378471.493007023-554261.4669011952i              8554463.111135388
0                         6.281632653061224E-7     1.909285714285714E-7     4774184.362805374-608665.9509474683i              9081281.32996173
0                         6.281632653061224E-7     2.091122448979592E-7     5209013.596563855-281966.631038839i               9689517.903017601
0                         6.281632653061224E-7     2.272959183673469E-7     5506919.805302599-281676.89151355065i             1.0126904658730458E7
0                         6.281632653061224E-7     2.454795918367347E-7     5788117.390828287-279649.8668145803i              1.0548387573131336E7
0                         6.281632653061224E-7     2.636632653061224E-7     6052606.353140933-275885.55694192415i             1.0952043403088672E7
0                         6.281632653061224E-7     2.8184693877551024E-7    6300386.692240534-270383.96189558523i             1.1336351687957102E7
0                         6.281632653061224E-7     3.0003061224489794E-7    6493474.313112358-273368.43021537364i             1.1636119956194319E7
0                         6.281632653061224E-7     3.1821428571428575E-7    6631320.522308803-276283.48174031056i             1.189828261610786E7
0                         6.281632653061224E-7     3.3639795918367346E-7    6986943.760928742-679946.4253914108i              1.2368796357492017E7
0                         6.281632653061224E-7     3.5458163265306127E-7    7086568.478481127-602151.987701509i               1.2608845290876988E7
0                         6.281632653061224E-7     3.72765306122449E-7      7134049.889547048-466474.6859409772i              1.27480753954369E7
0                         6.281632653061224E-7     3.909489795918368E-7     7209136.141180524-417493.9936847668i              1.2965284397480724E7
0                         6.281632653061224E-7     4.091326530612245E-7     7267466.07985205-374076.02840111835i              1.3160304459804296E7
0                         6.281632653061224E-7     4.273163265306122E-7     7234311.585703964-325890.1221486705i              1.3174891611146852E7
0                         6.281632653061224E-7     4.455E-7                 7230618.578895653-305120.2617995672i              1.3186973716415048E7
0                         6.446938775510203E-7     -4.455E-7                -7279304.2315333085+933637.7956515761i            1.3542018326735064E7
0                         6.446938775510203E-7     -4.2731632653061225E-7   -7259654.660957135+944115.3377843429i             1.3505871029303322E7
0                         6.446938775510203E-7     -4.091326530612245E-7    -7237143.019041572+937018.6894022841i             1.3458550309321882E7
0                         6.446938775510203E-7     -3.9094897959183674E-7   -7185067.791342902+934127.2559910566i             1.3363181223752972E7
0                         6.446938775510203E-7     -3.72765306122449E-7     -7101150.903285768+1024599.2086448823i            1.3056919513042625E7
0                         6.446938775510203E-7     -3.545816326530612E-7    -6992229.453690227+1030295.6788198501i            1.2821765710375763E7
0                         6.446938775510203E-7     -3.3639795918367346E-7   -6863807.485957773+1031792.6135689635i            1.2555964331991425E7
0                         6.446938775510203E-7     -3.1821428571428575E-7   -6684524.444885825+1039088.7515344706i            1.2310984036648596E7
0                         6.446938775510203E-7     -3.0003061224489794E-7   -6511035.209826228+1060487.7520036295i            1.2026876880609395E7
0                         6.446938775510203E-7     -2.8184693877551024E-7   -6319261.8480258165+1078026.2184240853i           1.1715820655413352E7
0                         6.446938775510203E-7     -2.636632653061224E-7    -6081344.022980798+642510.9132763788i             1.1269470905093668E7
0                         6.446938775510203E-7     -2.454795918367347E-7    -5780044.869028379+771874.0221393481i             1.0826862222413383E7
0                         6.446938775510203E-7     -2.2729591836734696E-7   -5537235.137776004+861343.492925559i              1.0319254374328598E7
0                         6.446938775510203E-7     -2.091122448979592E-7    -5150487.966466123+817658.5667044078i             9739067.967751963
0                         6.446938775510203E-7     -1.9092857142857144E-7   -4753286.582223296+772150.7237963178i             9155862.222930426
0                         6.446938775510203E-7     -1.7274489795918368E-7   -4345630.985047532+724819.9642012866i             8573058.281724656
0                         6.446938775510203E-7     -1.5456122448979592E-7   -3927521.1749388217+675666.2879193155i            7995207.678075072
0                         6.446938775510203E-7     -1.3637755102040816E-7   -3498957.1518971706+624689.6949504036i            7428415.911333933
0                         6.446938775510203E-7     -1.181938775510204E-7    -3059938.9159225766+571890.1852945517i            6880917.037418523
0                         6.446938775510203E-7     -1.0001020408163265E-7   -2619711.486799086+530664.9393270295i             6341020.088584758
0                         6.446938775510203E-7     -8.182653061224489E-8    -2157826.187237371+508828.8507744513i             5841588.627512002
0                         6.446938775510203E-7     -6.364285714285713E-8    -1690487.908080832+460659.4209666037i             5421269.80955197
0                         6.446938775510203E-7     -4.545918367346937E-8    -1193691.2511478397+337574.5026253282i            5089108.535948792
0                         6.446938775510203E-7     -2.7275510204081612E-8   -752103.4658704663+169439.471395078i              4894303.5056422055
0                         6.446938775510203E-7     -9.091836734693906E-9    -247188.1630806345+78515.71437065037i             4680668.140234028
0                         6.446938775510203E-7     9.091836734693853E-9     232044.99888457183-6675.013854607183i             4585434.825448086
0                         6.446938775510203E-7     2.7275510204081612E-8    711151.9260079338-90502.24750349915i              4656921.519866964
0                         6.446938775510203E-7     4.5459183673469424E-8    1190132.6182894516-172965.98657602508i            4886821.935069467
0                         6.446938775510203E-7     6.364285714285713E-8     1668987.0757291226-254066.2310721855i             5253459.582668461
0                         6.446938775510203E-7     8.182653061224494E-8     2146741.5437009074-357397.18344937416i            5775619.230695719
0                         6.446938775510203E-7     1.0001020408163265E-7    2602681.753126539-475506.6580965688i              6341415.091327641
0                         6.446938775510203E-7     1.1819387755102046E-7    3155699.8928172695-524152.9647432638i             6932241.610075029
0                         6.446938775510203E-7     1.3637755102040816E-7    3545734.3029054054-640743.1373361438i             7549946.690398844
0                         6.446938775510203E-7     1.5456122448979587E-7    3899721.129882051-734356.6127694099i              8141974.767293682
0                         6.446938775510203E-7     1.7274489795918368E-7    4310341.458266523-800794.9537664233i              8691133.212021299
0                         6.446938775510203E-7     1.909285714285714E-7     4706691.457811231-864964.207959341i               9236468.321445659
0                         6.446938775510203E-7     2.091122448979592E-7     5088771.128516188-926864.3753481591i              9772917.652052937
0                         6.446938775510203E-7     2.272959183673469E-7     5456580.470381384-986495.4559328803i              1.0296688531938868E7
0                         6.446938775510203E-7     2.454795918367347E-7     5810119.483406823-1043857.4497135063i             1.0804907235935379E7
0                         6.446938775510203E-7     2.636632653061224E-7     6149388.167592503-1098950.356690039i              1.129537118602404E7
0                         6.446938775510203E-7     2.8184693877551024E-7    6266314.941823538-649064.2767245669i              1.1667782897557901E7
0                         6.446938775510203E-7     3.0003061224489794E-7    6459680.809321491-657654.5635913874i              1.1977970566416536E7
0                         6.446938775510203E-7     3.1821428571428575E-7    6600162.964520929-665285.5567195581i              1.2252744068118881E7
0                         6.446938775510203E-7     3.3639795918367346E-7    6726856.231541154-666360.9145676503i              1.2504292202019745E7
0                         6.446938775510203E-7     3.5458163265306127E-7    6839760.6103821695-660880.6371356724i             1.273173417697886E7
0                         6.446938775510203E-7     3.72765306122449E-7      7242696.796076351-1159400.296444423i              1.3242657791975487E7
0                         6.446938775510203E-7     3.909489795918368E-7     7261351.361474649-1027586.9989764756i             1.3370821423246583E7
0                         6.446938775510203E-7     4.091326530612245E-7     7269787.006801225-974037.787181526i               1.3477079452140173E7
0                         6.446938775510203E-7     4.273163265306122E-7     7282366.608602923-952984.0688101868i              1.3527539914779507E7
0                         6.446938775510203E-7     4.455E-7                 7279304.231533312-933637.7956515999i              1.3542542262234733E7
0                         6.612244897959182E-7     -4.455E-7                -7327989.884170967+1562155.329503609i             1.3943025134115305E7
0                         6.612244897959182E-7     -4.2731632653061225E-7   -7331679.765929506+1564095.7737202123i            1.3919869332443764E7
0                         6.612244897959182E-7     -4.091326530612245E-7    -7298769.883414479+1556658.6543045202i            1.3854434536489762E7
0                         6.612244897959182E-7     -3.9094897959183674E-7   -7246252.06646495+1547365.9972999585i             1.3750458063109063E7
0                         6.612244897959182E-7     -3.72765306122449E-7     -7174126.31508092+1536217.8027065303i             1.3608215864170237E7
0                         6.612244897959182E-7     -3.545816326530612E-7    -7082392.629262389+1523214.070524229i             1.3428121667242091E7
0                         6.612244897959182E-7     -3.3639795918367346E-7   -6858380.887269336+1577092.2321744526i            1.2992016650834493E7
0                         6.612244897959182E-7     -3.1821428571428575E-7   -6686103.498222706+1508254.645566732i             1.2690490461684888E7
0                         6.612244897959182E-7     -3.0003061224489794E-7   -6483076.608356129+1465002.0614156055i            1.2369944927421736E7
0                         6.612244897959182E-7     -2.8184693877551024E-7   -6259617.249630601+1410760.8459768465i            1.2022772911790174E7
0                         6.612244897959182E-7     -2.636632653061224E-7    -6036034.7634341195+1232794.2222335567i           1.1534435102924919E7
0                         6.612244897959182E-7     -2.454795918367347E-7    -5728303.687923848+1048369.508717837i             1.1111477386677137E7
0                         6.612244897959182E-7     -2.2729591836734696E-7   -5372010.8705113055+994732.3294360539i            1.0541522628936952E7
0                         6.612244897959182E-7     -2.091122448979592E-7    -5108628.690273342+1065272.6921915244i            9981458.189464368
0                         6.612244897959182E-7     -1.9092857142857144E-7   -4709597.350615792+1008030.3620309144i            9369774.26792547
0                         6.612244897959182E-7     -1.7274489795918368E-7   -4300111.798025301+948965.1151833636i             8759314.877213793
0                         6.612244897959182E-7     -1.5456122448979592E-7   -3880172.0325018684+888076.9516488718i            8154795.280964948
0                         6.612244897959182E-7     -1.3637755102040816E-7   -3449778.0540454946+825365.8714274401i            7562570.695749211
0                         6.612244897959182E-7     -1.181938775510204E-7    -3026302.522250061+760865.3902074903i             6973627.7689293185
0                         6.612244897959182E-7     -1.0001020408163265E-7   -2564030.426112108+730754.3138332415i             6461132.901215744
0                         6.612244897959182E-7     -8.182653061224489E-8    -2106296.0772568947+676987.3830707244i            5948149.65699472
0                         6.612244897959182E-7     -6.364285714285713E-8    -1620973.1816820316+540947.5364384347i            5447474.805869002
0                         6.612244897959182E-7     -4.545918367346937E-8    -1184315.624334704+366595.36046752543i            5100564.771522647
0                         6.612244897959182E-7     -2.7275510204081612E-8   -744390.343890228+188596.173596361i               4891540.9444203945
0                         6.612244897959182E-7     -9.091836734693906E-9    -251646.41119443823+68657.6269718413i             4728492.927003908
0                         6.612244897959182E-7     9.091836734693853E-9     227266.87472660275-27467.08904669428i             4633575.196454294
0                         6.612244897959182E-7     2.7275510204081612E-8    706053.9258057983-122228.31048886344i             4713350.331212839
0                         6.612244897959182E-7     4.5459183673469424E-8    1184714.742043151-215626.03735466802i             4958374.781268616
0                         6.612244897959182E-7     6.364285714285713E-8     1666032.2367166562-349662.46439303533i            5344661.084383655
0                         6.612244897959182E-7     8.182653061224494E-8     2125089.1123324856-478698.1772594773i             5852490.771282759
0                         6.612244897959182E-7     1.0001020408163265E-7    2580271.4552679947-606638.2273241394i             6441166.50779337
0                         6.612244897959182E-7     1.1819387755102046E-7    3031579.2655231925-733482.6145870225i             7087900.229343889
0                         6.612244897959182E-7     1.3637755102040816E-7    3405426.178424615-892653.1315402394i              7713872.886878068
0                         6.612244897959182E-7     1.5456122448979587E-7    3830953.9653951963-971125.3294879929i             8278056.293633725
0                         6.612244897959182E-7     1.7274489795918368E-7    4242211.423526022-1047328.4406316513i             8845847.392800186
0                         6.612244897959182E-7     1.909285714285714E-7     4639198.552817089-1121262.4649712103i             9410249.916709663
0                         6.612244897959182E-7     2.091122448979592E-7     5021915.3532684-1192927.402506677i                9966088.142728537
0                         6.612244897959182E-7     2.272959183673469E-7     5390361.824879952-1262323.2532380428i             1.0509493102571402E7
0                         6.612244897959182E-7     2.454795918367347E-7     5744537.967651748-1329450.0171653116i             1.1037539043871954E7
0                         6.612244897959182E-7     2.636632653061224E-7     6084443.781583787-1394307.6942884848i             1.1547987500140987E7
0                         6.612244897959182E-7     2.8184693877551024E-7    6379880.650420304-1658069.5504684295i             1.196082315248501E7
0                         6.612244897959182E-7     3.0003061224489794E-7    6622111.236048144-1747034.1726851505i             1.2359337541995827E7
0                         6.612244897959182E-7     3.1821428571428575E-7    6822433.42872064-1849583.5526115713i              1.269134647898236E7
0                         6.612244897959182E-7     3.3639795918367346E-7    7005229.015198881-1938339.0687401628i             1.299718775690269E7
0                         6.612244897959182E-7     3.5458163265306127E-7    7170497.995482862-2013300.7210709408i             1.3275804348941565E7
0                         6.612244897959182E-7     3.72765306122449E-7      7318240.369572578-2074468.5096038925i             1.3526362566483399E7
0                         6.612244897959182E-7     3.909489795918368E-7     7288359.189549783-1621045.7230461035i             1.3786867155069435E7
0                         6.612244897959182E-7     4.091326530612245E-7     7317211.399961485-1599708.1466525304i             1.3873008469921427E7
0                         6.612244897959182E-7     4.273163265306122E-7     7330421.631501876-1580078.0154717076i             1.3925288988868302E7
0                         6.612244897959182E-7     4.455E-7                 7327989.884170969-1562155.3295036324i             1.3943539021739649E7
0                         6.777551020408163E-7     -4.455E-7                -7733336.797226276+2170018.639322642i             1.4673792166589566E7
0                         6.777551020408163E-7     -4.2731632653061225E-7   -7318213.748470301+2170089.761221525i             1.4314580338117514E7
0                         6.777551020408163E-7     -4.091326530612245E-7    -7238117.688984289+2127877.7083999i               1.4202245205836533E7
0                         6.777551020408163E-7     -3.9094897959183674E-7   -7137673.246065944+2077676.030852537i             1.4052500456637599E7
0                         6.777551020408163E-7     -3.72765306122449E-7     -7016880.41971527+2019484.7285794355i             1.3865565898846295E7
0                         6.777551020408163E-7     -3.545816326530612E-7    -6875739.209932261+1953303.8015805942i            1.364179151772648E7
0                         6.777551020408163E-7     -3.3639795918367346E-7   -6714775.821801729+1892636.932225001i             1.330190206550859E7
0                         6.777551020408163E-7     -3.1821428571428575E-7   -6533086.093660915+1855623.2724437064i            1.2999231484793114E7
0                         6.777551020408163E-7     -3.0003061224489794E-7   -6330963.896661146+1807620.981374777i             1.2668997165102888E7
0                         6.777551020408163E-7     -2.8184693877551024E-7   -6108409.230802431+1748630.0590182154i            1.231217630202053E7
0                         6.777551020408163E-7     -2.636632653061224E-7    -5908921.855143138+1550003.595156514i             1.18136772552071E7
0                         6.777551020408163E-7     -2.454795918367347E-7    -5672761.391371097+1623719.9742505574i            1.1343164998887932E7
0                         6.777551020408163E-7     -2.2729591836734696E-7   -5318124.364076118+1261906.6222336404i            1.082446735792418E7
0                         6.777551020408163E-7     -2.091122448979592E-7    -4949716.737661469+1197558.0429922459i            1.0221155929037802E7
0                         6.777551020408163E-7     -1.9092857142857144E-7   -4665908.119008288+1243910.0002655115i            9608818.007141374
0                         6.777551020408163E-7     -1.7274489795918368E-7   -4254592.611003075+1173110.2661654404i            8969265.733592711
0                         6.777551020408163E-7     -1.5456122448979592E-7   -3832822.8900649175+1100487.6153784303i           8336823.510720722
0                         6.777551020408163E-7     -1.3637755102040816E-7   -3400598.9561938187+1026042.0479044783i           7718138.32030438
0                         6.777551020408163E-7     -1.181938775510204E-7    -2970843.3168533472+958570.4026975062i            7127908.133452654
0                         6.777551020408163E-7     -1.0001020408163265E-7   -2515222.1866441546+914050.5958366699i            6611562.401359594
0                         6.777551020408163E-7     -8.182653061224489E-8    -2041662.3794532784+760401.8706331144i            5976099.85268995
0                         6.777551020408163E-7     -6.364285714285713E-8    -1609935.0500359968+579832.5499215428i            5496515.527722049
0                         6.777551020408163E-7     -4.545918367346937E-8    -1174939.997521568+395616.2183097215i             5130406.610637764
0                         6.777551020408163E-7     -2.7275510204081612E-8   -736677.2219099913+207752.8757976436i             4906767.050845804
0                         6.777551020408163E-7     -9.091836734693906E-9    -256104.65930824145+58799.53957303108i            4795533.91470504
0                         6.777551020408163E-7     9.091836734693853E-9     222488.75056863314-48259.16423878132i             4700978.960819691
0                         6.777551020408163E-7     2.7275510204081612E-8    700955.9256036629-153954.37347422919i             4789283.532876383
0                         6.777551020408163E-7     4.5459183673469424E-8    1182964.1300323363-321170.9316999861i             5002301.670036854
0                         6.777551020408163E-7     6.364285714285713E-8     1645137.6718383564-461132.88278567314i            5418773.932730568
0                         6.777551020408163E-7     8.182653061224494E-8     2103436.6809640634-599999.1710695799i             5948458.863848365
0                         6.777551020408163E-7     1.0001020408163265E-7    2557861.15740945-737769.7965517087i               6561058.549311305
0                         6.777551020408163E-7     1.1819387755102046E-7    3008411.1011745213-874444.7592320598i             7232893.25362528
0                         6.777551020408163E-7     1.3637755102040816E-7    3385609.303698778-1082475.812644762i              7850495.250046034
0                         6.777551020408163E-7     1.5456122448979587E-7    3762186.800908339-1207894.0462065798i             8428987.601199651
0                         6.777551020408163E-7     1.7274489795918368E-7    4174081.388785521-1293861.9274968808i             9015517.393116085
0                         6.777551020408163E-7     1.909285714285714E-7     4571705.647822944-1377560.721983085i              9599354.97151731
0                         6.777551020408163E-7     2.091122448979592E-7     4955059.578020614-1458990.429665193i              1.0175174330111312E7
0                         6.777551020408163E-7     2.272959183673469E-7     5324143.179378519-1538151.050543204i              1.0739001128614819E7
0                         6.777551020408163E-7     2.454795918367347E-7     5678956.451896671-1615042.5846171202i             1.1287835092063311E7
0                         6.777551020408163E-7     2.636632653061224E-7     5976865.619970625-1810491.9328761036i             1.1769450077109745E7
0                         6.777551020408163E-7     2.8184693877551024E-7    6226358.373014336-1892159.500474729i              1.2225033785517054E7
0                         6.777551020408163E-7     3.0003061224489794E-7    6441928.3009284-2013327.3175080111i               1.2594391821729722E7
0                         6.777551020408163E-7     3.1821428571428575E-7    6639971.622648204-2120701.2707434716i             1.2938647686325334E7
0                         6.777551020408163E-7     3.3639795918367346E-7    6820488.338173727-2214281.3601811123i             1.3256480337018004E7
0                         6.777551020408163E-7     3.5458163265306127E-7    6983478.447505001-2294067.5858209236i             1.3546839130220365E7
0                         6.777551020408163E-7     3.72765306122449E-7      7134981.34897404-1823016.8007111987i              1.4420977985359954E7
0                         6.777551020408163E-7     3.909489795918368E-7     7262454.856548167-1902226.6853360857i             1.4636225144129356E7
0                         6.777551020408163E-7     4.091326530612245E-7     7462697.327766223-1746208.799493198i              1.4402870641580729E7
0                         6.777551020408163E-7     4.273163265306122E-7     7598154.529844291-1818920.2026427765i             1.4560616543629928E7
0                         6.777551020408163E-7     4.455E-7                 7733336.797226263-2170018.639322672i              1.4671825970617695E7
0                         6.942857142857142E-7     -4.455E-7                -7418967.06411947+2478774.2589248787i             1.4865870977832545E7
0                         6.942857142857142E-7     -4.2731632653061225E-7   -7456436.685555611+2469826.957413975i             1.488347373574552E7
0                         6.942857142857142E-7     -4.091326530612245E-7    -7080494.884016554+2492826.5000739708i            1.4516561812954172E7
0                         6.942857142857142E-7     -3.9094897959183674E-7   -6980965.532593268+2439265.533256413i             1.4354944955051111E7
0                         6.942857142857142E-7     -3.72765306122449E-7     -6861087.797737648+2377714.9417131143i            1.4157044503718913E7
0                         6.942857142857142E-7     -3.545816326530612E-7    -6720861.6794496905+2308174.7254440757i           1.3923200153718006E7
0                         6.942857142857142E-7     -3.3639795918367346E-7   -6560853.724373124+2244755.2660197737i            1.3633632402608933E7
0                         6.942857142857142E-7     -3.1821428571428575E-7   -6380068.689099126+2202991.899320678i             1.3320356396490026E7
0                         6.942857142857142E-7     -3.0003061224489794E-7   -6178851.184966171+2150239.9013339453i            1.2979688146079024E7
0                         6.942857142857142E-7     -2.8184693877551024E-7   -5983874.05321838+1950767.9908406173i             1.245465537836527E7
0                         6.942857142857142E-7     -2.636632653061224E-7    -5786339.721050076+2051980.918775695i             1.207713798924628E7
0                         6.942857142857142E-7     -2.454795918367347E-7    -5528979.251313437+1933697.9786562778i            1.1578063631003292E7
0                         6.942857142857142E-7     -2.2729591836734696E-7   -5257886.605094323+1803641.571562647i             1.1052446029002668E7
0                         6.942857142857142E-7     -2.091122448979592E-7    -4893684.905895619+1455411.1420089277i            1.049755713853245E7
0                         6.942857142857142E-7     -1.9092857142857144E-7   -4513162.4704788625+1380351.1628079223i           9863004.648686772
0                         6.942857142857142E-7     -1.7274489795918368E-7   -4209073.423980848+1397255.4171475165i            9201423.606384214
0                         6.942857142857142E-7     -1.5456122448979592E-7   -3785473.747627968+1312898.279107986i             8540112.794365516
0                         6.942857142857142E-7     -1.3637755102040816E-7   -3351419.8583421446+1226718.2243815148i           7894248.420648439
0                         6.942857142857142E-7     -1.181938775510204E-7    -2915384.1114566354+1156275.4151875211i           7305522.985538402
0                         6.942857142857142E-7     -1.0001020408163265E-7   -2466413.947176203+1097346.8778400947i            6787722.355209068
0                         6.942857142857142E-7     -8.182653061224489E-8    -2028961.7429743453+809151.0397571379i            6065779.969874253
0                         6.942857142857142E-7     -6.364285714285713E-8    -1598896.918389963+618717.5634046538i             5563701.837051042
0                         6.942857142857142E-7     -4.545918367346937E-8    -1165564.3707084325+424637.0761519175i            5177994.6043033665
0                         6.942857142857142E-7     -2.7275510204081612E-8   -728964.0999297542+226909.57799892643i            4939517.358791804
0                         6.942857142857142E-7     -9.091836734693906E-9    -260562.90742204463+48941.452174221304i           4881763.32512217
0                         6.942857142857142E-7     9.091836734693853E-9     217710.62641066412-69051.23943086952i             4787590.32737422
0                         6.942857142857142E-7     2.7275510204081612E-8    697537.2236479442-271922.585370227i               4794005.251728042
0                         6.942857142857142E-7     4.5459183673469424E-8    1162827.43164416-422810.77467515814i              5075884.207807666
0                         6.942857142857142E-7     6.364285714285713E-8     1624243.1069600557-572603.3011783115i             5510925.362235499
0                         6.942857142857142E-7     8.182653061224494E-8     2081784.2495956405-721300.1648796847i             6063019.766074748
0                         6.942857142857142E-7     1.0001020408163265E-7    2535450.859550905-868901.3657792786i              6700395.758222175
0                         6.942857142857142E-7     1.1819387755102046E-7    2899424.182188467-1088089.243896039i              7377719.737801248
0                         6.942857142857142E-7     1.3637755102040816E-7    3328106.7219677437-1255049.5897843437i            7979157.965254942
0                         6.942857142857142E-7     1.5456122448979587E-7    3745921.7249141843-1419645.1519380957i            8595731.022874158
0                         6.942857142857142E-7     1.7274489795918368E-7    4105951.3540450227-1540395.4143621074i            9197610.921400916
0                         6.942857142857142E-7     1.909285714285714E-7     4504212.742828802-1633858.9789949562i             9801068.359537732
0                         6.942857142857142E-7     2.091122448979592E-7     4888203.802772825-1725053.4568237104i             1.0397277314353585E7
0                         6.942857142857142E-7     2.272959183673469E-7     5321212.238312608-1837023.1756462539i             1.1037371413964115E7
0                         6.942857142857142E-7     2.454795918367347E-7     5564737.723902628-1942588.638736151i              1.1534967893154396E7
0                         6.942857142857142E-7     2.636632653061224E-7     5791694.503470462-2038166.9308008994i             1.200648220537068E7
0                         6.942857142857142E-7     2.8184693877551024E-7    6048454.30884731-2153628.071988552i               1.2456708790755816E7
0                         6.942857142857142E-7     3.0003061224489794E-7    6261745.36580866-2279620.462330875i               1.2839319900438068E7
0                         6.942857142857142E-7     3.1821428571428575E-7    6457509.816575747-2391818.9888753756i             1.3196712735369269E7
0                         6.942857142857142E-7     3.3639795918367346E-7    6635747.661148571-2490223.6516220537i             1.3527572674038114E7
0                         6.942857142857142E-7     3.5458163265306127E-7    6813635.015933267-2105309.0424041823i             1.4354462693976892E7
0                         6.942857142857142E-7     3.72765306122449E-7      6958502.738393064-2198753.718063811i              1.4617968591717217E7
0                         6.942857142857142E-7     3.909489795918368E-7     7083579.327144267-2284254.282051913i              1.4845276045403367E7
0                         6.942857142857142E-7     4.091326530612245E-7     7257101.721354749-2133873.2275619484i             1.463635680378912E7
0                         6.942857142857142E-7     4.273163265306122E-7     7393959.4271519175-2493138.609014064i             1.479320171260645E7
0                         6.942857142857142E-7     4.455E-7                 7418967.064119455-2478774.2589249085i             1.4865741025651647E7
0                         7.108163265306121E-7     -4.455E-7                -7104597.33101266+2787529.878527116i              1.5071284803845141E7
0                         7.108163265306121E-7     -4.2731632653061225E-7   -7141710.559474076+2777568.268627567i             1.508289016641234E7
0                         7.108163265306121E-7     -4.091326530612245E-7    -6922872.079048821+2857775.291748041i             1.4850725598902807E7
0                         7.108163265306121E-7     -3.9094897959183674E-7   -6824257.819120588+2800855.0356602855i            1.4676076980990218E7
0                         7.108163265306121E-7     -3.72765306122449E-7     -6705295.175760022+2735945.1548467916i            1.4466198363089444E7
0                         7.108163265306121E-7     -3.545816326530612E-7    -6565984.148967127+2663045.649307559i             1.422142233050949E7
0                         7.108163265306121E-7     -3.3639795918367346E-7   -6406931.626944522+2596873.5998145486i            1.3975016161157211E7
0                         7.108163265306121E-7     -3.1821428571428575E-7   -6227051.284537333+2550360.526197649i             1.3650355945207274E7
0                         7.108163265306121E-7     -3.0003061224489794E-7   -6026738.473271191+2492858.8212931147i            1.3298604959657853E7
0                         7.108163265306121E-7     -2.8184693877551024E-7   -5855918.172907377+2274049.064080361i             1.2762978957164755E7
0                         7.108163265306121E-7     -2.636632653061224E-7    -5640417.632488414+2368076.905419901i             1.2331360169062583E7
0                         7.108163265306121E-7     -2.454795918367347E-7    -5385197.111255773+2243675.983061997i             1.1820192905030776E7
0                         7.108163265306121E-7     -2.2729591836734696E-7   -5116244.413540663+2107501.593729879i             1.1282201348128656E7
0                         7.108163265306121E-7     -2.091122448979592E-7    -4833559.539343084+1959553.7374235499i            1.0720060448188934E7
0                         7.108163265306121E-7     -1.9092857142857144E-7   -4454985.313382356+1628883.0680437027i            1.0129451645605886E7
0                         7.108163265306121E-7     -1.7274489795918368E-7   -4062348.068963487+1543111.6888830885i            9467589.693685822
0                         7.108163265306121E-7     -1.5456122448979592E-7   -3738124.6051910175+1525308.942837542i            8763682.12884582
0                         7.108163265306121E-7     -1.3637755102040816E-7   -3302240.760490471+1427394.4008585513i            8090215.954181778
0                         7.108163265306121E-7     -1.181938775510204E-7    -2859924.906059924+1353980.427677539i             7505787.122551242
0                         7.108163265306121E-7     -1.0001020408163265E-7   -2441395.7031497504+1054550.829974305i            6787395.713511117
0                         7.108163265306121E-7     -8.182653061224489E-8    -2016261.1064954132+857900.2088811616i            6173189.877161175
0                         7.108163265306121E-7     -6.364285714285713E-8    -1587858.786743929+657602.5768877647i             5648238.365204548
0                         7.108163265306121E-7     -4.545918367346937E-8    -1156188.743895297+453657.93399411405i            5242722.953179429
0                         7.108163265306121E-7     -2.7275510204081612E-8   -721250.9779495165+246066.28020020976i            4989356.591444813
0                         7.108163265306121E-7     -9.091836734693906E-9    -265021.155535848+39083.36477541212i              4987171.963020932
0                         7.108163265306121E-7     9.091836734693853E-9     209751.51756348403-201917.42540375274i            4771457.218045924
0                         7.108163265306121E-7     2.7275510204081612E-8    678158.3917498912-363731.85292793135i             4872775.753016512
0                         7.108163265306121E-7     4.5459183673469424E-8    1142690.7332559826-524450.6176503303i             5167173.011523633
0                         7.108163265306121E-7     6.364285714285713E-8     1603348.5420817574-684073.719570947i              5620849.593286486
0                         7.108163265306121E-7     8.182653061224494E-8     2060131.8182272178-842601.1586897884i             6195728.548607482
0                         7.108163265306121E-7     1.0001020408163265E-7    2403204.8340805257-1072765.6776361028i            6915688.855519013
0                         7.108163265306121E-7     1.1819387755102046E-7    2842338.2555750366-1251376.9141472904i            7505485.132363957
0                         7.108163265306121E-7     1.3637755102040816E-7    3270604.140236709-1427623.3669239257i             8121662.0369851785
0                         7.108163265306121E-7     1.5456122448979587E-7    3688002.4880655473-1601505.0359660084i            8753070.72463681
0                         7.108163265306121E-7     1.7274489795918368E-7    4094533.2990615503-1773021.9212735407i            9391579.28235985
0                         7.108163265306121E-7     1.909285714285714E-7     4436719.837834658-1890157.236006829i              1.0013217091805492E7
0                         7.108163265306121E-7     2.091122448979592E-7     4887130.690806042-1933637.78117229i               1.0721201319524018E7
0                         7.108163265306121E-7     2.272959183673469E-7     5143496.962216312-2054359.6680485727i             1.1254829456563553E7
0                         7.108163265306121E-7     2.454795918367347E-7     5383294.527604394-2165094.3838997073i             1.1765460202545496E7
0                         7.108163265306121E-7     2.636632653061224E-7     5642011.452477374-2270485.8160531856i             1.2274116026450783E7
0                         7.108163265306121E-7     2.8184693877551024E-7    5870550.244680284-2415096.6435023732i             1.2694201977539692E7
0                         7.108163265306121E-7     3.0003061224489794E-7    6081562.430688925-2545913.607153734i              1.309073815393998E7
0                         7.108163265306121E-7     3.1821428571428575E-7    6275048.0105033-2662936.707007277i                1.3462075353485646E7
0                         7.108163265306121E-7     3.3639795918367346E-7    6477291.386829764-2367075.8136992203i             1.4246757784803249E7
0                         7.108163265306121E-7     3.5458163265306127E-7    6639553.324175222-2474755.280393584i              1.4559275222439988E7
0                         7.108163265306121E-7     3.72765306122449E-7      6782024.127812084-2574490.635416422i              1.4836534160998954E7
0                         7.108163265306121E-7     3.909489795918368E-7     6904703.797740357-2666281.8787677367i             1.5078042567893215E7
0                         7.108163265306121E-7     4.091326530612245E-7     7007592.333960021-2750129.0104475264i             1.5283436181174653E7
0                         7.108163265306121E-7     4.273163265306122E-7     7080499.648265399-2801262.8582282765i             1.499969467362641E7
0                         7.108163265306121E-7     4.455E-7                 7104597.331012644-2787529.8785271435i             1.5072796897787895E7
0                         7.273469387755101E-7     -4.455E-7                -6631890.563953016+3135848.705939849i             1.538710374314216E7
0                         7.273469387755101E-7     -4.2731632653061225E-7   -6826984.433392543+3085309.5798411593i            1.5292811545296608E7
0                         7.273469387755101E-7     -4.091326530612245E-7    -6845758.468637814+3054506.3738610325i            1.5252955709881172E7
0                         7.273469387755101E-7     -3.9094897959183674E-7   -6667550.105647911+3162444.5380641622i            1.5013755930344481E7
0                         7.273469387755101E-7     -3.72765306122449E-7     -6549502.553782401+3094175.3679804713i            1.4791041704738444E7
0                         7.273469387755101E-7     -3.545816326530612E-7    -6411106.618484559+3017916.5731710442i            1.4534609737041976E7
0                         7.273469387755101E-7     -3.3639795918367346E-7   -6253009.529515918+2948991.933609325i             1.4323134769903641E7
0                         7.273469387755101E-7     -3.1821428571428575E-7   -6074033.879975543+2897729.153074624i             1.3986422481311489E7
0                         7.273469387755101E-7     -3.0003061224489794E-7   -5874625.761576208+2835477.7412522873i            1.3623037513785668E7
0                         7.273469387755101E-7     -2.8184693877551024E-7   -5727962.292596375+2597330.137320106i             1.3077017485506063E7
0                         7.273469387755101E-7     -2.636632653061224E-7    -5494495.543926748+2684172.8920641122i            1.2590669109750293E7
0                         7.273469387755101E-7     -2.454795918367347E-7    -5241414.97119811+2553653.9874677192i             1.2066959178370403E7
0                         7.273469387755101E-7     -2.2729591836734696E-7   -4974602.221987001+2411361.6158971116i            1.1516356547569396E7
0                         7.273469387755101E-7     -2.091122448979592E-7    -4694057.296293423+2257295.777352294i             1.09415348116256E7
0                         7.273469387755101E-7     -1.9092857142857144E-7   -4399780.194117375+2091456.471833266i             1.0346024508391168E7
0                         7.273469387755101E-7     -1.7274489795918368E-7   -4091770.915458861+1913843.6993400278i            9734546.018042242
0                         7.273469387755101E-7     -1.5456122448979592E-7   -3597273.533115349+1685839.6212177433i            9039380.520698296
0                         7.273469387755101E-7     -1.3637755102040816E-7   -3253061.662638794+1628070.5773355898i            8305538.289697266
0                         7.273469387755101E-7     -1.181938775510204E-7    -2804465.7006632104+1551685.440167552i            7728210.352609046
0                         7.273469387755101E-7     -1.0001020408163265E-7   -2427032.561837918+1113164.1547392423i            6936626.985043774
0                         7.273469387755101E-7     -8.182653061224489E-8    -2003560.470016481+906649.3780051859i             6297421.575683788
0                         7.273469387755101E-7     -6.364285714285713E-8    -1576820.655097895+696487.5903708742i             5749392.394937829
0                         7.273469387755101E-7     -4.545918367346937E-8    -1146813.1170821607+482678.79183630995i           5324037.870823107
0                         7.273469387755101E-7     -2.7275510204081612E-8   -713537.8559692793+265222.9824014916i             5055892.628231907
0                         7.273469387755101E-7     -9.091836734693906E-9    -269479.4036496513+29225.27737660188i             5111767.99403749
0                         7.273469387755101E-7     9.091836734693853E-9     191130.55215554964-283896.11754399247i            4864167.590285876
0                         7.273469387755101E-7     2.7275510204081612E-8    658779.5598518365-455541.1204856348i              4969517.350972481
0                         7.273469387755101E-7     4.5459183673469424E-8    1122554.0348678075-626090.4606254997i             5276109.8941558115
0                         7.273469387755101E-7     6.364285714285713E-8     1582453.9772034572-795544.137963585i              5748341.619126844
0                         7.273469387755101E-7     8.182653061224494E-8     2038479.3868587958-963902.1524998925i             6346206.686613076
0                         7.273469387755101E-7     1.0001020408163265E-7    2346535.5625847-1226767.240999025i                7041311.785494613
0                         7.273469387755101E-7     1.1819387755102046E-7    2785252.3289616047-1414664.584398543i             7645415.317836149
0                         7.273469387755101E-7     1.3637755102040816E-7    3213101.5585056753-1600197.1440635086i            8276414.632239765
0                         7.273469387755101E-7     1.5456122448979587E-7    3630083.2512169085-1783364.9199939216i            8922971.749219816
0                         7.273469387755101E-7     1.7274489795918368E-7    4161569.518392472-1820190.5587722124i             9672123.223045511
0                         7.273469387755101E-7     1.909285714285714E-7     4443936.277681147-2009926.7101507005i             1.0363701499076288E7
0                         7.273469387755101E-7     2.091122448979592E-7     4713143.3349116715-2145805.0208133706i            1.092905939181952E7
0                         7.273469387755101E-7     2.272959183673469E-7     4965781.68612001-2271696.160450892i               1.1475618813794754E7
0                         7.273469387755101E-7     2.454795918367347E-7     5201851.331306161-2387600.1290632645i             1.1999905382491205E7
0                         7.273469387755101E-7     2.636632653061224E-7     5466386.25926305-2527129.8142579696i              1.2500333515508976E7
0                         7.273469387755101E-7     2.8184693877551024E-7    5692646.180513253-2676565.2150161965i             1.293479847406565E7
0                         7.273469387755101E-7     3.0003061224489794E-7    5901379.495569177-2812206.751976601i              1.3345862408097584E7
0                         7.273469387755101E-7     3.1821428571428575E-7    6125950.461663526-2608317.114596305i              1.4092329632826839E7
0                         7.273469387755101E-7     3.3639795918367346E-7    6305606.613894647-2730231.3723254083i             1.4453922047506342E7
0                         7.273469387755101E-7     3.5458163265306127E-7    6465471.632417177-2844201.518382986i              1.47814374755907E7
0                         7.273469387755101E-7     3.72765306122449E-7      6605545.51723111-2950227.552769036i               1.5074264298873287E7
0                         7.273469387755101E-7     3.909489795918368E-7     6623448.178117445-3552309.857551369i              1.538019252442344E7
0                         7.273469387755101E-7     4.091326530612245E-7     6605573.324938972-3577208.280586251i              1.5547026877194216E7
0                         7.273469387755101E-7     4.273163265306122E-7     6576475.226681733-3585036.0657268865i             1.5669574199517775E7
0                         7.273469387755101E-7     4.455E-7                 6631890.563953005-3135848.705939869i              1.540793453491316E7
0                         7.438775510204081E-7     -4.455E-7                -6400862.169960216+3452361.340066944i             1.5581660069217488E7
0                         7.438775510204081E-7     -4.2731632653061225E-7   -6416269.10629995+3431413.7519511357i             1.5585993567680191E7
0                         7.438775510204081E-7     -4.091326530612245E-7    -6530675.949581566+3361233.3766859816i            1.5465443363425687E7
0                         7.438775510204081E-7     -3.9094897959183674E-7   -6531110.791610689+3309588.574625278i             1.5374696767835597E7
0                         7.438775510204081E-7     -3.72765306122449E-7     -6393709.931804778+3452405.581114151i             1.5130167853667237E7
0                         7.438775510204081E-7     -3.545816326530612E-7    -6256229.088001992+3372787.4970345264i            1.4861490799229525E7
0                         7.438775510204081E-7     -3.3639795918367346E-7   -6099087.432087318+3301110.267404099i             1.467570824095752E7
0                         7.438775510204081E-7     -3.1821428571428575E-7   -5921016.475413751+3245097.7799515952i            1.4326384480991026E7
0                         7.438775510204081E-7     -3.0003061224489794E-7   -5722513.04988123+3178096.6612114566i             1.3950912233071268E7
0                         7.438775510204081E-7     -2.8184693877551024E-7   -5585781.903107252+3125132.298568989i             1.3360853180615762E7
0                         7.438775510204081E-7     -2.636632653061224E-7    -5348573.455365084+3000268.878708319i             1.2853035337153694E7
0                         7.438775510204081E-7     -2.454795918367347E-7    -5097632.831140448+2863631.9918734366i            1.2316382579758748E7
0                         7.438775510204081E-7     -2.2729591836734696E-7   -4832960.030433343+2715221.6380643453i            1.1752965979677115E7
0                         7.438775510204081E-7     -2.091122448979592E-7    -4554555.053243763+2555037.817281039i             1.1165485172101827E7
0                         7.438775510204081E-7     -1.9092857142857144E-7   -4262417.899571718+2383080.5295235217i            1.0557500261939982E7
0                         7.438775510204081E-7     -1.7274489795918368E-7   -3956548.569417202+2199349.7747917925i            9933764.590412324
0                         7.438775510204081E-7     -1.5456122448979592E-7   -3636947.062780219+2003845.5530858536i            9300704.35064064
0                         7.438775510204081E-7     -1.3637755102040816E-7   -3140464.682428352+1794914.9308271303i            8435401.43038083
0                         7.438775510204081E-7     -1.181938775510204E-7    -2899372.5838370314+1329582.4784965236i           7490377.120761738
0                         7.438775510204081E-7     -1.0001020408163265E-7   -2412669.4205260873+1171777.4795041801i           7102105.205811755
0                         7.438775510204081E-7     -8.182653061224489E-8    -1990859.8335375483+955398.5471292088i            6437659.258424141
0                         7.438775510204081E-7     -6.364285714285713E-8    -1565782.5234518605+735372.6038539851i            5866510.598076189
0                         7.438775510204081E-7     -4.545918367346937E-8    -1119613.8561379605+525999.6760346217i            5408064.761982413
0                         7.438775510204081E-7     -2.7275510204081612E-8   -697583.6430789965+279967.81672265986i            5121839.6501415055
0                         7.438775510204081E-7     -9.091836734693906E-9    -271876.9177681893+34901.781015961795i            4987163.151865311
0                         7.438775510204081E-7     9.091836734693853E-9     190539.17747799086-206562.7490889206i             4913123.220051927
0                         7.438775510204081E-7     2.7275510204081612E-8    651937.4918111773-446328.7635402703i              5061430.50097376
0                         7.438775510204081E-7     4.5459183673469424E-8    1102417.3364796303-727730.3036006686i             5402688.226179148
0                         7.438775510204081E-7     6.364285714285713E-8     1561559.412325158-907014.5563562218i              5893257.695491432
0                         7.438775510204081E-7     8.182653061224494E-8     1840698.6429967403-1181220.5703395468i            6603517.795714757
0                         7.438775510204081E-7     1.0001020408163265E-7    2289866.2910888772-1380768.8043619457i            7178147.483121867
0                         7.438775510204081E-7     1.1819387755102046E-7    3047315.0509613855-1319138.2758292507i            8000492.165920126
0                         7.438775510204081E-7     1.3637755102040816E-7    3376977.515460779-1560405.0067524202i             8601706.326777374
0                         7.438775510204081E-7     1.5456122448979587E-7    3693533.6343403975-1792185.3405113884i            9210745.995162906
0                         7.438775510204081E-7     1.7274489795918368E-7    3996983.4076002473-2014479.2771061547i            9820144.382664805
0                         7.438775510204081E-7     1.909285714285714E-7     4273676.841988716-2216924.6970305406i             1.0560596235271996E7
0                         7.438775510204081E-7     2.091122448979592E-7     4539155.979017307-2357972.260454449i              1.113824994055191E7
0                         7.438775510204081E-7     2.272959183673469E-7     4788066.410023715-2489032.6528532095i             1.1698109350228844E7
0                         7.438775510204081E-7     2.454795918367347E-7     5020408.135007928-2610105.8742268207i             1.2236594845533509E7
0                         7.438775510204081E-7     2.636632653061224E-7     5290761.066048728-2783773.8124627518i             1.2727085304753797E7
0                         7.438775510204081E-7     2.8184693877551024E-7    5514742.116346216-2938033.786530017i              1.3176340369903471E7
0                         7.438775510204081E-7     3.0003061224489794E-7    5759612.2404345535-2829032.9450954404i            1.3887677624536231E7
0                         7.438775510204081E-7     3.1821428571428575E-7    5956662.607551345-2965181.993859279i              1.4297721566998275E7
0                         7.438775510204081E-7     3.3639795918367346E-7    6133921.840959535-3093386.930951595i              1.4675151876666073E7
0                         7.438775510204081E-7     3.5458163265306127E-7    6291389.94065913-3213647.7563723866i              1.5019187581921786E7
0                         7.438775510204081E-7     3.72765306122449E-7      6304986.029210346-3737712.319340042i              1.5358555287598433E7
0                         7.438775510204081E-7     3.909489795918368E-7     6297676.500257339-3781110.2164725913i             1.557554942160758E7
0                         7.438775510204081E-7     4.091326530612245E-7     6279143.726225564-3807437.4757109014i             1.574863766028925E7
0                         7.438775510204081E-7     4.273163265306122E-7     6367808.349352473-3685428.9645004985i             1.5710369934029741E7
0                         7.438775510204081E-7     4.455E-7                 6400862.16996019-3452361.340066964i               1.559823346819247E7
0                         7.60408163265306E-7      -4.455E-7                -6169833.775967412+3768873.9741940373i            1.5770521074765285E7
0                         7.60408163265306E-7      -4.2731632653061225E-7   -6185120.593954013+3748246.114379066i             1.5773367090134572E7
0                         7.60408163265306E-7      -4.091326530612245E-7    -6184603.044373327+3717605.2045242046i            1.573368783014332E7
0                         7.60408163265306E-7      -3.9094897959183674E-7   -6215671.879579721+3615301.2690615817i            1.558914154641653E7
0                         7.60408163265306E-7      -3.72765306122449E-7     -6197767.528392699+3542814.870920296i             1.5448706321930544E7
0                         7.60408163265306E-7      -3.545816326530612E-7    -6101351.557519425+3727658.420898009i             1.5201323496148292E7
0                         7.60408163265306E-7      -3.3639795918367346E-7   -5945165.334658716+3653228.601198874i             1.5031030192884635E7
0                         7.60408163265306E-7      -3.1821428571428575E-7   -5767999.070851961+3592466.406828566i             1.4668641521448964E7
0                         7.60408163265306E-7      -3.0003061224489794E-7   -5649848.836804879+3339669.363841618i             1.408258756232187E7
0                         7.60408163265306E-7      -2.8184693877551024E-7   -5437719.866041588+3447346.267451684i             1.3638347322340716E7
0                         7.60408163265306E-7      -2.636632653061224E-7    -5202651.366803421+3316364.8653525263i            1.3116976750844164E7
0                         7.60408163265306E-7      -2.454795918367347E-7    -4953850.691082785+3173609.996279156i             1.2567042978598258E7
0                         7.60408163265306E-7      -2.2729591836734696E-7   -4691317.838879679+3019081.660231575i             1.199065983171551E7
0                         7.60408163265306E-7      -2.091122448979592E-7    -4415052.810194103+2852779.8572097826i            1.1390579671203025E7
0                         7.60408163265306E-7      -1.9092857142857144E-7   -4125055.605026058+2674704.587213776i             1.077042751074366E7
0                         7.60408163265306E-7      -1.7274489795918368E-7   -3821326.2233755453+2484855.850243561i            1.013503607849273E7
0                         7.60408163265306E-7      -1.5456122448979592E-7   -3503864.665242563+2283233.646299135i             9490927.225856297
0                         7.60408163265306E-7      -1.3637755102040816E-7   -2930027.4662371743+1819168.0950031194i           8539036.814369474
0                         7.60408163265306E-7      -1.181938775510204E-7    -2470309.1196794603+1563579.6656993455i           7845477.729738779
0                         7.60408163265306E-7      -1.0001020408163265E-7   -2398306.279214257+1230390.8042691187i            7282976.595611219
0                         7.60408163265306E-7      -8.182653061224489E-8    -1904525.8421899779+1095319.1880489849i           6504430.825568061
0                         7.60408163265306E-7      -6.364285714285713E-8    -1496087.7733481033+841308.06176179i              5931684.1327725
0                         7.60408163265306E-7      -4.545918367346937E-8    -1084090.256531819+585113.431672426i              5480437.86718617
0                         7.60408163265306E-7      -2.7275510204081612E-8   -668533.2917411234+326735.2977808921i             5186453.539841299
0                         7.60408163265306E-7      -9.091836734693906E-9    -249416.8789760208+66173.6600871908i              5081159.15065495
0                         7.60408163265306E-7      9.091836734693853E-9     201517.1227483722-180423.24811339358i             4971298.8195485575
0                         7.60408163265306E-7      2.7275510204081612E-8    658901.9062882424-430684.4951841917i              5132410.380090134
0                         7.60408163265306E-7      4.5459183673469424E-8    1115268.9089151227-679247.2266014563i             5504243.055100389
0                         7.60408163265306E-7      6.364285714285713E-8     1570618.1306290075-926111.4423651844i             6046799.1266834615
0                         7.60408163265306E-7      8.182653061224494E-8     1966317.189261646-1115241.3935537434i             6671851.251542179
0                         7.60408163265306E-7      1.0001020408163265E-7    2564890.622331583-1240395.4941259753i             7542308.89190512
0                         7.60408163265306E-7      1.1819387755102046E-7    2901426.809380356-1496718.215200808i              8131632.677083189
0                         7.60408163265306E-7      1.3637755102040816E-7    3224856.6508093504-1743554.5391114405i            8739535.115576135
0                         7.60408163265306E-7      1.5456122448979587E-7    3535180.1466185707-1980904.465857869i             9355741.758977255
0                         7.60408163265306E-7      1.7274489795918368E-7    3832397.296808019-2208767.995440097i              9972680.989775097
0                         7.60408163265306E-7      1.909285714285714E-7     4103417.4062962867-2423922.683910381i             1.0757604508182215E7
0                         7.60408163265306E-7      2.091122448979592E-7     4365168.623122945-2570139.5000955276i             1.1347651078145625E7
0                         7.60408163265306E-7      2.272959183673469E-7     4610351.133927412-2706369.145255527i              1.1921101994955303E7
0                         7.60408163265306E-7      2.454795918367347E-7     4875907.087295363-2867539.3994934047i             1.2467789543545764E7
0                         7.60408163265306E-7      2.636632653061224E-7     5115135.872834407-3040417.8106675334i             1.2952789659043709E7
0                         7.60408163265306E-7      2.8184693877551024E-7    5378276.723142857-3029223.3051966242i             1.3631327444222452E7
0                         7.60408163265306E-7      3.0003061224489794E-7    5592721.305145307-3179607.1449952014i             1.4088455991987772E7
0                         7.60408163265306E-7      3.1821428571428575E-7    5787374.753439165-3322046.8731222562i             1.4514790918236034E7
0                         7.60408163265306E-7      3.3639795918367346E-7    5962137.436579883-3824218.4617031435i             1.4973014129739856E7
0                         7.60408163265306E-7      3.5458163265306127E-7    5976616.476931093-3903186.4708276144i             1.528281543533179E7
0                         7.60408163265306E-7      3.72765306122449E-7      5979872.272203549-3965083.842057835i              1.5549989439241003E7
0                         7.60408163265306E-7      3.909489795918368E-7     6027658.1421342045-3832757.116416324i             1.562344479107433E7
0                         7.60408163265306E-7      4.091326530612245E-7     6081331.185074171-3883377.567024055i              1.575865793236307E7
0                         7.60408163265306E-7      4.273163265306122E-7     6121388.721960118-3920410.5242914837i             1.584999659274813E7
0                         7.60408163265306E-7      4.455E-7                 6169833.775967399-3768873.9741940554i             1.5783333762957301E7
0                         7.76938775510204E-7      -4.455E-7                -5938805.381974605+4085386.608321133i             1.5951655977667678E7
0                         7.76938775510204E-7      -4.2731632653061225E-7   -5953972.081608069+4065078.4768069983i            1.5953070772135863E7
0                         7.76938775510204E-7      -4.091326530612245E-7    -5953334.413674249+4034757.2952529714i            1.5912165616425995E7
0                         7.76938775510204E-7      -3.9094897959183674E-7   -5936892.378173148+3994423.0636590538i            1.5829066570644129E7
0                         7.76938775510204E-7      -3.72765306122449E-7     -5904645.975104766+3944075.782025245i             1.5704009200002128E7
0                         7.76938775510204E-7      -3.545816326530612E-7    -5946474.027036859+4082529.3447614945i            1.5553846196519775E7
0                         7.76938775510204E-7      -3.3639795918367346E-7   -5791243.237230114+4005346.934993649i             1.5387906449372167E7
0                         7.76938775510204E-7      -3.1821428571428575E-7   -5614981.666290169+3939835.03370554i              1.5012103219891237E7
0                         7.76938775510204E-7      -3.0003061224489794E-7   -5521049.984473854+3669022.13739815i              1.4414916421744961E7
0                         7.76938775510204E-7      -2.8184693877551024E-7   -5289657.828975923+3769560.2363343844i            1.3916853658345973E7
0                         7.76938775510204E-7      -2.636632653061224E-7    -5056729.278241756+3632460.8519967375i            1.3381507831985837E7
0                         7.76938775510204E-7      -2.454795918367347E-7    -4810068.551025121+3483588.000684877i             1.2818027992919592E7
0                         7.76938775510204E-7      -2.2729591836734696E-7   -4549675.647326017+3322941.682398808i             1.2228590721664721E7
0                         7.76938775510204E-7      -2.091122448979592E-7    -4275550.567144444+3150521.8971385285i            1.1616027514969092E7
0                         7.76938775510204E-7      -1.9092857142857144E-7   -3778040.187423234+2435733.3799777552i            1.0718067226492925E7
0                         7.76938775510204E-7      -1.7274489795918368E-7   -3941503.171163244+2575901.0109916315i            1.0522338694805184E7
0                         7.76938775510204E-7      -1.5456122448979592E-7   -3662513.5095938994+2309931.3286857777i           9890099.792128962
0                         7.76938775510204E-7      -1.3637755102040816E-7   -3228499.4339323095+2047700.5745038057i           9190764.236432536
0                         7.76938775510204E-7      -1.181938775510204E-7    -2665529.3627619348+1882756.158768425i            8164143.789792103
0                         7.76938775510204E-7      -1.0001020408163265E-7   -2242975.610824281+1595409.8487189757i            7293181.46664956
0                         7.76938775510204E-7      -8.182653061224489E-8    -1872874.8786787223+1357940.8511757145i           6623753.865434249
0                         7.76938775510204E-7      -6.364285714285713E-8    -1454090.925473691+912768.091979166i              6033411.966925475
0                         7.76938775510204E-7      -4.545918367346937E-8    -1048566.6569256759+644227.1873102303i            5569868.762549305
0                         7.76938775510204E-7      -2.7275510204081612E-8   -639482.9404032513+373502.77883912553i            5268789.872560795
0                         7.76938775510204E-7      -9.091836734693906E-9    -226839.77590641633+100594.86656585196i           5162739.113610745
0                         7.76938775510204E-7      9.091836734693853E-9     212495.06801875378-154283.74713786657i            5046624.734795972
0                         7.76938775510204E-7      2.7275510204081612E-8    665866.3207653079-415040.2268281119i              5221116.700561576
0                         7.76938775510204E-7      4.5459183673469424E-8    1096313.6446107272-549551.8379268758i             5634334.974396462
0                         7.76938775510204E-7      6.364285714285713E-8     1485710.1981456277-873479.4102304417i             6114094.248767579
0                         7.76938775510204E-7      8.182653061224494E-8     1870342.144048495-1191631.6897780702i             6712663.022205383
0                         7.76938775510204E-7      1.0001020408163265E-7    2250209.482319329-1504008.6765697598i             7394056.412018699
0                         7.76938775510204E-7      1.1819387755102046E-7    2755538.5677993232-1674298.154572369i             8265668.908656575
0                         7.76938775510204E-7      1.3637755102040816E-7    3072735.786157919-1926704.0714704609i             8880348.731152095
0                         7.76938775510204E-7      1.5456122448979587E-7    3376826.6588967443-2169623.5912043517i            9504056.284976764
0                         7.76938775510204E-7      1.7274489795918368E-7    3667811.1860157945-2403056.7137740417i            1.0129073108102743E7
0                         7.76938775510204E-7      1.909285714285714E-7     3933157.9706038563-2630920.670790223i             1.0954087924921157E7
0                         7.76938775510204E-7      2.091122448979592E-7     4191181.2672285787-2782306.7397366087i            1.1556542655920574E7
0                         7.76938775510204E-7      2.272959183673469E-7     4432635.857831115-2923705.6376578463i             1.2143790553812366E7
0                         7.76938775510204E-7      2.454795918367347E-7     4702560.765033746-3119358.8243891476i             1.267645994815373E7
0                         7.76938775510204E-7      2.636632653061224E-7     4981943.9097884195-3208888.194899858i             1.3323931423143301E7
0                         7.76938775510204E-7      2.8184693877551024E-7    5213782.706676535-3373506.825733176i              1.3825906748035088E7
0                         7.76938775510204E-7      3.0003061224489794E-7    5425830.369856059-3530181.3448949666i             1.4299383928272266E7
0                         7.76938775510204E-7      3.1821428571428575E-7    5613295.156703016-3951264.828791946i              1.4792465403926225E7
0                         7.76938775510204E-7      3.3639795918367346E-7    5638339.5212796945-4048732.312014081i             1.5150887693900887E7
0                         7.76938775510204E-7      3.5458163265306127E-7    5640734.9703468485-3924970.0393654876i            1.5355345592907373E7
0                         7.76938775510204E-7      3.72765306122449E-7      5719716.7604830945-4002956.7905551842i            1.5578201422701083E7
0                         7.76938775510204E-7      3.909489795918368E-7     5785083.0445653265-4067356.048404579i             1.5757996371288152E7
0                         7.76938775510204E-7      4.091326530612245E-7     5836833.822593559-4118167.812913677i              1.5894356904806219E7
0                         7.76938775510204E-7      4.273163265306122E-7     5885766.528690202-3992482.0251310295i             1.5894848849929698E7
0                         7.76938775510204E-7      4.455E-7                 5938805.381974587-4085386.6083211484i             1.5961197407128973E7
0                         7.934693877551019E-7     -4.455E-7                -5707776.987981806+4401899.242448227i             1.6123715749289295E7
0                         7.934693877551019E-7     -4.2731632653061225E-7   -5722823.569262129+4381910.8392349295i            1.6123732765621249E7
0                         7.934693877551019E-7     -4.091326530612245E-7    -5722065.7829751745+4351909.385981739i            1.6081773667508531E7
0                         7.934693877551019E-7     -3.9094897959183674E-7   -5705503.629120936+4311894.882688658i             1.5997942713667959E7
0                         7.934693877551019E-7     -3.72765306122449E-7     -5673137.107699413+4261867.329355683i             1.5872457305740997E7
0                         7.934693877551019E-7     -3.545816326530612E-7    -5624966.218710608+4201826.725982818i             1.5705656781000333E7
0                         7.934693877551019E-7     -3.3639795918367346E-7   -5637321.1398015125+4357465.268788424i            1.5745599072014766E7
0                         7.934693877551019E-7     -3.1821428571428575E-7   -5461964.26172838+4287203.660582512i              1.5356133818430964E7
0                         7.934693877551019E-7     -3.0003061224489794E-7   -5358652.217657955+4223218.104819005i             1.4716094651305242E7
0                         7.934693877551019E-7     -2.8184693877551024E-7   -5141595.791910259+4091774.2052170797i            1.4195747508778183E7
0                         7.934693877551019E-7     -2.636632653061224E-7    -4910807.189680094+3948556.8386409422i            1.3646092580291485E7
0                         7.934693877551019E-7     -2.454795918367347E-7    -4466267.522740173+3011645.373070434i             1.2712909462588375E7
0                         7.934693877551019E-7     -2.2729591836734696E-7   -4211995.341697488+2873924.2385237375i            1.2119138679205596E7
0                         7.934693877551019E-7     -2.091122448979592E-7    -4204733.397892495+3188227.636785604i             1.1823092996838953E7
0                         7.934693877551019E-7     -1.9092857142857144E-7   -3950295.8041714192+2939829.4406818566i           1.1200617425260885E7
0                         7.934693877551019E-7     -1.7274489795918368E-7   -3687271.8382428773+2681517.991856817i            1.0570075159657622E7
0                         7.934693877551019E-7     -1.5456122448979592E-7   -3415661.5001068674+2413293.290310488i            9937123.76155279
0                         7.934693877551019E-7     -1.3637755102040816E-7   -3036315.263558037+2122055.6580608073i            9242055.247254062
0                         7.934693877551019E-7     -1.181938775510204E-7    -2495167.1151371943+1871973.7507449202i           8113050.85776047
0                         7.934693877551019E-7     -1.0001020408163265E-7   -2137113.6679756003+1636589.030955418i            7391018.417864455
0                         7.934693877551019E-7     -8.182653061224489E-8    -1775784.0322292198+1395400.0995896512i           6722636.158874951
0                         7.934693877551019E-7     -6.364285714285713E-8    -1411178.207898053+1148406.9566476177i            6133400.91461577
0                         7.934693877551019E-7     -4.545918367346937E-8    -1043296.1949821+895609.6021293164i               5656862.946785292
0                         7.934693877551019E-7     -2.7275510204081612E-8   -672137.9934813605+637008.0360347497i             5332787.394988268
0                         7.934693877551019E-7     -9.091836734693906E-9    -204262.67283681495+135016.07304451382i           5263044.407124304
0                         7.934693877551019E-7     9.091836734693853E-9     234721.38584039523+66740.20072002511i             5232000.209781911
0                         7.934693877551019E-7     2.7275510204081612E-8    626779.725537183-275613.2850944911i               5343053.883577931
0                         7.934693877551019E-7     4.5459183673469424E-8    1014073.4576019372-612191.4781530672i             5661577.132333814
0                         7.934693877551019E-7     6.364285714285713E-8     1396602.5820346568-942994.378455702i              6146341.104976133
0                         7.934693877551019E-7     8.182653061224494E-8     1774367.0988353454-1268021.9860023977i            6753532.459092644
0                         7.934693877551019E-7     1.0001020408163265E-7    2147367.0080039995-1587274.3007931535i            7446017.192272722
0                         7.934693877551019E-7     1.1819387755102046E-7    2515602.309540621-1900751.3228279706i             8195723.875357762
0                         7.934693877551019E-7     1.3637755102040816E-7    2920614.921506492-2109853.603829481i              9023864.6666106
0                         7.934693877551019E-7     1.5456122448979587E-7    3218473.1711749164-2358342.716550832i             9655402.014673518
0                         7.934693877551019E-7     1.7274489795918368E-7    3503225.075223567-2597345.432107984i              1.0289017484004846E7
0                         7.934693877551019E-7     1.909285714285714E-7     3762898.5349114276-2837918.657670063i             1.1149785323167438E7
0                         7.934693877551019E-7     2.091122448979592E-7     4017193.911334216-2994473.9793776884i             1.1764570542241754E7
0                         7.934693877551019E-7     2.272959183673469E-7     4277016.792944241-3174856.8276948594i             1.2350801421384603E7
0                         7.934693877551019E-7     2.454795918367347E-7     4570613.800371253-3368027.6142051416i             1.296850403612747E7
0                         7.934693877551019E-7     2.636632653061224E-7     4819846.812145034-3546881.0360731967i             1.3512000849057462E7
0                         7.934693877551019E-7     2.8184693877551024E-7    5049288.69021022-3717790.346269725i               1.4029948408965906E7
0                         7.934693877551019E-7     3.0003061224489794E-7    5254545.473453993-4058382.885579642i              1.4556858014627105E7
0                         7.934693877551019E-7     3.1821428571428575E-7    5290155.16225613-4174349.8428994524i              1.4962405591681764E7
0                         7.934693877551019E-7     3.3639795918367346E-7    5311329.371322935-4067420.785119649i              1.5214826277903963E7
0                         7.934693877551019E-7     3.5458163265306127E-7    5402004.402601451-4159186.3435510104i             1.5481289789475963E7
0                         7.934693877551019E-7     3.72765306122449E-7      5479063.927825959-4237364.408642071i              1.5705502361239439E7
0                         7.934693877551019E-7     3.909489795918368E-7     5542507.946996457-4301954.980392834i              1.5886966219052935E7
0                         7.934693877551019E-7     4.091326530612245E-7     5592336.460112942-4352958.058803297i              1.6025315589839328E7
0                         7.934693877551019E-7     4.273163265306122E-7     5655233.188841221-4309269.3446742315i             1.6062396952399334E7
0                         7.934693877551019E-7     4.455E-7                 5707776.987981783-4401899.242448242i              1.6130467897066541E7
0                         8.1E-7                   -4.455E-7                -5476748.593988999+4718411.876575323i             1.6285988525598768E7
0                         8.1E-7                   -4.2731632653061225E-7   -5491675.056916188+4698743.201662861i             1.6284619061758159E7
0                         8.1E-7                   -4.091326530612245E-7    -5490797.152276093+4669061.476710507i             1.624175014436124E7
0                         8.1E-7                   -3.9094897959183674E-7   -5474114.880068722+4629366.7017182605i            1.6157467040107701E7
0                         8.1E-7                   -3.72765306122449E-7     -5441628.24029406+4579658.876686124i              1.6031973882347943E7
0                         8.1E-7                   -3.545816326530612E-7    -5393337.2329521235+4519938.001614095i            1.5865602136111852E7
0                         8.1E-7                   -3.3639795918367346E-7   -5329241.8580429+4450204.076502175i               1.565882437519085E7
0                         8.1E-7                   -3.1821428571428575E-7   -5359715.776028677+4279107.201228562i             1.5481558343969788E7
0                         8.1E-7                   -3.0003061224489794E-7   -5208450.232088286+4551550.0559401885i            1.501034802348234E7
0                         8.1E-7                   -2.8184693877551024E-7   -4839219.754635815+3408186.0621194206i            1.4046215575494066E7
0                         8.1E-7                   -2.636632653061224E-7    -4625399.995723878+3990834.7858366757i            1.3657617095380042E7
0                         8.1E-7                   -2.454795918367347E-7    -4404100.8420585375+3769921.328656323i            1.3077557509483133E7
0                         8.1E-7                   -2.2729591836734696E-7   -4174215.3161857342+3539094.618754678i            1.2479655732970726E7
0                         8.1E-7                   -2.091122448979592E-7    -3935743.4181054607+3298354.656131744i            1.1866542499642177E7
0                         8.1E-7                   -1.9092857142857144E-7   -3688685.147817716+3047701.440787518i             1.1241608590011373E7
0                         8.1E-7                   -1.7274489795918368E-7   -3433040.505322508+2787134.9727220023i            1.0609266434889033E7
0                         8.1E-7                   -1.5456122448979592E-7   -3078135.2247019084+2540055.752008059i            9947055.110185757
0                         8.1E-7                   -1.3637755102040816E-7   -2844131.0931837633+2196410.741617811i            9288398.251670444
0                         8.1E-7                   -1.181938775510204E-7    -2380534.075889337+1916872.8668038715i            8211727.653088309
0                         8.1E-7                   -1.0001020408163265E-7   -2031251.7251269198+1677768.2131918625i           7488195.363330229
0                         8.1E-7                   -8.182653061224489E-8    -1678693.185779717+1432859.3480035875i            6820438.430456746
0                         8.1E-7                   -6.364285714285713E-8    -1322858.4578477272+1182146.2712390462i           6234291.448147257
0                         8.1E-7                   -4.545918367346937E-8    -963747.5413309529+925628.9828982403i             5763398.244567175
0                         8.1E-7                   -2.7275510204081612E-8   -601360.4362293903+663307.4829811655i             5447093.161584994
0                         8.1E-7                   -9.091836734693906E-9    -72636.02508186156+406548.92294023605i            5265164.83638472
0                         8.1E-7                   9.091836734693853E-9     368867.00510278356-24463.32454812953i             5313682.99065312
0                         8.1E-7                   2.7275510204081612E-8    680190.9640082575-395443.7664393172i              5422159.891577146
0                         8.1E-7                   4.5459183673469424E-8    987369.2916548044-761682.5667923563i              5734081.853988892
0                         8.1E-7                   6.364285714285713E-8     1307494.9659236863-1012509.3466809611i            6179295.816204888
0                         8.1E-7                   8.182653061224494E-8     1678392.053622196-1344412.2822267262i             6793928.220108963
0                         8.1E-7                   1.0001020408163265E-7    2044524.5336886686-1670539.9250165478i            7497020.8659175765
0                         8.1E-7                   1.1819387755102046E-7    2405892.406123112-1990892.2750504361i             8259487.756171339
0                         8.1E-7                   1.3637755102040816E-7    2762495.67092552-2305469.3323283815i              9060496.241728768
0                         8.1E-7                   1.5456122448979587E-7    3114334.3280958934-2614271.0968503873i            9885403.022269832
0                         8.1E-7                   1.7274489795918368E-7    3338638.964431339-2791634.150441928i              1.0452541989198707E7
0                         8.1E-7                   1.909285714285714E-7     3592639.0992189967-3044916.644549906i             1.1344779996938635E7
0                         8.1E-7                   2.091122448979592E-7     3843206.5554398526-3206641.2190187685i            1.1971714540870259E7
0                         8.1E-7                   2.272959183673469E-7     4144286.394891353-3506641.5631124717i             1.2570826678073626E7
0                         8.1E-7                   2.454795918367347E-7     4410913.621550799-3699729.7760152644i             1.3151100165808938E7
0                         8.1E-7                   2.636632653061224E-7     4828490.128726439-3994035.56275452i               1.3781302752814505E7
0                         8.1E-7                   2.8184693877551024E-7    4885888.386832814-4145572.6320662433i             1.426839535059405E7
0                         8.1E-7                   3.0003061224489794E-7    4856169.017593679-4076769.550717451i              1.4673605690837502E7
0                         8.1E-7                   3.1821428571428575E-7    4972152.796068483-4195901.40973078i               1.5022926355069129E7
0                         8.1E-7                   3.3639795918367346E-7    5074521.068489273-4301445.775403804i              1.5331967928500561E7
0                         8.1E-7                   3.5458163265306127E-7    5163273.834856056-4393402.6477365345i             1.5599875142599711E7
0                         8.1E-7                   3.72765306122449E-7      5238411.095168825-4471772.026728962i              1.5825988871928629E7
0                         8.1E-7                   3.909489795918368E-7     5299932.849427584-4536553.912381089i              1.6009812692588452E7
0                         8.1E-7                   4.091326530612245E-7     5359703.955238903-4517401.247930514i              1.611233787651462E7
0                         8.1E-7                   4.273163265306122E-7     5424699.848992225-4626056.664217437i              1.6220196562686453E7
0                         8.1E-7                   4.455E-7                 5476748.59398898-4718411.87657534i                1.6290426726090154E7
