% Model:              omc_unitcell_iso.mph
% Version:            COMSOL 6.2.0.658
% Date:               Jul 1 2026, 15:01
% Dimension:          3
% Nodes:              2500
% Expressions:        2
% Description:        Electric field, y-component, Electric field norm
% Length unit:        m
% X                       Y                        Z                        ewfd.Ey (V/m) @ lambda=1.5E-11                    ewfd.normE (V/m) @ lambda=1.5E-11
0                         0                        -4.457236684465528E-7    7739158.652188569-1.0971659565122686E7i           1.3430777345492905E7
0                         0                        -4.2753086565281595E-7   7529887.002021584-1.0895294513992056E7i           1.3248180151760263E7
0                         0                        -4.0933806285907913E-7   7193114.511895483-1.0811598082308613E7i           1.2989298013821946E7
0                         0                        -3.9114526006534226E-7   6728841.181810279-1.0720570270072369E7i           1.2659905037478939E7
0                         0                        -3.7295245727160544E-7   6137067.0117659625-1.0622211077283313E7i          1.2269189228922848E7
0                         0                        -3.5475965447786856E-7   5417792.001762533-1.0516520503941452E7i           1.18307264549248E7
0                         0                        -3.365668516841317E-7    4571016.151799996-1.0403498550046785E7i           1.1363860143413844E7
0                         0                        -3.1837404889039487E-7   2854860.713179394-1.0035460936815819E7i           1.0442228919705348E7
0                         0                        -3.0018124609665805E-7   1791161.2104279783-9612229.111331448i             9780723.910762694
0                         0                        -2.819884433029212E-7    769258.5800236693-9105868.795608863i              9138539.032787682
0                         0                        -2.637956405091843E-7    -210336.97705975955-8515365.266911924i            8519531.355152395
0                         0                        -2.456028377154475E-7    -1147106.92211094-7839687.219839453i              7932061.600904967
0                         0                        -2.2741003492171061E-7   -2040524.207662474-7077786.426191828i             7390711.159882748
0                         0                        -2.0921723212797377E-7   -3404653.2089334917-4373096.053942646i            5542168.58008757
0                         0                        -1.9102442933423692E-7   -3200419.0632938063-3798900.8093744935i           4967326.196271047
0                         0                        -1.728316265405001E-7    -2969001.65298275-3276120.8044719943i             4421305.049519715
0                         0                        -1.5463882374676323E-7   -2710400.9780003256-2804756.0392351467i           3900375.610267702
0                         0                        -1.3644602095302636E-7   -2424617.0383465337-2384806.51366395i             3400892.513775512
0                         0                        -1.1825321815928954E-7   -2111649.8340213737-2016272.2277584071i           2919660.719664589
0                         0                        -1.0006041536555267E-7   -1771499.3650248437-1699153.1815185146i           2454655.0744550475
0                         0                        -8.186761257181585E-8    -1404165.631356948-1433449.3749442769i            2006603.6556361087
0                         0                        -6.367480977807897E-8    -1009648.6330176811-1219160.8080356896i           1582954.022707137
0                         0                        -4.5482006984342155E-8   -587948.3700070482-1056287.4807927555i            1208894.75467199
0                         0                        -2.7289204190605282E-8   -280514.45600895403-570717.0948282992i            635929.5262521259
0                         0                        -9.09640139686841E-9     -25863.792103064596-239850.9701360288i            241241.42185193804
0                         0                        9.09640139686841E-9      229477.8349688765+91577.8667108943i               247076.0660471209
0                         0                        2.7289204190605282E-8    485510.4252068709+423569.41571247205i             644306.9322237357
0                         0                        4.5482006984342155E-8    935255.4595124285+589923.7941319386i              1105763.472642692
0                         0                        6.367480977807897E-8     1265329.4440351592+888597.1906616217i             1546177.0820944319
0                         0                        8.18676125718158E-8      1557635.3070779962+1255752.3359335817i            2000785.2656041353
0                         0                        1.0006041536555261E-7    1812173.0486409392+1691389.2299478175i            2478864.3943152814
0                         0                        1.1825321815928954E-7    2028942.6687239916+2195507.872704332i             2989458.675425291
0                         0                        1.3644602095302636E-7    2207944.167327149+2768108.2642031205i             3540824.876830763
0                         0                        1.5463882374676318E-7    2349177.544450413+3409190.404444186i              4140194.9651078493
0                         0                        1.728316265405001E-7     2452642.800093785+4118754.29342753i               4793703.54052893
0                         0                        1.9102442933423692E-7    2518339.9342572624+4896799.9311531475i            5506422.213217612
0                         0                        2.0921723212797374E-7    2546268.9469408467+5743327.317621041i             6282459.249966318
0                         0                        2.2741003492171056E-7    2235071.7521789917+7088392.065470307i             7432418.705321362
0                         0                        2.456028377154475E-7     1263443.322857748+7831602.174149368i              7932860.873872359
0                         0                        2.637956405091843E-7     266133.02919682296+8490840.232075805i             8495009.984447729
0                         0                        2.819884433029211E-7     -756859.1288037893+9066106.239249619i             9097643.545567967
0                         0                        3.0018124609665805E-7    -1805533.1511440952+9557400.19567082i             9726450.969397264
0                         0                        3.1837404889039487E-7    -2879889.037824081+9964722.10133939i              1.0372533317714676E7
0                         0                        3.365668516841317E-7     -4373274.171461808+1.0617524258864578E7i          1.148291549939965E7
0                         0                        3.547596544778685E-7     -5229172.474774491+1.066616738165942E7i           1.1879030742636984E7
0                         0                        3.7295245727160544E-7    -5958593.834969844+1.0710482683508277E7i          1.2256397505134666E7
0                         0                        3.9114526006534226E-7    -6561538.252047861+1.0750470164411142E7i          1.2594697018546395E7
0                         0                        4.093380628590791E-7     -7038005.726008549+1.0786129824368028E7i          1.2879212754957136E7
0                         0                        4.27530865652816E-7      -7387996.256851908+1.0817461663378924E7i          1.3099616999360345E7
0                         0                        4.457236684465528E-7     -7611509.844577934+1.0844465681443838E7i          1.3249057250616739E7
0                         1.652288477341889E-8     -4.457236684465528E-7    7486048.713768646-1.0721242626798125E7i           1.3095938219265265E7
0                         1.652288477341889E-8     -4.2753086565281595E-7   7285465.974989486-1.0648128163499266E7i           1.2921358246218681E7
0                         1.652288477341889E-8     -4.0933806285907913E-7   6957382.396251218-1.0567682319647597E7i           1.2670999526443303E7
0                         1.652288477341889E-8     -3.9114526006534226E-7   6501797.977553842-1.0479905095243122E7i           1.235072157163858E7
0                         1.652288477341889E-8     -3.7295245727160544E-7   5918712.71889735-1.038479649028583E7i             1.1969895047833767E7
0                         1.652288477341889E-8     -3.5475965447786856E-7   5093743.972223675-1.043092040542996E7i            1.1623244665343367E7
0                         1.652288477341889E-8     -3.365668516841317E-7    4168708.551556415-1.01753072592626E7i             1.100945827506217E7
0                         1.652288477341889E-8     -3.1837404889039487E-7   3190192.623344904-9838251.822576929i              1.0364871391974187E7
0                         1.652288477341889E-8     -3.0018124609665805E-7   1715048.309057705-9293762.7919693i                9465608.979113998
0                         1.652288477341889E-8     -2.819884433029212E-7    704657.278278331-8793442.404107546i               8833317.81679152
0                         1.652288477341889E-8     -2.637956405091843E-7    -262995.13873900095-8208242.0281992145i           8222273.928513788
0                         1.652288477341889E-8     -2.456028377154475E-7    -1187366.7406222352-7537083.2341440255i           7640381.660391179
0                         1.652288477341889E-8     -2.2741003492171061E-7   -2067905.8751542764-6778868.765069165i            7101961.607234241
0                         1.652288477341889E-8     -2.0921723212797377E-7   -2510042.209409866-5898372.691231505i             6585108.4390121065
0                         1.652288477341889E-8     -1.9102442933423692E-7   -2506120.588681459-4953168.104512602i             5658482.515838945
0                         1.652288477341889E-8     -1.728316265405001E-7    -3024596.7533412743-3114782.9949828694i           4381170.490784537
0                         1.652288477341889E-8     -1.5463882374676323E-7   -2758331.3521639137-2655075.7191241533i           3868991.60533463
0                         1.652288477341889E-8     -1.3644602095302636E-7   -2464882.6863151835-2246783.6829310907i           3377584.5293092714
0                         1.652288477341889E-8     -1.1825321815928954E-7   -2144250.7557950853-1889906.8864036803i           2904049.8032748
0                         1.652288477341889E-8     -1.0006041536555267E-7   -1796435.5606036196-1584445.3295419223i           2446953.5270601637
0                         1.652288477341889E-8     -8.186761257181585E-8    -1421437.1007407857-1330399.0123458172i           2008183.8570763818
0                         1.652288477341889E-8     -6.367480977807897E-8    -1019255.3762065829-1127767.9348153628i           1597485.1364555322
0                         1.652288477341889E-8     -4.5482006984342155E-8   -643772.2249991766-864039.5185852387i             1188661.2476941259
0                         1.652288477341889E-8     -2.7289204190605282E-8   -286696.22461462184-555781.2757926229i            741160.4245135447
0                         1.652288477341889E-8     -9.09640139686841E-9     -23857.97320973112-233959.55386647023i            460654.3054890565
0                         1.652288477341889E-8     9.09640139686841E-9      239671.2413612113+88424.88021433559i              470806.2038995609
0                         1.652288477341889E-8     2.7289204190605282E-8    503891.4190982072+411372.0264497962i              761490.6722863271
0                         1.652288477341889E-8     4.5482006984342155E-8    954973.7234970059+578875.6279951979i              1251074.3391594742
0                         1.652288477341889E-8     6.367480977807897E-8     1326789.8569159356+826008.3831538864i             1627419.013884716
0                         1.652288477341889E-8     8.18676125718158E-8      1627192.4917119928+1183003.5074364166i            2061313.7731391499
0                         1.652288477341889E-8     1.0006041536555261E-7    1889827.0050281556+1608480.3804612237i            2522288.7924783397
0                         1.652288477341889E-8     1.1825321815928954E-7    2114693.3968644263+2102439.0022283085i            3017048.328980155
0                         1.652288477341889E-8     1.3644602095302636E-7    2301791.667220803+2664879.372737669i              3552877.747077903
0                         1.652288477341889E-8     1.5463882374676318E-7    2451121.8160972865+3295801.4919893043i            4136631.8486292074
0                         1.652288477341889E-8     1.728316265405001E-7     2562683.843493878+3995205.3599832216i             4774340.718957683
0                         1.652288477341889E-8     1.9102442933423692E-7    3220071.14504584+4144150.534307579i               5445986.678442968
0                         1.652288477341889E-8     2.0921723212797374E-7    2844028.3995292084+5799073.556777032i             6715475.737230921
0                         1.652288477341889E-8     2.2741003492171056E-7    2382573.9732029475+6779145.771296404i             7192714.217836384
0                         1.652288477341889E-8     2.456028377154475E-7     1373223.8651788628+7653389.431860406i             7788342.735831592
0                         1.652288477341889E-8     2.637956405091843E-7     381754.99092345533+8304130.526313462i             8325058.817803806
0                         1.652288477341889E-8     2.819884433029211E-7     -635395.7476716387+8870899.570013907i             8905968.36003157
0                         1.652288477341889E-8     3.0018124609665805E-7    -1678228.3506064264+9353696.562961731i            9516221.115076404
0                         1.652288477341889E-8     3.1837404889039487E-7    -2746742.817880895+9752521.505156934i             1.0146458621330693E7
0                         1.652288477341889E-8     3.365668516841317E-7     -3824864.3422217635+1.0057185055424642E7i         1.0773618962394623E7
0                         1.652288477341889E-8     3.547596544778685E-7     -4748840.972802732+1.0245744114694227E7i          1.1307432783175843E7
0                         1.652288477341889E-8     3.7295245727160544E-7    -5780023.8073160285+1.0497383841581995E7i         1.199976231995356E7
0                         1.652288477341889E-8     3.9114526006534226E-7    -6400728.083175201+1.0569522377472524E7i          1.23730196458642E7
0                         1.652288477341889E-8     4.093380628590791E-7     -6891966.99287036+1.0630878353638725E7i           1.2686722579446683E7
0                         1.652288477341889E-8     4.27530865652816E-7      -7253740.536401502+1.0681451770080606E7i          1.2930051287986707E7
0                         1.652288477341889E-8     4.457236684465528E-7     -7486048.713768622+1.0721242626798151E7i          1.3095870388823789E7
0                         3.304576954683778E-8     -4.457236684465528E-7    7232938.775348722-1.0470825688473571E7i           1.2789269786564162E7
0                         3.304576954683778E-8     -4.2753086565281595E-7   7041044.94795739-1.0400961813006476E7i            1.2622656727584641E7
0                         3.304576954683778E-8     -4.0933806285907913E-7   6721650.2806069525-1.032376655698658E7i           1.238155888972126E7
0                         3.304576954683778E-8     -3.9114526006534226E-7   6274754.773297402-1.0239239920413872E7i           1.2071969453619573E7
0                         3.304576954683778E-8     -3.7295245727160544E-7   5596248.876276706-1.0245743932475159E7i           1.1737262442682149E7
0                         3.304576954683778E-8     -3.5475965447786856E-7   4787077.053571357-1.0007859325406104E7i           1.1156720716607263E7
0                         3.304576954683778E-8     -3.365668516841317E-7    3849749.3867290276-9728753.499376588i             1.0527985408089563E7
0                         3.304576954683778E-8     -3.1837404889039487E-7   2922318.0352239604-9431959.077286668i             9926970.156060487
0                         3.304576954683778E-8     -3.0018124609665805E-7   2036646.505899238-9075229.328373352i              9338374.683196696
0                         3.304576954683778E-8     -2.819884433029212E-7    662052.1027505151-8510092.803127624i              8584640.884090414
0                         3.304576954683778E-8     -2.637956405091843E-7    -293553.7117177772-7929996.4406923605i            7974186.527465719
0                         3.304576954683778E-8     -2.456028377154475E-7    -1205456.8488024783-7263206.385530505i            7392113.9537472045
0                         3.304576954683778E-8     -2.2741003492171061E-7   -2073081.6029981726-6508576.646263635i            6852922.8496330865
0                         3.304576954683778E-8     -2.0921723212797377E-7   -2558659.0212304285-5703597.555058932i            6438742.960073729
0                         3.304576954683778E-8     -1.9102442933423692E-7   -2544922.6208717236-4760936.084508113i            5541825.171856932
0                         3.304576954683778E-8     -1.728316265405001E-7    -2477375.2866909895-3903346.6553918584i           4735611.809815468
0                         3.304576954683778E-8     -1.5463882374676323E-7   -2806261.726327499-2505395.39901316i              3920512.5321404138
0                         3.304576954683778E-8     -1.3644602095302636E-7   -2505148.3342838325-2108760.85219823i             3440284.3721640813
0                         3.304576954683778E-8     -1.1825321815928954E-7   -2176851.677568798-1763541.545048954i             2980273.3610245287
0                         3.304576954683778E-8     -1.0006041536555267E-7   -1821371.7561823947-1469737.4775653281i           2541040.062429879
0                         3.304576954683778E-8     -8.186761257181585E-8    -1438708.570124623-1227348.649747356i             2127784.0652058586
0                         3.304576954683778E-8     -6.367480977807897E-8    -1061503.6940152335-971265.7245198564i            1727055.5736670056
0                         3.304576954683778E-8     -4.5482006984342155E-8   -725430.3982721528-743537.133607008i              1376004.0763414768
0                         3.304576954683778E-8     -2.7289204190605282E-8   -370648.645523901-534735.1039531878i              1090384.7261099087
0                         3.304576954683778E-8     -9.09640139686841E-9     -21852.15431639796-228068.1375969119i             825944.4864353706
0                         3.304576954683778E-8     9.09640139686841E-9      249864.64775354587+85271.89371777655i             835144.1045454388
0                         3.304576954683778E-8     2.7289204190605282E-8    718842.8073323794+217828.32148985064i             1162635.970974617
0                         3.304576954683778E-8     4.5482006984342155E-8    1026375.4044410884+522335.5198869196i             1487296.6313390725
0                         3.304576954683778E-8     6.367480977807897E-8     1388250.2697967133+763419.5756461506i             1825543.9782558605
0                         3.304576954683778E-8     8.18676125718158E-8      1696749.676345988+1110254.6789392512i             2217257.647625139
0                         3.304576954683778E-8     1.0006041536555261E-7    1967480.961415371+1525571.5309746293i             2647144.5336735705
0                         3.304576954683778E-8     1.1825321815928954E-7    2200444.125004861+2009370.131752285i              3116943.792987452
0                         3.304576954683778E-8     1.3644602095302636E-7    2395639.167114458+2561650.481272218i              3631269.958892174
0                         3.304576954683778E-8     1.5463882374676318E-7    2895072.3363398914+2826785.357560708i             4212220.575012075
0                         3.304576954683778E-8     1.728316265405001E-7     3116181.1510931244+3354518.8243539557i            4774354.224630695
0                         3.304576954683778E-8     1.9102442933423692E-7    2939090.6891029933+4618027.450000795i             5656047.327990569
0                         3.304576954683778E-8     2.0921723212797374E-7    2860167.9076491795+5635176.753162586i             6596454.764433603
0                         3.304576954683778E-8     2.2741003492171056E-7    2359967.7218295047+6551989.798682951i             6989663.250420671
0                         3.304576954683778E-8     2.456028377154475E-7     1564040.9222768724+7383756.265327498i             7577107.437792161
0                         3.304576954683778E-8     2.637956405091843E-7     497376.95265008684+8117420.820551126i             8178267.486013121
0                         3.304576954683778E-8     2.819884433029211E-7     -513932.36653948884+8675692.900778193i            8737516.529973418
0                         3.304576954683778E-8     3.0018124609665805E-7    -1550923.550068757+9149992.930252641i             9330679.043652164
0                         3.304576954683778E-8     3.1837404889039487E-7    -2613596.597937708+9540320.908974467i             9947713.883579046
0                         3.304576954683778E-8     3.365668516841317E-7     -3665300.7059225207+9821632.638892028i            1.0537905298080683E7
0                         3.304576954683778E-8     3.547596544778685E-7     -4578303.617703621+1.000550218305896E7i           1.106192100694566E7
0                         3.304576954683778E-8     3.7295245727160544E-7    -5384846.278941511+1.0170398985842686E7i          1.1568689742038652E7
0                         3.304576954683778E-8     3.9114526006534226E-7    -6175581.580307013+1.0333835940224944E7i          1.2100135439114366E7
0                         3.304576954683778E-8     4.093380628590791E-7     -6657499.344818258+1.0390281749365488E7i          1.2400893728688376E7
0                         3.304576954683778E-8     4.27530865652816E-7      -7009951.74316549+1.0435944998781707E7i           1.2632942851366067E7
0                         3.304576954683778E-8     4.457236684465528E-7     -7232938.7753487015+1.0470825688473597E7i         1.2788964421561677E7
0                         4.956865432025667E-8     -4.457236684465528E-7    6979828.836928798-1.0220408750149012E7i           1.2507446709543161E7
0                         4.956865432025667E-8     -4.2753086565281595E-7   6796623.920925295-1.0153795462513683E7i           1.2348480052618131E7
0                         4.956865432025667E-8     -4.0933806285907913E-7   6485918.164962686-1.0079850794325558E7i           1.2117127830415139E7
0                         4.956865432025667E-8     -3.9114526006534226E-7   5971964.048549579-1.00420403755771E7i             1.1817782034313831E7
0                         4.956865432025667E-8     -3.7295245727160544E-7   5278655.82380615-9821884.307606358i               1.1288353505954748E7
0                         4.956865432025667E-8     -3.5475965447786856E-7   4480410.134919049-9584798.245382259i              1.0720062855421927E7
0                         4.956865432025667E-8     -3.365668516841317E-7    3569141.302397761-9314706.089375058i              1.0115584111448035E7
0                         4.956865432025667E-8     -3.1837404889039487E-7   2654443.4471030207-9025666.331996417i             9532734.24784036
0                         4.956865432025667E-8     -3.0018124609665805E-7   1785984.460209774-8676816.653940663i              8956660.20563876
0                         4.956865432025667E-8     -2.819884433029212E-7    942895.6453688614-8267154.229963645i              8394299.48203861
0                         4.956865432025667E-8     -2.637956405091843E-7    -300573.28115299053-7682745.323850995i            7773723.880592158
0                         4.956865432025667E-8     -2.456028377154475E-7    -1199823.4704624726-7020034.346613509i            7184346.200999346
0                         4.956865432025667E-8     -2.2741003492171061E-7   -2054383.9515709772-6268749.847099546i            6639684.210951446
0                         4.956865432025667E-8     -2.0921723212797377E-7   -2643060.1104416787-5552801.947757322i            6410897.851156343
0                         4.956865432025667E-8     -1.9102442933423692E-7   -2620123.6508213314-4612840.279983422i            5547668.382267315
0                         4.956865432025667E-8     -1.728316265405001E-7    -2543474.4196881116-3757710.8802088615i           4774370.099189278
0                         4.956865432025667E-8     -1.5463882374676323E-7   -2411747.3754891716-2989517.587146319i            4088824.5258274893
0                         4.956865432025667E-8     -1.3644602095302636E-7   -2223522.3137417175-2310448.5056720795i           3488352.469997525
0                         4.956865432025667E-8     -1.1825321815928954E-7   -2209452.5993425096-1637176.2036942267i           3136851.5498020747
0                         4.956865432025667E-8     -1.0006041536555267E-7   -1846307.9517611694-1355029.625588735i            2721451.9766443516
0                         4.956865432025667E-8     -8.186761257181585E-8    -1455980.039508461-1124298.2871488957i            2342374.8114698846
0                         4.956865432025667E-8     -6.367480977807897E-8    -1148687.5991364801-843851.5525347235i            1967646.5089602144
0                         4.956865432025667E-8     -4.5482006984342155E-8   -807088.5715451295-623034.7486287776i             1654544.1135622624
0                         4.956865432025667E-8     -2.7289204190605282E-8   -446781.0869486072-421144.5059818599i             1409052.5310247121
0                         4.956865432025667E-8     -9.09640139686841E-9     -67765.14534691522-238180.8245939718i             1279224.4589134601
0                         4.956865432025667E-8     9.09640139686841E-9      446078.97952985205-97666.28704541363i             1323080.9780395061
0                         4.956865432025667E-8     2.7289204190605282E-8    783775.0714027236+168412.96646720625i             1516797.4388592565
0                         4.956865432025667E-8     4.5482006984342155E-8    1097777.0853851717+465795.4117786416i             1788481.7576668493
0                         4.956865432025667E-8     6.367480977807897E-8     1449710.68267749+700830.768138415i                2108434.079980091
0                         4.956865432025667E-8     8.18676125718158E-8      1766306.8609799847+1037505.8504420874i            2450459.7778137103
0                         4.956865432025667E-8     1.0006041536555261E-7    2045134.9178025865+1442662.6814880362i            2842272.619292041
0                         4.956865432025667E-8     1.1825321815928954E-7    2286194.8531452967+1916301.2612762635i            3281777.878985982
0                         4.956865432025667E-8     1.3644602095302636E-7    2713183.646006767+2171928.442759353i              3762233.518926566
0                         4.956865432025667E-8     1.5463882374676318E-7    2968731.292670961+2638817.3490196327i             4264447.153450846
0                         4.956865432025667E-8     1.728316265405001E-7     2950058.6298144436+3568745.0870325016i            4869519.022155153
0                         4.956865432025667E-8     1.9102442933423692E-7    2965961.4572170484+4487256.449669343i             5658989.486412368
0                         4.956865432025667E-8     2.0921723212797374E-7    2909145.7390943347+5519686.110322141i             6587617.590707184
0                         4.956865432025667E-8     2.2741003492171056E-7    2320488.727289842+6352740.412720167i              6817530.005260327
0                         4.956865432025667E-8     2.456028377154475E-7     1548642.4563537475+7152218.540844805i             7378058.882728447
0                         4.956865432025667E-8     2.637956405091843E-7     670675.1637674657+7878401.681034838i              7980119.912131931
0                         4.956865432025667E-8     2.819884433029211E-7     -392468.98540733755+8480486.23154248i             8588256.86965631
0                         4.956865432025667E-8     3.0018124609665805E-7    -1423618.7495310889+8946289.297543554i            9166156.715837466
0                         4.956865432025667E-8     3.1837404889039487E-7    -2480450.37799452+9328120.312792005i              9773017.072088514
0                         4.956865432025667E-8     3.365668516841317E-7     -3505737.069623284+9586080.222359419i             1.0328016033401776E7
0                         4.956865432025667E-8     3.547596544778685E-7     -4407766.26260452+9765260.25142371i               1.0841363447557056E7
0                         4.956865432025667E-8     3.7295245727160544E-7    -5203335.205042544+9925467.53910479i              1.1337341174632384E7
0                         4.956865432025667E-8     3.9114526006534226E-7    -5892443.8969373405+1.0066702085402645E7i         1.1795300287393074E7
0                         4.956865432025667E-8     4.093380628590791E-7     -6423031.696766155+1.0149685145092243E7i          1.2139664238986837E7
0                         4.956865432025667E-8     4.27530865652816E-7      -6766162.9499294795+1.0190438227482809E7i         1.23600389413144E7
0                         4.956865432025667E-8     4.457236684465528E-7     -6979828.836928783+1.0220408750149049E7i          1.2506695591219373E7
0                         6.609153909367556E-8     -4.457236684465528E-7    6726718.8985088775-9969991.811824456i             1.2247173762830012E7
0                         6.609153909367556E-8     -4.2753086565281595E-7   6693396.651680147-1.0005307269354869E7i           1.2253718893655071E7
0                         6.609153909367556E-8     -4.0933806285907913E-7   6220889.489042302-9819809.734735793i              1.1848447112047171E7
0                         6.609153909367556E-8     -3.9114526006534226E-7   5643444.862260786-9617382.20586336i               1.138177302789638E7
0                         6.609153909367556E-8     -3.7295245727160544E-7   4961062.771335597-9398024.682737563i              1.0863263207017958E7
0                         6.609153909367556E-8     -3.5475965447786856E-7   4173743.216266736-9161737.165358407i              1.0307129085104125E7
0                         6.609153909367556E-8     -3.365668516841317E-7    3288533.218066496-8900658.679373533i              9741364.926277777
0                         6.609153909367556E-8     -3.1837404889039487E-7   2386568.858982079-8619373.586706161i              9175383.938871343
0                         6.609153909367556E-8     -3.0018124609665805E-7   1535322.41452031-8278403.979507971i               8608652.26016638
0                         6.609153909367556E-8     -2.819884433029212E-7    709446.1421108751-7876621.626388516i              8057172.166338136
0                         6.609153909367556E-8     -2.637956405091843E-7    -91059.95824622126-7414026.527347805i             7526356.741344269
0                         6.609153909367556E-8     -2.456028377154475E-7    -1169077.4208842951-6809921.488526061i            7015877.41413805
0                         6.609153909367556E-8     -2.2741003492171061E-7   -2010299.0486705545-6061594.435601609i            6459620.784735375
0                         6.609153909367556E-8     -2.0921723212797377E-7   -2761291.7025491665-5446424.01457801i             6497869.505748902
0                         6.609153909367556E-8     -1.9102442933423692E-7   -2729717.0736599797-4509372.197787894i            5670133.291218864
0                         6.609153909367556E-8     -1.728316265405001E-7    -2644542.3342693765-3656914.213608236i            4932062.989197779
0                         6.609153909367556E-8     -1.5463882374676323E-7   -2504410.5387893706-2891141.401080175i            4280076.617890155
0                         6.609153909367556E-8     -1.3644602095302636E-7   -2307910.1042332794-2214228.6090583554i           3709370.7756222514
0                         6.609153909367556E-8     -1.1825321815928954E-7   -2053571.722532303-1628438.894307753i             3214772.027781605
0                         6.609153909367556E-8     -1.0006041536555267E-7   -1871244.147339944-1240321.7736121416i            2968790.8355710693
0                         6.609153909367556E-8     -8.186761257181585E-8    -1564287.8066921784-949268.9587076646i            2585318.8764938107
0                         6.609153909367556E-8     -6.367480977807897E-8    -1235871.5042577267-716437.380549591i             2263336.995312505
0                         6.609153909367556E-8     -4.5482006984342155E-8   -888746.7448181057-502532.3636505471i             1984248.728175195
0                         6.609153909367556E-8     -2.7289204190605282E-8   -522913.5283733132-307553.90801053186i            1771335.783004
0                         6.609153909367556E-8     -9.09640139686841E-9     -107038.44678429316-53378.440866219986i           1743808.1884334441
0                         6.609153909367556E-8     9.09640139686841E-9      299996.8023641673+80202.09280985904i              1666136.8901306887
0                         6.609153909367556E-8     2.7289204190605282E-8    848707.3354730649+118997.61144455973i             1895533.071635333
0                         6.609153909367556E-8     4.5482006984342155E-8    1169178.766329256+409255.3036703649i              2126699.292763814
0                         6.609153909367556E-8     6.367480977807897E-8     1511171.095558267+638241.960630679i               2448356.0726590543
0                         6.609153909367556E-8     8.18676125718158E-8      1835864.0456139818+964757.0219449224i             2742146.6231385604
0                         6.609153909367556E-8     1.0006041536555261E-7    2172430.813276568+1232716.3032966142i             3063513.8474353775
0                         6.609153909367556E-8     1.1825321815928954E-7    2487735.0912041976+1591001.7625773007i            3464526.102804387
0                         6.609153909367556E-8     1.3644602095302636E-7    2777721.5697793528+1997046.1083046156i            3905479.204684104
0                         6.609153909367556E-8     1.5463882374676318E-7    3042390.249002029+2450849.340478558i              4382558.944938817
0                         6.609153909367556E-8     1.728316265405001E-7     2986704.825429231+3474012.7636258826i             4986771.864839723
0                         6.609153909367556E-8     1.9102442933423692E-7    3026054.417611937+4407225.757009908i              5772400.609633275
0                         6.609153909367556E-8     2.0921723212797374E-7    2991315.543889867+5456221.203044439i              6689645.424427941
0                         6.609153909367556E-8     2.2741003492171056E-7    2265424.0327324546+6179679.915814376i             6672437.213159261
0                         6.609153909367556E-8     2.456028377154475E-7     1515995.607397727+6948775.331930776i              7212065.454035994
0                         6.609153909367556E-8     2.637956405091843E-7     663696.8671267347+7645735.512908509i              7798459.621293691
0                         6.609153909367556E-8     2.819884433029211E-7     -292996.3065475069+8269506.956819648i             8431629.433380071
0                         6.609153909367556E-8     3.0018124609665805E-7    -1296313.94899342+8742585.664834462i              9019051.903888589
0                         6.609153909367556E-8     3.1837404889039487E-7    -2347304.1580513343+9115919.716609541i            9619117.719218284
0                         6.609153909367556E-8     3.365668516841317E-7     -3346173.433324041+9350527.805826806i             1.0137470892634077E7
0                         6.609153909367556E-8     3.547596544778685E-7     -4237228.907505413+9525018.319788447i             1.063960973240445E7
0                         6.609153909367556E-8     3.7295245727160544E-7    -5021824.131143572+9680536.092366882i             1.1124987522604473E7
0                         6.609153909367556E-8     3.9114526006534226E-7    -5699959.104238508+9817081.123562103i             1.1572517459529731E7
0                         6.609153909367556E-8     4.093380628590791E-7     -6271633.826790221+9934653.41337411i              1.196725963464086E7
0                         6.609153909367556E-8     4.27530865652816E-7      -6736848.298798722+1.0033252961802905E7i          1.2298789610933078E7
0                         6.609153909367556E-8     4.457236684465528E-7     -6726718.898508865+9969991.811824499i             1.2245748737955252E7
0                         8.261442386709445E-8     -4.457236684465528E-7    6329987.517481343-9504779.635488397i              1.1755496653332109E7
0                         8.261442386709445E-8     -4.2753086565281595E-7   6343025.197754868-9579052.00995123i               1.182087361789473E7
0                         8.261442386709445E-8     -4.0933806285907913E-7   5881444.1689352635-9394353.020177102i             1.142346555592597E7
0                         8.261442386709445E-8     -3.9114526006534226E-7   5314925.675971991-9192724.036149617i              1.0965308863035409E7
0                         8.261442386709445E-8     -3.7295245727160544E-7   4643469.718865045-8974165.057868771i              1.0456550691036873E7
0                         8.261442386709445E-8     -3.5475965447786856E-7   3867076.297614422-8738676.085334554i              9912283.346993523
0                         8.261442386709445E-8     -3.365668516841317E-7    3007925.1337352297-8486611.26937201i              9399611.272239668
0                         8.261442386709445E-8     -3.1837404889039487E-7   2118694.2708611395-8213080.841415904i             8848206.539858824
0                         8.261442386709445E-8     -3.0018124609665805E-7   1284660.3688308457-7879991.305075276i             8287167.169967495
0                         8.261442386709445E-8     -2.819884433029212E-7    475996.6388528878-7486089.022813387i              7743833.450017844
0                         8.261442386709445E-8     -2.637956405091843E-7    -307296.91907272994-7031373.99463024i             7224868.353673137
0                         8.261442386709445E-8     -2.456028377154475E-7    -1065220.3049460077-6515846.220525834i            6740896.7003069455
0                         8.261442386709445E-8     -2.2741003492171061E-7   -1939500.4961650234-5889722.789697191i            6311965.584859841
0                         8.261442386709445E-8     -2.0921723212797377E-7   -2911572.311521902-5384558.910498083i             6692452.163055658
0                         8.261442386709445E-8     -1.9102442933423692E-7   -2871872.531504876-4450671.006256263i             5899160.135569193
0                         8.261442386709445E-8     -1.728316265405001E-7    -2778697.9348068484-3601141.987327241i            5195181.147212514
0                         8.261442386709445E-8     -1.5463882374676323E-7   -2630700.203143655-2838050.744923667i             4575859.795377648
0                         8.261442386709445E-8     -1.3644602095302636E-7   -2426476.9386225254-2163558.9219659464i           4035005.65892801
0                         8.261442386709445E-8     -1.1825321815928954E-7   -2164568.619215262-1579915.5539937725i            3565720.307203196
0                         8.261442386709445E-8     -1.0006041536555267E-7   -1899857.252498789-1261449.588783357i             3207719.149655179
0                         8.261442386709445E-8     -8.186761257181585E-8    -1656997.4436616949-814942.9997156295i            2893086.5495129693
0                         8.261442386709445E-8     -6.367480977807897E-8    -1323055.409378973-589023.2085644584i             2595092.8411196577
0                         8.261442386709445E-8     -4.5482006984342155E-8   -970404.9180910815-382029.9786723166i             2342779.7044821354
0                         8.261442386709445E-8     -2.7289204190605282E-8   -599045.9697980192-193963.31003920364i            2153843.12955007
0                         8.261442386709445E-8     -9.09640139686841E-9     -118140.4549737543-53056.19148954687i             2109497.773431504
0                         8.261442386709445E-8     9.09640139686841E-9      301609.9868012617+61504.2286322214i               2056795.1649060878
0                         8.261442386709445E-8     2.7289204190605282E-8    693728.0833411063+218295.96973247261i             2204339.979141068
0                         8.261442386709445E-8     4.5482006984342155E-8    1068557.8198583191+403304.30810939043i            2416977.1819326603
0                         8.261442386709445E-8     6.367480977807897E-8     1426099.196352899+616529.2437629745i              2677943.268121823
0                         8.261442386709445E-8     8.18676125718158E-8      1868983.5620935925+786564.4182668291i             2994057.393448801
0                         8.261442386709445E-8     1.0006041536555261E-7    2218726.6719321813+1084005.3170145487i            3315368.0995069635
0                         8.261442386709445E-8     1.1825321815928954E-7    2543151.9824182983+1429205.1022088993i            3687844.703688809
0                         8.261442386709445E-8     1.3644602095302636E-7    2842259.4935519374+1822163.773849877i             4103388.50182047
0                         8.261442386709445E-8     1.5463882374676318E-7    2919238.652591199+2600327.317348263i              4543228.134806333
0                         8.261442386709445E-8     1.728316265405001E-7     3056940.6040694737+3432503.7562397323i            5211579.845303663
0                         8.261442386709445E-8     1.9102442933423692E-7    3119800.5482432665+4381607.320730428i             5994022.923893224
0                         8.261442386709445E-8     2.0921723212797374E-7    3107270.3233772763+5448222.157936205i             6901479.932137677
0                         8.261442386709445E-8     2.2741003492171056E-7    2196114.622709359+6031440.030685867i              6551297.1788823735
0                         8.261442386709445E-8     2.456028377154475E-7     1467509.0655713682+6771769.33795238i              7076780.3064248
0                         8.261442386709445E-8     2.637956405091843E-7     639082.9009255816+7441131.028703976i              7656616.392774179
0                         8.261442386709445E-8     2.819884433029211E-7     -290547.4441832815+8038547.679605288i             8287922.385389151
0                         8.261442386709445E-8     3.0018124609665805E-7    -1322792.0465001438+8563023.255737342i            8973392.8477136
0                         8.261442386709445E-8     3.1837404889039487E-7    -2214157.9381081453+8903719.120427074i            9482876.74275562
0                         8.261442386709445E-8     3.365668516841317E-7     -3186609.7970248004+9114975.389294194i            9960194.519857053
0                         8.261442386709445E-8     3.547596544778685E-7     -4066691.552406309+9284776.3881532i               1.0450901242722202E7
0                         8.261442386709445E-8     3.7295245727160544E-7    -4840313.0572446035+9435604.645628981i            1.0926187047433443E7
0                         8.261442386709445E-8     3.9114526006534226E-7    -5507474.31153967+9567460.161721556i              1.136445191497379E7
0                         8.261442386709445E-8     4.093380628590791E-7     -6068175.315291525+9680342.936430922i             1.1750380517229471E7
0                         8.261442386709445E-8     4.27530865652816E-7      -6187816.71387886+9491156.263036026i              1.1666002970114931E7
0                         8.261442386709445E-8     4.457236684465528E-7     -6329987.5174813345+9504779.635488428i            1.1754069078560865E7
0                         9.913730864051335E-8     -4.457236684465528E-7    5808030.897786694-9002216.844628723i              1.120011155749607E7
0                         9.913730864051335E-8     -4.2753086565281595E-7   5669172.667702834-8930449.852478016i              1.1063936622651724E7
0                         9.913730864051335E-8     -4.0933806285907913E-7   5541998.848828228-8968896.305618415i              1.1015699150928475E7
0                         9.913730864051335E-8     -3.9114526006534226E-7   4986406.489683192-8768065.866435869i              1.0563875399466433E7
0                         9.913730864051335E-8     -3.7295245727160544E-7   4325876.666394491-8550305.432999974i              1.0063478980233787E7
0                         9.913730864051335E-8     -3.5475965447786856E-7   3560409.378962111-8315615.0053107105i             9530630.253869083
0                         9.913730864051335E-8     -3.365668516841317E-7    2727317.0494039627-8072563.85937048i              9084788.53690863
0                         9.913730864051335E-8     -3.1837404889039487E-7   1850819.6827401977-7806788.096125648i             8544834.087218551
0                         9.913730864051335E-8     -3.0018124609665805E-7   1033998.3231413815-7481578.630642584i             7985413.363769337
0                         9.913730864051335E-8     -2.819884433029212E-7    242547.13559490172-7095556.419238258i             7447134.680438541
0                         9.913730864051335E-8     -2.637956405091843E-7    -523533.87989924103-6648721.461912674i            6938241.473562987
0                         9.913730864051335E-8     -2.456028377154475E-7    -1264244.7233410417-6141073.758665832i            6471455.991941019
0                         9.913730864051335E-8     -2.2741003492171061E-7   -1979585.3947305048-5572613.309497734i            6065061.577273448
0                         9.913730864051335E-8     -2.0921723212797377E-7   -2614559.4298534584-4962082.742569962i            5775314.279781692
0                         9.913730864051335E-8     -1.9102442933423692E-7   -3044934.1939209416-4436537.266492969i            6222547.7506167
0                         9.913730864051335E-8     -1.728316265405001E-7    -2944238.859962616-3590231.3872796693i            5548472.1397074945
0                         9.913730864051335E-8     -1.5463882374676323E-7   -2494583.6862642625-2885985.11884741i             4849289.106296272
0                         9.913730864051335E-8     -1.3644602095302636E-7   -2357661.3201299203-2252440.0363916643i           4349612.958306939
0                         9.913730864051335E-8     -1.1825321815928954E-7   -2171545.62826747-1697778.7269875067i             3906180.881629855
0                         9.913730864051335E-8     -1.0006041536555267E-7   -1936236.6106769107-1222001.1906349352i           3509789.1401730725
0                         9.913730864051335E-8     -8.186761257181585E-8    -1671678.47247405-845108.5899886774i              3229159.76892611
0                         9.913730864051335E-8     -6.367480977807897E-8    -1410239.31450022-461609.03657932556i             2951233.671997351
0                         9.913730864051335E-8     -4.5482006984342155E-8   -1052063.091364058-261527.59369408595i            2718785.6249585934
0                         9.913730864051335E-8     -2.7289204190605282E-8   -583311.167046737-106128.24813858117i             2595737.1587425442
0                         9.913730864051335E-8     -9.09640139686841E-9     -129242.46316321567-52733.94211287364i            2485879.898821586
0                         9.913730864051335E-8     9.09640139686841E-9      303223.17123835825+42806.364454585215i            2446810.5336789703
0                         9.913730864051335E-8     2.7289204190605282E-8    703538.0302672379+190489.59851470048i             2578648.4634402297
0                         9.913730864051335E-8     4.5482006984342155E-8    1086564.5292734867+366389.429851483i              2768759.06859921
0                         9.913730864051335E-8     6.367480977807897E-8     1452302.6682571033+570505.8584649322i             3004471.5524339387
0                         9.913730864051335E-8     8.18676125718158E-8      1862295.4398155645+708346.5865340946i             3304470.9702975526
0                         9.913730864051335E-8     1.0006041536555261E-7    2265022.530587795+935294.3307324836i              3607615.479331465
0                         9.913730864051335E-8     1.1825321815928954E-7    2598568.8736323984+1267408.4418404973i            3953089.4826341644
0                         9.913730864051335E-8     1.3644602095302636E-7    2760244.9304004563+1871320.818061608i             4278435.182817387
0                         9.913730864051335E-8     1.5463882374676318E-7    2998555.896363635+2600605.6393622253i             4863928.112454829
0                         9.913730864051335E-8     1.728316265405001E-7     3161279.790125346+3447943.028879395i              5539112.284467456
0                         9.913730864051335E-8     1.9102442933423692E-7    3247893.1352762925+4413867.631943052i             6320066.606141458
0                         9.913730864051335E-8     2.0921723212797374E-7    2403073.036397318+5040732.344675839i              5696380.431876628
0                         9.913730864051335E-8     2.2741003492171056E-7    1802680.1622457989+5715549.734109778i             6143444.791376847
0                         9.913730864051335E-8     2.456028377154475E-7     1152357.8186929019+6341356.82465885i              6648143.964466018
0                         9.913730864051335E-8     2.637956405091843E-7     635269.884581669+7193906.367569974i               7495703.191066662
0                         9.913730864051335E-8     2.819884433029211E-7     -50455.02546237927+7599481.677538834i             7944785.165517493
0                         9.913730864051335E-8     3.0018124609665805E-7    -827446.9012227484+7953831.435049572i             8415973.259677615
0                         9.913730864051335E-8     3.1837404889039487E-7    -1696650.3576758439+8256426.899125322i            8921116.942777934
0                         9.913730864051335E-8     3.365668516841317E-7     -3251853.0613046335+8855279.355088655i            9841290.996168783
0                         9.913730864051335E-8     3.547596544778685E-7     -3963490.692542188+8888948.081669157i             1.0166593284377957E7
0                         9.913730864051335E-8     3.7295245727160544E-7    -4560885.127050195+8918945.150253467i             1.047314949898937E7
0                         9.913730864051335E-8     3.9114526006534226E-7    -5044036.364828648+8945270.560841583i             1.0741345336360894E7
0                         9.913730864051335E-8     4.093380628590791E-7     -5412944.405877541+8967924.3134335i               1.0957263582120273E7
0                         9.913730864051335E-8     4.27530865652816E-7      -5667609.250196892+8986906.408029225i             1.111146468265854E7
0                         9.913730864051335E-8     4.457236684465528E-7     -5808030.897786685+9002216.844628757i             1.1198093503267383E7
0                         1.1566019341393223E-7    -4.457236684465528E-7    5286074.2780920435-8499654.053769056i             1.0671253210808074E7
0                         1.1566019341393223E-7    -4.2753086565281595E-7   5152618.03397677-8424531.613326881i               1.0536106067108907E7
0                         1.1566019341393223E-7    -4.0933806285907913E-7   4918799.885476147-8356555.855955692i              1.0344412793087678E7
0                         1.1566019341393223E-7    -3.9114526006534226E-7   4584619.832590178-8295726.7816555i                1.010162480108868E7
0                         1.1566019341393223E-7    -3.7295245727160544E-7   4008283.6139239375-8126445.808131177i             9680242.905355904
0                         1.1566019341393223E-7    -3.5475965447786856E-7   3253742.460309799-7892553.925286865i              9158260.340608075
0                         1.1566019341393223E-7    -3.365668516841317E-7    2446708.9650726984-7658516.44936896i              8791766.975573137
0                         1.1566019341393223E-7    -3.1837404889039487E-7   1582945.0946192574-7400495.350835392i             8259521.033753155
0                         1.1566019341393223E-7    -3.0018124609665805E-7   783336.2774519176-7083165.956209891i              7697279.052596443
0                         1.1566019341393223E-7    -2.819884433029212E-7    9097.632336914983-6705023.815663132i              7160668.546048859
0                         1.1566019341393223E-7    -2.637956405091843E-7    -739770.8407257494-6266068.929195111i             6659914.576801727
0                         1.1566019341393223E-7    -2.456028377154475E-7    -1463269.1417360748-5766301.29680583i             6210335.953264965
0                         1.1566019341393223E-7    -2.2741003492171061E-7   -2161397.270694061-5205720.918495294i             5833321.9919837685
0                         1.1566019341393223E-7    -2.0921723212797377E-7   -2157570.872106375-4038236.074055699i             4840614.054646447
0                         1.1566019341393223E-7    -1.9102442933423692E-7   -2714666.6199497688-4293241.989473829i            6281248.4218897205
0                         1.1566019341393223E-7    -1.728316265405001E-7    -2664643.141187038-3513336.603973195i             5669271.354892562
0                         1.1566019341393223E-7    -1.5463882374676323E-7   -2565426.3366961963-2812314.991524142i            5128965.604508898
0                         1.1566019341393223E-7    -1.3644602095302636E-7   -2417016.20647725-2190177.1521266783i             4651034.406276891
0                         1.1566019341393223E-7    -1.1825321815928954E-7   -2219412.750530195-1646923.085780803i             4225538.483347164
0                         1.1566019341393223E-7    -1.0006041536555267E-7   -1972615.9688550332-1182552.7924865133i           3842973.0509520406
0                         1.1566019341393223E-7    -8.186761257181585E-8    -1689302.7603097823-809992.7859359132i            3544506.143437959
0                         1.1566019341393223E-7    -6.367480977807897E-8    -1441149.9017323826-451214.0791769057i            3324726.2010231996
0                         1.1566019341393223E-7    -4.5482006984342155E-8   -1055775.3224582274-154720.84562777134i           3146065.6292774486
0                         1.1566019341393223E-7    -2.7289204190605282E-8   -600636.4773495196-97791.07366641703i             2972666.4820061186
0                         1.1566019341393223E-7    -9.09640139686841E-9     -140344.47135267706-52411.69273620042i            2866754.1760001555
0                         1.1566019341393223E-7    9.09640139686841E-9      304836.35567545384+24108.50027694834i             2835895.161725491
0                         1.1566019341393223E-7    2.7289204190605282E-8    713347.9771933695+162683.22729692823i             2956210.4589754245
0                         1.1566019341393223E-7    4.5482006984342155E-8    1104571.2386886547+329474.5515935757i             3130479.775634031
0                         1.1566019341393223E-7    6.367480977807897E-8     1478506.1401613073+524482.4731668895i             3348407.2676069853
0                         1.1566019341393223E-7    8.18676125718158E-8      1899015.823276769+647110.4857861961i              3629126.2172665987
0                         1.1566019341393223E-7    1.0006041536555261E-7    2313607.3972896417+783833.462279976i              3929058.539334819
0                         1.1566019341393223E-7    1.1825321815928954E-7    2506236.9124544887+1292367.8589901216i            4150988.9126869286
0                         1.1566019341393223E-7    1.3644602095302636E-7    2892238.213174324+1759291.932989534i              4645138.09852519
0                         1.1566019341393223E-7    1.5463882374676318E-7    3094308.754414783+2450986.4483270096i             5151657.961481346
0                         1.1566019341393223E-7    1.728316265405001E-7     3229040.215922054+3218821.3428073437i             5712488.984982143
0                         1.1566019341393223E-7    1.9102442933423692E-7    3299736.037602527+4059507.176553962i              6338060.824232056
0                         1.1566019341393223E-7    2.0921723212797374E-7    2557502.0342855314+4451060.593517993i             5293234.420531861
0                         1.1566019341393223E-7    2.2741003492171056E-7    1968601.0740868903+5264392.942065524i             5842816.113046943
0                         1.1566019341393223E-7    2.456028377154475E-7     1345064.0479154265+5873282.441691246i             6332016.3133585425
0                         1.1566019341393223E-7    2.637956405091843E-7     671597.5523425905+6433161.642432096i              6872171.868798995
0                         1.1566019341393223E-7    2.819884433029211E-7     -51798.41263162216+6944030.544288079i             7452967.435423366
0                         1.1566019341393223E-7    3.0018124609665805E-7    -825123.8470072167+7405889.147259198i             8068212.002484043
0                         1.1566019341393223E-7    3.1837404889039487E-7    -1673656.5757658994+7801471.178758842i            8669768.716647219
0                         1.1566019341393223E-7    3.365668516841317E-7     -2390842.269240679+8013613.642858451i             9060763.53061981
0                         1.1566019341393223E-7    3.547596544778685E-7     -3450279.8529109587+8377949.970073861i            9668954.361116786
0                         1.1566019341393223E-7    3.7295245727160544E-7    -4045925.1314062783+8409634.10280529i             9962794.175834006
0                         1.1566019341393223E-7    3.9114526006534226E-7    -4527327.213172046+8437646.57754053i              1.0222377069291465E7
0                         1.1566019341393223E-7    4.093380628590791E-7     -4894486.098208262+8461987.394279579i             1.04326840103712E7
0                         1.1566019341393223E-7    4.27530865652816E-7      -5147401.786514928+8482656.553022433i             1.0583540964718226E7
0                         1.1566019341393223E-7    4.457236684465528E-7     -5286074.278092038+8499654.053769087i             1.0668646076787515E7
0                         1.3218307818735112E-7    -4.457236684465528E-7    4764117.658397394-7997091.262909384i              1.0167872294583037E7
0                         1.3218307818735112E-7    -4.2753086565281595E-7   4636063.400250701-7918613.374175741i              1.0033477419918258E7
0                         1.3218307818735112E-7    -4.0933806285907913E-7   4407647.237718662-7847282.168513091i              9842587.008118907
0                         1.3218307818735112E-7    -3.9114526006534226E-7   4078869.170801277-7783097.64592143i               9600909.98261528
0                         1.3218307818735112E-7    -3.7295245727160544E-7   3649729.1994985356-7726059.806400748i             9318272.514980868
0                         1.3218307818735112E-7    -3.5475965447786856E-7   3005342.430838492-7499603.807749129i              9074619.80081711
0                         1.3218307818735112E-7    -3.365668516841317E-7    2166100.8807414314-7244469.03936743i              8516044.54155698
0                         1.3218307818735112E-7    -3.1837404889039487E-7   1315070.506498317-6994202.605545139i              7987415.263124559
0                         1.3218307818735112E-7    -3.0018124609665805E-7   532674.231762454-6684753.281777199i               7417610.703713573
0                         1.3218307818735112E-7    -2.819884433029212E-7    -224351.87092107293-6314491.212087999i            6879057.556540659
0                         1.3218307818735112E-7    -2.637956405091843E-7    -956007.8015522598-5883416.396477542i             6384461.534524298
0                         1.3218307818735112E-7    -2.456028377154475E-7    -1522030.7285761451-4806922.938816352i            5376683.955983496
0                         1.3218307818735112E-7    -2.2741003492171061E-7   -1832218.1468150606-4269079.739343316i            4931441.850985324
0                         1.3218307818735112E-7    -2.0921723212797377E-7   -2252114.7840420073-3680993.7741552615i           4676841.210226211
0                         1.3218307818735112E-7    -1.9102442933423692E-7   -3268426.9248364083-3669406.0349241127i           6607744.82969339
0                         1.3218307818735112E-7    -1.728316265405001E-7    -3327039.9952113135-2830722.151702732i            5974381.583917281
0                         1.3218307818735112E-7    -1.5463882374676323E-7   -3073291.109669031-2402926.3171506664i            5538272.078585503
0                         1.3218307818735112E-7    -1.3644602095302636E-7   -2476371.09282458-2127914.267861693i              4979306.081087687
0                         1.3218307818735112E-7    -1.1825321815928954E-7   -2267279.872792921-1596067.4445740995i            4570598.66288611
0                         1.3218307818735112E-7    -1.0006041536555267E-7   -2008995.3270331551-1143104.3943380914i           4202935.138842417
0                         1.3218307818735112E-7    -8.186761257181585E-8    -1706927.0481455144-774876.9818831491i            3875764.5067076697
0                         1.3218307818735112E-7    -6.367480977807897E-8    -1447532.1410508098-427023.8091485754i            3669697.8724721726
0                         1.3218307818735112E-7    -4.5482006984342155E-8   -1016960.9517034746-230071.9083610539i            3508863.409264929
0                         1.3218307818735112E-7    -2.7289204190605282E-8   -617961.7876523032-89453.89919425386i             3353427.2093609474
0                         1.3218307818735112E-7    -9.09640139686841E-9     -151446.47954213963-52089.44335952788i            3249096.8202041723
0                         1.3218307818735112E-7    9.09640139686841E-9      306449.54011254874+5410.63609931113i              3224365.5059932177
0                         1.3218307818735112E-7    2.7289204190605282E-8    723157.9241195009+134876.85607915593i             3335666.9998386037
0                         1.3218307818735112E-7    4.5482006984342155E-8    1122577.948103822+292559.6733356683i              3498592.0472083334
0                         1.3218307818735112E-7    6.367480977807897E-8     1506495.728061081+476370.3935922787i              3713416.7858668347
0                         1.3218307818735112E-7    8.18676125718158E-8      1935736.2067379723+585874.3850382973i             3967555.7056744485
0                         1.3218307818735112E-7    1.0006041536555261E-7    2137745.5436514434+983841.8433505038i             4150164.5403525024
0                         1.3218307818735112E-7    1.1825321815928954E-7    2499790.7724242164+1207148.8003454169i            4470243.131484231
0                         1.3218307818735112E-7    1.3644602095302636E-7    2865082.138992312+1600590.2178739228i             4914822.0436408715
0                         1.3218307818735112E-7    1.5463882374676318E-7    3086507.29981446+2262174.6746970112i              5373330.3336011525
0                         1.3218307818735112E-7    1.728316265405001E-7     3239946.086375454+3001350.865380927i              5882661.4775723005
0                         1.3218307818735112E-7    1.9102442933423692E-7    3328697.3903999324+3814767.0889582234i            6454145.321890756
0                         1.3218307818735112E-7    2.0921723212797374E-7    2409464.5103716175+3991553.813226242i             4823935.159093142
0                         1.3218307818735112E-7    2.2741003492171056E-7    2170070.1433341173+4660074.542049868i             5340602.572998732
0                         1.3218307818735112E-7    2.456028377154475E-7     1537770.2771379526+5405208.058723639i             6032677.317460738
0                         1.3218307818735112E-7    2.637956405091843E-7     891089.0989465507+5948169.668541138i              6570650.730012701
0                         1.3218307818735112E-7    2.819884433029211E-7     194478.45135377222+6442120.97947377i              7154739.369203335
0                         1.3218307818735112E-7    3.0018124609665805E-7    -552061.6656403878+6887061.991521538i             7776640.262195207
0                         1.3218307818735112E-7    3.1837404889039487E-7    -1349861.7106904222+7233232.842626949i            8336235.7017197795
0                         1.3218307818735112E-7    3.365668516841317E-7     -2043517.9094357463+7442738.5419125175i           8691241.130107451
0                         1.3218307818735112E-7    3.547596544778685E-7     -2660000.2036131523+7607879.82546048i             9051451.631510768
0                         1.3218307818735112E-7    3.7295245727160544E-7    -3904335.744754412+8132759.359383155i             1.0102874431617372E7
0                         1.3218307818735112E-7    3.9114526006534226E-7    -4010618.061515445+7930022.594239481i             9733219.798623914
0                         1.3218307818735112E-7    4.093380628590791E-7     -4376027.790538978+7956050.475125653i             9935242.061504403
0                         1.3218307818735112E-7    4.27530865652816E-7      -4627194.322832962+7978406.698015631i             1.0081361343878318E7
0                         1.3218307818735112E-7    4.457236684465528E-7     -4764117.658397389+7997091.262909416i             1.0164725332680635E7
0                         1.4870596296077002E-7    -4.457236684465528E-7    4242161.038702747-7494528.472049717i              9691789.975220222
0                         1.4870596296077002E-7    -4.2753086565281595E-7   4119508.766524636-7412695.135024609i              9557872.550865535
0                         1.4870596296077002E-7    -4.0933806285907913E-7   3896494.589961183-7338008.481070491i              9368465.228522845
0                         1.4870596296077002E-7    -3.9114526006534226E-7   3573118.509012376-7270468.510187358i              9129615.554392505
0                         1.4870596296077002E-7    -3.7295245727160544E-7   3605853.182086656-7478676.904042176i              9646269.633823063
0                         1.4870596296077002E-7    -3.5475965447786856E-7   3099748.6113687255-7407990.134047745i             9317636.420440473
0                         1.4870596296077002E-7    -3.365668516841317E-7    1885492.7964101671-6830421.629365908i             8253966.654005419
0                         1.4870596296077002E-7    -3.1837404889039487E-7   1047195.9183773746-6587909.860254879i             7724824.08890227
0                         1.4870596296077002E-7    -3.0018124609665805E-7   338010.8451994173-6781173.630865119i              7548300.56460308
0                         1.4870596296077002E-7    -2.819884433029212E-7    -704285.6983961181-5409655.904756463i             6231563.120429756
0                         1.4870596296077002E-7    -2.637956405091843E-7    -1124237.8093853788-4938559.428130533i            5686210.762473053
0                         1.4870596296077002E-7    -2.456028377154475E-7    -1479950.631065064-4442160.15373644i              5167251.960305922
0                         1.4870596296077002E-7    -2.2741003492171061E-7   -1736475.0281840814-3921823.3633318157i           4663555.109191704
0                         1.4870596296077002E-7    -2.0921723212797377E-7   -2094907.1679912359-3258321.6581404284i           4078518.787564795
0                         1.4870596296077002E-7    -1.9102442933423692E-7   -3269021.6168594277-3382034.3027816634i           6612653.817904672
0                         1.4870596296077002E-7    -1.728316265405001E-7    -3157889.4290550556-2806705.701638463i            6174937.213493703
0                         1.4870596296077002E-7    -1.5463882374676323E-7   -3090283.32876016-2113087.959483531i              5734624.973259423
0                         1.4870596296077002E-7    -1.3644602095302636E-7   -2775642.8926159097-1750453.3470461757i           5337743.106445301
0                         1.4870596296077002E-7    -1.1825321815928954E-7   -2415746.2307722415-1435050.1232985207i           4952036.2760924315
0                         1.4870596296077002E-7    -1.0006041536555267E-7   -2045374.6852112776-1103655.9961896697i           4586939.466899406
0                         1.4870596296077002E-7    -8.186761257181585E-8    -1724551.335981246-739761.1778303853i             4221738.549521614
0                         1.4870596296077002E-7    -6.367480977807897E-8    -1308891.5907660597-488842.09615939273i           4061946.1864457047
0                         1.4870596296077002E-7    -4.5482006984342155E-8   -932066.9613023428-309927.7382806713i             3858727.6132596172
0                         1.4870596296077002E-7    -2.7289204190605282E-8   -551078.5527834941-149536.6205961177i             3694438.148060101
0                         1.4870596296077002E-7    -9.09640139686841E-9     -162548.48773159942-51767.193982854005i           3631433.203337002
0                         1.4870596296077002E-7    9.09640139686841E-9      308062.72454964335-13287.228078326341i            3612817.343872611
0                         1.4870596296077002E-7    2.7289204190605282E-8    732967.8710456336+107070.48486138447i             3716613.703574389
0                         1.4870596296077002E-7    4.5482006984342155E-8    1140584.657518991+255644.79507776117i             3871239.701124788
0                         1.4870596296077002E-7    6.367480977807897E-8     1536526.965615716+424000.98871068755i             4068095.2956339368
0                         1.4870596296077002E-7    8.18676125718158E-8      1782897.6021319693+715964.2740257606i             4203967.425207273
0                         1.4870596296077002E-7    1.0006041536555261E-7    2197914.3824707484+799466.4468620478i             4393879.530846395
0                         1.4870596296077002E-7    1.1825321815928954E-7    2502608.2881355174+1193869.8667401029i            4787788.877727205
0                         1.4870596296077002E-7    1.3644602095302636E-7    2861089.1869703834+1477148.0174388515i            5238382.0484830905
0                         1.4870596296077002E-7    1.5463882374676318E-7    3101831.939904887+2106123.1172336238i             5648343.197140574
0                         1.4870596296077002E-7    1.728316265405001E-7     3274001.027141753+2814196.4279138315i             6108313.484865863
0                         1.4870596296077002E-7    1.9102442933423692E-7    3380881.9384535905+3597956.775405056i             6629284.880595495
0                         1.4870596296077002E-7    2.0921723212797374E-7    2262860.272923776+3535847.298734104i              4392607.628994564
0                         1.4870596296077002E-7    2.2741003492171056E-7    2047271.4697279674+4183073.0158987804i            4927251.216284218
0                         1.4870596296077002E-7    2.456028377154475E-7     1747742.376374158+4804575.831016826i              5500942.8666417785
0                         1.4870596296077002E-7    2.637956405091843E-7     1110580.6455505113+5463177.694650177i             6284775.059327227
0                         1.4870596296077002E-7    2.819884433029211E-7     440755.31533916696+5940211.414659459i             6881015.949877995
0                         1.4870596296077002E-7    3.0018124609665805E-7    -278999.4842735582+6368234.835783876i             7519422.551300425
0                         1.4870596296077002E-7    3.1837404889039487E-7    -1045836.0443785634+6706316.0421132i              8028237.420537004
0                         1.4870596296077002E-7    3.365668516841317E-7     -1696193.5496308138+6871863.440966584i            8353471.322694801
0                         1.4870596296077002E-7    3.547596544778685E-7     -2287729.572184386+7032157.248904024i             8694774.474546669
0                         1.4870596296077002E-7    3.7295245727160544E-7    -2820444.112039285+7187197.465925525i             9034463.87517307
0                         1.4870596296077002E-7    3.9114526006534226E-7    -3294337.1691955025+7336984.092031071i            9359568.614057133
0                         1.4870596296077002E-7    4.093380628590791E-7     -3857569.482869694+7450113.555971727i             9467319.738481265
0                         1.4870596296077002E-7    4.27530865652816E-7      -4106986.859150995+7474156.843008835i             9606950.198555289
0                         1.4870596296077002E-7    4.457236684465528E-7     -4242161.038702742+7494528.472049746i             9688175.265814913
0                         1.652288477341889E-7     -4.457236684465528E-7    3720204.4190080995-6991965.681190046i             9248424.329902675
0                         1.652288477341889E-7     -4.2753086565281595E-7   3602954.132798571-6906776.895873472i              9114767.580463346
0                         1.652288477341889E-7     -4.0933806285907913E-7   3800151.1544801304-7070346.329581586i             9727696.674910583
0                         1.652288477341889E-7     -3.9114526006534226E-7   3503493.1174311-7001634.506872682i                9487341.461759808
0                         1.652288477341889E-7     -3.7295245727160544E-7   3103053.8005652446-6929317.515975571i             9199915.469068736
0                         1.652288477341889E-7     -3.5475965447786856E-7   2001159.3779026694-7002095.919205746i             8691116.908026874
0                         1.652288477341889E-7     -3.365668516841317E-7    1586526.8622547586-7013471.060861917i             8580403.787378443
0                         1.652288477341889E-7     -3.1837404889039487E-7   305165.8683265606-5781110.75342355i               7410320.67063343
0                         1.652288477341889E-7     -3.0018124609665805E-7   -233827.1444078688-5441867.56923923i              6841564.453723963
0                         1.652288477341889E-7     -2.819884433029212E-7    -699437.1022940938-5012320.396560006i             6217421.503595056
0                         1.652288477341889E-7     -2.637956405091843E-7    -1100735.0976632526-4557416.5769776525i           5612282.703992437
0                         1.652288477341889E-7     -2.456028377154475E-7    -1369130.941852824-4074401.1079478865i            4885545.09583179
0                         1.652288477341889E-7     -2.2741003492171061E-7   -1702267.5590613973-3464909.787152986i            4322955.630108649
0                         1.652288477341889E-7     -2.0921723212797377E-7   -1944972.540140001-2837805.3008729927i            3608713.415562949
0                         1.652288477341889E-7     -1.9102442933423692E-7   -1865452.4613622725-2245186.5502074235i           3060093.6354767834
0                         1.652288477341889E-7     -1.728316265405001E-7    -3159992.4905804605-2543677.500239567i            6309455.415304753
0                         1.652288477341889E-7     -1.5463882374676323E-7   -2983778.4575992725-2030943.498444074i            5954663.227283741
0                         1.652288477341889E-7     -1.3644602095302636E-7   -2794699.708024413-1485199.19592208i              5611515.873916419
0                         1.652288477341889E-7     -1.1825321815928954E-7   -2415436.1232522177-1192158.5346956817i           5249915.42986775
0                         1.652288477341889E-7     -1.0006041536555267E-7   -1987964.4063304034-949085.6830196449i            4904186.7427455885
0                         1.652288477341889E-7     -8.186761257181585E-8    -1644867.1966815488-629097.669195258i             4588726.356094248
0                         1.652288477341889E-7     -6.367480977807897E-8    -1233765.1811076067-557150.1431933513i            4411781.005885213
0                         1.652288477341889E-7     -4.5482006984342155E-8   -847172.970901212-389783.56820028945i             4219183.625799113
0                         1.652288477341889E-7     -2.7289204190605282E-8   -456416.981639688-240940.2334013976i              4064926.2409827425
0                         1.652288477341889E-7     -9.09640139686841E-9     -173650.4959210616-51444.94460618116i             4013105.4853209658
0                         1.652288477341889E-7     9.09640139686841E-9      309675.9089867408-31985.092255962227i             4001990.471414743
0                         1.652288477341889E-7     2.7289204190605282E-8    742777.8179717644+79264.11364361187i              4099161.109427788
0                         1.652288477341889E-7     4.5482006984342155E-8    1058001.5310635823+289161.27945735224i            4205181.931241445
0                         1.652288477341889E-7     6.367480977807897E-8     1404181.3388210696+498597.78873928403i            4324961.090859247
0                         1.652288477341889E-7     8.18676125718158E-8      1824448.117117186+616852.6324715248i              4525832.167424494
0                         1.652288477341889E-7     1.0006041536555261E-7    2186918.672359769+803882.196349249i               4731989.10552704
0                         1.652288477341889E-7     1.1825321815928954E-7    2505425.8038468175+1180590.933134789i             5119644.477167507
0                         1.652288477341889E-7     1.3644602095302636E-7    2806471.831856285+1604153.193236878i              5539043.244972586
0                         1.652288477341889E-7     1.5463882374676318E-7    3139375.683721273+1985692.1015008646i             5967935.726148455
0                         1.652288477341889E-7     1.728316265405001E-7     3330272.2583435364+2660290.1977497414i            6380758.248981335
0                         1.652288477341889E-7     1.9102442933423692E-7    2219557.546132345+2438539.9324525446i             3506843.0013895635
0                         1.652288477341889E-7     2.0921723212797374E-7    2115992.0444293986+3087493.7169028777i            4003512.325608673
0                         1.652288477341889E-7     2.2741003492171056E-7    1925152.1324615546+3711245.5167722353i            4573898.354687216
0                         1.652288477341889E-7     2.456028377154475E-7     1649608.2762358761+4310596.884702379i             5190487.847958322
0                         1.652288477341889E-7     2.637956405091843E-7     1291827.8429874056+4886315.009758711i             5840423.554161741
0                         1.652288477341889E-7     2.819884433029211E-7     687032.1793245618+5438301.8498451505i             6627072.498075941
0                         1.652288477341889E-7     3.0018124609665805E-7    -5937.302906729361+5849407.680046216i             7291573.718411218
0                         1.652288477341889E-7     3.1837404889039487E-7    -723457.9561974638+6140288.41677779i              7729438.587822674
0                         1.652288477341889E-7     3.365668516841317E-7     -1348869.18982588+6300988.34002065i               8036708.533548202
0                         1.652288477341889E-7     3.547596544778685E-7     -1915458.9407556218+6456434.672347568i            8360696.531570838
0                         1.652288477341889E-7     3.7295245727160544E-7    -2423227.2089866875+6606627.413758543i            8682922.951713571
0                         1.652288477341889E-7     3.9114526006534226E-7    -2872173.9945190735+6751566.564253572i            8989788.507574303
0                         1.652288477341889E-7     4.093380628590791E-7     -3262299.2973527815+6891252.123832657i            9271636.465464342
0                         1.652288477341889E-7     4.27530865652816E-7      -3964877.572898876+7183257.803902372i             9917666.171138646
0                         1.652288477341889E-7     4.457236684465528E-7     -3720204.419008095+6991965.681190077i             9244405.30801553
0                         1.817517325076078E-7     -4.457236684465528E-7    3571788.1114653097-6668536.638731733i             9583352.97611286
0                         1.817517325076078E-7     -4.2753086565281595E-7   3484576.608085174-6601799.763308338i              9450394.098228645
0                         1.817517325076078E-7     -4.0933806285907913E-7   2736356.6875913837-6741252.515863391i             9114289.900473697
0                         1.817517325076078E-7     -3.9114526006534226E-7   2059179.972840936-5787940.690045205i              8314492.579688902
0                         1.817517325076078E-7     -3.7295245727160544E-7   1677581.07054123-5622602.136588383i               8108431.897430036
0                         1.817517325076078E-7     -3.5475965447786856E-7   1247200.8152491902-5454487.372302152i             7891690.5336186
0                         1.817517325076078E-7     -3.365668516841317E-7    768039.2069648146-5283596.397186513i              7674017.269829929
0                         1.817517325076078E-7     -3.1837404889039487E-7   308889.8769698916-5064276.12287021i               7252131.889430674
0                         1.817517325076078E-7     -3.0018124609665805E-7   -153235.22072452283-5112107.976460203i            7128594.684585876
0                         1.817517325076078E-7     -2.819884433029212E-7    -694538.2592964247-4614788.168816572i             6312198.20022013
0                         1.817517325076078E-7     -2.637956405091843E-7    -973048.040933219-4176244.8858720674i             5342937.760832354
0                         1.817517325076078E-7     -2.456028377154475E-7    -1359407.442469111-3599491.0556829954i            4706107.833910005
0                         1.817517325076078E-7     -2.2741003492171061E-7   -1667584.4438911723-3010242.3109491393i           4105998.1958812154
0                         1.817517325076078E-7     -2.0921723212797377E-7   -1801283.9226359534-2421370.9400551585i           3315345.0214621658
0                         1.817517325076078E-7     -1.9102442933423692E-7   -1705409.3814764838-1854517.203120288i            2688830.2607713235
0                         1.817517325076078E-7     -1.728316265405001E-7    -3191091.343393917-2306892.2553451313i            6515358.472228339
0                         1.817517325076078E-7     -1.5463882374676323E-7   -2984344.115358239-1801840.3811800703i            6186774.641661325
0                         1.817517325076078E-7     -1.3644602095302636E-7   -2737235.2164301923-1356357.5145034525i           5885156.636958372
0                         1.817517325076078E-7     -1.1825321815928954E-7   -2435958.1427264186-955998.9385025529i            5588471.384446892
0                         1.817517325076078E-7     -1.0006041536555267E-7   -1988048.5651123128-737437.412159744i             5268559.629820999
0                         1.817517325076078E-7     -8.186761257181585E-8    -1632467.9201627942-550777.6068945844i            4900642.50974433
0                         1.817517325076078E-7     -6.367480977807897E-8    -1249294.5095788394-499176.0376435132i            4760582.110562141
0                         1.817517325076078E-7     -4.5482006984342155E-8   -762278.9805000818-469639.3981199085i             4589695.191305347
0                         1.817517325076078E-7     -2.7289204190605282E-8   -361755.4104958789-332343.84620667587i            4446260.494778817
0                         1.817517325076078E-7     -9.09640139686841E-9     42931.93856345513-213571.53448761022i             4345890.518980227
0                         1.817517325076078E-7     9.09640139686841E-9      332476.4363274062-103294.70748111675i             4390176.310679342
0                         1.817517325076078E-7     2.7289204190605282E-8    699694.9400593764+64003.91703237347i              4462631.872134843
0                         1.817517325076078E-7     4.5482006984342155E-8    1053644.5399619255+258966.80252313553i            4572175.396386296
0                         1.817517325076078E-7     6.367480977807897E-8     1433846.4576765476+420885.0047530449i             4668185.862204848
0                         1.817517325076078E-7     8.18676125718158E-8      1865998.632102404+517740.9909172903i              4859837.753796067
0                         1.817517325076078E-7     1.0006041536555261E-7    2175922.962248791+808297.9458364509i              5088341.792539933
0                         1.817517325076078E-7     1.1825321815928954E-7    2508243.3195581185+1167311.9995294756i            5466987.046180638
0                         1.817517325076078E-7     1.3644602095302636E-7    2823102.5733898655+1573179.5765390487i            5873731.446783136
0                         1.817517325076078E-7     1.5463882374676318E-7    3120500.723744032+2025900.6768651712i             6311552.821072673
0                         1.817517325076078E-7     1.728316265405001E-7     3407847.584942271+2542315.8854455757i             6694001.966757786
0                         1.817517325076078E-7     1.9102442933423692E-7    2044525.5999029926+2028392.5089972825i            3141095.7013169406
0                         1.817517325076078E-7     2.0921723212797374E-7    1967296.385465044+2650098.1382020502i             3670197.649151795
0                         1.817517325076078E-7     2.2741003492171056E-7    1802080.9346949097+3248105.017095355i             4293775.955591098
0                         1.817517325076078E-7     2.456028377154475E-7     1551433.3726085518+3823130.612217557i             4969926.988475577
0                         1.817517325076078E-7     2.637956405091843E-7     1217808.3989812927+4375863.353416796i             5679066.939584638
0                         1.817517325076078E-7     2.819884433029211E-7     860298.6312452648+5308625.677846679i              6660287.847061491
0                         1.817517325076078E-7     3.0018124609665805E-7    267124.87846010015+5330580.524308551i             7091874.191401838
0                         1.817517325076078E-7     3.1837404889039487E-7    -401079.8680163627+5574260.791442381i             7442983.615580818
0                         1.817517325076078E-7     3.365668516841317E-7     -1001544.8300209475+5730113.239074721i            7733426.43645341
0                         1.817517325076078E-7     3.547596544778685E-7     -1543188.3093268557+5880712.095791111i            8042134.950193287
0                         1.817517325076078E-7     3.7295245727160544E-7    -2026010.3059340883+6026057.361591561i            8349704.164594749
0                         1.817517325076078E-7     3.9114526006534226E-7    -2450010.8198426412+6166149.036476069i            8641806.581391448
0                         1.817517325076078E-7     4.093380628590791E-7     -2815189.8510525185+6300987.120444633i            8908223.000195926
0                         1.817517325076078E-7     4.27530865652816E-7      -3121547.399563719+6430571.613497248i             9141979.174622765
0                         1.817517325076078E-7     4.457236684465528E-7     -3571788.111465303+6668536.638731759i             9582690.406448858
0                         1.982746172810267E-7     -4.457236684465528E-7    2012647.9070346663-5350507.125404557i             8919696.741209479
0                         1.982746172810267E-7     -4.2753086565281595E-7   2269420.0306193028-5751616.536306436i             8804870.972936843
0                         1.982746172810267E-7     -4.0933806285907913E-7   2010017.391412613-5589825.834762104i              8656014.938556353
0                         1.982746172810267E-7     -3.9114526006534226E-7   1701833.3992135823-5425258.922388362i             8481022.876024636
0                         1.982746172810267E-7     -3.7295245727160544E-7   1344868.0540222202-5257915.799185206i             8284634.439977252
0                         1.982746172810267E-7     -3.5475965447786856E-7   939121.3558385251-5087796.465152645i              8074013.974729109
0                         1.982746172810267E-7     -3.365668516841317E-7    484593.304662494-4914900.920290673i               7859204.812452454
0                         1.982746172810267E-7     -3.1837404889039487E-7   44188.698439736385-4704841.642747992i             7475487.853361858
0                         1.982746172810267E-7     -3.0018124609665805E-7   -336211.1225130706-4421189.650173702i             7078930.107072416
0                         1.982746172810267E-7     -2.819884433029212E-7    -487609.91876504384-4347260.142870404i            5978655.236987893
0                         1.982746172810267E-7     -2.637956405091843E-7    -987516.8626080279-3683414.0231581484i            5362801.537291289
0                         1.982746172810267E-7     -2.456028377154475E-7    -1349018.1648379795-3127123.1395765673i           4685545.513279221
0                         1.982746172810267E-7     -2.2741003492171061E-7   -1631867.033302548-2558482.9789150637i            4040573.432966286
0                         1.982746172810267E-7     -2.0921723212797377E-7   -1662936.8488619444-2010657.9606668358i           3249246.9540681224
0                         1.982746172810267E-7     -1.9102442933423692E-7   -1550961.1477750875-1471636.0795824137i           2537799.672879165
0                         1.982746172810267E-7     -1.728316265405001E-7    -3254438.219652781-2105318.263496024i             6788286.411629719
0                         1.982746172810267E-7     -1.5463882374676323E-7   -3014503.6823737025-1608781.2063518078i           6479892.567757897
0                         1.982746172810267E-7     -1.3644602095302636E-7   -2732342.26892337-1173336.94311996i               6193288.511066961
0                         1.982746172810267E-7     -1.1825321815928954E-7   -2407622.510535625-800395.3840495287i             5922867.020328393
0                         1.982746172810267E-7     -1.0006041536555267E-7   -2220855.702666337-717335.203323594i              5617817.523991275
0                         1.982746172810267E-7     -8.186761257181585E-8    -1623493.6394766618-795294.9476532586i            5221434.339914563
0                         1.982746172810267E-7     -6.367480977807897E-8    -1215987.2614176453-458761.9650981886i            5220554.699411313
0                         1.982746172810267E-7     -4.5482006984342155E-8   -875767.7533375947-305457.65564526315i            4952284.215207961
0                         1.982746172810267E-7     -2.7289204190605282E-8   -418317.4666189015-284430.7352136327i             4823004.026297122
0                         1.982746172810267E-7     -9.09640139686841E-9     -87465.1317862662-115106.23747313922i             4711896.619075317
0                         1.982746172810267E-7     9.09640139686841E-9      239220.8650047579+41783.54620506914i              4711542.082554994
0                         1.982746172810267E-7     2.7289204190605282E-8    680781.1051305933+53013.51197273441i              4854522.742703306
0                         1.982746172810267E-7     4.5482006984342155E-8    1049287.5488602675+228772.32558891905i            4955446.80071379
0                         1.982746172810267E-7     6.367480977807897E-8     1463511.5765320235+343172.2207668046i             5024034.710731455
0                         1.982746172810267E-7     8.18676125718158E-8      1801332.565528627+518247.8480396954i              5122534.03013157
0                         1.982746172810267E-7     1.0006041536555261E-7    2164927.252137811+812713.6953236524i              5464472.891282758
0                         1.982746172810267E-7     1.1825321815928954E-7    2511060.835269419+1154033.065924162i              5831609.4183171
0                         1.982746172810267E-7     1.3644602095302636E-7    2839733.314923446+1542205.9598412197i             6225614.817866075
0                         1.982746172810267E-7     1.5463882374676318E-7    3150944.6910998905+1977232.377074826i             6649290.215628117
0                         1.982746172810267E-7     1.728316265405001E-7     3851173.8853369122+1851446.3934946836i            7023907.1832854645
0                         1.982746172810267E-7     1.9102442933423692E-7    1865486.6172228577+1635295.6661823427i            2844125.2802655115
0                         1.982746172810267E-7     2.0921723212797374E-7    1815348.013013987+2227301.0379602825i             3418258.0164875225
0                         1.982746172810267E-7     2.2741003492171056E-7    1676558.3161881266+2797208.6691679657i            4108506.2432880867
0                         1.982746172810267E-7     2.456028377154475E-7     1451649.928959862+3345649.0153123615i             4855865.695905476
0                         1.982746172810267E-7     2.637956405091843E-7     1143059.8665363085+3873228.8081765906i            5634136.098361113
0                         1.982746172810267E-7     2.819884433029211E-7     753134.2047446014+4380532.16090794i               6433016.308176467
0                         1.982746172810267E-7     3.0018124609665805E-7    213221.6125047272+5444677.044565117i              7474671.948279144
0                         1.982746172810267E-7     3.1837404889039487E-7    -78701.7798352617+5008233.166106967i              7165279.670454732
0                         1.982746172810267E-7     3.365668516841317E-7     -654220.4702160143+5159238.138128786i             7440194.012820785
0                         1.982746172810267E-7     3.547596544778685E-7     -1170917.6778980892+5304989.519234652i            7735934.887687012
0                         1.982746172810267E-7     3.7295245727160544E-7    -1649902.6746601167+6554919.09152602i             8875613.482494354
0                         1.982746172810267E-7     3.9114526006534226E-7    -1885272.466509696+6518123.334593284i             8944107.581251038
0                         1.982746172810267E-7     4.093380628590791E-7     -1850718.0535598574+5651369.335737049i            8455973.668210788
0                         1.982746172810267E-7     4.27530865652816E-7      -2103351.674517644+5826848.234230267i             8588627.424866902
0                         1.982746172810267E-7     4.457236684465528E-7     -2012647.9070346693+5350507.1254045945i           8855629.106142063
0                         2.1479750205444557E-7    -4.457236684465528E-7    1928308.1574718496-5483533.321273724i             8027919.040052211
0                         2.1479750205444557E-7    -4.2753086565281595E-7   1569999.6554176772-5171524.491186901i             8661928.722616164
0                         2.1479750205444557E-7    -4.0933806285907913E-7   1628037.2606769144-5229148.636851595i             8862847.366771324
0                         2.1479750205444557E-7    -3.9114526006534226E-7   1344486.8255862307-5062577.154731519i             8685721.768500619
0                         2.1479750205444557E-7    -3.7295245727160544E-7   1012155.0375032122-4893229.461782032i             8484864.498146826
0                         2.1479750205444557E-7    -3.5475965447786856E-7   631041.896427859-4721105.558003135i               8267813.09048064
0                         2.1479750205444557E-7    -3.365668516841317E-7    201147.40236017184-4546205.443394828i             8044952.825926807
0                         2.1479750205444557E-7    -3.1837404889039487E-7   -220512.48009041557-4345407.1626257785i           7691411.68348636
0                         2.1479750205444557E-7    -3.0018124609665805E-7   -383217.40850093524-4216919.470127565i            6538956.670055442
0                         2.1479750205444557E-7    -2.819884433029212E-7    -805322.3370287773-3806490.497735453i             6086085.101550161
0                         2.1479750205444557E-7    -2.637956405091843E-7    -1186712.2617237654-3445428.6729104463i           5729532.583238792
0                         2.1479750205444557E-7    -2.456028377154475E-7    -1524296.4531818407-2879012.068001016i            5101234.2217749925
0                         2.1479750205444557E-7    -2.2741003492171061E-7   -1566948.0171015644-2118805.861549531i            4245804.350583655
0                         2.1479750205444557E-7    -2.0921723212797377E-7   -1529139.0108895982-1607041.771719375i            3434808.0877463697
0                         2.1479750205444557E-7    -1.9102442933423692E-7   -1401359.0599237964-1097629.6639571732i           2661769.5600577295
0                         2.1479750205444557E-7    -1.728316265405001E-7    -1178151.3726244518-590900.1623630079i            1983311.3923694196
0                         2.1479750205444557E-7    -1.5463882374676323E-7   -2837760.8774325834-1633668.3152671442i           6794371.477315239
0                         2.1479750205444557E-7    -1.3644602095302636E-7   -2632501.9839349273-1235125.7028090423i           6508326.784354287
0                         2.1479750205444557E-7    -1.1825321815928954E-7   -2421144.4745996-792243.1302605664i               6247855.148300251
0                         2.1479750205444557E-7    -1.0006041536555267E-7   -2037851.1369101754-623801.4979364204i            5843978.810531113
0                         2.1479750205444557E-7    -8.186761257181585E-8    -1565464.2048565124-489140.66541477403i           5629366.89177401
0                         2.1479750205444557E-7    -6.367480977807897E-8    -1211314.6075146832-407563.7096559896i            5539022.565484942
0                         2.1479750205444557E-7    -4.5482006984342155E-8   -857976.0576109036-286600.64618564583i            5316995.543308985
0                         2.1479750205444557E-7    -2.7289204190605282E-8   -496804.0223152321-199185.47539971868i            5217568.411471126
0                         2.1479750205444557E-7    -9.09640139686841E-9     -181429.77342951912-27197.100386349615i           5110546.817448501
0                         2.1479750205444557E-7    9.09640139686841E-9      246765.1322354636+30390.83839276372i              5089979.766025971
0                         2.1479750205444557E-7    2.7289204190605282E-8    575625.3097130938+175594.60830457002i             5207776.2730090665
0                         2.1479750205444557E-7    4.5482006984342155E-8    1044930.5577586103+198577.84865470263i            5358293.827574244
0                         2.1479750205444557E-7    6.367480977807897E-8     1493176.6953874999+265459.4367805645i             5394049.227134147
0                         2.1479750205444557E-7    8.18676125718158E-8      1776523.6295953675+540358.280619412i              5535479.406349393
0                         2.1479750205444557E-7    1.0006041536555261E-7    2153931.542026833+817129.4448108537i              5862341.654533398
0                         2.1479750205444557E-7    1.1825321815928954E-7    2513878.35098072+1140754.132318848i               6215699.968628821
0                         2.1479750205444557E-7    1.3644602095302636E-7    3061290.726131129+918751.201100186i               6486858.793390012
0                         2.1479750205444557E-7    1.5463882374676318E-7    3315475.2954950873+1552798.7132741113i            6887106.464494319
0                         2.1479750205444557E-7    1.728316265405001E-7     1071619.6467453646+614202.38581076i               2100663.5597780845
0                         2.1479750205444557E-7    1.9102442933423692E-7    1649238.944536321+764160.4725957299i              3024864.009129209
0                         2.1479750205444557E-7    2.0921723212797374E-7    1787211.4146907872+1256831.1542716885i            3753165.1432487364
0                         2.1479750205444557E-7    2.2741003492171056E-7    1867936.170290661+1763071.3136056627i             4484228.4730663
0                         2.1479750205444557E-7    2.456028377154475E-7     1891413.2113359398+2282880.950597653i             5210463.007532518
0                         2.1479750205444557E-7    2.637956405091843E-7     1857642.5378266238+2816260.0652476572i            5930354.821660095
0                         2.1479750205444557E-7    2.819884433029211E-7     1766624.1497627161+3363208.6575556756i            6645141.332064472
0                         2.1479750205444557E-7    3.0018124609665805E-7    773015.5974407005+4101220.8577089454i             7353401.751587871
0                         2.1479750205444557E-7    3.1837404889039487E-7    249446.38352305748+4346972.753071594i             7927382.463743131
0                         2.1479750205444557E-7    3.365668516841317E-7     -178331.4989282369+4567939.95340924i              8131951.52066952
0                         2.1479750205444557E-7    3.547596544778685E-7     -567516.1239275538+4780311.541319275i             8333017.3620799575
0                         2.1479750205444557E-7    3.7295245727160544E-7    -918107.4914748936+4984087.516801699i             8521219.032516822
0                         2.1479750205444557E-7    3.9114526006534226E-7    -1230105.6015702526+5179267.8798565045i           8689499.626804765
0                         2.1479750205444557E-7    4.093380628590791E-7     -1503510.4542136325+5365852.630483701i            8832739.067868892
0                         2.1479750205444557E-7    4.27530865652816E-7      -1597786.9262790997+5171572.731962435i            8657070.898440856
0                         2.1479750205444557E-7    4.457236684465528E-7     -1928308.1574718424+5483533.321273739i            8032138.650614754
0                         2.3132038682786447E-7    -4.457236684465528E-7    1481783.7025300045-5056908.536631839i             8087982.887978917
0                         2.3132038682786447E-7    -4.2753086565281595E-7   1310642.7934296601-4929241.906770727i             8120887.806328269
0                         2.3132038682786447E-7    -4.0933806285907913E-7   1119565.876193509-4796250.191936536i              8037905.555510541
0                         2.3132038682786447E-7    -3.9114526006534226E-7   1121229.0958481038-4799556.923054141i             8104661.676066003
0                         2.3132038682786447E-7    -3.7295245727160544E-7   838498.822788123-4650632.340134916i               7881842.051516285
0                         2.3132038682786447E-7    -3.5475965447786856E-7   506936.8632347109-4491985.130674362i              7646420.861260155
0                         2.3132038682786447E-7    -3.365668516841317E-7    -82298.49994215043-4177509.9664989854i            8211247.306800338
0                         2.3132038682786447E-7    -3.1837404889039487E-7   -306647.19501610345-4099918.9634947237i           7165878.062608739
0                         2.3132038682786447E-7    -3.0018124609665805E-7   -728854.8010521197-3681806.2084772703i            6734913.65422785
0                         2.3132038682786447E-7    -2.819884433029212E-7    -1123034.7552925115-3265720.852600503i            6316326.689437157
0                         2.3132038682786447E-7    -2.637956405091843E-7    -1489187.057737279-2851662.8958644224i            5915961.984689586
0                         2.3132038682786447E-7    -2.456028377154475E-7    -1488772.8715566297-2495937.440213127i            5678025.562484125
0                         2.3132038682786447E-7    -2.2741003492171061E-7   -1519189.2657920439-1802872.6166422027i           4797958.495650465
0                         2.3132038682786447E-7    -2.0921723212797377E-7   -1450907.605011995-1160675.4096141083i            3905443.593654027
0                         2.3132038682786447E-7    -1.9102442933423692E-7   -1319025.8870728665-566607.7222267858i            3100088.3124835147
0                         2.3132038682786447E-7    -1.728316265405001E-7    -1123435.7282824635-20761.434714328552i           2446359.1935136872
0                         2.3132038682786447E-7    -1.5463882374676323E-7   -2919676.7768799784-1408729.993561496i            7100312.7003355995
0                         2.3132038682786447E-7    -1.3644602095302636E-7   -2700859.5231230413-1027015.9316372019i           6865297.854937459
0                         2.3132038682786447E-7    -1.1825321815928954E-7   -2346010.861182122-733183.6947402367i             6568471.189323056
0                         2.3132038682786447E-7    -1.0006041536555267E-7   -1942967.7350034693-591465.2019516751i            6212172.557287252
0                         2.3132038682786447E-7    -8.186761257181585E-8    -1568391.0901356437-416680.19457051344i           5959122.331723922
0                         2.3132038682786447E-7    -6.367480977807897E-8    -1206566.2996043917-356431.78690636274i           5883659.114189205
0                         2.3132038682786447E-7    -4.5482006984342155E-8   -840184.3618842111-267743.6367260263i             5711800.441119378
0                         2.3132038682786447E-7    -2.7289204190605282E-8   -484407.13061079965-144584.50005159772i           5585211.394279337
0                         2.3132038682786447E-7    -9.09640139686841E-9     -135391.67536774703-75388.43834123618i            5536013.348597104
0                         2.3132038682786447E-7    9.09640139686841E-9      239640.6328010673+52212.88448233294i              5517615.609274348
0                         2.3132038682786447E-7    2.7289204190605282E-8    583840.1219978565+235554.82218222064i             5577433.070159615
0                         2.3132038682786447E-7    4.5482006984342155E-8    1040573.5666569533+168383.37172048612i            5783979.776131007
0                         2.3132038682786447E-7    6.367480977807897E-8     1522841.8142429758+187746.6527943248i             5780507.674685506
0                         2.3132038682786447E-7    8.18676125718158E-8      1751714.6936621093+562468.7131991289i             5976152.328835239
0                         2.3132038682786447E-7    1.0006041536555261E-7    2183796.6404174324+550664.9327975772i             6190151.969900993
0                         2.3132038682786447E-7    1.1825321815928954E-7    2623294.669330616+1103269.2789765694i             6631364.198580254
0                         2.3132038682786447E-7    1.3644602095302636E-7    2752424.973549596+1170799.9704895974i             6697433.698826027
0                         2.3132038682786447E-7    1.5463882374676318E-7    2963450.7119572903+1399965.1598378634i            6848526.826451015
0                         2.3132038682786447E-7    1.728316265405001E-7     979460.1943257884+413747.1734623788i              2398579.5733978427
0                         2.3132038682786447E-7    1.9102442933423692E-7    1547810.819513504+817532.3519687249i              3266126.0136835156
0                         2.3132038682786447E-7    2.0921723212797374E-7    1626724.0009600404+1380139.0534051496i            3898018.3516580537
0                         2.3132038682786447E-7    2.2741003492171056E-7    1647050.3029442637+1955230.6548338374i            4545549.277016231
0                         2.3132038682786447E-7    2.456028377154475E-7     1608789.7254661731+2542807.156254789i             5200344.325885386
0                         2.3132038682786447E-7    2.637956405091843E-7     1511942.2685257683+3142868.557667999i             5860102.586968628
0                         2.3132038682786447E-7    2.819884433029211E-7     1356507.9321230499+3755414.8590734717i            6525582.476459253
0                         2.3132038682786447E-7    3.0018124609665805E-7    656280.5210839468+4055142.235939345i              6686690.002098254
0                         2.3132038682786447E-7    3.1837404889039487E-7    507543.8540373724+4048904.849286414i              8320506.940671705
0                         2.3132038682786447E-7    3.365668516841317E-7     97587.99735245964+4272382.289330429i              8530088.811584616
0                         2.3132038682786447E-7    3.547596544778685E-7     -494863.2965322364+4766834.404116256i             7595124.631004765
0                         2.3132038682786447E-7    3.7295245727160544E-7    -794670.4247362891+4912156.578808893i             7878044.293749539
0                         2.3132038682786447E-7    3.9114526006534226E-7    -1053628.1073400115+5042373.050765882i            8150282.76025373
0                         2.3132038682786447E-7    4.093380628590791E-7     -1173287.898645533+4909020.518243124i             7985816.477724892
0                         2.3132038682786447E-7    4.27530865652816E-7      -1338392.715233871+4989379.842563094i             8060296.880821072
0                         2.3132038682786447E-7    4.457236684465528E-7     -1481783.702529994+5056908.5366318505i            8088651.9052393185
0                         2.4784327160128337E-7    -4.457236684465528E-7    1035259.2475881572-4630283.751989954i             8233881.014143503
0                         2.4784327160128337E-7    -4.2753086565281595E-7   885510.2691027684-4517370.403900183i              8283408.882542805
0                         2.4784327160128337E-7    -4.0933806285907913E-7   703935.3214317526-4382961.850548319i              8223037.293746345
0                         2.4784327160128337E-7    -3.9114526006534226E-7   498047.61757933244-4240799.976153071i             8123924.030977677
0                         2.4784327160128337E-7    -3.7295245727160544E-7   400806.2531421934-4127959.3922740854i             8040168.9713080805
0                         2.4784327160128337E-7    -3.5475965447786856E-7   92800.1043462865-3968147.6769641708i              7802761.73185313
0                         2.4784327160128337E-7    -3.365668516841317E-7    -264037.73094305245-3798613.3351129224i           7570761.632936257
0                         2.4784327160128337E-7    -3.1837404889039487E-7   -680209.5618547386-3570462.0853290837i            7407736.731047067
0                         2.4784327160128337E-7    -3.0018124609665805E-7   -1074492.193603304-3146692.9468269744i            7014503.274416378
0                         2.4784327160128337E-7    -2.819884433029212E-7    -1440747.1735562454-2724951.20746555i             6631351.430977052
0                         2.4784327160128337E-7    -2.637956405091843E-7    -1490495.1575649898-2417862.3503478784i           6319267.018565044
0                         2.4784327160128337E-7    -2.456028377154475E-7    -1641310.9100683574-2051611.7488862718i           6046787.468464114
0                         2.4784327160128337E-7    -2.2741003492171061E-7   -1534288.3383268141-1535075.9516777825i           5486277.176634905
0                         2.4784327160128337E-7    -2.0921723212797377E-7   -1444479.1618471118-898033.7598350415i            4574781.286410313
0                         2.4784327160128337E-7    -1.9102442933423692E-7   -1291034.869965615-309125.91596366913i            3756537.6846896918
0                         2.4784327160128337E-7    -1.728316265405001E-7    -933642.6115533278+149093.3890116907i             2990765.610964121
0                         2.4784327160128337E-7    -1.5463882374676323E-7   -650108.1318790347+737978.3016253781i             2713265.3794763647
0                         2.4784327160128337E-7    -1.3644602095302636E-7   -2663534.867499265-802145.5868990701i             7299388.052771308
0                         2.4784327160128337E-7    -1.1825321815928954E-7   -2272515.5807850556-679380.9852744472i            6922999.96511232
0                         2.4784327160128337E-7    -1.0006041536555267E-7   -1849374.438153952-566488.3593672516i             6608694.135297337
0                         2.4784327160128337E-7    -8.186761257181585E-8    -1572627.6697044177-380856.81450292084i           6418109.391630036
0                         2.4784327160128337E-7    -6.367480977807897E-8    -1201747.7297377137-305354.68865583366i           6257290.716832373
0                         2.4784327160128337E-7    -4.5482006984342155E-8   -822392.6661575191-248886.62726640818i            6140225.106218395
0                         2.4784327160128337E-7    -2.7289204190605282E-8   -454603.01265721815-148588.92410765906i           6021470.586900174
0                         2.4784327160128337E-7    -9.09640139686841E-9     -30290.856164086028-142309.66338943946i           5863003.9292932525
0                         2.4784327160128337E-7    9.09640139686841E-9      350942.6211065921-100798.68283404794i             5969638.36802565
0                         2.4784327160128337E-7    2.7289204190605282E-8    733236.8999331968-63249.78747749643i              6041788.436578196
0                         2.4784327160128337E-7    4.5482006984342155E-8    1111441.8919450946-14731.150005849646i            6140517.36861628
0                         2.4784327160128337E-7    6.367480977807897E-8     1195614.7242665815+715390.9776164851i             6244511.442368517
0                         2.4784327160128337E-7    8.18676125718158E-8      1869528.719667868+423456.2659615011i              6473797.907713848
0                         2.4784327160128337E-7    1.0006041536555261E-7    2179400.929728457+605245.7136703944i              6653442.250008689
0                         2.4784327160128337E-7    1.1825321815928954E-7    2462032.782480474+802524.698093721i               6812455.799794788
0                         2.4784327160128337E-7    1.3644602095302636E-7    2718603.860544965+1014532.9182431917i             6952873.985933924
0                         2.4784327160128337E-7    1.5463882374676318E-7    528632.1965777632-216745.9425665706i              2704684.189645886
0                         2.4784327160128337E-7    1.728316265405001E-7     1160270.6855596858+28741.69103607515i             3329078.2594571128
0                         2.4784327160128337E-7    1.9102442933423692E-7    1588935.6459143271+585051.8642596201i             3828656.3197908527
0                         2.4784327160128337E-7    2.0921723212797374E-7    1692401.2167351162+1146982.0044182139i            4471946.575470549
0                         2.4784327160128337E-7    2.2741003492171056E-7    1737279.9080935924+1721397.0445690698i            5134632.917242464
0                         2.4784327160128337E-7    2.456028377154475E-7     1723571.7199897547+2308296.9847121895i            5805812.560976975
0                         2.4784327160128337E-7    2.637956405091843E-7     1651276.6524236035+2907681.824847569i             6481180.480392259
0                         2.4784327160128337E-7    2.819884433029211E-7     1162971.3887614282+3265426.230789488i             6731041.886217889
0                         2.4784327160128337E-7    3.0018124609665805E-7    915919.4143430166+3581882.6454926524i             7009872.509573584
0                         2.4784327160128337E-7    3.1837404889039487E-7    598714.5965106591+3920373.364875873i              7379395.941639314
0                         2.4784327160128337E-7    3.365668516841317E-7     206316.1065057876+4137517.305229065i              7564089.695316867
0                         2.4784327160128337E-7    3.547596544778685E-7     -118605.52981567442+4301181.398115205i            7854115.918140548
0                         2.4784327160128337E-7    3.7295245727160544E-7    -402677.72053680755+4449739.7882657i              8147433.8872895185
0                         2.4784327160128337E-7    3.9114526006534226E-7    -645900.4656576097+4583192.475680551i             8434414.734795693
0                         2.4784327160128337E-7    4.093380628590791E-7     -740566.7132367933+4474511.565573266i             8169608.724136083
0                         2.4784327160128337E-7    4.27530865652816E-7      -898769.8950585779+4558812.973907219i             8224728.701730297
0                         2.4784327160128337E-7    4.457236684465528E-7     -1035259.2475881501+4630283.751989967i            8232508.0979790175
0                         2.6436615637470224E-7    -4.457236684465528E-7    588734.7926463122-4203658.967348069i              8422657.734739095
0                         2.6436615637470224E-7    -4.2753086565281595E-7   460377.7447758758-4105498.901029639i              8464100.306279365
0                         2.6436615637470224E-7    -4.0933806285907913E-7   288304.76666999864-3969673.5091601i               8423985.966273509
0                         2.6436615637470224E-7    -3.9114526006534226E-7   91919.03238271177-3826094.7962471787i             8346144.406242906
0                         2.6436615637470224E-7    -3.7295245727160544E-7   -128779.45808597212-3674762.762290883i            8234584.837475619
0                         2.6436615637470224E-7    -3.5475965447786856E-7   -321336.65454213554-3444310.223253977i            8021845.921434028
0                         2.6436615637470224E-7    -3.365668516841317E-7    -654618.6790739675-3273611.3755533732i            7787525.949753351
0                         2.6436615637470224E-7    -3.1837404889039487E-7   -1053771.928693373-3041005.2071634466i            7708834.938152413
0                         2.6436615637470224E-7    -3.0018124609665805E-7   -1420129.5861544881-2611579.6851766813i           7352190.7120875595
0                         2.6436615637470224E-7    -2.819884433029212E-7    -1416150.0595767607-2477677.847819901i            7073657.161978139
0                         2.6436615637470224E-7    -2.637956405091843E-7    -1583483.9304124021-2087887.0730401776i           6791762.5618066415
0                         2.6436615637470224E-7    -2.456028377154475E-7    -1648552.0866128313-1826362.899113364i            6683812.850471591
0                         2.6436615637470224E-7    -2.2741003492171061E-7   -1665852.356996356-1414518.098524725i             6285743.260686906
0                         2.6436615637470224E-7    -2.0921723212797377E-7   -1405851.6469257367-965225.2713495314i            5625782.000819306
0                         2.6436615637470224E-7    -1.9102442933423692E-7   -1094494.3441913093-566350.6900495955i            5013373.880685178
0                         2.6436615637470224E-7    -1.728316265405001E-7    -980277.4273890406+565643.0411147974i             3768941.3846992645
0                         2.6436615637470224E-7    -1.5463882374676323E-7   -525364.4843651317+1024195.1473838498i            3551729.476748282
0                         2.6436615637470224E-7    -1.3644602095302636E-7   -17249.051752305182+1414633.422542212i            3530867.661379303
0                         2.6436615637470224E-7    -1.1825321815928954E-7   -2200513.836709299-631700.2853623248i             7310536.659655352
0                         2.6436615637470224E-7    -1.0006041536555267E-7   -1837294.7898239696-496422.31139645784i           7028746.813949482
0                         2.6436615637470224E-7    -8.186761257181585E-8    -1543557.7519964129-352462.2356808057i            6830387.001086286
0                         2.6436615637470224E-7    -6.367480977807897E-8    -1196864.1685367976-254321.17432767886i           6662697.781525822
0                         2.6436615637470224E-7    -4.5482006984342155E-8   -804600.9704308272-230029.61780678993i            6605486.041355586
0                         2.6436615637470224E-7    -2.7289204190605282E-8   -424798.8947036363-152593.3481637204i             6495024.2780683935
0                         2.6436615637470224E-7    -9.09640139686841E-9     -41938.18487751391-115815.62561958237i            6325786.000935323
0                         2.6436615637470224E-7    9.09640139686841E-9      346639.6632775116-101572.51520801475i             6402454.483528981
0                         2.6436615637470224E-7    2.7289204190605282E-8    734966.378007213-83503.2227103954i                6470149.322931674
0                         2.6436615637470224E-7    4.5482006984342155E-8    928783.1295217599+209256.80263335607i             6619099.881641646
0                         2.6436615637470224E-7    6.367480977807897E-8     1425593.092341668+127237.50983192121i             6736647.464139088
0                         2.6436615637470224E-7    8.18676125718158E-8      1732458.3201317615+299829.7993028845i             6872890.553519141
0                         2.6436615637470224E-7    1.0006041536555261E-7    2083398.0831566893+470979.7161231616i             7023767.6520324005
0                         2.6436615637470224E-7    1.1825321815928954E-7    2400492.058822248+659455.751916057i               7156928.957239297
0                         2.6436615637470224E-7    1.3644602095302636E-7    42613.534482432355-870317.7619228438i             3387102.178845502
0                         2.6436615637470224E-7    1.5463882374676318E-7    646043.432282084-588751.816942011i                3509153.944775895
0                         2.6436615637470224E-7    1.728316265405001E-7     1207354.7839764531-251765.27303680056i            4016513.918101589
0                         2.6436615637470224E-7    1.9102442933423692E-7    1429770.8905034084+356098.6038291428i             4431210.6098459475
0                         2.6436615637470224E-7    2.0921723212797374E-7    1758078.432510192+913824.955431278i               5056049.766735339
0                         2.6436615637470224E-7    2.2741003492171056E-7    1827509.5132429206+1487563.4343043026i            5736179.016315557
0                         2.6436615637470224E-7    2.456028377154475E-7     1838353.714513336+2073786.813169592i              6427798.424342441
0                         2.6436615637470224E-7    2.637956405091843E-7     1581787.7993611963+2469091.1947386893i            6798722.480799373
0                         2.6436615637470224E-7    2.819884433029211E-7     1396990.7249788106+2783975.917173951i             7077660.681473791
0                         2.6436615637470224E-7    3.0018124609665805E-7    1175558.3076020856+3108623.055045962i             7352527.531736075
0                         2.6436615637470224E-7    3.1837404889039487E-7    905931.1681375618+3427674.2674845057i             7696062.612874395
0                         2.6436615637470224E-7    3.365668516841317E-7     566838.9357394294+3668628.0837701536i             7880794.189916537
0                         2.6436615637470224E-7    3.547596544778685E-7     257652.23690088693+3835528.392114152i             8174585.835394304
0                         2.6436615637470224E-7    3.7295245727160544E-7    -10685.016337327193+3987322.9977225102i           8476952.88246862
0                         2.6436615637470224E-7    3.9114526006534226E-7    -134830.15148060513+3938928.490304256i            8312542.063784651
0                         2.6436615637470224E-7    4.093380628590791E-7     -307845.5278280523+4040002.6129034064i            8393913.60707901
0                         2.6436615637470224E-7    4.27530865652816E-7      -459147.0748832855+4128246.105251347i             8430579.774256079
0                         2.6436615637470224E-7    4.457236684465528E-7     -588734.7926463055+4203658.967348079i             8420585.697813345
0                         2.808890411481211E-7     -4.457236684465528E-7    142210.33770446823-3777034.1827061814i            8625930.294758733
0                         2.808890411481211E-7     -4.2753086565281595E-7   35245.22044898209-3693627.398159097i              8639543.844687471
0                         2.808890411481211E-7     -4.0933806285907913E-7   -127325.7880917599-3556385.1677718842i            8617491.760388896
0                         2.808890411481211E-7     -3.9114526006534226E-7   -314209.552813906-3411389.6163412887i             8560234.355939532
0                         2.808890411481211E-7     -3.7295245727160544E-7   -525406.0737174547-3258640.7438673167i            8472011.095086023
0                         2.808890411481211E-7     -3.5475965447786856E-7   -760915.3508024097-3098138.550349964i             8359079.018299009
0                         2.808890411481211E-7     -3.365668516841317E-7    -1045199.6272048802-2748609.4159938204i           8053065.906892399
0                         2.808890411481211E-7     -3.1837404889039487E-7   -1441358.5006439274-2465451.7406049925i           8022519.500951217
0                         2.808890411481211E-7     -3.0018124609665805E-7   -1353414.7402171434-2573609.994475281i            7816941.353112677
0                         2.808890411481211E-7     -2.819884433029212E-7    -1537266.7293850589-2160279.0463774432i           7532680.521815595
0                         2.808890411481211E-7     -2.637956405091843E-7    -1637975.0948987487-1856918.867953708i            7373221.247324532
0                         2.808890411481211E-7     -2.456028377154475E-7    -1709655.5452067652-1430681.8360518583i           6980202.503063076
0                         2.808890411481211E-7     -2.2741003492171061E-7   -1739490.199902497-1022942.0523639247i            6605116.852082191
0                         2.808890411481211E-7     -2.0921723212797377E-7   -1514268.545149597-609320.4449509518i             6066064.450681012
0                         2.808890411481211E-7     -1.9102442933423692E-7   -1362626.6648431686-9948.88037252269i             5674354.679401086
0                         2.808890411481211E-7     -1.728316265405001E-7    -922626.2807755466+498024.1810618633i             4582773.732350178
0                         2.808890411481211E-7     -1.5463882374676323E-7   -442698.73289744183+955443.4856487834i            4346632.112409009
0                         2.808890411481211E-7     -1.3644602095302636E-7   94599.60112547246+1342184.1945470246i             4288772.228363497
0                         2.808890411481211E-7     -1.1825321815928954E-7   -2129846.4497029455-591022.9199634402i            7731595.039602221
0                         2.808890411481211E-7     -1.0006041536555267E-7   -1821429.1117942426-441795.4933029536i            7465310.208509412
0                         2.808890411481211E-7     -8.186761257181585E-8    -1514891.922869026-323384.2230402803i             7285681.91363415
0                         2.808890411481211E-7     -6.367480977807897E-8    -1191920.7681849734-203320.26429475815i           7102488.334251813
0                         2.808890411481211E-7     -4.5482006984342155E-8   -786809.274704135-211172.60834717116i             7110424.696489327
0                         2.808890411481211E-7     -2.7289204190605282E-8   -438182.5834592498-124701.7851753254i             6995537.650227103
0                         2.808890411481211E-7     -9.09640139686841E-9     -56111.73199907108-89966.29510556976i             6839801.929849022
0                         2.808890411481211E-7     9.09640139686841E-9      342336.7054484306-102346.34758198075i             6871564.483577078
0                         2.808890411481211E-7     2.7289204190605282E-8    612523.2277156827+87563.32980359858i              7001299.255016468
0                         2.808890411481211E-7     4.5482006984342155E-8    1030922.9204980509+58493.432898254636i            7042892.945043218
0                         2.808890411481211E-7     6.367480977807897E-8     1389102.967982644+138372.03328814468i             7194247.89335212
0                         2.808890411481211E-7     8.18676125718158E-8      1684163.9089280523+244341.56503197248i            7294924.765184556
0                         2.808890411481211E-7     1.0006041536555261E-7    1976176.4013767783+359617.9245821899i             7463914.708909215
0                         2.808890411481211E-7     1.1825321815928954E-7    2335056.0574971745+533391.9744027704i             7566600.276425216
0                         2.808890411481211E-7     1.3644602095302636E-7    181042.93586696143-1293818.7246374162i            4260535.784428105
0                         2.808890411481211E-7     1.5463882374676318E-7    788339.5278232323-975514.790211672i               4372277.263234877
0                         2.808890411481211E-7     1.728316265405001E-7     1263190.592790416-532858.4924060996i              4717011.948086301
0                         2.808890411481211E-7     1.9102442933423692E-7    1504531.401857628+93814.64393101563i              5074102.971641757
0                         2.808890411481211E-7     2.0921723212797374E-7    1823755.6482852676+680667.9064443433i             5624632.721254618
0                         2.808890411481211E-7     2.2741003492171056E-7    1917739.118392249+1253729.8240395363i             6322673.855648693
0                         2.808890411481211E-7     2.456028377154475E-7     1912729.7528832583+1666137.1277869493i            6824553.310773179
0                         2.808890411481211E-7     2.637956405091843E-7     1790187.5785368946+1979450.1579543052i            7117244.349197403
0                         2.808890411481211E-7     2.819884433029211E-7     1631010.0611961938+2302525.6035584123i            7403491.0234465245
0                         2.808890411481211E-7     3.0018124609665805E-7    1435197.200861155+2635363.4645992704i             7680049.142991269
0                         2.808890411481211E-7     3.1837404889039487E-7    1193899.7684587021+2967068.1117785373i            7995275.020270543
0                         2.808890411481211E-7     3.365668516841317E-7     895141.4361813986+3247849.719219767i              8121814.270332832
0                         2.808890411481211E-7     3.547596544778685E-7     633910.0036174486+3369875.386113101i              8526316.413296763
0                         2.808890411481211E-7     3.7295245727160544E-7    478816.9700346929+3382630.616756059i              8467621.00384667
0                         2.808890411481211E-7     3.9114526006534226E-7    290989.3991615834+3500477.453620407i              8567849.150917899
0                         2.808890411481211E-7     4.093380628590791E-7     124875.65758068895+3605493.6602335433i            8629612.89951026
0                         2.808890411481211E-7     4.27530865652816E-7      -19524.2547079926+3697679.2365954723i             8649133.35172538
0                         2.808890411481211E-7     4.457236684465528E-7     -142210.33770446043+3777034.182706192i            8624300.515985895
0                         2.9741192592154004E-7    -4.457236684465528E-7    -304314.11723737954-3350409.398064298i            8829487.401188219
0                         2.9741192592154004E-7    -4.2753086565281595E-7   -389887.3038779121-3281755.895288555i             8800773.274965646
0                         2.9741192592154004E-7    -4.0933806285907913E-7   -542956.3428535159-3143096.826383666i             8794937.973056752
0                         2.9741192592154004E-7    -3.9114526006534226E-7   -485385.0994496648-3262420.446694488i             8710644.34640293
0                         2.9741192592154004E-7    -3.7295245727160544E-7   -697994.0292721284-3132673.068425204i             8662853.183700893
0                         2.9741192592154004E-7    -3.5475965447786856E-7   -925164.994446578-2995398.908356076i              8587775.359669117
0                         2.9741192592154004E-7    -3.365668516841317E-7    -1166897.9949730202-2850597.966487105i            8492767.342562657
0                         2.9741192592154004E-7    -3.1837404889039487E-7   -1462752.8639637919-2503089.0716955946i           8374452.503512119
0                         2.9741192592154004E-7    -3.0018124609665805E-7   -1753346.4408300926-2175189.746661226i            8319041.314941526
0                         2.9741192592154004E-7    -2.819884433029212E-7    -1639426.3211796843-1916214.0494220227i           8029446.717058883
0                         2.9741192592154004E-7    -2.637956405091843E-7    -1726015.560296335-1466358.7870992273i            7607495.704166123
0                         2.9741192592154004E-7    -2.456028377154475E-7    -1770759.003800699-1035000.7729903499i            7198088.563969782
0                         2.9741192592154004E-7    -2.2741003492171061E-7   -1773656.6516927814-622140.0070953912i            6806256.347894329
0                         2.9741192592154004E-7    -2.0921723212797377E-7   -2026346.5442988793-161257.6386226368i            6431913.38440511
0                         2.9741192592154004E-7    -1.9102442933423692E-7   -1449550.168337176+78990.38258181987i             6154088.514068546
0                         2.9741192592154004E-7    -1.728316265405001E-7    -830367.82039023+263516.7973473539i               5923595.471720916
0                         2.9741192592154004E-7    -1.5463882374676323E-7   -365288.398357064+848053.0699519616i              5149031.984991886
0                         2.9741192592154004E-7    -1.3644602095302636E-7   -372370.0440068737+1612119.367467392i             5183073.205395185
0                         2.9741192592154004E-7    -1.1825321815928954E-7   -68589.86266222238+1841637.172636334i             5100334.981760135
0                         2.9741192592154004E-7    -1.0006041536555267E-7   313891.0894773718+2018816.4251027186i             5644785.478510848
0                         2.9741192592154004E-7    -8.186761257181585E-8    -1486654.5266851464-293594.3807896937i            7787442.55188595
0                         2.9741192592154004E-7    -6.367480977807897E-8    -1186922.5653315715-152341.2334031521i            7579012.745779927
0                         2.9741192592154004E-7    -4.5482006984342155E-8   -772185.8156445386-186581.19915657013i            7613094.714040547
0                         2.9741192592154004E-7    -2.7289204190605282E-8   -455444.9374894215-86392.59734687064i             7529302.675320241
0                         2.9741192592154004E-7    -9.09640139686841E-9     -66447.12573124678-71260.52462060191i             7352454.708937549
0                         2.9741192592154004E-7    9.09640139686841E-9      278516.2511576674+19364.708323877217i             7446206.952377284
0                         2.9741192592154004E-7    2.7289204190605282E-8    649130.2482359546+13695.917802132666i             7484414.053906718
0                         2.9741192592154004E-7    4.5482006984342155E-8    987246.1506898303+108279.83805746699i             7617171.591895707
0                         2.9741192592154004E-7    6.367480977807897E-8     1353145.0961641273+148545.24360254742i            7705617.815283107
0                         2.9741192592154004E-7    8.18676125718158E-8      1659636.6101074126+225386.51114761876i            7768591.200985394
0                         2.9741192592154004E-7    1.0006041536555261E-7    -299299.2793669051-1839006.6673034257i            5689222.11215547
0                         2.9741192592154004E-7    1.1825321815928954E-7    366662.28182757134-1527702.606555111i             4974601.741514233
0                         2.9741192592154004E-7    1.3644602095302636E-7    347168.50250651885-1734995.6624710592i            5155886.745940926
0                         2.9741192592154004E-7    1.5463882374676318E-7    956524.3519080356-1377788.5547798174i             5248105.362483024
0                         2.9741192592154004E-7    1.728316265405001E-7     1327862.9886021977-813865.9095073094i             5415586.241485385
0                         2.9741192592154004E-7    1.9102442933423692E-7    1589155.4550645284-168364.20694787864i            5715306.842542764
0                         2.9741192592154004E-7    2.0921723212797374E-7    1790729.117818595+500211.07869793347i             6116618.6409045905
0                         2.9741192592154004E-7    2.2741003492171056E-7    2007968.7235415794+1019896.213774768i             6882876.580346674
0                         2.9741192592154004E-7    2.456028377154475E-7     2095509.9750172696+1168305.3678337163i            7093183.486627658
0                         2.9741192592154004E-7    2.637956405091843E-7     1998587.3577125925+1489809.1211699243i            7397292.029409863
0                         2.9741192592154004E-7    2.819884433029211E-7     1865029.3974135784+1821075.2899428764i            7692370.415018338
0                         2.9741192592154004E-7    3.0018124609665805E-7    1694836.094120225+2162103.874152577i              7974323.220579081
0                         2.9741192592154004E-7    3.1837404889039487E-7    1481868.368779843+2506461.956072565i              8283344.533357634
0                         2.9741192592154004E-7    3.365668516841317E-7     1217007.2960776265+2813738.2358267354i            8420490.717632532
0                         2.9741192592154004E-7    3.547596544778685E-7     1100374.6513091025+2805617.9449286778i            8638163.05846729
0                         2.9741192592154004E-7    3.7295245727160544E-7    897734.8859103303+2940237.496058223i              8743439.436557526
0                         2.9741192592154004E-7    3.9114526006534226E-7    716808.9498037733+3062026.4169365596i             8820081.446136445
0                         2.9741192592154004E-7    4.093380628590791E-7     557596.8429894301+3170984.7075636867i             8862260.37577498
0                         2.9741192592154004E-7    4.27530865652816E-7      420098.56546730024+3267112.367939602i             8866057.616748443
0                         2.9741192592154004E-7    4.457236684465528E-7     304314.11723738554+3350409.398064304i             8829261.629543431
0                         3.139348106949589E-7     -4.457236684465528E-7    -589284.3106683285-3106829.1123879817i            9087901.189687613
0                         3.139348106949589E-7     -4.2753086565281595E-7   -513158.24313139985-3071023.990764648i            9107550.13857987
0                         3.139348106949589E-7     -4.0933806285907913E-7   -862899.6976259099-2625012.883931553i             8665214.51677084
0                         3.139348106949589E-7     -3.9114526006534226E-7   -990687.4045621608-2540853.395627727i             8670857.415436657
0                         3.139348106949589E-7     -3.7295245727160544E-7   -1114158.2414987963-2437277.134197521i            8640531.801175188
0                         3.139348106949589E-7     -3.5475965447786856E-7   -1233312.2084358092-2314284.099640927i            8578044.282472758
0                         3.139348106949589E-7     -3.365668516841317E-7    -1348149.3053732028-2171874.291957948i            8488707.802674647
0                         3.139348106949589E-7     -3.1837404889039487E-7   -1507390.3867334153-1999443.7969930656i           8314008.928507956
0                         3.139348106949589E-7     -3.0018124609665805E-7   -1769499.4960029225-1747093.953184717i            8035634.741931014
0                         3.139348106949589E-7     -2.819884433029212E-7    -1859176.144466923-1543510.1715112554i            7826050.832332393
0                         3.139348106949589E-7     -2.637956405091843E-7    -1998019.833703833-772909.9761507816i             7933174.23642703
0                         3.139348106949589E-7     -2.456028377154475E-7    -1944344.2745404702-462102.5035144093i            7491567.772020644
0                         3.139348106949589E-7     -2.2741003492171061E-7   -1853724.7765215903-163676.9439469336i            7056490.538514889
0                         3.139348106949589E-7     -2.0921723212797377E-7   -1657197.337366898+138884.80133175576i            6769393.589891772
0                         3.139348106949589E-7     -1.9102442933423692E-7   -1366030.3965450304+425312.6863041031i            6575196.3365486935
0                         3.139348106949589E-7     -1.728316265405001E-7    -957495.3463151561+633861.8383551963i             6369548.065405259
0                         3.139348106949589E-7     -1.5463882374676323E-7   -654122.364306079+988575.4859174532i              5875811.657778472
0                         3.139348106949589E-7     -1.3644602095302636E-7   -386169.85480709025+1335340.0225111747i           5668915.239761797
0                         3.139348106949589E-7     -1.1825321815928954E-7   -82986.59309418712+1604513.2381487298i            5558176.71777809
0                         3.139348106949589E-7     -1.0006041536555267E-7   259468.4827168585+1834380.298451908i              6138024.149898101
0                         3.139348106949589E-7     -8.186761257181585E-8    519574.3386574049+1955916.4586734935i             6701206.715181876
0                         3.139348106949589E-7     -6.367480977807897E-8    -1181874.4839145362-101373.60468049887i           8094314.657626607
0                         3.139348106949589E-7     -4.5482006984342155E-8   -848924.7262536994-20360.41812202983i             8284931.006235966
0                         3.139348106949589E-7     -2.7289204190605282E-8   -472777.0136242736-46661.60814276256i             8115053.509895702
0                         3.139348106949589E-7     -9.09640139686841E-9     -73237.80015228456+4660.938194191083i             7960462.262495279
0                         3.139348106949589E-7     9.09640139686841E-9      248065.4343117536+49563.69942250766i              8053051.909712214
0                         3.139348106949589E-7     2.7289204190605282E-8    600191.4610911125+88868.27243464976i              8091534.868919201
0                         3.139348106949589E-7     4.5482006984342155E-8    942528.585545986+157538.99719843979i              8250315.979812769
0                         3.139348106949589E-7     6.367480977807897E-8     1317713.622108737+157764.08627268203i             8272020.483665749
0                         3.139348106949589E-7     8.18676125718158E-8      -490701.24658060307-1811625.1960150716i           6665800.90422655
0                         3.139348106949589E-7     1.0006041536555261E-7    -211174.24544305808-1757850.9463458203i           6160286.2668002555
0                         3.139348106949589E-7     1.1825321815928954E-7    286026.1576238987-1458658.7142473296i             5460746.834868974
0                         3.139348106949589E-7     1.3644602095302636E-7    641456.9371547458-1229091.6982455621i             5536235.707391928
0                         3.139348106949589E-7     1.5463882374676318E-7    986578.629940211-930598.7687717872i               5714075.241353737
0                         3.139348106949589E-7     1.728316265405001E-7     1298381.8718408104-568324.3418262603i             5931643.133100935
0                         3.139348106949589E-7     1.9102442933423692E-7    1499348.4323693637-139751.84847885615i            6258153.247626584
0                         3.139348106949589E-7     2.0921723212797374E-7    1657263.9555323846+339269.2374665055i             6635644.832784324
0                         3.139348106949589E-7     2.2741003492171056E-7    1854410.8098602125+875358.3550370353i             6989020.898632115
0                         3.139348106949589E-7     2.456028377154475E-7     1915961.505112672+1133636.3706802665i             7343419.3910210915
0                         3.139348106949589E-7     2.637956405091843E-7     1939658.0859933323+1395375.583400425i             7683747.265338452
0                         3.139348106949589E-7     2.819884433029211E-7     1925500.5525021972+1660575.9931975156i            8000886.873752908
0                         3.139348106949589E-7     3.0018124609665805E-7    1873488.9046392632+1929237.6000715317i            8288768.4961044965
0                         3.139348106949589E-7     3.1837404889039487E-7    1722231.6790433996+2239653.845822467i             8451265.198896058
0                         3.139348106949589E-7     3.365668516841317E-7     1442629.7635188075+2443538.925083422i             8648702.747026633
0                         3.139348106949589E-7     3.547596544778685E-7     1291842.3254379453+2530484.3975481237i            8770567.577786611
0                         3.139348106949589E-7     3.7295245727160544E-7    1183868.4676425352+2627874.5615739813i            8817116.010815954
0                         3.139348106949589E-7     3.9114526006534226E-7    1072186.6581216704+2701889.4708874864i            8830120.899937881
0                         3.139348106949589E-7     4.093380628590791E-7     956796.8968753521+2752529.1254886417i             8806103.691399205
0                         3.139348106949589E-7     4.27530865652816E-7      1003047.1756320638+3126778.6284966823i            9079980.259735703
0                         3.139348106949589E-7     4.457236684465528E-7     589284.3106683275+3106829.1123879896i             9087794.21838382
0                         3.304576954683778E-7     -4.457236684465528E-7    -1000985.0259949594-2704455.5152730616i           9260706.479959346
0                         3.304576954683778E-7     -4.2753086565281595E-7   -1060699.6019383757-2563761.163033222i            8886623.632560948
0                         3.304576954683778E-7     -4.0933806285907913E-7   -1135009.5193648827-2593402.5422859257i           8861463.632074837
0                         3.304576954683778E-7     -3.9114526006534226E-7   -1132137.8582371506-2365344.802224977i            8820059.65401196
0                         3.304576954683778E-7     -3.7295245727160544E-7   -1239447.8939771925-2257674.71945736i             8784117.85769826
0                         3.304576954683778E-7     -3.5475965447786856E-7   -1342441.059717616-2130587.8635633513i            8718338.705113199
0                         3.304576954683778E-7     -3.365668516841317E-7    -1441117.3554584193-1984084.234542962i            8627942.161836898
0                         3.304576954683778E-7     -3.1837404889039487E-7   -1554789.705250003-1784504.542169291i             8489013.560615515
0                         3.304576954683778E-7     -3.0018124609665805E-7   -1720034.8622945594-1612620.6335113486i           8225937.389598037
0                         3.304576954683778E-7     -2.819884433029212E-7    -1798878.9195169127-1399264.3462376327i           8008095.07134338
0                         3.304576954683778E-7     -2.637956405091843E-7    -1842547.6339441766-1182416.5644131359i           7769572.686095719
0                         3.304576954683778E-7     -2.456028377154475E-7    -1990757.9639558261-497254.74645892484i           7867656.205277383
0                         3.304576954683778E-7     -2.2741003492171061E-7   -1879631.8878782266-184584.46709670848i           7388903.392871267
0                         3.304576954683778E-7     -2.0921723212797377E-7   -1665149.1959788618+133935.864046919i             7131977.011426475
0                         3.304576954683778E-7     -1.9102442933423692E-7   -1355205.8415227742+441427.2595735168i            6927067.074241945
0                         3.304576954683778E-7     -1.728316265405001E-7    -1014996.6593177976+572590.3864482613i            6571669.897041155
0                         3.304576954683778E-7     -1.5463882374676323E-7   -755782.6070183718+749238.9465349077i             6430109.127236542
0                         3.304576954683778E-7     -1.3644602095302636E-7   -399969.1741421148+1058582.0880522702i            6119672.463880529
0                         3.304576954683778E-7     -1.1825321815928954E-7   -30624.996112680863+1371904.3175822669i           6128144.623071241
0                         3.304576954683778E-7     -1.0006041536555267E-7   203083.33977077005+1639024.7833599737i            6585078.253999511
0                         3.304576954683778E-7     -8.186761257181585E-8    456414.48377515987+1801414.7720205241i            7157382.916923624
0                         3.304576954683778E-7     -6.367480977807897E-8    764256.9678967193+1512738.7468114858i             7595533.660194465
0                         3.304576954683778E-7     -4.5482006984342155E-8   586684.6100967142+1501059.516790608i              8235123.816620222
0                         3.304576954683778E-7     -2.7289204190605282E-8   -391621.6997412377-108020.54859428041i            8759972.04390167
0                         3.304576954683778E-7     -9.09640139686841E-9     -107864.81151152898-34714.289447680996i           8745508.0356534
0                         3.304576954683778E-7     9.09640139686841E-9      215051.26620066888+155652.80950800702i            8760047.32976153
0                         3.304576954683778E-7     2.7289204190605282E-8    550160.4011713347+164031.69956937153i             8757071.14488113
0                         3.304576954683778E-7     4.5482006984342155E-8    -482692.0803629432-1571542.0434855954i            8188097.558723779
0                         3.304576954683778E-7     6.367480977807897E-8     -725768.4404046689-1754385.751355588i             7719956.008326293
0                         3.304576954683778E-7     8.18676125718158E-8      -386207.5556526208-1764496.6157004344i            7112847.207153859
0                         3.304576954683778E-7     1.0006041536555261E-7    -112459.78566364374-1661647.7558684328i           6587319.796919107
0                         3.304576954683778E-7     1.1825321815928954E-7    143911.46905095654-1477617.5783028384i            6151305.382036682
0                         3.304576954683778E-7     1.3644602095302636E-7    559552.5991540836-1117729.5869125212i             5959627.41539672
0                         3.304576954683778E-7     1.5463882374676318E-7    903407.6193808166-776924.1131248306i              6146136.602675829
0                         3.304576954683778E-7     1.728316265405001E-7     1248897.3482682277-377830.78252526716i            6370021.545188832
0                         3.304576954683778E-7     1.9102442933423692E-7    1450691.7094566976+84359.36858891824i             6710261.004577673
0                         3.304576954683778E-7     2.0921723212797374E-7    1713202.3175523928+481049.3393890951i             7036645.421806992
0                         3.304576954683778E-7     2.2741003492171056E-7    1810331.5497036397+669323.6551908527i             7263986.28415288
0                         3.304576954683778E-7     2.456028377154475E-7     1878388.1044040853+975351.999709018i              7533240.036137436
0                         3.304576954683778E-7     2.637956405091843E-7     1921666.08074661+1252879.5654924214i              7884214.676668423
0                         3.304576954683778E-7     2.819884433029211E-7     1927089.9427173382+1533868.328352753i             8212199.0459345095
0                         3.304576954683778E-7     3.0018124609665805E-7    1794749.9806513346+1839468.238731714i             8398318.294485291
0                         3.304576954683778E-7     3.1837404889039487E-7    1660690.8914341761+1977392.5541772796i            8617566.288466929
0                         3.304576954683778E-7     3.365668516841317E-7     1489842.1969233868+2127366.4815491843i            8785132.310935188
0                         3.304576954683778E-7     3.547596544778685E-7     1371395.517390403+2261339.5785054504i             8871638.872742776
0                         3.304576954683778E-7     3.7295245727160544E-7    1275023.579093473+2365544.32424035i               8917130.316051478
0                         3.304576954683778E-7     3.9114526006534226E-7    1174943.68907109+2446373.8152628997i              8932203.32472363
0                         3.304576954683778E-7     4.093380628590791E-7     1123088.6774116463+2632082.016278302i             8909144.554328954
0                         3.304576954683778E-7     4.27530865652816E-7      1035045.2541924838+2604157.745397899i             8898373.627388244
0                         3.304576954683778E-7     4.457236684465528E-7     1000985.0259949617+2704455.5152730686i            9256408.724332724
0                         3.469805802417967E-7     -4.457236684465528E-7    -1043571.89187685-2244145.124961876i              9335885.60844056
0                         3.469805802417967E-7     -4.2753086565281595E-7   -1161550.2600387225-2173167.2496346664i           8976358.992663236
0                         3.469805802417967E-7     -4.0933806285907913E-7   -1229665.076145947-2207415.552151122i             8940951.913271952
0                         3.469805802417967E-7     -3.9114526006534226E-7   -1290929.965987902-2211081.5836850554i            8866577.10372427
0                         3.469805802417967E-7     -3.7295245727160544E-7   -1364737.546455591-2078072.3047171899i            8809334.860664377
0                         3.469805802417967E-7     -3.5475965447786856E-7   -1451569.9109994217-1946891.6274857777i           8736394.689813443
0                         3.469805802417967E-7     -3.365668516841317E-7    -1534085.4055436351-1796294.1771279746i           8642428.11426159
0                         3.469805802417967E-7     -3.1837404889039487E-7   -1602189.0237665896-1569565.2873455205i           8537281.459637415
0                         3.469805802417967E-7     -3.0018124609665805E-7   -1664460.58507513-1380458.820671416i              8234725.686128147
0                         3.469805802417967E-7     -2.819884433029212E-7    -1738581.6945669018-1255018.52096401i             8113812.599520955
0                         3.469805802417967E-7     -2.637956405091843E-7    -1771417.8177525203-1028398.2335392605i           7863037.2509772265
0                         3.469805802417967E-7     -2.456028377154475E-7    -1769078.5981430481-798286.4515637301i            7596845.6206480805
0                         3.469805802417967E-7     -2.2741003492171061E-7   -1905538.999234863-205491.990246483i              7621704.367111435
0                         3.469805802417967E-7     -2.0921723212797377E-7   -1673101.0545908245+128986.92676208146i           7386951.576754111
0                         3.469805802417967E-7     -1.9102442933423692E-7   -1329426.7374426965+248412.573743082i             6843268.007912491
0                         3.469805802417967E-7     -1.728316265405001E-7    -1072497.9723204393+511318.9345413257i            6654912.242616886
0                         3.469805802417967E-7     -1.5463882374676323E-7   -801186.8461090449+724499.3144733729i             6525401.343860886
0                         3.469805802417967E-7     -1.3644602095302636E-7   -515493.3588085156+887953.7135392227i             6463890.434655865
0                         3.469805802417967E-7     -1.1825321815928954E-7   -82835.17256426741+1130406.5442484496i            6493557.237964099
0                         3.469805802417967E-7     -1.0006041536555267E-7   158472.92218100437+1310408.4627696117i            6869031.506765975
0                         3.469805802417967E-7     -8.186761257181585E-8    333849.0688249368+1427890.2045672964i             7284829.2871958325
0                         3.469805802417967E-7     -6.367480977807897E-8    303383.22322576155+1541142.7188073248i            7928877.658378684
0                         3.469805802417967E-7     -4.5482006984342155E-8   363237.2648661869+1235169.9527778288i             8103618.6829722095
0                         3.469805802417967E-7     -2.7289204190605282E-8   295687.52947234636+765823.6746732628i             8510496.419946399
0                         3.469805802417967E-7     -9.09640139686841E-9     102410.80550376509+269832.711133108i              8809320.712102426
0                         3.469805802417967E-7     9.09640139686841E-9      -108886.3888203899-316523.30688497983i            8794883.195230829
0                         3.469805802417967E-7     2.7289204190605282E-8    -212742.95324663035-831200.615489615i             8516846.63735903
0                         3.469805802417967E-7     4.5482006984342155E-8    -291221.1727523873-1242351.3366076748i            8202829.579208053
0                         3.469805802417967E-7     6.367480977807897E-8     -173332.673345475-1505706.791625266i              7758554.28326185
0                         3.469805802417967E-7     8.18676125718158E-8      -207905.1865545821-1462086.4782011718i            7314144.813746003
0                         3.469805802417967E-7     1.0006041536555261E-7    -967.0831186170108-1547833.5958211578i            6935332.39422918
0                         3.469805802417967E-7     1.1825321815928954E-7    248171.74033211567-1318439.509689569i             6489432.339230821
0                         3.469805802417967E-7     1.3644602095302636E-7    477646.7444339005-1006363.6025533511i             6296813.3272656305
0                         3.469805802417967E-7     1.5463882374676318E-7    820235.0653746076-623244.6918803435i              6488874.133284514
0                         3.469805802417967E-7     1.728316265405001E-7     1199412.8246956451-187337.22322427446i            6728385.133347448
0                         3.469805802417967E-7     1.9102442933423692E-7    1402034.98654403+308470.58565669373i              7080786.721838919
0                         3.469805802417967E-7     2.0921723212797374E-7    1650418.9664719242+372773.0216072777i             7114806.974495498
0                         3.469805802417967E-7     2.2741003492171056E-7    1760977.879245874+586587.2053675465i              7335484.93732435
0                         3.469805802417967E-7     2.456028377154475E-7     1840814.7036954982+817067.6287377672i             7599224.514567899
0                         3.469805802417967E-7     2.637956405091843E-7     1903674.0754998873+1110383.5475844154i            7959108.32073686
0                         3.469805802417967E-7     2.819884433029211E-7     1928679.3329324774+1407160.6635079924i            8298039.398628365
0                         3.469805802417967E-7     3.0018124609665805E-7    1723357.5330824007+1570570.3190774824i            8466122.398529798
0                         3.469805802417967E-7     3.1837404889039487E-7    1635072.0057328697+1643312.9178272719i            8590628.57019513
0                         3.469805802417967E-7     3.365668516841317E-7     1537054.6303279686+1811194.03801494i              8804156.27189286
0                         3.469805802417967E-7     3.547596544778685E-7     1450948.7093428592+1992194.7594627757i            8845134.121355025
0                         3.469805802417967E-7     3.7295245727160544E-7    1366178.6905444125+2103214.08690672i              8892585.42241836
0                         3.469805802417967E-7     3.9114526006534226E-7    1262744.639845076+2220601.513335225i              8899123.080184124
0                         3.469805802417967E-7     4.093380628590791E-7     1172473.268013428+2223415.81064039i               8941428.52252866
0                         3.469805802417967E-7     4.27530865652816E-7      1173203.3307687026+2190157.499303514i             8976912.324418709
0                         3.469805802417967E-7     4.457236684465528E-7     1043571.8918768514+2244145.124961888i             9332458.523128323
0                         3.635034650152156E-7     -4.457236684465528E-7    -1246222.8482145735-2060557.6716742213i           9818680.839010516
0                         3.635034650152156E-7     -4.2753086565281595E-7   -1262400.9181390693-1782573.3362361114i           8970336.43996486
0                         3.635034650152156E-7     -4.0933806285907913E-7   -1324320.6329270103-1821428.562016319i            8922866.815746015
0                         3.635034650152156E-7     -3.9114526006534226E-7   -1379390.4214496817-1829701.516814006i            8840756.43415936
0                         3.635034650152156E-7     -3.7295245727160544E-7   -1427610.2837070858-1807392.200629169i            8726293.300268698
0                         3.635034650152156E-7     -3.5475965447786856E-7   -1560698.7622812297-1763195.3914082i              8634475.540092707
0                         3.635034650152156E-7     -3.365668516841317E-7    -1627053.4556288503-1608504.1197129872i           8535696.81497762
0                         3.635034650152156E-7     -3.1837404889039487E-7   -1649588.342283177-1354626.0325217478i            8457654.99966678
0                         3.635034650152156E-7     -3.0018124609665805E-7   -1695026.8184538705-1162419.17271333i             8185914.3845994575
0                         3.635034650152156E-7     -2.819884433029212E-7    -1712928.610060739-983372.4266664066i             7953738.113917207
0                         3.635034650152156E-7     -2.637956405091843E-7    -1700288.001560863-874379.9026653854i             7868449.0764401825
0                         3.635034650152156E-7     -2.456028377154475E-7    -1687116.190709744-634495.6150896023i             7589723.642723312
0                         3.635034650152156E-7     -2.2741003492171061E-7   -1638769.037063537-391119.83296303754i            7304982.565913091
0                         3.635034650152156E-7     -2.0921723212797377E-7   -1653668.602302397-198554.8595190958i             7038855.365852711
0                         3.635034650152156E-7     -1.9102442933423692E-7   -1399025.1243573057+150609.3019907471i            6802508.7270663325
0                         3.635034650152156E-7     -1.728316265405001E-7    -1129999.2853230801+450047.4826343928i            6622823.41818758
0                         3.635034650152156E-7     -1.5463882374676323E-7   -846591.0851997186+699759.6824118381i             6507823.639947747
0                         3.635034650152156E-7     -1.3644602095302636E-7   -548800.5239872218+899745.9013230852i             6466427.1891024485
0                         3.635034650152156E-7     -1.1825321815928954E-7   -276336.3908861086+920145.7975653306i             6704160.345787752
0                         3.635034650152156E-7     -1.0006041536555267E-7   -101366.5315756498+1167243.4828537563i            7048709.201719567
0                         3.635034650152156E-7     -8.186761257181585E-8    -46095.305924254644+1264980.8678101012i           7391759.673495017
0                         3.635034650152156E-7     -6.367480977807897E-8    114694.6357789981+1130307.0004995405i             7768458.703052805
0                         3.635034650152156E-7     -4.5482006984342155E-8   175576.32044315682+915764.4697111434i             7965248.686676166
0                         3.635034650152156E-7     -2.7289204190605282E-8   157199.49018529808+621769.347242496i              8291710.317022236
0                         3.635034650152156E-7     -9.09640139686841E-9     99128.36875321082+211613.99836600933i             8612665.018770773
0                         3.635034650152156E-7     9.09640139686841E-9      30907.80896016999-196398.4354530715i              8454346.432808941
0                         3.635034650152156E-7     2.7289204190605282E-8    -77564.19525755965-621170.0379204815i             8233789.0619353615
0                         3.635034650152156E-7     4.5482006984342155E-8    -97232.46637907365-909615.0292760481i             8067683.509940552
0                         3.635034650152156E-7     6.367480977807897E-8     1846.4862369777693-1099198.1503046625i            7630579.7000923995
0                         3.635034650152156E-7     8.18676125718158E-8      148968.50511290983-1228239.2917634759i            7338120.515201462
0                         3.635034650152156E-7     1.0006041536555261E-7    164437.83965662192-1243553.0497721988i            7101212.484291525
0                         3.635034650152156E-7     1.1825321815928954E-7    638022.8906089521-996496.6311975527i              6744376.379645249
0                         3.635034650152156E-7     1.3644602095302636E-7    591812.4542244168-792664.0698334023i              6400075.681809807
0                         3.635034650152156E-7     1.5463882374676318E-7    737060.9735011611-469560.6916807428i              6736603.462113679
0                         3.635034650152156E-7     1.728316265405001E-7     1149928.3011230624+3156.336076716747i             7000521.637434457
0                         3.635034650152156E-7     1.9102442933423692E-7    1441671.5955132763+31310.73934767465i             6868177.060614728
0                         3.635034650152156E-7     2.0921723212797374E-7    1587635.6153914558+264496.70382546075i            7080254.510804845
0                         3.635034650152156E-7     2.2741003492171056E-7    1711624.2087881078+503850.7555442398i             7294613.353476188
0                         3.635034650152156E-7     2.456028377154475E-7     1813637.3757032366+749372.8945040108i             7501689.227706668
0                         3.635034650152156E-7     2.637956405091843E-7     1885682.0702531664+967887.5296764113i             7910891.333708054
0                         3.635034650152156E-7     2.819884433029211E-7     1737814.828042362+1128503.4514298341i             8169835.898469326
0                         3.635034650152156E-7     3.0018124609665805E-7    1651965.0855134686+1301672.3994232512i            8441517.407472355
0                         3.635034650152156E-7     3.1837404889039487E-7    1669118.4946692595+1350642.1959745167i            8520711.076427592
0                         3.635034650152156E-7     3.365668516841317E-7     1584267.0637325482+1495021.5944807017i            8701924.349650014
0                         3.635034650152156E-7     3.547596544778685E-7     1530501.9012953169+1723049.9404201019i            8692226.947582835
0                         3.635034650152156E-7     3.7295245727160544E-7    1401033.268204879+1776483.504084739i              8750042.665828457
0                         3.635034650152156E-7     3.9114526006534226E-7    1308533.9477607459+1810036.3695754744i            8834533.085193127
0                         3.635034650152156E-7     4.093380628590791E-7     1327930.281252467+1842060.014124318i              8935844.283897081
0                         3.635034650152156E-7     4.27530865652816E-7      1295022.8754441687+1810357.1395441322i            8993078.519365912
0                         3.635034650152156E-7     4.457236684465528E-7     1246222.8482145753+2060557.671674234i             9832684.120008675
0                         3.8002634978863446E-7    -4.457236684465528E-7    -1350991.1453298058-1669854.912414082i            9592217.996702345
0                         3.8002634978863446E-7    -4.2753086565281595E-7   -1433234.0244421226-1735898.6988841486i           9758654.368145997
0                         3.8002634978863446E-7    -4.0933806285907913E-7   -1418976.1897080736-1435441.571881515i            8806997.290313521
0                         3.8002634978863446E-7    -3.9114526006534226E-7   -1467850.8769114641-1448321.4499429525i           8717006.191976083
0                         3.8002634978863446E-7    -3.7295245727160544E-7   -1509875.6378495845-1430619.0570218703i           8600290.405264447
0                         3.8002634978863446E-7    -3.5475965447786856E-7   -1545050.4725224369-1382334.3931182646i           8460742.08195621
0                         3.8002634978863446E-7    -3.365668516841317E-7    -1710705.172698011-1394373.9915897483i            8375954.530555197
0                         3.8002634978863446E-7    -3.1837404889039487E-7   -1696987.660799762-1139686.7776979795i            8264080.637415516
0                         3.8002634978863446E-7    -3.0018124609665805E-7   -1725593.0518326112-944379.5247552416i            8038641.558628464
0                         3.8002634978863446E-7    -2.819884433029212E-7    -1725440.5189375193-754839.1766764786i            7810644.4436568925
0                         3.8002634978863446E-7    -2.637956405091843E-7    -1629158.1853692054-720361.5717915104i            7788496.072849977
0                         3.8002634978863446E-7    -2.456028377154475E-7    -1605153.7832764403-470704.7786154747i            7498294.110423052
0                         3.8002634978863446E-7    -2.2741003492171061E-7   -1536652.68727611-237411.6733096448i              7193675.500219168
0                         3.8002634978863446E-7    -2.0921723212797377E-7   -1451581.2475471841-51740.53505945555i            6886712.049537707
0                         3.8002634978863446E-7    -1.9102442933423692E-7   -1468623.5112719145+52806.03023841372i            6655263.226168002
0                         3.8002634978863446E-7    -1.728316265405001E-7    -1187500.5983257224+388776.0307274577i            6483440.831022321
0                         3.8002634978863446E-7    -1.5463882374676323E-7   -1040259.2734263407+464028.0555629998i            6381140.79659197
0                         3.8002634978863446E-7    -1.3644602095302636E-7   -786623.2648962814+586098.152874737i              6330674.2335947985
0                         3.8002634978863446E-7    -1.1825321815928954E-7   -542897.1210238942+738611.3433321614i             6814515.674227386
0                         3.8002634978863446E-7    -1.0006041536555267E-7   -352124.3350074261+797872.9021476759i             6861915.177122581
0                         3.8002634978863446E-7    -8.186761257181585E-8    -213556.41695780435+776457.2108544646i            7149711.345698301
0                         3.8002634978863446E-7    -6.367480977807897E-8    -73993.95166776549+719471.282191755i              7496922.388430003
0                         3.8002634978863446E-7    -4.5482006984342155E-8   -12084.623979873839+596358.9866444553i            7705668.577491945
0                         3.8002634978863446E-7    -2.7289204190605282E-8   21783.69197730164+414697.6967962405i              7967159.609020848
0                         3.8002634978863446E-7    -9.09640139686841E-9     17999.89417617768+138483.73199265637i             8222483.250020156
0                         3.8002634978863446E-7    9.09640139686841E-9      75983.23032827408-162341.3979949432i              8142719.880298918
0                         3.8002634978863446E-7    2.7289204190605282E-8    37139.65082121204-385485.918559131i               7919783.055663636
0                         3.8002634978863446E-7    4.5482006984342155E-8    99378.53992992273-573057.9046464078i              7772050.298096939
0                         3.8002634978863446E-7    6.367480977807897E-8     177025.64581943027-692689.5089840577i             7405148.027170326
0                         3.8002634978863446E-7    8.18676125718158E-8      318465.0713025284-743321.1931735708i              7097486.703390439
0                         3.8002634978863446E-7    1.0006041536555261E-7    447659.52872277383-767117.9091481329i             6849789.326939549
0                         3.8002634978863446E-7    1.1825321815928954E-7    541605.2828765964-860153.607850031i               6878566.4909357
0                         3.8002634978863446E-7    1.3644602095302636E-7    1227613.1881010698-447501.19652731717i            6678613.479242521
0                         3.8002634978863446E-7    1.5463882374676318E-7    1196946.4333316872-179916.346135636i              7064683.375740801
0                         3.8002634978863446E-7    1.728316265405001E-7     1280383.5768461025-146538.79251021752i            6686867.768760767
0                         3.8002634978863446E-7    1.9102442933423692E-7    1365458.5638101045-102505.44639265165i            6734376.351571577
0                         3.8002634978863446E-7    2.0921723212797374E-7    1524852.2643109872+156220.38604364241i            6939838.753561214
0                         3.8002634978863446E-7    2.2741003492171056E-7    1662270.5383303433+421114.3057209336i             7149061.15518742
0                         3.8002634978863446E-7    2.456028377154475E-7     1777713.3858681743+692176.3126392151i             7352346.104031473
0                         3.8002634978863446E-7    2.637956405091843E-7     1704062.7763140567+651191.9512343379i             7744613.408251347
0                         3.8002634978863446E-7    2.819884433029211E-7     1656570.7205137191+852968.9037665611i             8037574.735062357
0                         3.8002634978863446E-7    3.0018124609665805E-7    1728267.9874183966+919091.1341730733i             8174438.723194329
0                         3.8002634978863446E-7    3.1837404889039487E-7    1703164.983605648+1057971.474121762i              8345565.435861711
0                         3.8002634978863446E-7    3.365668516841317E-7     1631479.4971371284+1178849.1509464632i            8489960.046853263
0                         3.8002634978863446E-7    3.547596544778685E-7     1537954.5624910581+1299727.988526855i             8483892.842207022
0                         3.8002634978863446E-7    3.7295245727160544E-7    1443227.2934344397+1364019.4222031557i            8592735.637720736
0                         3.8002634978863446E-7    3.9114526006534226E-7    1464721.9691523213+1464232.1058488446i            8751433.031561997
0                         3.8002634978863446E-7    4.093380628590791E-7     1447972.0846354025+1464867.4595525083i            8845713.473089816
0                         3.8002634978863446E-7    4.27530865652816E-7      1416842.4201196348+1430556.77978475i              8912823.490150725
0                         3.8002634978863446E-7    4.457236684465528E-7     1350991.1453298074+1669854.9124140965i            9607237.799341032
0                         3.965492345620534E-7     -4.457236684465528E-7    -1455759.442445037-1279152.1531539457i            9247102.170470556
0                         3.965492345620534E-7     -4.2753086565281595E-7   -1531621.4620422572-1345624.3685672597i           9413305.124656683
0                         3.965492345620534E-7     -4.0933806285907913E-7   -1588959.592284683-1380128.6678890826i            9530625.755770676
0                         3.965492345620534E-7     -3.9114526006534226E-7   -1556311.3323732438-1066941.383071902i            8516113.388853777
0                         3.965492345620534E-7     -3.7295245727160544E-7   -1449466.286560594-879855.9093552129i             8512009.012854557
0                         3.965492345620534E-7     -3.5475965447786856E-7   -1514700.8677646269-792138.0845019077i            8388860.471695095
0                         3.965492345620534E-7     -3.365668516841317E-7    -1558739.7588554488-702394.3576433252i            8175803.095485519
0                         3.965492345620534E-7     -3.1837404889039487E-7   -1744386.979316351-924747.5228742086i             7988341.410272325
0                         3.965492345620534E-7     -3.0018124609665805E-7   -1756159.2852113522-726339.8767971522i            7817138.89208622
0                         3.965492345620534E-7     -2.819884433029212E-7    -1737952.427814299-526305.9266865472i             7589727.678595354
0                         3.965492345620534E-7     -2.637956405091843E-7    -1692011.1602142374-317551.8684295665i            7337288.855358635
0                         3.965492345620534E-7     -2.456028377154475E-7    -1523191.375843135-306913.9421413462i             7339375.307591731
0                         3.965492345620534E-7     -2.2741003492171061E-7   -1432849.6556349683-206165.43162735994i           6897863.53838122
0                         3.965492345620534E-7     -2.0921723212797377E-7   -1341188.7719893523+1558.0511135840788i           6617008.887669904
0                         3.965492345620534E-7     -1.9102442933423692E-7   -1538221.898186525-44997.241513920715i            6415871.124416284
0                         3.965492345620534E-7     -1.728316265405001E-7    -1599941.5406566197+20583.365605831612i           6380481.927525618
0                         3.965492345620534E-7     -1.5463882374676323E-7   -1340083.133444419+211600.43429368362i            6252746.296582077
0                         3.965492345620534E-7     -1.3644602095302636E-7   -1071357.914208837+377523.193553356i              6172471.379798916
0                         3.965492345620534E-7     -1.1825321815928954E-7   -808452.972597234+557892.6580492442i              6847236.916235984
0                         3.965492345620534E-7     -1.0006041536555267E-7   -512623.73076128244+227394.54052579871i           6523644.581663816
0                         3.965492345620534E-7     -8.186761257181585E-8    -381017.527991354+287933.55389882915i             6813701.526264955
0                         3.965492345620534E-7     -6.367480977807897E-8    -262682.53911452973+308635.56388396845i           7112244.472021981
0                         3.965492345620534E-7     -4.5482006984342155E-8   -199745.56840290496+276953.50357776775i           7321088.82621633
0                         3.965492345620534E-7     -2.7289204190605282E-8   -106124.40593800621+217332.54096048514i           7492004.994403177
0                         3.965492345620534E-7     -9.09640139686841E-9     17285.98561198196+80212.7002395349i               7683006.976533944
0                         3.965492345620534E-7     9.09640139686841E-9      59240.5044599282-164313.89858379215i              7698193.528826404
0                         3.965492345620534E-7     2.7289204190605282E-8    98119.0173501024-267790.3729324071i               7525511.891062707
0                         3.965492345620534E-7     4.5482006984342155E-8    118307.39054550801-314285.6349260432i             7396620.787904106
0                         3.965492345620534E-7     6.367480977807897E-8     352204.8054018833-286180.86766345135i             7078270.678728493
0                         3.965492345620534E-7     8.18676125718158E-8      487961.6374921472-258403.0945836642i              6768278.276976419
0                         3.965492345620534E-7     1.0006041536555261E-7    611473.5015195581-203790.3532889227i              6522484.469159279
0                         3.965492345620534E-7     1.1825321815928954E-7    722740.3974841166-122342.64377923496i             6343701.771618667
0                         3.965492345620534E-7     1.3644602095302636E-7    923597.1431053418-311888.1524346665i              6685692.167374539
0                         3.965492345620534E-7     1.5463882374676318E-7    1301137.005364019-9087.616998289363i              6853932.0658137435
0                         3.965492345620534E-7     1.728316265405001E-7     1259847.7914057472-129407.87739300681i            6523586.794415214
0                         3.965492345620534E-7     1.9102442933423692E-7    1444533.4217448796+46238.028441326926i            6823766.1931334
0                         3.965492345620534E-7     2.0921723212797374E-7    1462068.9132305188+47944.06826182525i             6709648.520639213
0                         3.965492345620534E-7     2.2741003492171056E-7    1320876.464452049+94747.20782430843i              7027854.10913038
0                         3.965492345620534E-7     2.456028377154475E-7     1413784.8717127484+299278.01346800337i            7222544.266042193
0                         3.965492345620534E-7     2.637956405091843E-7     1461140.178688652+499689.295931353i               7448724.121935127
0                         3.965492345620534E-7     2.819884433029211E-7     1575326.612985076+577434.3561032895i              7833786.992043288
0                         3.965492345620534E-7     3.0018124609665805E-7    1747627.4512866153+617325.1743636646i             7921982.398285271
0                         3.965492345620534E-7     3.1837404889039487E-7    1737211.4725420377+765300.7522690059i             8089168.328668687
0                         3.965492345620534E-7     3.365668516841317E-7     1701439.2617142613+884995.7095938298i             8220233.822928639
0                         3.965492345620534E-7     3.547596544778685E-7     1549540.645198105+881756.5119572273i              8277484.718199962
0                         3.965492345620534E-7     3.7295245727160544E-7    1583578.394468267+1056673.7744770916i             8459481.188366689
0                         3.965492345620534E-7     3.9114526006534226E-7    1582986.0312427275+1089647.3564646067i            8577911.654079469
0                         3.965492345620534E-7     4.093380628590791E-7     1568013.8880183392+1087674.9049806981i            8676212.398227261
0                         3.965492345620534E-7     4.27530865652816E-7      1547667.7969549408+1348167.8145728167i            9460029.40008776
0                         3.965492345620534E-7     4.457236684465528E-7     1455759.4424450397+1279152.1531539578i            9261992.732025437
0                         4.1307211933547226E-7    -4.457236684465528E-7    -8508356.655518541-2861363.493286183i             1.270978144281341E7
0                         4.1307211933547226E-7    -4.2753086565281595E-7   -8502383.997134794-2646390.7541199634i            1.2764993450958865E7
0                         4.1307211933547226E-7    -4.0933806285907913E-7   -8568926.379243376-3441473.2756958064i            1.209188763753928E7
0                         4.1307211933547226E-7    -3.9114526006534226E-7   -8497336.102457978-3282255.888908187i             1.1927697608488098E7
0                         4.1307211933547226E-7    -3.7295245727160544E-7   -8500722.714328343-3343773.5788136297i            1.2220793604475506E7
0                         4.1307211933547226E-7    -3.5475965447786856E-7   -8432543.056766462-3178774.1062354087i            1.2042971990133045E7
0                         4.1307211933547226E-7    -3.365668516841317E-7    -8386781.324916678-2974059.327358813i             1.1805997321847904E7
0                         4.1307211933547226E-7    -3.1837404889039487E-7   -8263495.774640842-2472399.261076011i             1.143435596023575E7
0                         4.1307211933547226E-7    -3.0018124609665805E-7   -8090722.103307011-2177153.879479398i             1.1156805475388236E7
0                         4.1307211933547226E-7    -2.819884433029212E-7    -7844548.491613152-1868869.7598891002i            1.078119877019973E7
0                         4.1307211933547226E-7    -2.637956405091843E-7    -7583538.684977302-1547837.350723623i             1.0384014266613694E7
0                         4.1307211933547226E-7    -2.456028377154475E-7    -7271060.298419807-1259965.956882617i             1.003648594874869E7
0                         4.1307211933547226E-7    -2.2741003492171061E-7   -6911990.837064428-903701.7669168354i             9543136.677195262
0                         4.1307211933547226E-7    -2.0921723212797377E-7   -6474677.591574272-593435.1269958508i             9031446.286818527
0                         4.1307211933547226E-7    -1.9102442933423692E-7   -5798496.610041214-78726.75628510636i             8382789.134950508
0                         4.1307211933547226E-7    -1.728316265405001E-7    -5101147.326398501+185328.65882703383i            7881341.980952746
0                         4.1307211933547226E-7    -1.5463882374676323E-7   -4623554.038953403+451836.4268062832i             7525161.11375672
0                         4.1307211933547226E-7    -1.3644602095302636E-7   -4132456.256401473+714037.2793296506i             7214121.656548976
0                         4.1307211933547226E-7    -1.1825321815928954E-7   -3677506.533152572+962440.6736664944i             7010512.570871335
0                         4.1307211933547226E-7    -1.0006041536555267E-7   -3058064.018059444+988096.7147506915i             6870954.140741879
0                         4.1307211933547226E-7    -8.186761257181585E-8    -2327016.62019435+976277.2272130079i              6842749.045108174
0                         4.1307211933547226E-7    -6.367480977807897E-8    -1591346.4393878418+665835.6431908908i            6869791.792466593
0                         4.1307211933547226E-7    -4.5482006984342155E-8   -1099337.5120719806+636613.1458910918i            6969126.868917109
0                         4.1307211933547226E-7    -2.7289204190605282E-8   -610129.7771933624+566942.3593384144i             7100508.886402642
0                         4.1307211933547226E-7    -9.09640139686841E-9     -111906.81602849485+309277.4082221119i            7028483.715002572
0                         4.1307211933547226E-7    9.09640139686841E-9      387311.9844706296+48398.48594178632i              7046955.659826127
0                         4.1307211933547226E-7    2.7289204190605282E-8    1049341.1350872025-687062.3230599291i             7132200.406545397
0                         4.1307211933547226E-7    4.5482006984342155E-8    1590188.549343362-811598.0373107268i              7125300.27635938
0                         4.1307211933547226E-7    6.367480977807897E-8     2156103.3980271136-877829.6526309819i             7050301.3243275825
0                         4.1307211933547226E-7    8.18676125718158E-8      2782945.37373089-871376.5401560803i               6982193.054946617
0                         4.1307211933547226E-7    1.0006041536555261E-7    3400417.087288723-859731.8327033559i              7037155.197017039
0                         4.1307211933547226E-7    1.1825321815928954E-7    4008518.538700617-842895.5302728144i              7205755.675096262
0                         4.1307211933547226E-7    1.3644602095302636E-7    4537707.028294802-626321.5318047323i              7715355.176883685
0                         4.1307211933547226E-7    1.5463882374676318E-7    4942125.205283863-250029.2350551968i              7672894.3075545225
0                         4.1307211933547226E-7    1.728316265405001E-7     5588390.992129133-693921.8714751834i              8494142.84856394
0                         4.1307211933547226E-7    1.9102442933423692E-7    6305700.329409633+210282.83021724108i             8799553.6738057
0                         4.1307211933547226E-7    2.0921723212797374E-7    6701116.509397612+486491.5332508513i              9182805.81378565
0                         4.1307211933547226E-7    2.2741003492171056E-7    7290685.611743593+987894.3730962295i              9942935.161373692
0                         4.1307211933547226E-7    2.456028377154475E-7     7720574.4295913+1308614.3818845523i               1.0416935714734169E7
0                         4.1307211933547226E-7    2.637956405091843E-7     8039517.199432088+1672965.1357406902i             1.0819587122439055E7
0                         4.1307211933547226E-7    2.819884433029211E-7     8041968.311496064+2017190.469833487i              1.1036267137543395E7
0                         4.1307211933547226E-7    3.0018124609665805E-7    8147797.507266845+2369871.8023088584i             1.1291584519965537E7
0                         4.1307211933547226E-7    3.1837404889039487E-7    8271834.065113225+2665740.400561638i              1.1550176270574668E7
0                         4.1307211933547226E-7    3.365668516841317E-7     8373614.247181769+2942526.784430374i              1.177494156320043E7
0                         4.1307211933547226E-7    3.547596544778685E-7     8459585.097836731+3166883.0227890285i             1.197403788821124E7
0                         4.1307211933547226E-7    3.7295245727160544E-7    8483691.072649306+3341693.634999942i              1.215189697710994E7
0                         4.1307211933547226E-7    3.9114526006534226E-7    8487860.688463718+3433763.850530666i              1.225652579928217E7
0                         4.1307211933547226E-7    4.093380628590791E-7     8514653.62503417+3376044.6540532666i              1.2117932552500272E7
0                         4.1307211933547226E-7    4.27530865652816E-7      8513833.589639707+2625194.1538175037i             1.2804212796426935E7
0                         4.1307211933547226E-7    4.457236684465528E-7     8508356.65551855+2861363.49328616i                1.272278590043321E7
0                         4.2959500410889113E-7    -4.457236684465528E-7    -8471302.179504069-3156813.743848539i             1.185106378923338E7
0                         4.2959500410889113E-7    -4.2753086565281595E-7   -8417621.716913316-2966309.552544724i             1.1808571703786623E7
0                         4.2959500410889113E-7    -4.0933806285907913E-7   -8367662.510307103-2835813.9104202176i            1.1691575057340786E7
0                         4.2959500410889113E-7    -3.9114526006534226E-7   -8298117.9296324765-2683515.576380731i            1.1540652245062461E7
0                         4.2959500410889113E-7    -3.7295245727160544E-7   -8236567.881585362-2694736.9214418516i            1.1740989245514642E7
0                         4.2959500410889113E-7    -3.5475965447786856E-7   -8167695.674925883-2539128.1129858466i            1.1571363576396305E7
0                         4.2959500410889113E-7    -3.365668516841317E-7    -8027498.711352859-2347651.753175469i             1.1303390855465777E7
0                         4.2959500410889113E-7    -3.1837404889039487E-7   -7935187.944001802-1958881.667006012i             1.0992771895466562E7
0                         4.2959500410889113E-7    -3.0018124609665805E-7   -7800581.536967444-1749536.9870981935i            1.0765655391028125E7
0                         4.2959500410889113E-7    -2.819884433029212E-7    -7553502.499756142-1464518.967106i                1.0402865219716558E7
0                         4.2959500410889113E-7    -2.637956405091843E-7    -7291587.267602841-1166752.6575386233i            1.0018960717611043E7
0                         4.2959500410889113E-7    -2.456028377154475E-7    -7014835.840507565-856238.0583960691i             9618623.674776906
0                         4.2959500410889113E-7    -2.2741003492171061E-7   -6622192.699684168-642547.5279910858i             9158434.290644227
0                         4.2959500410889113E-7    -2.0921723212797377E-7   -6179354.609213728-304161.58434849186i            8723972.60284538
0                         4.2959500410889113E-7    -1.9102442933423692E-7   -5666841.068590644+92307.39570227743i             8199004.429039542
0                         4.2959500410889113E-7    -1.728316265405001E-7    -5231501.949192321+320024.8001823992i             7841650.141988741
0                         4.2959500410889113E-7    -1.5463882374676323E-7   -4787837.224964914+550240.5410501126i             7516402.075180719
0                         4.2959500410889113E-7    -1.3644602095302636E-7   -4205822.31431667+757914.935050723i               7129506.984600924
0                         4.2959500410889113E-7    -1.1825321815928954E-7   -3575651.0321517787+880298.5283959035i            6759487.883443457
0                         4.2959500410889113E-7    -1.0006041536555267E-7   -2920993.1512632426+987222.4028194044i            6481072.771045813
0                         4.2959500410889113E-7    -8.186761257181585E-8    -2244881.9320356916+780169.2055000844i            6277582.43535431
0                         4.2959500410889113E-7    -6.367480977807897E-8    -1692692.1752822557+706787.6372239204i            6353923.22836791
0                         4.2959500410889113E-7    -4.5482006984342155E-8   -1157709.2182085263+588984.5383644607i            6567992.044499114
0                         4.2959500410889113E-7    -2.7289204190605282E-8   -601167.4448115919+345791.40305929724i            6472760.018449159
0                         4.2959500410889113E-7    -9.09640139686841E-9     -108965.8737073671+63612.99035014771i             6405875.174545023
0                         4.2959500410889113E-7    9.09640139686841E-9      488853.8742393086-388299.8690721537i              6195287.384484029
0                         4.2959500410889113E-7    2.7289204190605282E-8    987247.9167529152-491755.98613959947i             6286084.5538057
0                         4.2959500410889113E-7    4.5482006984342155E-8    1565833.4513480929-741420.5425470888i             6654043.884974324
0                         4.2959500410889113E-7    6.367480977807897E-8     2079968.2232796543-864875.886469411i              6673283.972371857
0                         4.2959500410889113E-7    8.18676125718158E-8      2706656.617823035-887466.8582002153i              6625429.982679011
0                         4.2959500410889113E-7    1.0006041536555261E-7    3323974.7502204757-904866.2349531981i             6707238.133686935
0                         4.2959500410889113E-7    1.1825321815928954E-7    3888360.9157179473-783300.6858106885i             7054049.249523696
0                         4.2959500410889113E-7    1.3644602095302636E-7    4419503.9836441595-707220.9638774833i             7458992.364526579
0                         4.2959500410889113E-7    1.5463882374676318E-7    4844476.0913212765-425567.38628281874i            7527967.844699678
0                         4.2959500410889113E-7    1.728316265405001E-7     5552700.86949044-232613.7925782496i               8094625.77937157
0                         4.2959500410889113E-7    1.9102442933423692E-7    6085844.023761713+8896.050666248062i              8559725.160055632
0                         4.2959500410889113E-7    2.0921723212797374E-7    6480081.987381564+254917.3392044959i              8936778.040429203
0                         4.2959500410889113E-7    2.2741003492171056E-7    6865895.747150533+488243.4486219348i              9321719.254657557
0                         4.2959500410889113E-7    2.456028377154475E-7     7338955.105284267+951908.0083492342i              1.0006292413038122E7
0                         4.2959500410889113E-7    2.637956405091843E-7     7648635.2480137665+1270988.652408158i             1.038249179767279E7
0                         4.2959500410889113E-7    2.819884433029211E-7     7978556.412570145+1528264.1161050776i             1.0762050013673196E7
0                         4.2959500410889113E-7    3.0018124609665805E-7    7955780.548651891+1823139.6505033053i             1.0915030774905512E7
0                         4.2959500410889113E-7    3.1837404889039487E-7    8079733.18760318+2103514.846663061i               1.1158204882408377E7
0                         4.2959500410889113E-7    3.365668516841317E-7     8181429.450776637+2364807.8284387738i             1.1369588689736195E7
0                         4.2959500410889113E-7    3.547596544778685E-7     8266827.361272674+2594554.4386943844i             1.1598288935894812E7
0                         4.2959500410889113E-7    3.7295245727160544E-7    8287461.943192102+2702819.4331356296i             1.1717541730370527E7
0                         4.2959500410889113E-7    3.9114526006534226E-7    8336169.084097801+2705810.7212568214i             1.1689751462996915E7
0                         4.2959500410889113E-7    4.093380628590791E-7     8353396.895470189+2840368.8565327614i             1.1773192631337088E7
0                         4.2959500410889113E-7    4.27530865652816E-7      8348448.867004429+2954824.92111343i               1.1822079921863168E7
0                         4.2959500410889113E-7    4.457236684465528E-7     8471302.179504078+3156813.7438485203i             1.1850399157757437E7
0                         4.4611788888231E-7       -4.457236684465528E-7    -8277619.660769203-2466315.7736864197i            1.149880023224747E7
0                         4.4611788888231E-7       -4.2753086565281595E-7   -8214312.151866278-2353731.134521009i             1.1458091312130716E7
0                         4.4611788888231E-7       -4.0933806285907913E-7   -8166398.641370831-2230154.545144633i             1.1351228896227973E7
0                         4.4611788888231E-7       -3.9114526006534226E-7   -8098899.756806968-2084775.263853274i             1.1212690761064304E7
0                         4.4611788888231E-7       -3.7295245727160544E-7   -8011815.498174688-1917593.2906469414i            1.1043675930674704E7
0                         4.4611788888231E-7       -3.5475965447786856E-7   -7902848.293085303-1899482.1197362845i            1.1149118325781835E7
0                         4.4611788888231E-7       -3.365668516841317E-7    -7853317.575533337-1697330.6147924187i            1.096886874652568E7
0                         4.4611788888231E-7       -3.1837404889039487E-7   -7708513.281321107-1560501.3678755315i            1.077896313650818E7
0                         4.4611788888231E-7       -3.0018124609665805E-7   -7547343.258116856-1421819.644553701i             1.0574951806332557E7
0                         4.4611788888231E-7       -2.819884433029212E-7    -7262456.507899124-1060168.1743228992i            1.0060420099507324E7
0                         4.4611788888231E-7       -2.637956405091843E-7    -6999635.850228386-785667.9643536252i             9686287.22730915
0                         4.4611788888231E-7       -2.456028377154475E-7    -6721978.9976156615-498419.46480917424i           9296472.352959728
0                         4.4611788888231E-7       -2.2741003492171061E-7   -6327790.467840906-326651.6930155575i             8874585.485779429
0                         4.4611788888231E-7       -2.0921723212797377E-7   -5957513.89183935+66772.47917167202i              8433963.771868665
0                         4.4611788888231E-7       -1.9102442933423692E-7   -5535185.5271400735+263341.5476896622i            8054998.5007990645
0                         4.4611788888231E-7       -1.728316265405001E-7    -5104531.557611716+462408.9525952434i             7698319.131380145
0                         4.4611788888231E-7       -1.5463882374676323E-7   -4665551.983254276+663974.6938884157i             7371735.740905379
0                         4.4611788888231E-7       -1.3644602095302636E-7   -4098325.898453056+702971.9703137027i             6923514.784352822
0                         4.4611788888231E-7       -1.1825321815928954E-7   -3473795.5311509874+798156.3831253126i            6550575.07132012
0                         4.4611788888231E-7       -1.0006041536555267E-7   -2841273.6636300683+794419.1243011514i            6161796.14751317
0                         4.4611788888231E-7       -8.186761257181585E-8    -2305882.940146269+777157.2904375187i             5985662.423550003
0                         4.4611788888231E-7       -6.367480977807897E-8    -1758647.5062147356+674036.3588212534i            6021632.040511771
0                         4.4611788888231E-7       -4.5482006984342155E-8   -1077389.4541391465+428118.34991815034i           6066204.164491315
0                         4.4611788888231E-7       -2.7289204190605282E-8   -592205.1124298223+124640.44678017776i            5897939.783117093
0                         4.4611788888231E-7       -9.09640139686841E-9     -16284.645630200976-199166.8034629894i            5789669.614719461
0                         4.4611788888231E-7       9.09640139686841E-9      475945.6311331077-322066.198035078i               5805382.477498078
0                         4.4611788888231E-7       2.7289204190605282E-8    970841.9385006921-448519.27644294867i             5911404.446753104
0                         4.4611788888231E-7       4.5482006984342155E-8    1541478.3533528228-671243.0477834484i             6232263.821937566
0                         4.4611788888231E-7       6.367480977807897E-8     2072275.6483757782-840086.345952485i              6331470.183279629
0                         4.4611788888231E-7       8.18676125718158E-8      2630367.8619151833-903557.1762443502i             6321446.613167964
0                         4.4611788888231E-7       1.0006041536555261E-7    3247532.4131522262-950000.6372030395i             6431371.546736212
0                         4.4611788888231E-7       1.1825321815928954E-7    3774986.399775211-841636.8939426965i              6828467.775986264
0                         4.4611788888231E-7       1.3644602095302636E-7    4301300.938993518-788120.3959502359i              7237736.153520268
0                         4.4611788888231E-7       1.5463882374676318E-7    4810720.248069261-722661.9149452816i              7690370.05238043
0                         4.4611788888231E-7       1.728316265405001E-7     5370263.99734529-403300.1428751579i               7901583.317753029
0                         4.4611788888231E-7       1.9102442933423692E-7    5865987.718113793-192490.72888474504i             8359103.547034981
0                         4.4611788888231E-7       2.0921723212797374E-7    6259047.465365518+23343.14515813836i              8732665.010992697
0                         4.4611788888231E-7       2.2741003492171056E-7    6643683.008766354+226481.8400802146i              9112800.54372791
0                         4.4611788888231E-7       2.456028377154475E-7     6946233.847454161+464142.0913234691i              9449625.002501143
0                         4.4611788888231E-7       2.637956405091843E-7     7242089.844125866+709643.1295468286i              9815571.361956524
0                         4.4611788888231E-7       2.819884433029211E-7     7591411.146190713+1104307.8457621606i             1.0355724562587623E7
0                         4.4611788888231E-7       3.0018124609665805E-7    7906370.903163935+1335675.228743054i              1.070708617315653E7
0                         4.4611788888231E-7       3.1837404889039487E-7    7887632.310093138+1541289.2927644856i             1.0812314785734298E7
0                         4.4611788888231E-7       3.365668516841317E-7     7989244.65437151+1787088.8724471736i              1.1013670744385688E7
0                         4.4611788888231E-7       3.547596544778685E-7     8070488.89380694+1966153.5855781413i              1.1221379209229069E7
0                         4.4611788888231E-7       3.7295245727160544E-7    8141961.980316818+2028058.924682633i              1.1296856981036069E7
0                         4.4611788888231E-7       3.9114526006534226E-7    8178138.99303059+2176427.0271950844i              1.1404461255509418E7
0                         4.4611788888231E-7       4.093380628590791E-7     8192140.165906208+2304693.0590122575i             1.148006076605475E7
0                         4.4611788888231E-7       4.27530865652816E-7      8274937.517781973+2441093.3355875136i             1.1491153111072008E7
0                         4.4611788888231E-7       4.457236684465528E-7     8277619.6607692065+2466315.773686395i             1.1498215624262033E7
0                         4.6264077365572893E-7    -4.457236684465528E-7    -8083937.142034331-1775817.8035242907i            1.121667032090269E7
0                         4.6264077365572893E-7    -4.2753086565281595E-7   -8030075.796861024-1753067.414934901i             1.1166379120865313E7
0                         4.6264077365572893E-7    -4.0933806285907913E-7   -7965134.772434557-1624495.1798690415i            1.1074621439918978E7
0                         4.6264077365572893E-7    -3.9114526006534226E-7   -7899681.583981462-1486034.9513258175i            1.0947340867697071E7
0                         4.6264077365572893E-7    -3.7295245727160544E-7   -7814643.021459946-1325772.0308676118i            1.0792250384978423E7
0                         4.6264077365572893E-7    -3.5475965447786856E-7   -7710019.084870019-1143706.4184944304i            1.0611193656172777E7
0                         4.6264077365572893E-7    -3.365668516841317E-7    -7609946.519055307-1073011.571651491i             1.0568582131003132E7
0                         4.6264077365572893E-7    -3.1837404889039487E-7   -7443777.378521655-946068.0307347524i             1.0342319750698762E7
0                         4.6264077365572893E-7    -3.0018124609665805E-7   -7260143.107814907-813230.226152936i              1.0094195989037389E7
0                         4.6264077365572893E-7    -2.819884433029212E-7    -7071488.719284777-674809.204508923i              9835219.73961657
0                         4.6264077365572893E-7    -2.637956405091843E-7    -6803062.4106118735-403097.2620586448i            9451574.476762561
0                         4.6264077365572893E-7    -2.456028377154475E-7    -6510895.624683069-118406.80369177018i            9044052.327827008
0                         4.6264077365572893E-7    -2.2741003492171061E-7   -6230490.810519043+101035.89817773871i            8722712.453144096
0                         4.6264077365572893E-7    -2.0921723212797377E-7   -5821173.200518814+266456.63073359814i            8328494.782801763
0                         4.6264077365572893E-7    -1.9102442933423692E-7   -5403529.985689506+434375.69967704767i            7949125.945516323
0                         4.6264077365572893E-7    -1.728316265405001E-7    -5030893.845902576+513013.5819903549i             7539494.14736807
0                         4.6264077365572893E-7    -1.5463882374676323E-7   -4530255.443200635+637010.2532073106i             7111207.945529875
0                         4.6264077365572893E-7    -1.3644602095302636E-7   -3974583.246987483+706599.5008336748i             6737805.677352644
0                         4.6264077365572893E-7    -1.1825321815928954E-7   -3371940.030150192+716014.2378547229i             6383654.447630136
0                         4.6264077365572893E-7    -1.0006041536555267E-7   -2863185.202631679+721250.8918509884i             6041626.819183994
0                         4.6264077365572893E-7    -8.186761257181585E-8    -2378891.578328636+765330.5205874969i             5769270.463732219
0                         4.6264077365572893E-7    -6.367480977807897E-8    -1824602.8371472142+641285.0804185881i            5747564.869428072
0                         4.6264077365572893E-7    -4.5482006984342155E-8   -1221118.7911186083+375843.571668959i             5592048.36793869
0                         4.6264077365572893E-7    -2.7289204190605282E-8   -555841.4765096961+28641.99082516483i             5397733.126910052
0                         4.6264077365572893E-7    -9.09640139686841E-9     -25695.153590380447-109936.17108548956i           5436697.902832455
0                         4.6264077365572893E-7    9.09640139686841E-9      463037.3880269062-255832.5269980029i              5461089.199409352
0                         4.6264077365572893E-7    2.7289204190605282E-8    954435.960248469-405282.56674629805i              5580951.613439137
0                         4.6264077365572893E-7    4.5482006984342155E-8    1517123.2553575533-601065.5530198109i             5859944.79410504
0                         4.6264077365572893E-7    6.367480977807897E-8     2044268.1279279897-795750.8984474048i             5976030.582291099
0                         4.6264077365572893E-7    8.18676125718158E-8      2554079.1060073273-919647.4942884854i             6069255.949282091
0                         4.6264077365572893E-7    1.0006041536555261E-7    3123230.643179506-918984.3931139245i              6284530.923486861
0                         4.6264077365572893E-7    1.1825321815928954E-7    3661611.883832473-899973.102074703i               6636517.216687324
0                         4.6264077365572893E-7    1.3644602095302636E-7    4183097.894342876-869019.8280229885i              7050911.94597067
0                         4.6264077365572893E-7    1.5463882374676318E-7    4786316.759586552-737036.2249745377i              7472200.747890942
0                         4.6264077365572893E-7    1.728316265405001E-7     5187827.125200137-573986.493172067i               7745540.584351228
0                         4.6264077365572893E-7    1.9102442933423692E-7    5577153.582090998-416296.66257957683i             8159662.876926574
0                         4.6264077365572893E-7    2.0921723212797374E-7    6038012.943349468-208231.04888821812i             8570241.691284236
0                         4.6264077365572893E-7    2.2741003492171056E-7    6421470.270382179-35279.768461506814i             8949246.997633573
0                         4.6264077365572893E-7    2.456028377154475E-7     6711639.055564746+209731.19839830569i             9296189.630478451
0                         4.6264077365572893E-7    2.637956405091843E-7     7003426.37636512+432635.21955011773i              9649533.365681564
0                         4.6264077365572893E-7    2.819884433029211E-7     7275776.014146807+650664.4736847708i              9987096.354938587
0                         4.6264077365572893E-7    3.0018124609665805E-7    7528687.968909809+863818.9608022672i              1.0306276800738428E7
0                         4.6264077365572893E-7    3.1837404889039487E-7    7822960.671213453+1095198.473654612i              1.0668077343768235E7
0                         4.6264077365572893E-7    3.365668516841317E-7     7797059.857966377+1209369.9164555734i             1.0711368063228505E7
0                         4.6264077365572893E-7    3.547596544778685E-7     7932032.313691221+1342789.2643307035i             1.094331090492865E7
0                         4.6264077365572893E-7    3.7295245727160544E-7    7987158.527746376+1504967.3340796626i             1.1071488917703172E7
0                         4.6264077365572893E-7    3.9114526006534226E-7    8025164.110128992+1648065.9663792658i             1.1120147879287373E7
0                         4.6264077365572893E-7    4.093380628590791E-7     8060576.69537821+1710641.1332695438i              1.1177603271833561E7
0                         4.6264077365572893E-7    4.27530865652816E-7      8080167.706013324+1753225.078984546i              1.1209738927475112E7
0                         4.6264077365572893E-7    4.457236684465528E-7     8083937.142034332+1775817.803524267i              1.1216241374999316E7
0                         4.791636584291479E-7     -4.457236684465528E-7    -7890254.623299465-1085319.833362164i             1.1007329593314333E7
0                         4.791636584291479E-7     -4.2753086565281595E-7   -7836175.333296281-1065645.7476217672i            1.0959782465591919E7
0                         4.791636584291479E-7     -4.0933806285907913E-7   -7763870.903498286-1018835.8145934552i            1.0865162561959924E7
0                         4.791636584291479E-7     -3.9114526006534226E-7   -7700463.411155957-887294.6387983612i             1.0747760223844755E7
0                         4.791636584291479E-7     -3.7295245727160544E-7   -7617470.544745209-733950.7710882872i             1.0605581243331417E7
0                         4.791636584291479E-7     -3.5475965447786856E-7   -7572568.243212386-686244.7690495622i             1.0598337331249764E7
0                         4.791636584291479E-7     -3.365668516841317E-7    -7431438.636860097-570011.184619369i              1.0432150710851016E7
0                         4.791636584291479E-7     -3.1837404889039487E-7   -7267408.446065523-459938.7488199314i             1.0208614767986856E7
0                         4.791636584291479E-7     -3.0018124609665805E-7   -7085913.12509786-343972.04935541307i             9963382.412081614
0                         4.791636584291479E-7     -2.819884433029212E-7    -6886952.673957102-222111.08622581433i            9697718.88058817
0                         4.791636584291479E-7     -2.637956405091843E-7    -6657072.5856912155-136822.1939989417i            9405016.39510439
0                         4.791636584291479E-7     -2.456028377154475E-7    -6372482.634057543+125395.56929796038i            9009759.214669684
0                         4.791636584291479E-7     -2.2741003492171061E-7   -6048851.155281011+330269.53789473465i            8568663.581941478
0                         4.791636584291479E-7     -2.0921723212797377E-7   -5684832.50919828+466140.7822955218i              8262863.792772345
0                         4.791636584291479E-7     -1.9102442933423692E-7   -5298023.9121359+538007.6309837748i               7838894.549991585
0                         4.791636584291479E-7     -1.728316265405001E-7    -4806054.517770316+633109.3115787437i             7387366.628531944
0                         4.791636584291479E-7     -1.5463882374676323E-7   -4302799.258224002+728515.645543964i              6955109.481593225
0                         4.791636584291479E-7     -1.3644602095302636E-7   -3735701.0176659194+748654.0416424248i            6532874.497469542
0                         4.791636584291479E-7     -1.1825321815928954E-7   -3158676.724119461+732594.8388481813i             6173551.4713283265
0                         4.791636584291479E-7     -1.0006041536555267E-7   -2717617.536469453+731444.6185563959i             5896425.142816854
0                         4.791636584291479E-7     -8.186761257181585E-8    -2411194.616856644+672523.1489403227i             5670905.8068135595
0                         4.791636584291479E-7     -6.367480977807897E-8    -1838640.02323594+619277.1318831204i              5482992.439184898
0                         4.791636584291479E-7     -4.5482006984342155E-8   -1173544.3993435488+332858.0489313485i            5180899.092177133
0                         4.791636584291479E-7     -2.7289204190605282E-8   -619210.578686223+254515.9450626063i              5178498.880368463
0                         4.791636584291479E-7     -9.09640139686841E-9     -61604.15534461895+42425.44443723641i             5068545.251363414
0                         4.791636584291479E-7     9.09640139686841E-9      450129.14492070506-189598.85596092825i            5162944.44640117
0                         4.791636584291479E-7     2.7289204190605282E-8    938029.9819962454-362045.857049649i               5294686.519027256
0                         4.791636584291479E-7     4.5482006984342155E-8    1428596.8496760598-538046.5419741493i             5523394.022183948
0                         4.791636584291479E-7     6.367480977807897E-8     2016260.6074802012-751415.4509423263i             5669356.884557491
0                         4.791636584291479E-7     8.18676125718158E-8      2464236.713857053-939263.4613911678i              5850703.432543532
0                         4.791636584291479E-7     1.0006041536555261E-7    3014684.655944674-954757.3773051868i              6120322.965927519
0                         4.791636584291479E-7     1.1825321815928954E-7    3548237.367889736-958309.3102067111i              6477687.074716892
0                         4.791636584291479E-7     1.3644602095302636E-7    4064894.849692233-949919.2600957413i              6898044.074802091
0                         4.791636584291479E-7     1.5463882374676318E-7    4590718.90759834-863028.0213820763i               7294690.728859267
0                         4.791636584291479E-7     1.728316265405001E-7     5005390.253054986-744672.8434689762i              7626722.767066196
0                         4.791636584291479E-7     1.9102442933423692E-7    5392425.82534172-610688.901136996i                8041390.963105625
0                         4.791636584291479E-7     2.0921723212797374E-7    5816978.42133342-439805.2429345744i               8449777.736214265
0                         4.791636584291479E-7     2.2741003492171056E-7    6199257.531997996-297041.37700322596i             8831555.910511926
0                         4.791636584291479E-7     2.456028377154475E-7     6477044.263675329-44679.69452685572i              9183507.73155305
0                         4.791636584291479E-7     2.637956405091843E-7     6764762.9086043695+155627.3095534069i             9527978.813709134
0                         4.791636584291479E-7     2.819884433029211E-7     7033043.870514726+351059.5466165098i              9856253.724665815
0                         4.791636584291479E-7     3.0018124609665805E-7    7281887.149406394+541617.0166624568i              1.016583058927721E7
0                         4.791636584291479E-7     3.1837404889039487E-7    7511292.745279377+727299.719691242i               1.045474696645675E7
0                         4.791636584291479E-7     3.365668516841317E-7     7534600.600688171+302479.03555174865i             1.0761016475487744E7
0                         4.791636584291479E-7     3.547596544778685E-7     7707755.231884493+785592.5667065439i              1.0738226534064967E7
0                         4.791636584291479E-7     3.7295245727160544E-7    7775898.259395694+885520.4623882205i              1.0838054854344578E7
0                         4.791636584291479E-7     3.9114526006534226E-7    7828219.712292791+965457.1368946155i              1.0915560700327802E7
0                         4.791636584291479E-7     4.093380628590791E-7     7864719.590575786+1025402.5902257354i             1.0969913690799592E7
0                         4.791636584291479E-7     4.27530865652816E-7      7885397.8942446755+1065356.822381577i             1.1000546815350587E7
0                         4.791636584291479E-7     4.457236684465528E-7     7890254.623299458+1085319.8333621412i             1.1007137926866854E7
0                         4.956865432025667E-7     -4.457236684465528E-7    -7696572.1045646-394821.86320004315i              1.0872519317993507E7
0                         4.956865432025667E-7     -4.2753086565281595E-7   -7642274.869731542-378224.080308639i              1.082744347122119E7
0                         4.956865432025667E-7     -4.0933806285907913E-7   -7572331.384564328-348434.67298140906i            1.0762909747082764E7
0                         4.956865432025667E-7     -3.9114526006534226E-7   -7501245.238330449-288554.3262709023i             1.0616499822237441E7
0                         4.956865432025667E-7     -3.7295245727160544E-7   -7501244.089282883-304370.04494094383i            1.0716147660742017E7
0                         4.956865432025667E-7     -3.5475965447786856E-7   -7388618.35429902-178969.295472641i               1.0534341440993156E7
0                         4.956865432025667E-7     -3.365668516841317E-7    -7252930.754664883-67010.7975872485i              1.0354465105517859E7
0                         4.956865432025667E-7     -3.1837404889039487E-7   -7091039.513609394+26190.53309488925i             1.0129769306901157E7
0                         4.956865432025667E-7     -3.0018124609665805E-7   -6911683.142380811+125286.12744210963i            9883863.743941795
0                         4.956865432025667E-7     -2.819884433029212E-7    -6714861.640979137+230275.98545440903i            9617991.215601895
0                         4.956865432025667E-7     -2.637956405091843E-7    -6500575.009404371+341160.10713178816i            9333738.257274305
0                         4.956865432025667E-7     -2.456028377154475E-7    -6234069.643432018+369197.9422876915i             9010901.74338363
0                         4.956865432025667E-7     -2.2741003492171061E-7   -5903816.213553986+526268.3888176274i             8559824.005590085
0                         4.956865432025667E-7     -2.0921723212797377E-7   -5559101.826877232+620487.0078509148i             8206389.057533205
0                         4.956865432025667E-7     -1.9102442933423692E-7   -5075801.440848007+686693.6978238928i             7737221.268852062
0                         4.956865432025667E-7     -1.728316265405001E-7    -4581215.189638059+753205.041167127i              7279789.839689073
0                         4.956865432025667E-7     -1.5463882374676323E-7   -4075343.073247375+820021.0378806172i             6842213.149517249
0                         4.956865432025667E-7     -1.3644602095302636E-7   -3496818.788344357+790708.5824511758i             6373756.567133028
0                         4.956865432025667E-7     -1.1825321815928954E-7   -3132636.7768201223+827453.6424957858i            6105218.223150261
0                         4.956865432025667E-7     -1.0006041536555267E-7   -2643160.430452046+723587.6880923735i             5735670.98120362
0                         4.956865432025667E-7     -8.186761257181585E-8    -2214437.74576498+686514.8068572477i              5505301.50657918
0                         4.956865432025667E-7     -6.367480977807897E-8    -1656966.6192576867+558141.4396068574i            5223570.924512936
0                         4.956865432025667E-7     -4.5482006984342155E-8   -1240341.8852384104+657468.7217751408i            5180284.184893954
0                         4.956865432025667E-7     -2.7289204190605282E-8   -681063.8326792938+412606.33269935974i            4931681.0196052715
0                         4.956865432025667E-7     -9.09640139686841E-9     -123662.25076476135+173435.2383059368i            4798940.33633671
0                         4.956865432025667E-7     9.09640139686841E-9      431862.8605051846-60044.561405121814i             4789589.682094821
0                         4.956865432025667E-7     2.7289204190605282E-8    921624.0037440222-318809.14735299745i             5052461.071962417
0                         4.956865432025667E-7     4.5482006984342155E-8    1390312.7885137012-608704.5664884741i             5214257.492706165
0                         4.956865432025667E-7     6.367480977807897E-8     1996408.97615263-730966.876721247i                5435758.055165216
0                         4.956865432025667E-7     8.18676125718158E-8      2360519.255330125-952473.2216416845i              5717469.427087039
0                         4.956865432025667E-7     1.0006041536555261E-7    2906138.6687098406-990530.3614964498i             5989327.4756173035
0                         4.956865432025667E-7     1.1825321815928954E-7    3434862.8519469975-1016645.5183387187i            6351755.070777862
0                         4.956865432025667E-7     1.3644602095302636E-7    3911820.5576351704-1003465.828365444i             6747686.917271097
0                         4.956865432025667E-7     1.5463882374676318E-7    4395121.055610128-989019.8177896137i              7159795.448655847
0                         4.956865432025667E-7     1.728316265405001E-7     4822953.380909835-915359.1937658854i              7545594.433989779
0                         4.956865432025667E-7     1.9102442933423692E-7    5207698.068592442-805081.1396944135i              7963906.098640741
0                         4.956865432025667E-7     2.0921723212797374E-7    5595943.899317373-671379.4369809311i              8372071.925348835
0                         4.956865432025667E-7     2.2741003492171056E-7    5939361.819709524-481675.34147789027i             8758824.603704296
0                         4.956865432025667E-7     2.456028377154475E-7     6242449.471785915-299090.5874520171i              9111393.50781721
0                         4.956865432025667E-7     2.637956405091843E-7     6526099.440843625-121380.60044330312i             9450846.338811807
0                         4.956865432025667E-7     2.819884433029211E-7     6665474.3004954215-201695.27914341912i            9628229.651480183
0                         4.956865432025667E-7     3.0018124609665805E-7    6889523.350856388-144695.31389559247i             9887302.76588587
0                         4.956865432025667E-7     3.1837404889039487E-7    7096502.8847743515-81045.47968035284i             1.0126451619313706E7
0                         4.956865432025667E-7     3.365668516841317E-7     7415737.902993748+84601.06310959323i              1.0342554053831602E7
0                         4.956865432025667E-7     3.547596544778685E-7     7457162.283619663+108944.17826966659i             1.057372253352658E7
0                         4.956865432025667E-7     3.7295245727160544E-7    7538149.635878789+119617.96202243789i             1.066409534886159E7
0                         4.956865432025667E-7     3.9114526006534226E-7    7600484.42045331+128055.4078018301i               1.0733845407488452E7
0                         4.956865432025667E-7     4.093380628590791E-7     7644166.637343241+134256.5156078413i              1.0782511209200375E7
0                         4.956865432025667E-7     4.27530865652816E-7      7669196.28654857+138221.28544046974i              1.0809769150618352E7
0                         4.956865432025667E-7     4.457236684465528E-7     7696572.10456459+394821.86320001923i              1.0872648316462118E7
0                         5.122094279759856E-7     -4.457236684465528E-7    -7416610.974948609+437083.9929291727i             1.0732384518095052E7
0                         5.122094279759856E-7     -4.2753086565281595E-7   -7406615.280714059+434168.05960136396i            1.0725631752921952E7
0                         5.122094279759856E-7     -4.0933806285907913E-7   -7378275.944610945+426779.9865924042i             1.07005346776148E7
0                         5.122094279759856E-7     -3.9114526006534226E-7   -7278645.388328872+162918.64624850158i            1.0732142174140846E7
0                         5.122094279759856E-7     -3.7295245727160544E-7   -7314077.531135544+215865.13095115824i            1.07037214667428E7
0                         5.122094279759856E-7     -3.5475965447786856E-7   -7204668.465385659+328306.1781042791i             1.0524334589479338E7
0                         5.122094279759856E-7     -3.365668516841317E-7    -7074422.872469675+435989.5894448715i             1.0334341995733699E7
0                         5.122094279759856E-7     -3.1837404889039487E-7   -6914670.581153269+512319.8150097099i             1.0104639112628337E7
0                         5.122094279759856E-7     -3.0018124609665805E-7   -6737453.159663767+594544.3042396279i             9854531.818562452
0                         5.122094279759856E-7     -2.819884433029212E-7    -6321671.420079321+907143.6112712086i             9469610.952105878
0                         5.122094279759856E-7     -2.637956405091843E-7    -6083699.359235271+914565.1561944103i             9157076.98383082
0                         5.122094279759856E-7     -2.456028377154475E-7    -5831475.07603083+919343.5048544814i              8828755.421163224
0                         5.122094279759856E-7     -2.2741003492171061E-7   -5528998.785318293+909349.6580768328i             8409754.36317682
0                         5.122094279759856E-7     -2.0921723212797377E-7   -5202400.309722047+919346.056214233i              8027128.704747628
0                         5.122094279759856E-7     -1.9102442933423692E-7   -4849500.10597157+934130.4996000282i              7667852.192079515
0                         5.122094279759856E-7     -1.728316265405001E-7    -4484027.428092872+941135.052629749i              7312603.93888068
0                         5.122094279759856E-7     -1.5463882374676323E-7   -3847886.888270746+911526.4302172714i             6773277.7239735685
0                         5.122094279759856E-7     -1.3644602095302636E-7   -3537783.622901417+968336.0569918868i             6435068.72697587
0                         5.122094279759856E-7     -1.1825321815928954E-7   -2981664.5450778184+772756.9053381695i            5951864.476253166
0                         5.122094279759856E-7     -1.0006041536555267E-7   -2518378.532651976+730927.3367868343i             5595858.276105248
0                         5.122094279759856E-7     -8.186761257181585E-8    -2064912.2448074594+651346.265037113i             5325053.627022276
0                         5.122094279759856E-7     -6.367480977807897E-8    -1565310.1604267482+509457.10330062394i           5062742.306752034
0                         5.122094279759856E-7     -4.5482006984342155E-8   -1114907.6389718987+341964.6250640925i            4964432.340000488
0                         5.122094279759856E-7     -2.7289204190605282E-8   -546957.1400190112+100126.84350730455i            4768011.623790529
0                         5.122094279759856E-7     -9.09640139686841E-9     -62887.679759987455-53176.9412477375i             4636496.200647532
0                         5.122094279759856E-7     9.09640139686841E-9      420525.4758896244-204306.35477778493i             4613652.597107639
0                         5.122094279759856E-7     2.7289204190605282E-8    893380.272810588-369428.09426937846i              4733373.090852878
0                         5.122094279759856E-7     4.5482006984342155E-8    1338793.162721754-628579.0876413479i              5002681.552972787
0                         5.122094279759856E-7     6.367480977807897E-8     1776700.5648911833-825096.0128393881i             5353557.428578424
0                         5.122094279759856E-7     8.18676125718158E-8      2454686.076354073-858797.8409094582i              5586368.41761877
0                         5.122094279759856E-7     1.0006041536555261E-7    2797592.681475009-1026303.345687712i              5891755.705924959
0                         5.122094279759856E-7     1.1825321815928954E-7    3221536.6299736137-1089351.1637629862i            6254242.875266759
0                         5.122094279759856E-7     1.3644602095302636E-7    3716775.2865930647-1103384.3299559928i            6648566.696056238
0                         5.122094279759856E-7     1.5463882374676318E-7    4199523.203621918-1115011.6141971536i             7067383.362717745
0                         5.122094279759856E-7     1.728316265405001E-7     4640516.508764684-1086045.5440627944i             7502855.220771028
0                         5.122094279759856E-7     1.9102442933423692E-7    5022970.311843164-999473.3782518322i              7927939.923424749
0                         5.122094279759856E-7     2.0921723212797374E-7    5395090.242409358-922389.258809187i               8355160.2625802765
0                         5.122094279759856E-7     2.2741003492171056E-7    5698889.253786944-857151.5946685965i              8703964.77872536
0                         5.122094279759856E-7     2.456028377154475E-7     5970396.335600212-831081.5843192157i              9012288.712547379
0                         5.122094279759856E-7     2.637956405091843E-7     6224833.90097048-798361.705002429i                9306552.514300063
0                         5.122094279759856E-7     2.819884433029211E-7     6462201.94989775-758991.9567182278i               9584432.599043306
0                         5.122094279759856E-7     3.0018124609665805E-7    6682500.482382022-712972.3394666193i              9844130.744425913
0                         5.122094279759856E-7     3.1837404889039487E-7    6985984.2170989765-581580.0460389924i             1.0065261713605428E7
0                         5.122094279759856E-7     3.365668516841317E-7     7127165.022922785-506476.4310584564i              1.0246204644502968E7
0                         5.122094279759856E-7     3.547596544778685E-7     7323240.393001071-414087.662398844i               1.047132352403362E7
0                         5.122094279759856E-7     3.7295245727160544E-7    7277750.255248463-453789.82964806544i             1.0581665844160356E7
0                         5.122094279759856E-7     3.9114526006534226E-7    7340444.286700394-446258.8635082748i              1.0649286473264735E7
0                         5.122094279759856E-7     4.093380628590791E-7     7384485.750467733-440964.2353418658i              1.069708896289744E7
0                         5.122094279759856E-7     4.27530865652816E-7      7409874.6465504635-437905.9451488377i             1.0724734538066152E7
0                         5.122094279759856E-7     4.457236684465528E-7     7416610.974948597-437083.9929291896i              1.073202859857034E7
0                         5.287323127494045E-7     -4.457236684465528E-7    -7157648.581827915+1014117.7031580824i            1.0724743187512515E7
0                         5.287323127494045E-7     -4.2753086565281595E-7   -7147515.289329664+1009902.0386320031i            1.0717025041885605E7
0                         5.287323127494045E-7     -4.0933806285907913E-7   -7119038.354962846+1001214.2344247736i            1.0691402677340332E7
0                         5.287323127494045E-7     -3.9114526006534226E-7   -7060250.995225755+1022954.4902569207i            1.0802647775290556E7
0                         5.287323127494045E-7     -3.7295245727160544E-7   -6942364.669288285+797995.2606310903i             1.0531734988244344E7
0                         5.287323127494045E-7     -3.5475965447786856E-7   -6828210.269654999+852453.4241431686i             1.0368520945573589E7
0                         5.287323127494045E-7     -3.365668516841317E-7    -6670434.43040256+1097948.8648473239i             1.0354306438159779E7
0                         5.287323127494045E-7     -3.1837404889039487E-7   -6516950.614296343+1288013.5553938013i            1.0033598390962532E7
0                         5.287323127494045E-7     -3.0018124609665805E-7   -6309870.888212411+1288816.7910604174i            9749932.229811616
0                         5.287323127494045E-7     -2.819884433029212E-7    -6088538.93976808+1286976.8304639033i             9448450.0676088
0                         5.287323127494045E-7     -2.637956405091843E-7    -5852954.7689633565+1282493.673604256i            9130385.67124311
0                         5.287323127494045E-7     -2.456028377154475E-7    -5602132.535889188+1272870.8495450153i            8787678.23007842
0                         5.287323127494045E-7     -2.2741003492171061E-7   -5297896.233822787+1250418.9408635127i            8363282.985978822
0                         5.287323127494045E-7     -2.0921723212797377E-7   -4967920.63410944+1254523.776351323i              8002960.040164855
0                         5.287323127494045E-7     -1.9102442933423692E-7   -4618034.1147041+1254623.7600353833i              7641512.457576535
0                         5.287323127494045E-7     -1.728316265405001E-7    -4255575.121170536+1246943.8533633684i            7284741.8358112555
0                         5.287323127494045E-7     -1.5463882374676323E-7   -3857263.5773964915+1117721.9104092552i           6850109.996085679
0                         5.287323127494045E-7     -1.3644602095302636E-7   -3379858.346305027+1033035.9039833127i            6369106.073220859
0                         5.287323127494045E-7     -1.1825321815928954E-7   -2929452.553916699+973624.4089965518i             5953021.209908664
0                         5.287323127494045E-7     -1.0006041536555267E-7   -2495157.659714098+893364.286868225i              5588955.108458761
0                         5.287323127494045E-7     -8.186761257181585E-8    -2006293.2994362363+733838.5706845254i            5244225.151689419
0                         5.287323127494045E-7     -6.367480977807897E-8    -1513389.0223589474+571035.8721758027i            4972069.8912675725
0                         5.287323127494045E-7     -4.5482006984342155E-8   -1062748.6046792797+387075.3027033554i            4834148.344036288
0                         5.287323127494045E-7     -2.7289204190605282E-8   -586286.3254315298+104488.35128441663i            4671702.574317783
0                         5.287323127494045E-7     -9.09640139686841E-9     -107678.21322767322-66241.92212933651i            4530922.413460508
0                         5.287323127494045E-7     9.09640139686841E-9      370273.5943667717-234797.8243180971i              4504604.148094115
0                         5.287323127494045E-7     2.7289204190605282E-8    847569.0973518078-401179.35528186406i             4593718.479491854
0                         5.287323127494045E-7     4.5482006984342155E-8    1303070.5808768054-595405.4129955098i             4861505.757427229
0                         5.287323127494045E-7     6.367480977807897E-8     1751324.167723946-773717.9126262207i              5210589.306299789
0                         5.287323127494045E-7     8.18676125718158E-8      2194025.2377101937-996623.4113773676i             5477111.083907307
0                         5.287323127494045E-7     1.0006041536555261E-7    2608874.4712829846-1182479.821499032i             5862376.026198946
0                         5.287323127494045E-7     1.1825321815928954E-7    3027043.939877614-1163196.370536547i              6189324.485350582
0                         5.287323127494045E-7     1.3644602095302636E-7    3521730.0155509575-1203302.8315465413i            6590362.909009697
0                         5.287323127494045E-7     1.5463882374676318E-7    4003925.3516337075-1241003.4106046923i            7017524.862035404
0                         5.287323127494045E-7     1.728316265405001E-7     4458079.6366195325-1256731.8943597034i            7499416.948121455
0                         5.287323127494045E-7     1.9102442933423692E-7    4946100.051691549-1322568.8190585366i             8001592.181791679
0                         5.287323127494045E-7     2.0921723212797374E-7    5248525.522344761-1362976.0315303626i             8383430.102377751
0                         5.287323127494045E-7     2.2741003492171056E-7    5506868.456819356-1381507.2282547485i             8719269.89269444
0                         5.287323127494045E-7     2.456028377154475E-7     5774625.020755928-1366417.5659015863i             9029988.431780409
0                         5.287323127494045E-7     2.637956405091843E-7     6025312.068249504-1344678.0345810167i             9327364.244736968
0                         5.287323127494045E-7     2.819884433029211E-7     6258929.599300077-1316288.6342930356i             9609069.592621729
0                         5.287323127494045E-7     3.0018124609665805E-7    6510165.473171725-1213873.1864268607i             9831269.587787163
0                         5.287323127494045E-7     3.1837404889039487E-7    6704569.578131145-1133151.3675808476i             1.0055923544784274E7
0                         5.287323127494045E-7     3.365668516841317E-7     6838592.142851827-1097553.9252265072i             1.0229454426167032E7
0                         5.287323127494045E-7     3.547596544778685E-7     6957511.31703453-1053850.2538105433i              1.0378709763593992E7
0                         5.287323127494045E-7     3.7295245727160544E-7    7116159.636594979-962985.8021449158i              1.052528710000526E7
0                         5.287323127494045E-7     3.9114526006534226E-7    7080404.152947478-1020573.1348183802i             1.0638584205866091E7
0                         5.287323127494045E-7     4.093380628590791E-7     7124804.863592215-1016184.9862915718i             1.0685875130273584E7
0                         5.287323127494045E-7     4.27530865652816E-7      7150553.006552359-1014033.1757381436i             1.0714471162264187E7
0                         5.287323127494045E-7     4.457236684465528E-7     7157648.581827901-1014117.7031580977i             1.0724180639062515E7
0                         5.452551975228234E-7     -4.457236684465528E-7    -6898686.188707217+1591151.413386992i             1.0790321228681387E7
0                         5.452551975228234E-7     -4.2753086565281595E-7   -6888415.297945265+1585636.017662644i             1.078145951148099E7
0                         5.452551975228234E-7     -4.0933806285907913E-7   -6859800.765314753+1575648.482257143i             1.0755311427295333E7
0                         5.452551975228234E-7     -3.9114526006534226E-7   -6802331.015186142+1591897.0302905685i            1.0837551712445907E7
0                         5.452551975228234E-7     -3.7295245727160544E-7   -6721518.324240015+1627016.3504096852i            1.0659914719231596E7
0                         5.452551975228234E-7     -3.5475965447786856E-7   -6549475.369957009+1587015.7347286018i            1.049883241045496E7
0                         5.452551975228234E-7     -3.365668516841317E-7    -6415289.794929557+1559263.0104218274i            1.0345146912824744E7
0                         5.452551975228234E-7     -3.1837404889039487E-7   -6279042.353906453+1691656.1781521973i            1.0089473602896726E7
0                         5.452551975228234E-7     -3.0018124609665805E-7   -6074350.517861841+1680554.7120359647i            9795196.108325118
0                         5.452551975228234E-7     -2.819884433029212E-7    -5855406.45945684+1666810.0496566i                9484166.1566827
0                         5.452551975228234E-7     -2.637956405091843E-7    -5622210.17869144+1650422.191014104i              9157612.294887053
0                         5.452551975228234E-7     -2.456028377154475E-7    -5368359.1189251+1626392.3915252206i              8798467.105911044
0                         5.452551975228234E-7     -2.2741003492171061E-7   -5066793.6823272845+1591488.2236501928i           8364781.906188447
0                         5.452551975228234E-7     -2.0921723212797377E-7   -4733440.958496836+1589701.4964884133i            8027690.922144101
0                         5.452551975228234E-7     -1.9102442933423692E-7   -4386568.123436628+1575117.0204707382i            7661383.7636958575
0                         5.452551975228234E-7     -1.728316265405001E-7    -4053074.300111912+1441696.199687607i             7253384.726619534
0                         5.452551975228234E-7     -1.5463882374676323E-7   -3711744.774662206+1359375.2157161518i            6845926.554521699
0                         5.452551975228234E-7     -1.3644602095302636E-7   -3364438.743316983+1268431.010208324i             6457624.155225098
0                         5.452551975228234E-7     -1.1825321815928954E-7   -2877240.5627555787+1174491.912654935i            5992195.312272479
0                         5.452551975228234E-7     -1.0006041536555267E-7   -2429840.9070394537+996770.1292878698i            5562223.036633877
0                         5.452551975228234E-7     -8.186761257181585E-8    -1947674.3540650136+816330.8763319375i            5204722.602000172
0                         5.452551975228234E-7     -6.367480977807897E-8    -1461467.8842911443+632614.6410509829i            4921484.88092233
0                         5.452551975228234E-7     -4.5482006984342155E-8   -1010589.5703866638+432185.9803426148i            4737796.803475588
0                         5.452551975228234E-7     -2.7289204190605282E-8   -603484.0680455012+218382.94225985417i            4502864.833939719
0                         5.452551975228234E-7     -9.09640139686841E-9     -152468.7466953593-79306.90301093855i             4459735.955724633
0                         5.452551975228234E-7     9.09640139686841E-9      320021.7128439196-265289.2938584081i              4430257.47833233
0                         5.452551975228234E-7     2.7289204190605282E-8    791855.8677737891-449097.3134808857i              4523193.359464799
0                         5.452551975228234E-7     4.5482006984342155E-8    1263033.7180942474-630730.9618783698i             4730318.129550767
0                         5.452551975228234E-7     6.367480977807897E-8     1699377.2190725966-850644.3499419343i             5144688.613513183
0                         5.452551975228234E-7     8.18676125718158E-8      2128253.8838745714-1083596.5640276265i            5418509.800568365
0                         5.452551975228234E-7     1.0006041536555261E-7    2635483.947862921-1243679.5421785086i             5817157.429851382
0                         5.452551975228234E-7     1.1825321815928954E-7    3113407.3753740257-1375098.5234038227i            6285811.544040365
0                         5.452551975228234E-7     1.3644602095302636E-7    3503493.9856444583-1503393.152674217i             6694277.333318416
0                         5.452551975228234E-7     1.5463882374676318E-7    3882951.3009902104-1627868.2525982186i            7120149.611900908
0                         5.452551975228234E-7     1.728316265405001E-7     4243086.063601795-1753848.1723957625i             7561218.132941511
0                         5.452551975228234E-7     1.9102442933423692E-7    4763731.212325981-1808175.274918103i              8037004.985895245
0                         5.452551975228234E-7     2.0921723212797374E-7    5062100.019704529-1858632.9081642386i             8426721.186443644
0                         5.452551975228234E-7     2.2741003492171056E-7    5346087.509757848-1900913.1444717832i             8803190.894891474
0                         5.452551975228234E-7     2.456028377154475E-7     5578853.705911643-1901753.5474839592i             9108674.26793473
0                         5.452551975228234E-7     2.637956405091843E-7     5825790.235528526-1890994.364159605i              9412235.260889722
0                         5.452551975228234E-7     2.819884433029211E-7     6018086.044800002-1819627.1567002605i             9648179.316819154
0                         5.452551975228234E-7     3.0018124609665805E-7    6226538.693799637-1773255.4540405176i             9880354.49719139
0                         5.452551975228234E-7     3.1837404889039487E-7    6417085.003752917-1717877.0810371689i             1.0112818337616453E7
0                         5.452551975228234E-7     3.365668516841317E-7     6550019.262780866-1688631.4193945574i             1.0289232638362914E7
0                         5.452551975228234E-7     3.547596544778685E-7     6667850.131270831-1651279.5286903232i             1.0440470914414797E7
0                         5.452551975228234E-7     3.7295245727160544E-7    6816321.113941849-1560982.1986092643i             1.060246247557823E7
0                         5.452551975228234E-7     3.9114526006534226E-7    6820364.01919456-1594887.4061284873i              1.0699617653065639E7
0                         5.452551975228234E-7     4.093380628590791E-7     6865123.976716703-1591405.7372412775i             1.0746736571635766E7
0                         5.452551975228234E-7     4.27530865652816E-7      6891231.366554253-1590160.4063274506i             1.0776800772071708E7
0                         5.452551975228234E-7     4.457236684465528E-7     6898686.188707204-1591151.4133870057i             1.0789623033895502E7
0                         5.617780822962422E-7     -4.457236684465528E-7    -6639723.795586521+2168185.1236159015i            1.092575818140453E7
0                         5.617780822962422E-7     -4.2753086565281595E-7   -6629315.30656087+2161369.9966932824i             1.0915595764468784E7
0                         5.617780822962422E-7     -4.0933806285907913E-7   -6600563.175666659+2150082.730089513i             1.0888921961887224E7
0                         5.617780822962422E-7     -3.9114526006534226E-7   -6544411.035146529+2160839.5703242156i            1.0941281957415698E7
0                         5.617780822962422E-7     -3.7295245727160544E-7   -6464692.273645738+2193275.660489936i             1.076424467108806E7
0                         5.617780822962422E-7     -3.5475965447786856E-7   -6296412.700188894+2322089.4955886677i            1.0689248346870553E7
0                         5.617780822962422E-7     -3.365668516841317E-7    -6160145.159456555+2020577.1559963343i            1.0402986728398537E7
0                         5.617780822962422E-7     -3.1837404889039487E-7   -6013640.1167536+1974732.898938231i               1.0210559869776743E7
0                         5.617780822962422E-7     -3.0018124609665805E-7   -5838830.147511277+2072292.6330115113i            9899012.238478687
0                         5.617780822962422E-7     -2.819884433029212E-7    -5622273.979145599+2046643.2688492974i            9575473.34387638
0                         5.617780822962422E-7     -2.637956405091843E-7    -5391465.588419526+2018350.7084239502i            9237698.295231376
0                         5.617780822962422E-7     -2.456028377154475E-7    -5134585.701961011+1979913.933505427i             8859156.10580822
0                         5.617780822962422E-7     -2.2741003492171061E-7   -4830247.95947107+1946368.2619888377i             8475436.063486302
0                         5.617780822962422E-7     -2.0921723212797377E-7   -4498961.282884224+1924879.2166255023i            8100116.395964974
0                         5.617780822962422E-7     -1.9102442933423692E-7   -4231716.833058158+1785677.055820167i             7725527.081254243
0                         5.617780822962422E-7     -1.728316265405001E-7    -3901959.655440799+1697664.399189794i             7295194.085429351
0                         5.617780822962422E-7     -1.5463882374676323E-7   -3566225.97192792+1601028.521023045i              6876244.133755193
0                         5.617780822962422E-7     -1.3644602095302636E-7   -3224515.782519522+1495769.4213199257i            6477110.215930378
0                         5.617780822962422E-7     -1.1825321815928954E-7   -2708250.7319796747+1335229.077673224i            5970629.674810261
0                         5.617780822962422E-7     -1.0006041536555267E-7   -2314276.0686077843+1125081.8459886615i           5560374.479547005
0                         5.617780822962422E-7     -8.186761257181585E-8    -1916779.8334782366+911172.1483194663i            5202697.508451105
0                         5.617780822962422E-7     -6.367480977807897E-8    -1515762.0265910225+693499.9846656315i            4912996.55775573
0                         5.617780822962422E-7     -4.5482006984342155E-8   -1069527.997974339+455772.41468345234i            4691573.8121797815
0                         5.617780822962422E-7     -2.7289204190605282E-8   -558160.8016305319+246992.13220133563i            4426815.982873226
0                         5.617780822962422E-7     -9.09640139686841E-9     -151900.9557183173+20102.358163630124i            4291317.9695796985
0                         5.617780822962422E-7     9.09640139686841E-9      269769.8313210674-295780.7633987161i              4390756.56361236
0                         5.617780822962422E-7     2.7289204190605282E-8    736142.6381957701-497015.27167990967i             4488728.1170943575
0                         5.617780822962422E-7     4.5482006984342155E-8    1201859.140461062-696075.4087361045i              4707661.314023192
0                         5.617780822962422E-7     6.367480977807897E-8     1652127.1819095735-952819.718766873i              5036306.781558325
0                         5.617780822962422E-7     8.18676125718158E-8      2132419.557456069-1164628.9049465188i             5389871.258559581
0                         5.617780822962422E-7     1.0006041536555261E-7    2510761.5294423383-1371674.6544786366i            5794354.70973074
0                         5.617780822962422E-7     1.1825321815928954E-7    2882830.3036494222-1572902.3180908354i            6240377.330684139
0                         5.617780822962422E-7     1.3644602095302636E-7    3330937.2416489674-1689455.183007397i             6711025.667232592
0                         5.617780822962422E-7     1.5463882374676318E-7    3707048.4673457406-1826429.7901011568i            7151578.010630655
0                         5.617780822962422E-7     1.728316265405001E-7     4059235.119287401-1965675.4857128188i             7590979.327136049
0                         5.617780822962422E-7     1.9102442933423692E-7    4364167.267932605-2109391.4942613146i             8007602.813574575
0                         5.617780822962422E-7     2.0921723212797374E-7    4657977.304187803-2245434.2798402165i             8416988.589694127
0                         5.617780822962422E-7     2.2741003492171056E-7    4940665.228052999-2373803.842449527i              8815296.505232407
0                         5.617780822962422E-7     2.456028377154475E-7     5421154.853296371-2450773.7020232324i             9281412.641746849
0                         5.617780822962422E-7     2.637956405091843E-7     5509745.931983808-2398841.9568591835i             9508123.511725146
0                         5.617780822962422E-7     2.819884433029211E-7     5734625.364760222-2365199.783409638i              9759470.60956497
0                         5.617780822962422E-7     3.0018124609665805E-7    5942911.9144275505-2332637.721654173i             1.000045411322896E7
0                         5.617780822962422E-7     3.1837404889039487E-7    6129600.429374694-2302602.7944934904i             1.024062251306123E7
0                         5.617780822962422E-7     3.365668516841317E-7     6261446.38270991-2279708.913562608i               1.0421178455849057E7
0                         5.617780822962422E-7     3.547596544778685E-7     6378188.945507139-2248708.803570101i              1.0575991566918032E7
0                         5.617780822962422E-7     3.7295245727160544E-7    6479828.117766383-2209602.4645159747i             1.070430902816622E7
0                         5.617780822962422E-7     3.9114526006534226E-7    6589054.540726251-2119748.7347089816i             1.0787116384504102E7
0                         5.617780822962422E-7     4.093380628590791E-7     6605443.089841196-2166626.4881909844i             1.087647303261354E7
0                         5.617780822962422E-7     4.27530865652816E-7      6631909.726556148-2166287.6369167566i             1.0908461893569002E7
0                         5.617780822962422E-7     4.457236684465528E-7     6639723.795586506-2168185.123615912i              1.0924992095868593E7
0                         5.783009670696611E-7     -4.457236684465528E-7    -6380761.402465823+2745218.8338448117i            1.1126837730099339E7
0                         5.783009670696611E-7     -4.2753086565281595E-7   -6370215.315176472+2737103.975723922i             1.1115241355893362E7
0                         5.783009670696611E-7     -4.0933806285907913E-7   -6341325.586018561+2724516.9779218826i            1.1088039526780687E7
0                         5.783009670696611E-7     -3.9114526006534226E-7   -6286491.055106916+2729782.110357864i             1.1110681880438188E7
0                         5.783009670696611E-7     -3.7295245727160544E-7   -6118556.088550897+2801761.5151823047i            1.1022986979807239E7
0                         5.783009670696611E-7     -3.5475965447786856E-7   -6023242.153553281+2765586.295511978i             1.0842030914312264E7
0                         5.783009670696611E-7     -3.365668516841317E-7    -5916228.882077001+2715384.9596134257i            1.0630322177756976E7
0                         5.783009670696611E-7     -3.1837404889039487E-7   -5761469.96202749+2428672.9689194355i             1.0321564769031264E7
0                         5.783009670696611E-7     -3.0018124609665805E-7   -5602645.4516490325+2364737.1791100083i           1.0089430925317822E7
0                         5.783009670696611E-7     -2.819884433029212E-7    -5389141.498834355+2426476.488041995i             9720486.278412808
0                         5.783009670696611E-7     -2.637956405091843E-7    -5160720.9981476115+2386279.225833797i            9369047.448367339
0                         5.783009670696611E-7     -2.456028377154475E-7    -4900812.284996924+2333435.4754856336i            8968308.00045778
0                         5.783009670696611E-7     -2.2741003492171061E-7   -4592754.599513324+2296230.4418276628i            8604941.889679898
0                         5.783009670696611E-7     -2.0921723212797377E-7   -4264481.607271616+2260056.9367625923i            8218663.066331189
0                         5.783009670696611E-7     -1.9102442933423692E-7   -4075006.346450221+2055960.1495176482i            7816817.196214126
0                         5.783009670696611E-7     -1.728316265405001E-7    -3750845.0107696876+1953632.5986919818i           7372230.912606708
0                         5.783009670696611E-7     -1.5463882374676323E-7   -3243575.8727140706+1878569.46855634i             6942493.3442030335
0                         5.783009670696611E-7     -1.3644602095302636E-7   -2940485.568102643+1662036.9880594315i            6505907.822422262
0                         5.783009670696611E-7     -1.1825321815928954E-7   -2601713.0795639744+1442662.001893395i            5999230.403252155
0                         5.783009670696611E-7     -1.0006041536555267E-7   -2212734.983696947+1219965.9591457671i            5570997.904902908
0                         5.783009670696611E-7     -8.186761257181585E-8    -1820235.3160722603+993507.4504135046i            5196937.117700897
0                         5.783009670696611E-7     -6.367480977807897E-8    -1378353.174535878+779785.9183213331i             4924915.875492543
0                         5.783009670696611E-7     -4.5482006984342155E-8   -1014003.3290434086+490979.2030356029i            4614086.472987581
0                         5.783009670696611E-7     -2.7289204190605282E-8   -646971.2278122404+200212.823008492i              4409926.335266271
0                         5.783009670696611E-7     -9.09640139686841E-9     -277256.87084237766-92513.22176000697i            4331372.150169689
0                         5.783009670696611E-7     9.09640139686841E-9      292000.73230226967-207766.44958531344i            4232640.442743266
0                         5.783009670696611E-7     2.7289204190605282E-8    680429.4086177519-544933.229878932i               4490356.02826599
0                         5.783009670696611E-7     4.5482006984342155E-8    1140684.5628278768-761419.8555938387i             4722742.365343961
0                         5.783009670696611E-7     6.367480977807897E-8     1638820.8449181174-1021087.9983808146i            4986624.060790008
0                         5.783009670696611E-7     8.18676125718158E-8      2011948.1186835761-1279463.466582847i             5378625.224356319
0                         5.783009670696611E-7     1.0006041536555261E-7    2386039.111021757-1499669.7667787706i             5802093.545954641
0                         5.783009670696611E-7     1.1825321815928954E-7    2753856.905580752-1714057.9810547663i             6268478.458548715
0                         5.783009670696611E-7     1.3644602095302636E-7    3158380.4976534736-1875517.2133405774i            6760536.221233794
0                         5.783009670696611E-7     1.5463882374676318E-7    3531145.6337012695-2024991.3276040938i            7217901.471554595
0                         5.783009670696611E-7     1.728316265405001E-7     3875384.1749730115-2177502.7990298755i            7654722.456842238
0                         5.783009670696611E-7     1.9102442933423692E-7    4177827.861565712-2331790.5624628756i             8087232.664662668
0                         5.783009670696611E-7     2.0921723212797374E-7    4469149.435768408-2478405.102926284i              8513107.630251732
0                         5.783009670696611E-7     2.2741003492171056E-7    4749348.897581102-2617346.4204200953i             8928498.261669705
0                         5.783009670696611E-7     2.456028377154475E-7     5045448.694800542-2669741.065460973i              9286933.12867745
0                         5.783009670696611E-7     2.637956405091843E-7     5382796.223638134-2682284.26310136i               9683498.201914718
0                         5.783009670696611E-7     2.819884433029211E-7     5573646.708587757-2770854.2727312213i             9956605.09013304
0                         5.783009670696611E-7     3.0018124609665805E-7    5756671.417757667-2854672.842914664i              1.0233705830777172E7
0                         5.783009670696611E-7     3.1837404889039487E-7    5842115.854996465-2887328.5079498105i             1.0434161775781393E7
0                         5.783009670696611E-7     3.365668516841317E-7     5972873.502638944-2870786.4077306585i             1.0619979944485577E7
0                         5.783009670696611E-7     3.547596544778685E-7     6088527.759743442-2846138.078449882i              1.0779809860543994E7
0                         5.783009670696611E-7     3.7295245727160544E-7    6189078.626309957-2813383.520107484i              1.0912864820260054E7
0                         5.783009670696611E-7     3.9114526006534226E-7    6288057.194514712-2721449.3440226587i             1.100937567200294E7
0                         5.783009670696611E-7     4.093380628590791E-7     6342760.974259553-2684679.4543130184i             1.1029719554848552E7
0                         5.783009670696611E-7     4.27530865652816E-7      6372588.086558046-2742414.867506065i              1.1105347045797601E7
0                         5.783009670696611E-7     4.457236684465528E-7     6380761.402465808-2745218.83384482i               1.1126064987118816E7
0                         5.948238518430801E-7     -4.457236684465528E-7    -6121799.009345122+3322252.544073724i             1.1388787837589156E7
0                         5.948238518430801E-7     -4.2753086565281595E-7   -6111115.323792074+3312837.9547545644i            1.1375648676019913E7
0                         5.948238518430801E-7     -4.0933806285907913E-7   -6140395.683526744+2938261.075726096i             1.1108373579880157E7
0                         5.948238518430801E-7     -3.9114526006534226E-7   -5992647.807363358+3097695.118951311i             1.1086403587286515E7
0                         5.948238518430801E-7     -3.7295245727160544E-7   -5843976.141857523+3250113.904865293i             1.1234242452054022E7
0                         5.948238518430801E-7     -3.5475965447786856E-7   -5750071.606917668+3209083.0954352915i            1.1046514233055651E7
0                         5.948238518430801E-7     -3.365668516841317E-7    -5644467.735499153+3154026.169777061i             1.0827647588921476E7
0                         5.948238518430801E-7     -3.1837404889039487E-7   -5527164.527601987+3084943.1278906055i            1.057847725979214E7
0                         5.948238518430801E-7     -3.0018124609665805E-7   -5353449.7776698135+2811303.173497916i            1.0246786003852256E7
0                         5.948238518430801E-7     -2.819884433029212E-7    -5182305.799615851+2729275.8509371574i            9975299.758874336
0                         5.948238518430801E-7     -2.637956405091843E-7    -4929976.407875696+2754207.743243646i             9549634.982859155
0                         5.948238518430801E-7     -2.456028377154475E-7    -4667038.868032833+2686957.0174658406i            9124127.573649604
0                         5.948238518430801E-7     -2.2741003492171061E-7   -4355261.239555578+2646092.6216664887i            8780899.376135258
0                         5.948238518430801E-7     -2.0921723212797377E-7   -4230884.847690471+2434262.4666997157i            8410636.62082762
0                         5.948238518430801E-7     -1.9102442933423692E-7   -3918295.8598422823+2326243.2432151325i           7943771.745569121
0                         5.948238518430801E-7     -1.728316265405001E-7    -3409549.490150645+2223954.3900406174i            7486132.870071017
0                         5.948238518430801E-7     -1.5463882374676323E-7   -3117488.2236515735+2006184.617010768i            7017213.839343588
0                         5.948238518430801E-7     -1.3644602095302636E-7   -2818322.150470047+1779569.4479068005i            6562203.751597448
0                         5.948238518430801E-7     -1.1825321815928954E-7   -2495175.427148276+1550094.9261135678i            6057435.066898919
0                         5.948238518430801E-7     -1.0006041536555267E-7   -2111193.8987861113+1314850.0723028742i           5609634.273849306
0                         5.948238518430801E-7     -8.186761257181585E-8    -1723690.7986662844+1075842.7525075444i           5217873.990537299
0                         5.948238518430801E-7     -6.367480977807897E-8    -1318222.4064370464+826662.9332950136i            4885708.60381508
0                         5.948238518430801E-7     -4.5482006984342155E-8   -958478.6601124774+526185.9913877555i             4559487.447397122
0                         5.948238518430801E-7     -2.7289204190605282E-8   -596052.6580492103+223749.38473911467i            4346594.810407191
0                         5.948238518430801E-7     -9.09640139686841E-9     -230944.4002472487-80646.88665091357i             4267969.947503393
0                         5.948238518430801E-7     9.09640139686841E-9      136846.11329340763-387002.82278232585i            4334840.699971343
0                         5.948238518430801E-7     2.7289204190605282E-8    507318.8825727616-695318.423655123i               4544549.355859125
0                         5.948238518430801E-7     4.5482006984342155E-8    1132785.3636114113-834327.097595501i              4754056.2416711245
0                         5.948238518430801E-7     6.367480977807897E-8     1539724.9813090041-1101860.7599335508i            4976019.009641007
0                         5.948238518430801E-7     8.18676125718158E-8      1921352.51956888-1348985.0608063806i              5301035.223751939
0                         5.948238518430801E-7     1.0006041536555261E-7    2261316.692601176-1627664.8790788997i             5838728.8412327
0                         5.948238518430801E-7     1.1825321815928954E-7    2624883.5075120805-1855213.6440186996i            6327142.069097478
0                         5.948238518430801E-7     1.3644602095302636E-7    2982177.1246437933-2076944.3230385708i            6845502.276898862
0                         5.948238518430801E-7     1.5463882374676318E-7    3355242.8000567993-2223552.865107035i             7317546.047703604
0                         5.948238518430801E-7     1.728316265405001E-7     3691533.230658618-2389330.112346932i              7750858.547895056
0                         5.948238518430801E-7     1.9102442933423692E-7    3991488.455198819-2554189.630664438i              8201529.400249401
0                         5.948238518430801E-7     2.0921723212797374E-7    4280321.567349015-2711375.9260123493i             8646418.682091275
0                         5.948238518430801E-7     2.2741003492171056E-7    4578185.783631429-2792009.192106844i              9053306.023223711
0                         5.948238518430801E-7     2.456028377154475E-7     4812931.954979164-2930197.6397933504i             9446972.617403304
0                         5.948238518430801E-7     2.637956405091843E-7     5036538.224186682-3056176.173269177i              9819758.682022002
0                         5.948238518430801E-7     2.819884433029211E-7     5335363.863997459-3052033.923572191i              1.0163551287937168E7
0                         5.948238518430801E-7     3.0018124609665805E-7    5511225.816496568-3143287.3612830862i             1.044467656499959E7
0                         5.948238518430801E-7     3.1837404889039487E-7    5623073.870960078-3236659.3615941033i             1.0641424304309487E7
0                         5.948238518430801E-7     3.365668516841317E-7     5684300.6225679815-3461863.9018987124i            1.0879768803392567E7
0                         5.948238518430801E-7     3.547596544778685E-7     5798866.573979747-3443567.3533296664i             1.1045880334882546E7
0                         5.948238518430801E-7     3.7295245727160544E-7    5898329.134853524-3417164.5756989964i             1.1185236000737712E7
0                         5.948238518430801E-7     3.9114526006534226E-7    5982688.305189318-3382655.5690067047i             1.1297209701460559E7
0                         5.948238518430801E-7     4.093380628590791E-7     6040604.804489602-3290084.2764760302i             1.1319155694633534E7
0                         5.948238518430801E-7     4.27530865652816E-7      6077440.41454176-3255774.3574213767i              1.1330996385479596E7
0                         5.948238518430801E-7     4.457236684465528E-7     6121799.00934511-3322252.544073731i               1.138806066106265E7
0                         6.11346736616499E-7      -4.457236684465528E-7    -5862836.616224423+3899286.254302634i             1.1706585200697394E7
0                         6.11346736616499E-7      -4.2753086565281595E-7   -5876941.267120252+3504027.0544034895i            1.147140915541081E7
0                         6.11346736616499E-7      -4.0933806285907913E-7   -5753443.6646986855+3670559.994049269i            1.1498437985829795E7
0                         6.11346736616499E-7      -3.9114526006534226E-7   -5679622.132952628+3628373.6787943374i            1.1407940955661766E7
0                         6.11346736616499E-7      -3.7295245727160544E-7   -5591175.204603723+3576067.834539039i             1.129168544231876E7
0                         6.11346736616499E-7      -3.5475965447786856E-7   -5488102.879651976+3513642.461283377i             1.1149986268941382E7
0                         6.11346736616499E-7      -3.365668516841317E-7    -5372706.588921309+3592667.3799406956i            1.1071023176112253E7
0                         6.11346736616499E-7      -3.1837404889039487E-7   -5256812.781081901+3518728.748294561i             1.0813988471057052E7
0                         6.11346736616499E-7      -3.0018124609665805E-7   -5129219.636763846+3430764.000420198i             1.0527623001132453E7
0                         6.11346736616499E-7      -2.819884433029212E-7    -4936084.606383526+3168467.7697317656i            1.017338973465434E7
0                         6.11346736616499E-7      -2.637956405091843E-7    -4699231.817603778+3122136.260653493i             9777139.98862486
0                         6.11346736616499E-7      -2.456028377154475E-7    -4433265.451068742+3040478.559446047i             9324573.806218022
0                         6.11346736616499E-7      -2.2741003492171061E-7   -4369595.159161556+2832571.3507359964i            9077561.565766517
0                         6.11346736616499E-7      -2.0921723212797377E-7   -4068578.519145706+2718860.4545924887i            8590418.53610809
0                         6.11346736616499E-7      -1.9102442933423692E-7   -3560569.8380449675+2580659.292664898i            8104681.0377520025
0                         6.11346736616499E-7      -1.728316265405001E-7    -3279537.6096582557+2361652.2271021083i           7608064.565813805
0                         6.11346736616499E-7      -1.5463882374676323E-7   -2991400.574589083+2133799.765465199i             7118483.4605416
0                         6.11346736616499E-7      -1.3644602095302636E-7   -2696158.7328374516+1897101.9077541688i           6643308.634172977
0                         6.11346736616499E-7      -1.1825321815928954E-7   -2388637.7747325758+1657527.850333739i            6143851.987235107
0                         6.11346736616499E-7      -1.0006041536555267E-7   -2009652.8138752724+1409734.185459979i            5675224.915869867
0                         6.11346736616499E-7      -8.186761257181585E-8    -1627146.281260308+1158178.0546015825i            5264782.886882166
0                         6.11346736616499E-7      -6.367480977807897E-8    -1258091.6383382163+873539.9482686917i            4869677.033055544
0                         6.11346736616499E-7      -4.5482006984342155E-8   -902953.9911815468+561392.7797399071i             4527381.826225781
0                         6.11346736616499E-7      -2.7289204190605282E-8   -545134.0882861819+247285.94646973588i            4305698.79683979
0                         6.11346736616499E-7      -9.09640139686841E-9     -184631.92965211964-68780.55154181947i            4227691.642252061
0                         6.11346736616499E-7      9.09640139686841E-9      178552.48472063558-386806.71429476107i            4305180.857563634
0                         6.11346736616499E-7      2.7289204190605282E-8    642936.746147144-635429.8675009452i               4586165.868204195
0                         6.11346736616499E-7      4.5482006984342155E-8    1058733.9356951455-913253.3021742159i             4738305.22077847
0                         6.11346736616499E-7      6.367480977807897E-8     1440629.117699892-1182633.5214862882i             4994775.732259021
0                         6.11346736616499E-7      8.18676125718158E-8      1818101.794246039-1444502.6744503917i             5334438.453295628
0                         6.11346736616499E-7      1.0006041536555261E-7    2191151.9653335847-1698860.7610665262i            5737604.397505666
0                         6.11346736616499E-7      1.1825321815928954E-7    2495910.1094434084-1996369.3069826295i            6414347.250663107
0                         6.11346736616499E-7      1.3644602095302636E-7    2848952.7469270346-2231260.5366663025i            6957362.332802192
0                         6.11346736616499E-7      1.5463882374676318E-7    3179339.96641233-2422114.4026099723i              7448890.419840854
0                         6.11346736616499E-7      1.728316265405001E-7     3507682.286344227-2601157.425663987i              7877731.739767316
0                         6.11346736616499E-7      1.9102442933423692E-7    3805149.0488319257-2776588.6988659976i            8348537.035931475
0                         6.11346736616499E-7      2.0921723212797374E-7    4091493.6989296214-2944346.7490984146i            8814646.270627268
0                         6.11346736616499E-7      2.2741003492171056E-7    4347498.244805087-3044246.736233134i              9233025.995270563
0                         6.11346736616499E-7      2.456028377154475E-7     4580415.215157789-3190654.2141257254i             9642768.989704095
0                         6.11346736616499E-7      2.637956405091843E-7     4802192.283370277-3324851.777807638i              1.0031283549571553E7
0                         6.11346736616499E-7      2.819884433029211E-7     5097081.019407159-3333213.5744131566i             1.0407094419263693E7
0                         6.11346736616499E-7      3.0018124609665805E-7    5265780.215235472-3431901.879651508i              1.0692297069247967E7
0                         6.11346736616499E-7      3.1837404889039487E-7    5377368.819798562-3529916.911564194i              1.0899631149775853E7
0                         6.11346736616499E-7      3.365668516841317E-7     5477968.821897685-3614543.7231935244i             1.1082740094105486E7
0                         6.11346736616499E-7      3.547596544778685E-7     5567580.221532848-3685782.3145394963i             1.1240898926928774E7
0                         6.11346736616499E-7      3.7295245727160544E-7    5607579.643397093-4020945.631290505i              1.1514967228514703E7
0                         6.11346736616499E-7      3.9114526006534226E-7    5690850.5080401525-3992788.4053099435i            1.1634834950649109E7
0                         6.11346736616499E-7      4.093380628590791E-7     5738448.634719659-3895489.0986390375i             1.1669162342849381E7
0                         6.11346736616499E-7      4.27530865652816E-7      5774125.421213405-3864883.3924337137i             1.1685094732707784E7
0                         6.11346736616499E-7      4.457236684465528E-7     5862836.61622441-3899286.2543026386i              1.1705945258013757E7
0                         6.278696213899178E-7     -4.457236684465528E-7    -5600093.19972986+4073943.2245247206i             1.1879232066702327E7
0                         6.278696213899178E-7     -4.2753086565281595E-7   -5573619.418253214+4072209.850261588i             1.1895993524877908E7
0                         6.278696213899178E-7     -4.0933806285907913E-7   -5439701.325921701+4206429.516712122i             1.187485768039836E7
0                         6.278696213899178E-7     -3.9114526006534226E-7   -5366596.458541894+4159052.238637363i             1.177662290876313E7
0                         6.278696213899178E-7     -3.7295245727160544E-7   -5278866.194559241+4101555.4315622393i            1.1652372984986745E7
0                         6.278696213899178E-7     -3.5475965447786856E-7   -5176510.533973738+4033939.0954867504i            1.150242337179828E7
0                         6.278696213899178E-7     -3.365668516841317E-7    -5059529.47678539+3956203.2304108962i             1.1327195005971624E7
0                         6.278696213899178E-7     -3.1837404889039487E-7   -4986461.0345618175+3952514.3686985187i           1.1090580263162035E7
0                         6.278696213899178E-7     -3.0018124609665805E-7   -4860277.29030152+3859694.0310644787i             1.0796277515858224E7
0                         6.278696213899178E-7     -2.819884433029212E-7    -4722394.209562558+3752847.577202213i             1.047419828848455E7
0                         6.278696213899178E-7     -2.637956405091843E-7    -4509374.448168628+3500166.7576209875i            1.0098755854962543E7
0                         6.278696213899178E-7     -2.456028377154475E-7    -4313602.555516275+3205276.4033611338i            9605131.926316671
0                         6.278696213899178E-7     -2.2741003492171061E-7   -3959535.299988933+3160083.1384507925i            9316427.922112914
0                         6.278696213899178E-7     -2.0921723212797377E-7   -3696636.916397036+2948684.1764291856i            8797530.750916524
0                         6.278696213899178E-7     -1.9102442933423692E-7   -3426633.7261226787+2728439.8183334502i           8276192.037583028
0                         6.278696213899178E-7     -1.728316265405001E-7    -3149525.729165863+2499350.064163601i             7756704.054119324
0                         6.278696213899178E-7     -1.5463882374676323E-7   -2865312.9255265873+2261414.913919627i            7244760.952058307
0                         6.278696213899178E-7     -1.3644602095302636E-7   -2573995.315204857+2014634.3676015367i            6747952.839289583
0                         6.278696213899178E-7     -1.1825321815928954E-7   -2275572.898200665+1759008.4252093248i            6276390.44452805
0                         6.278696213899178E-7     -1.0006041536555267E-7   -1908111.728964435+1504618.2986170836i            5766748.773395705
0                         6.278696213899178E-7     -8.186761257181585E-8    -1545810.1624894568+1242274.6936513032i           5334236.456042032
0                         6.278696213899178E-7     -6.367480977807897E-8    -1197960.8702393847+920416.9632423721i            4876117.695331477
0                         6.278696213899178E-7     -4.5482006984342155E-8   -847429.3222506167+596599.5680920572i             4517423.595563786
0                         6.278696213899178E-7     -2.7289204190605282E-8   -494215.5185231512+270822.5082003593i             4287200.588623859
0                         6.278696213899178E-7     -9.09640139686841E-9     -114763.98741583311-48545.839169279905i           4228948.628422375
0                         6.278696213899178E-7     9.09640139686841E-9      276256.0787790466-352734.91024592915i             4355030.528237265
0                         6.278696213899178E-7     2.7289204190605282E-8    669629.001777665-660569.4210326663i               4612983.447875766
0                         6.278696213899178E-7     4.5482006984342155E-8    983206.5028963159-985968.0739476169i              4779115.370164027
0                         6.278696213899178E-7     6.367480977807897E-8     1341533.2540907795-1263406.2830390248i            5042335.898555875
0                         6.278696213899178E-7     8.18676125718158E-8      1714851.0689231965-1540020.2880944028i            5397134.520430418
0                         6.278696213899178E-7     1.0006041536555261E-7    2083746.3782970135-1809123.2268018115i            5818360.388183048
0                         6.278696213899178E-7     1.1825321815928954E-7    2366936.71137474-2137524.969946559i               6528155.790588709
0                         6.278696213899178E-7     1.3644602095302636E-7    2715728.369210276-2385576.750294033i              7097065.040490448
0                         6.278696213899178E-7     1.5463882374676318E-7    3058246.8292666227-2627810.444721582i             7686931.250007107
0                         6.278696213899178E-7     1.728316265405001E-7     3323831.342029837-2812984.738981044i              8033688.279093617
0                         6.278696213899178E-7     1.9102442933423692E-7    3618809.6424650345-2998987.767067559i             8526290.651822595
0                         6.278696213899178E-7     2.0921723212797374E-7    3874583.0344808544-3129647.8580500726i            8997180.42900932
0                         6.278696213899178E-7     2.2741003492171056E-7    4116810.70597874-3296484.2803594247i              9443062.998108577
0                         6.278696213899178E-7     2.456028377154475E-7     4347898.475336411-3451110.788458099i              9869686.393572118
0                         6.278696213899178E-7     2.637956405091843E-7     4567846.342553867-3593527.3823460992i             1.0274951046339368E7
0                         6.278696213899178E-7     2.819884433029211E-7     4776654.307631105-3723734.062023416i              1.0657233795529542E7
0                         6.278696213899178E-7     3.0018124609665805E-7    5020334.613974376-3720516.398019928i              1.0971456347597253E7
0                         6.278696213899178E-7     3.1837404889039487E-7    5131663.768637042-3823174.4615342882i             1.1190187853755753E7
0                         6.278696213899178E-7     3.365668516841317E-7     5232004.320835747-3912444.30476529i               1.1384769755042968E7
0                         6.278696213899178E-7     3.547596544778685E-7     5321356.270570488-3988325.927712933i              1.155451705153956E7
0                         6.278696213899178E-7     3.7295245727160544E-7    5399719.617841267-4050819.3303772174i             1.1698917922372583E7
0                         6.278696213899178E-7     3.9114526006534226E-7    5467094.362648082-4099924.5127581474i             1.181761045887861E7
0                         6.278696213899178E-7     4.093380628590791E-7     5436292.464949715-4500893.920802045i              1.2072910711019445E7
0                         6.278696213899178E-7     4.27530865652816E-7      5470810.4278850425-4473992.427446051i             1.209458087003057E7
0                         6.278696213899178E-7     4.457236684465528E-7     5600093.199729856-4073943.2245247257i             1.188098125966666E7
0                         6.443925061633367E-7     -4.457236684465528E-7    -5296931.813360086+4644247.239644862i             1.2349822750983456E7
0                         6.443925061633367E-7     -4.2753086565281595E-7   -5183721.793555446+4784747.751269197i             1.2372344457625313E7
0                         6.443925061633367E-7     -4.0933806285907913E-7   -5125958.987144724+4742299.039374974i             1.2292035387000857E7
0                         6.443925061633367E-7     -3.9114526006534226E-7   -5053570.78413116+4689730.79848039i               1.2185416275204742E7
0                         6.443925061633367E-7     -3.7295245727160544E-7   -4966557.184514752+4627043.028585438i             1.2052714354000477E7
0                         6.443925061633367E-7     -3.5475965447786856E-7   -4864918.1882954985+4554235.7296901215i           1.189424690019071E7
0                         6.443925061633367E-7     -3.365668516841317E-7    -4748653.795473402+4471308.901794443i             1.1710433349119172E7
0                         6.443925061633367E-7     -3.1837404889039487E-7   -4617764.006048458+4378262.544898397i             1.1501811632968878E7
0                         6.443925061633367E-7     -3.0018124609665805E-7   -4472248.82002067+4275096.659001988i              1.126905978736507E7
0                         6.443925061633367E-7     -2.819884433029212E-7    -4362755.2813323345+4057372.024886814i            1.0677400240263201E7
0                         6.443925061633367E-7     -2.637956405091843E-7    -4273966.986986977+3817748.53116337i              1.0347551360032298E7
0                         6.443925061633367E-7     -2.456028377154475E-7    -3944280.672000896+3570486.5732861646i            9957888.919937233
0                         6.443925061633367E-7     -2.2741003492171061E-7   -3727327.2060622294+3345524.065839521i            9458288.55336528
0                         6.443925061633367E-7     -2.0921723212797377E-7   -3501313.268553101+3109770.936075862i             8949511.287676675
0                         6.443925061633367E-7     -1.9102442933423692E-7   -3292697.6142003853+2876220.3440020033i           8474276.522606075
0                         6.443925061633367E-7     -1.728316265405001E-7    -3019513.8486734717+2637047.901225092i            7930299.022918254
0                         6.443925061633367E-7     -1.5463882374676323E-7   -2739225.276464095+2389030.062374058i             7394573.398517378
0                         6.443925061633367E-7     -1.3644602095302636E-7   -2451831.8975722613+2132166.8274489054i           6874938.044674978
0                         6.443925061633367E-7     -1.1825321815928954E-7   -2157333.7119979695+1866458.196449632i            6381888.728125209
0                         6.443925061633367E-7     -1.0006041536555267E-7   -1806570.644053596+1599502.4117741887i            5883266.231804008
0                         6.443925061633367E-7     -8.186761257181585E-8    -1481073.2952227257+1300821.9352465114i           5384551.436208446
0                         6.443925061633367E-7     -6.367480977807897E-8    -1137830.1021405528+967293.9782160528i            4904383.885292091
0                         6.443925061633367E-7     -4.5482006984342155E-8   -791904.6533196857+631806.3564442112i             4529334.439871145
0                         6.443925061633367E-7     -2.7289204190605282E-8   -467941.73752026615+271412.3843042175i            4281038.351356632
0                         6.443925061633367E-7     -9.09640139686841E-9     -82206.92934785364-43982.6289418987i              4264537.509985332
0                         6.443925061633367E-7     9.09640139686841E-9      256214.58270502757-342503.20037395926i            4378227.81810439
0                         6.443925061633367E-7     2.7289204190605282E-8    576691.1179570106-703907.4004445837i              4599627.421699623
0                         6.443925061633367E-7     4.5482006984342155E-8    914301.2008542421-1043746.0604412885i             4811363.5323250005
0                         6.443925061633367E-7     6.367480977807897E-8     1242893.0006563943-1371044.8337377312i            5105084.32492283
0                         6.443925061633367E-7     8.18676125718158E-8      1568682.1969088516-1691511.6176714064i            5483551.555892655
0                         6.443925061633367E-7     1.0006041536555261E-7    1891668.7896116166-2005146.4122423134i            5926586.357429276
0                         6.443925061633367E-7     1.1825321815928954E-7    2336658.733461932-2195722.4169878135i             6418437.817692873
0                         6.443925061633367E-7     1.3644602095302636E-7    2582503.9914935157-2539892.9639217663i            7262470.178059256
0                         6.443925061633367E-7     1.5463882374676318E-7    2856244.662107923-2803745.3175870935i             7751896.452516617
0                         6.443925061633367E-7     1.728316265405001E-7     3139980.3977154456-3024812.0522980983i            8217136.555651119
0                         6.443925061633367E-7     1.9102442933423692E-7    3394186.32400647-3186401.0052441615i              8736418.15296618
0                         6.443925061633367E-7     2.0921723212797374E-7    3645724.69664954-3373666.3719702773i              9216032.50476848
0                         6.443925061633367E-7     2.2741003492171056E-7    3886123.1671523936-3548721.8244857155i            9679302.598010212
0                         6.443925061633367E-7     2.456028377154475E-7     4115381.735515037-3711567.3627904756i             1.0123428571720798E7
0                         6.443925061633367E-7     2.637956405091843E-7     4338910.101423583-3828019.436147412i              1.0544890167417625E7
0                         6.443925061633367E-7     2.819884433029211E-7     4500674.622407196-3981347.6331838123i             1.0894156404990103E7
0                         6.443925061633367E-7     3.0018124609665805E-7    4774889.012713274-4009130.916388349i              1.127747230990975E7
0                         6.443925061633367E-7     3.1837404889039487E-7    4885958.717475524-4116432.01150438i               1.1508291337918282E7
0                         6.443925061633367E-7     3.365668516841317E-7     4986039.8197738025-4210344.886337056i             1.1715184420057312E7
0                         6.443925061633367E-7     3.547596544778685E-7     5075132.319608126-4290869.540886371i              1.1897502940458458E7
0                         6.443925061633367E-7     3.7295245727160544E-7    5153236.216978489-4358005.97515233i               1.2054770030035073E7
0                         6.443925061633367E-7     3.9114526006534226E-7    5220351.51188488-4411754.189134932i               1.2186658043585002E7
0                         6.443925061633367E-7     4.093380628590791E-7     5276478.204327319-4452114.182834169i              1.229297231376005E7
0                         6.443925061633367E-7     4.27530865652816E-7      5267777.721144864-4682017.649306076i              1.2321420022658238E7
0                         6.443925061633367E-7     4.457236684465528E-7     5296931.813360082-4644247.23964487i               1.235399142340523E7
0                         6.609153909367556E-7     -4.457236684465528E-7    -4715994.884380305+5083630.641577508i             1.2738529709041419E7
0                         6.609153909367556E-7     -4.2753086565281595E-7   -4868235.476500461+5301159.473073227i             1.281990964561936E7
0                         6.609153909367556E-7     -4.0933806285907913E-7   -4820178.457291899+5218482.736230565i             1.2716588113344746E7
0                         6.609153909367556E-7     -3.9114526006534226E-7   -4760589.839281126+5119332.3323479155i            1.2585235004560467E7
0                         6.609153909367556E-7     -3.7295245727160544E-7   -4689469.622468134+5003708.261425275i             1.2426124279534454E7
0                         6.609153909367556E-7     -3.5475965447786856E-7   -4606817.806852931+4871610.523462652i             1.2239625579149952E7
0                         6.609153909367556E-7     -3.365668516841317E-7    -4512634.392435517+4723039.118460042i             1.2026219014479741E7
0                         6.609153909367556E-7     -3.1837404889039487E-7   -4406919.379215886+4557994.046417442i             1.1786514942598542E7
0                         6.609153909367556E-7     -3.0018124609665805E-7   -4237464.986949591+4390004.511120181i             1.1254908662414351E7
0                         6.609153909367556E-7     -2.819884433029212E-7    -4098482.0907109627+4238980.746180787i            1.0898728211120961E7
0                         6.609153909367556E-7     -2.637956405091843E-7    -3996648.842409259+3980472.7370163854i            1.0517360735374035E7
0                         6.609153909367556E-7     -2.456028377154475E-7    -3783992.4544008113+3815126.018400014i            1.0127452752495188E7
0                         6.609153909367556E-7     -2.2741003492171061E-7   -3591275.33598267+3476806.6195703647i             9630118.28979787
0                         6.609153909367556E-7     -2.0921723212797377E-7   -3297012.0979515323+3332000.026413196i            9137854.694569992
0                         6.609153909367556E-7     -1.9102442933423692E-7   -3068759.3297560113+3076793.3077662634i           8600912.589882178
0                         6.609153909367556E-7     -1.728316265405001E-7    -2831446.0899900272+2810795.9668023163i           8063289.161165596
0                         6.609153909367556E-7     -1.5463882374676323E-7   -2613137.627401601+2516645.2108284873i            7566557.835937451
0                         6.609153909367556E-7     -1.3644602095302636E-7   -2329668.4799396666+2249699.287296272i            7023171.126568309
0                         6.609153909367556E-7     -1.1825321815928954E-7   -2039094.5257952716+1973907.9676899377i           6507969.902031171
0                         6.609153909367556E-7     -1.0006041536555267E-7   -1752291.266131569+1702607.6957523203i            6039035.315097228
0                         6.609153909367556E-7     -8.186761257181585E-8    -1416336.427955994+1359369.1768417198i            5456142.020429237
0                         6.609153909367556E-7     -6.367480977807897E-8    -1077699.3340417221+1014170.9931897331i           4953914.24236609
0                         6.609153909367556E-7     -4.5482006984342155E-8   -742688.8111139935+736629.8322058578i             4566903.7895975
0                         6.609153909367556E-7     -2.7289204190605282E-8   -426235.8765977873+365766.8548929126i             4362230.202691256
0                         6.609153909367556E-7     -9.09640139686841E-9     -110848.41496169218-5118.889140602783i            4300002.490900196
0                         6.609153909367556E-7     9.09640139686841E-9      203473.5737942909-376027.39989468845i             4386892.891429777
0                         6.609153909367556E-7     2.7289204190605282E-8    516730.08967016387-746958.6773693458i             4615065.455340762
0                         6.609153909367556E-7     4.5482006984342155E-8    828921.1326659261-1117912.721564574i              4965623.436305565
0                         6.609153909367556E-7     6.367480977807897E-8     1166306.0438954977-1438988.6378533135i            5173689.556645178
0                         6.609153909367556E-7     8.18676125718158E-8      1484413.585429134-1769621.239408897i              5569014.722121531
0                         6.609153909367556E-7     1.0006041536555261E-7    1799718.5234130803-2093421.8516017124i            6031008.611391829
0                         6.609153909367556E-7     1.1825321815928954E-7    2112220.8578473297-2410390.4744317625i            6541894.271114162
0                         6.609153909367556E-7     1.3644602095302636E-7    2421920.5887318878-2720527.1078990423i            7087770.463607209
0                         6.609153909367556E-7     1.5463882374676318E-7    2626766.7823848305-3092837.66734748i              7921600.9918193305
0                         6.609153909367556E-7     1.728316265405001E-7     3067990.316893081-3226743.853048204i              8458507.516409645
0                         6.609153909367556E-7     1.9102442933423692E-7    3271901.9174256646-3419431.9468010124i            9058994.821535423
0                         6.609153909367556E-7     2.0921723212797374E-7    3484395.9001773195-3629987.238753236i             9517978.707636537
0                         6.609153909367556E-7     2.2741003492171056E-7    3683286.1391127617-3827587.1494448953i            9955934.076997157
0                         6.609153909367556E-7     2.456028377154475E-7     3868572.634231991-4012231.678875995i              1.0370219864184445E7
0                         6.609153909367556E-7     2.637956405091843E-7     4040255.3855350027-4183920.82704653i              1.0758807581851128E7
0                         6.609153909367556E-7     2.819884433029211E-7     4198334.393021801-4342654.593956502i              1.1120122743830444E7
0                         6.609153909367556E-7     3.0018124609665805E-7    4362675.907531545-4417986.007967147i              1.1411558784457453E7
0                         6.609153909367556E-7     3.1837404889039487E-7    4511575.73187392-4522931.155860482i               1.1722378250663366E7
0                         6.609153909367556E-7     3.365668516841317E-7     4645365.279594291-4615569.027384449i              1.2004329666225286E7
0                         6.609153909367556E-7     3.547596544778685E-7     4828908.368645767-4593413.154059811i              1.2265273716405552E7
0                         6.609153909367556E-7     3.7295245727160544E-7    4906752.816115704-4665192.619927438i              1.2436352370057452E7
0                         6.609153909367556E-7     3.9114526006534226E-7    4973608.66112167-4723583.865511714i               1.2582496504511554E7
0                         6.609153909367556E-7     4.093380628590791E-7     5082577.968024618-4670837.733018761i              1.2568061553305667E7
0                         6.609153909367556E-7     4.27530865652816E-7      5134906.558779053-4729391.442106417i              1.2653934905523745E7
0                         6.609153909367556E-7     4.457236684465528E-7     4715994.8843803-5083630.641577518i                1.2735932698091486E7
0                         6.774382757101744E-7     -4.457236684465528E-7    -4508744.813548682+5224753.663564403i             1.3082302179376502E7
0                         6.774382757101744E-7     -4.2753086565281595E-7   -4588541.556417694+5476951.911465145i             1.314221827304471E7
0                         6.774382757101744E-7     -4.0933806285907913E-7   -4542802.744039951+5391298.018758059i             1.3030960018404244E7
0                         6.774382757101744E-7     -3.9114526006534226E-7   -4485532.332859994+5289170.459010982i             1.2891856332738355E7
0                         6.774382757101744E-7     -3.7295245727160544E-7   -4416730.322877822+5170569.232223922i             1.2725178647737022E7
0                         6.774382757101744E-7     -3.5475965447786856E-7   -4336396.714093437+5035494.338396873i             1.2531294827441713E7
0                         6.774382757101744E-7     -3.365668516841317E-7    -4244531.506506841+4883945.777529838i             1.2310683866580103E7
0                         6.774382757101744E-7     -3.1837404889039487E-7   -4141134.700118029+4715923.549622816i             1.2063955505610313E7
0                         6.774382757101744E-7     -3.0018124609665805E-7   -3970514.9538200838+4575949.359100587i            1.150573145999468E7
0                         6.774382757101744E-7     -2.819884433029212E-7    -3834208.9000895894+4420589.467474762i            1.1142047057786329E7
0                         6.774382757101744E-7     -2.637956405091843E-7    -3719330.6978315394+4143196.9428694006i           1.0706035016509546E7
0                         6.774382757101744E-7     -2.456028377154475E-7    -3520671.0816977792+4001391.002122058i            1.032352320600736E7
0                         6.774382757101744E-7     -2.2741003492171061E-7   -3389423.5705830236+3677298.53896354i             9838221.570595834
0                         6.774382757101744E-7     -2.0921723212797377E-7   -3153624.7347916192+3446304.6690669674i           9305883.082938207
0                         6.774382757101744E-7     -1.9102442933423692E-7   -2907264.572644782+3206587.3112498806i            8764792.30317476
0                         6.774382757101744E-7     -1.728316265405001E-7    -2650343.0841425136+2958146.465512279i            8219223.039424649
0                         6.774382757101744E-7     -1.5463882374676323E-7   -2401236.1307042274+2730248.1941599147i           7681130.00024472
0                         6.774382757101744E-7     -1.3644602095302636E-7   -2152623.588681387+2434006.641995678i             7141663.3614099845
0                         6.774382757101744E-7     -1.1825321815928954E-7   -1894950.5750880863+2126974.4675144264i           6628254.0611767005
0                         6.774382757101744E-7     -1.0006041536555267E-7   -1820543.138026979+1585293.342648762i             6222606.106984137
0                         6.774382757101744E-7     -8.186761257181585E-8    -1326719.6564259492+1547480.23329732i             5733719.152830877
0                         6.774382757101744E-7     -6.367480977807897E-8    -1084068.1499166074+1112054.1528936315i           4971115.248125436
0                         6.774382757101744E-7     -4.5482006984342155E-8   -773769.7618964015+731686.8648972241i             4622161.123952105
0                         6.774382757101744E-7     -2.7289204190605282E-8   -464536.84675630386+351296.8101802473i            4401949.280068665
0                         6.774382757101744E-7     -9.09640139686841E-9     -156369.40449631854-29116.01125729992i            4330853.809576089
0                         6.774382757101744E-7     9.09640139686841E-9      150732.56488355497-409551.5994154179i             4416761.5612866795
0                         6.774382757101744E-7     2.7289204190605282E-8    456769.06138331833-790009.9542941069i             4651629.867191204
0                         6.774382757101744E-7     4.5482006984342155E-8    761740.0850029705-1170491.0758933665i             5015177.818145337
0                         6.774382757101744E-7     6.367480977807897E-8     1089719.0871346018-1506932.441968895i             5264896.468472324
0                         6.774382757101744E-7     8.18676125718158E-8      1400144.9739494175-1847730.8611463886i            5677544.541306616
0                         6.774382757101744E-7     1.0006041536555261E-7    1707768.2572145408-2181697.2909611133i            6159208.656143106
0                         6.774382757101744E-7     1.1825321815928954E-7    2012588.936929971-2508831.7314130724i             6691290.986856451
0                         6.774382757101744E-7     1.3644602095302636E-7    2246665.0585931097-2601300.1295395256i            7186547.662687504
0                         6.774382757101744E-7     1.5463882374676318E-7    2501763.1109153456-3313927.8234929363i            8149661.157793259
0                         6.774382757101744E-7     1.728316265405001E-7     2679088.7486101026-3669132.573559339i             8670543.227366054
0                         6.774382757101744E-7     1.9102442933423692E-7    2847418.8176397416-3968716.330330614i             9300005.40093641
0                         6.774382757101744E-7     2.0921723212797374E-7    3021662.220516881-4307151.028623521i              9811038.309431072
0                         6.774382757101744E-7     2.2741003492171056E-7    3392002.45021781-4172677.4005968766i              1.017283186922023E7
0                         6.774382757101744E-7     2.456028377154475E-7     3573603.431840225-4362727.499901544i              1.059913178831162E7
0                         6.774382757101744E-7     2.637956405091843E-7     3741600.6696464196-4539822.217945648i             1.100018175300636E7
0                         6.774382757101744E-7     2.819884433029211E-7     3895994.163636399-4703961.554729192i              1.1374377948611345E7
0                         6.774382757101744E-7     3.0018124609665805E-7    4036783.913810163-4855145.510252168i              1.1720466146520719E7
0                         6.774382757101744E-7     3.1837404889039487E-7    4203987.229770166-4900931.166120032i              1.1999877672612634E7
0                         6.774382757101744E-7     3.365668516841317E-7     4334992.514932625-4998282.0089270575i             1.2293425980489638E7
0                         6.774382757101744E-7     3.547596544778685E-7     4450887.523473083-5083325.575364716i              1.255775473767033E7
0                         6.774382757101744E-7     3.7295245727160544E-7    4551672.255391535-5156061.8654330075i             1.279208909965957E7
0                         6.774382757101744E-7     3.9114526006534226E-7    4726865.810358471-5035413.541888496i              1.300076288046338E7
0                         6.774382757101744E-7     4.093380628590791E-7     4836084.844399-5007452.440668726i                 1.3010560149779983E7
0                         6.774382757101744E-7     4.27530865652816E-7      4481210.153874524-5252629.748785827i              1.3077490818766156E7
0                         6.774382757101744E-7     4.457236684465528E-7     4508744.813548669-5224753.66356441i               1.3079773314355021E7
0                         6.939611604835934E-7     -4.457236684465528E-7    -4301494.74271706+5365876.685551302i              1.3429568556472361E7
0                         6.939611604835934E-7     -4.2753086565281595E-7   -4237526.971590266+5351259.884978702i             1.3358996249304056E7
0                         6.939611604835934E-7     -4.0933806285907913E-7   -4265427.030788+5564113.30128555i                 1.33595022627285E7
0                         6.939611604835934E-7     -3.9114526006534226E-7   -4210474.826438863+5459008.585674053i             1.3211664632954534E7
0                         6.939611604835934E-7     -3.7295245727160544E-7   -4143991.0232875086+5337430.2030225685i           1.3036546313871123E7
0                         6.939611604835934E-7     -3.5475965447786856E-7   -4065975.6213339437+5199378.153331096i            1.2834512690041041E7
0                         6.939611604835934E-7     -3.365668516841317E-7    -3976428.6205781614+5044852.436599635i            1.2606042238862326E7
0                         6.939611604835934E-7     -3.1837404889039487E-7   -3828236.1324025663+4906684.771761064i            1.2122917853969261E7
0                         6.939611604835934E-7     -3.0018124609665805E-7   -3703564.920690575+4761894.207080996i             1.1775582426024077E7
0                         6.939611604835934E-7     -2.819884433029212E-7    -3614510.5841184403+4525154.11271146i             1.1406643659899531E7
0                         6.939611604835934E-7     -2.637956405091843E-7    -3415006.6815833733+4367277.084480411i            1.1014957741583254E7
0                         6.939611604835934E-7     -2.456028377154475E-7    -3257349.7089947485+4187655.985844106i            1.053402275465129E7
0                         6.939611604835934E-7     -2.2741003492171061E-7   -3094363.673682435+3992343.0350925247i            1.0030106614200154E7
0                         6.939611604835934E-7     -2.0921723212797377E-7   -2957164.796882274+3638990.6957388986i            9516323.982009461
0                         6.939611604835934E-7     -1.9102442933423692E-7   -2716196.462225738+3391467.4452005643i            8959557.906234123
0                         6.939611604835934E-7     -1.728316265405001E-7    -2464666.80121377+3135220.7067417162i             8399348.956761945
0                         6.939611604835934E-7     -1.5463882374676323E-7   -2202575.813846371+2870250.4803623524i            7841608.700903603
0                         6.939611604835934E-7     -1.3644602095302636E-7   -1929923.5001235376+2596556.766062475i            7294342.071699755
0                         6.939611604835934E-7     -1.1825321815928954E-7   -1422354.324371904+2529843.4269654234i            6803254.312447374
0                         6.939611604835934E-7     -1.0006041536555267E-7   -1275971.115581939+2011395.7342340383i            6334356.7621146245
0                         6.939611604835934E-7     -8.186761257181585E-8    -1127716.892025755+1486969.8344167408i            5517588.852462055
0                         6.939611604835934E-7     -6.367480977807897E-8    -879877.6795944936+1109205.805742833i             5051549.926156394
0                         6.939611604835934E-7     -4.5482006984342155E-8   -631984.3116070317+729862.8955125567i             4689688.271670985
0                         6.939611604835934E-7     -2.7289204190605282E-8   -384036.7880633648+348941.1037259253i             4458692.321041197
0                         6.939611604835934E-7     -9.09640139686841E-9     -136035.10896349512-33559.56961707164i            4380590.072158193
0                         6.939611604835934E-7     9.09640139686841E-9      112020.72569257626-417639.12451643316i            4464665.618092971
0                         6.939611604835934E-7     2.7289204190605282E-8    360130.7159048512-803297.5609721544i              4703418.966063331
0                         6.939611604835934E-7     4.5482006984342155E-8    608294.8616733291-1190534.8789842415i             5076174.037363685
0                         6.939611604835934E-7     6.367480977807897E-8     900251.2221276022-1530594.0882922881i             5368700.649111053
0                         6.939611604835934E-7     8.18676125718158E-8      1225510.2302276571-1828683.2422956908i            5787878.390394245
0                         6.939611604835934E-7     1.0006041536555261E-7    1548773.2487782766-2120576.447582743i             6271378.926604548
0                         6.939611604835934E-7     1.1825321815928954E-7    1947923.5252326513-2658825.05272602i              6858157.632725128
0                         6.939611604835934E-7     1.3644602095302636E-7    2152275.4230272793-2970850.151021029i             7376196.653230642
0                         6.939611604835934E-7     1.5463882374676318E-7    2354446.823484669-3269748.038694516i              7911372.521418505
0                         6.939611604835934E-7     1.728316265405001E-7     2459315.1815038794-3656876.7685288303i            8876487.796413695
0                         6.939611604835934E-7     1.9102442933423692E-7    2635529.400593896-4011830.057076481i              9412833.328243297
0                         6.939611604835934E-7     2.0921723212797374E-7    2803835.26642162-4352035.697313233i               9934617.576450836
0                         6.939611604835934E-7     2.2741003492171056E-7    2964232.778987052-4677493.6892390875i             1.0438443568249969E7
0                         6.939611604835934E-7     2.456028377154475E-7     3116721.93829019-4988204.032854046i               1.0921744408611754E7
0                         6.939611604835934E-7     2.637956405091843E-7     3261302.744331033-5284166.728158096i              1.1382557117648002E7
0                         6.939611604835934E-7     2.819884433029211E-7     3593653.9342509983-5065268.515501881i             1.165447256601328E7
0                         6.939611604835934E-7     3.0018124609665805E-7    3730758.170927946-5221858.040898428i              1.2014722300974464E7
0                         6.939611604835934E-7     3.1837404889039487E-7    3896398.727666416-5278931.176379586i              1.230595724358644E7
0                         6.939611604835934E-7     3.365668516841317E-7     4024619.750270958-5380994.990469667i              1.2611725933845365E7
0                         6.939611604835934E-7     3.547596544778685E-7     4137730.4962534932-5470751.528190383i             1.2889096513504703E7
0                         6.939611604835934E-7     3.7295245727160544E-7    4235730.965614031-5548200.789541732i              1.3137274705167174E7
0                         6.939611604835934E-7     3.9114526006534226E-7    4287613.373119267-5767365.485826906i              1.3401080562246008E7
0                         6.939611604835934E-7     4.093380628590791E-7     4304395.44028347-5728286.945800692i               1.360397991706574E7
0                         6.939611604835934E-7     4.27530865652816E-7      4273887.45183755-5393948.045092494i               1.3425777507242657E7
0                         6.939611604835934E-7     4.457236684465528E-7     4301494.742717054-5365876.685551311i              1.3426899365977826E7
0                         7.104840452570123E-7     -4.457236684465528E-7    -4094244.6718854373+5506999.707538197i            1.3776263862095881E7
0                         7.104840452570123E-7     -4.2753086565281595E-7   -4031091.516874875+5492781.366299588i             1.3707551683264105E7
0                         7.104840452570123E-7     -4.0933806285907913E-7   -3958945.933306103+5459782.584553919i             1.3599731340920595E7
0                         7.104840452570123E-7     -3.9114526006534226E-7   -3935417.3200177294+5628846.712337121i            1.3541291487143883E7
0                         7.104840452570123E-7     -3.7295245727160544E-7   -3871251.7236971976+5504291.173821214i            1.33569556420376E7
0                         7.104840452570123E-7     -3.5475965447786856E-7   -3795554.5285744476+5363261.9682653155i           1.314608895783458E7
0                         7.104840452570123E-7     -3.365668516841317E-7    -3708325.7346494882+5205759.095669433i            1.29091705932246E7
0                         7.104840452570123E-7     -3.1837404889039487E-7   -3558609.256764926+5096965.746427903i             1.241806029421047E7
0                         7.104840452570123E-7     -3.0018124609665805E-7   -3436614.8875610675+4947839.055061403i            1.2061973919760387E7
0                         7.104840452570123E-7     -2.819884433029212E-7    -3333420.052624838+4691182.9348485125i            1.1635124066826478E7
0                         7.104840452570123E-7     -2.637956405091843E-7    -3146678.0912937107+4558616.802325314i            1.1247052328181405E7
0                         7.104840452570123E-7     -2.456028377154475E-7    -2994028.3362917174+4373920.969566151i            1.0756360727845337E7
0                         7.104840452570123E-7     -2.2741003492171061E-7   -2836049.5185660343+4173533.284691713i            1.0242751304901335E7
0                         7.104840452570123E-7     -2.0921723212797377E-7   -2672741.6381166605+3957453.747702i               9708681.048955703
0                         7.104840452570123E-7     -1.9102442933423692E-7   -2525128.3518066937+3576347.5791512476i           9169741.738212373
0                         7.104840452570123E-7     -1.728316265405001E-7    -2278990.5182850277+3312294.9479711526i           8594350.377390997
0                         7.104840452570123E-7     -1.5463882374676323E-7   -2022291.35840793+3039518.828870541i              8022875.7801886005
0                         7.104840452570123E-7     -1.3644602095302636E-7   -1755030.8721753978+2758019.221849417i            7463581.1850252235
0                         7.104840452570123E-7     -1.1825321815928954E-7   -1495542.7707333681+2399765.1775428643i           6857588.848408365
0                         7.104840452570123E-7     -1.0006041536555267E-7   -1279996.8816788564+1988385.6467870448i           6244157.346757098
0                         7.104840452570123E-7     -8.186761257181585E-8    -1099430.899204549+1537523.0743944193i            5633645.954034808
0                         7.104840452570123E-7     -6.367480977807897E-8    -859979.5681406397+1153370.4254510521i            5147380.894091322
0                         7.104840452570123E-7     -4.5482006984342155E-8   -620474.0815205292+767638.8949513229i             4767912.804353305
0                         7.104840452570123E-7     -2.7289204190605282E-8   -380914.43934421614+380328.48289523163i           4523489.441522573
0                         7.104840452570123E-7     -9.09640139686841E-9     -141300.64161169925-8560.810717224478i            4437799.29108174
0                         7.104840452570123E-7     9.09640139686841E-9      98367.31167702028-399028.9858860356i              4521170.971580135
0                         7.104840452570123E-7     2.7289204190605282E-8    338089.42052194197-791076.0426112162i             4765967.277161652
0                         7.104840452570123E-7     4.5482006984342155E-8    554571.1047510256-1227991.4501132246i             5113154.866250534
0                         7.104840452570123E-7     6.367480977807897E-8     861257.0532491915-1580464.307092122i              5510645.227448908
0                         7.104840452570123E-7     8.18676125718158E-8      1181926.1682283725-1887204.627012632i             5939109.807395343
0                         7.104840452570123E-7     1.0006041536555261E-7    1564324.0640591518-2390424.018446046i             6470462.974094681
0                         7.104840452570123E-7     1.1825321815928954E-7    1763245.4076488074-2718592.347084141i             6967101.714587009
0                         7.104840452570123E-7     1.3644602095302636E-7    1959986.253901223-3033633.4651007135i             7493179.564816393
0                         7.104840452570123E-7     1.5463882374676318E-7    2154546.6028164-3335547.372495766i                8037068.6321180295
0                         7.104840452570123E-7     1.728316265405001E-7     2253363.3015074497-3698219.5533308494i            8984977.51499725
0                         7.104840452570123E-7     1.9102442933423692E-7    2423639.983548052-4054943.7838223474i             9532622.05008687
0                         7.104840452570123E-7     2.0921723212797374E-7    2586008.3123263624-4396920.366002948i             1.0066081238671506E7
0                         7.104840452570123E-7     2.2741003492171056E-7    2740468.2878423776-4724149.299872647i             1.0581915485242821E7
0                         7.104840452570123E-7     2.456028377154475E-7     2887019.9100961033-5036630.585431452i             1.1077529385104557E7
0                         7.104840452570123E-7     2.637956405091843E-7     3025663.179087532-5334364.222679353i              1.1550941660851467E7
0                         7.104840452570123E-7     2.819884433029211E-7     3156398.094816669-5617350.211616354i              1.2000623837274905E7
0                         7.104840452570123E-7     3.0018124609665805E-7    3279224.657283513-5885588.552242461i              1.2425386009814197E7
0                         7.104840452570123E-7     3.1837404889039487E-7    3778649.1141402572-5858952.555590043i             1.2810645049425218E7
0                         7.104840452570123E-7     3.365668516841317E-7     3817744.13041663-5902100.352600225i               1.3064775473505717E7
0                         7.104840452570123E-7     3.547596544778685E-7     3849546.4074086165-5924821.4665615745i            1.328625553727153E7
0                         7.104840452570123E-7     3.7295245727160544E-7    3874055.945116225-5927115.897474091i              1.3474361835573895E7
0                         7.104840452570123E-7     3.9114526006534226E-7    3891272.7435394516-5908983.645337779i             1.3628572924679834E7
0                         7.104840452570123E-7     4.093380628590791E-7     3935510.4714522306-5900371.528597504i             1.3812895343606735E7
0                         7.104840452570123E-7     4.27530865652816E-7      4001499.161946405-5918216.711507678i              1.3884154214700902E7
0                         7.104840452570123E-7     4.457236684465528E-7     4094244.6718854317-5506999.707538206i             1.377324813988664E7
0                         7.270069300304312E-7     -4.457236684465528E-7    -3686868.3046779+6087289.502343923i               1.4127837205644013E7
0                         7.270069300304312E-7     -4.2753086565281595E-7   -3693139.083547933+6057928.7045218935i            1.4120085967857309E7
0                         7.270069300304312E-7     -4.0933806285907913E-7   -3753325.0947069433+5601702.525208794i            1.3945575257471913E7
0                         7.270069300304312E-7     -3.9114526006534226E-7   -3673001.6986961975+5550321.762290061i            1.3799692031022212E7
0                         7.270069300304312E-7     -3.7295245727160544E-7   -3598512.4241068824+5671152.144619855i            1.3683718240821768E7
0                         7.270069300304312E-7     -3.5475965447786856E-7   -3525133.4358149553+5527145.783199538i            1.3463413207715485E7
0                         7.270069300304312E-7     -3.365668516841317E-7    -3399341.908312622+5425804.08551549i              1.30696162732142E7
0                         7.270069300304312E-7     -3.1837404889039487E-7   -3288982.381127285+5287246.721094743i             1.2727898814240566E7
0                         7.270069300304312E-7     -3.0018124609665805E-7   -3169664.8544315663+5133783.903041808i            1.2362991123090306E7
0                         7.270069300304312E-7     -2.819884433029212E-7    -3052329.5211312342+4857211.756985565i            1.1875040905115863E7
0                         7.270069300304312E-7     -2.637956405091843E-7    -2878349.5010040486+4749956.520170219i            1.1489458662861792E7
0                         7.270069300304312E-7     -2.456028377154475E-7    -2730706.9635886857+4560185.953288194i            1.09885196340257E7
0                         7.270069300304312E-7     -2.2741003492171061E-7   -2577735.3634496354+4354723.5342908995i           1.046493770153031E7
0                         7.270069300304312E-7     -2.0921723212797377E-7   -2419434.7005868936+4133569.2631783276i           9921237.97025492
0                         7.270069300304312E-7     -1.9102442933423692E-7   -2255804.9750004634+3896723.1399504836i           9360764.373180563
0                         7.270069300304312E-7     -1.728316265405001E-7    -2093314.2353562876+3489369.1892005885i           8803295.867535125
0                         7.270069300304312E-7     -1.5463882374676323E-7   -1842006.9029694893+3208787.177378732i            8217955.1728925025
0                         7.270069300304312E-7     -1.3644602095302636E-7   -1591670.4999048826+2879329.9838882377i           7606439.815570492
0                         7.270069300304312E-7     -1.1825321815928954E-7   -1386477.9120645574+2467975.347063913i            6947928.261621473
0                         7.270069300304312E-7     -1.0006041536555267E-7   -1177006.578286435+2051374.7486014364i            6318978.723472269
0                         7.270069300304312E-7     -8.186761257181585E-8    -934331.1294572646+1651345.6131016146i            5744516.503630621
0                         7.270069300304312E-7     -6.367480977807897E-8    -691520.8790325917+1263142.9542263492i            5259149.638457457
0                         7.270069300304312E-7     -4.5482006984342155E-8   -608963.8514340287+805414.8943900873i             4861207.486419641
0                         7.270069300304312E-7     -2.7289204190605282E-8   -377792.0906250663+411715.8620645425i             4603760.861360144
0                         7.270069300304312E-7     -9.09640139686841E-9     -146566.1742599029+16437.948182630964i            4511094.129238539
0                         7.270069300304312E-7     9.09640139686841E-9      84713.89766146452-380418.84725563764i             4594517.844032457
0                         7.270069300304312E-7     2.7289204190605282E-8    294273.63750336226-832056.2958547228i             4795966.883162394
0                         7.270069300304312E-7     4.5482006984342155E-8    549953.9963023072-1233090.345777683i              5184497.224570715
0                         7.270069300304312E-7     6.367480977807897E-8     952482.3246947924-1736818.8419089892i             5720235.986520501
0                         7.270069300304312E-7     8.18676125718158E-8      1193766.208632839-2102863.734101423i              6121870.23181452
0                         7.270069300304312E-7     1.0006041536555261E-7    1387256.9980175206-2447175.293082602i             6579155.276179867
0                         7.270069300304312E-7     1.1825321815928954E-7    1578567.290064964-2778359.6414422607i             7082640.071091858
0                         7.270069300304312E-7     1.3644602095302636E-7    1767697.0847751664-3096416.7791803977i            7616729.311698935
0                         7.270069300304312E-7     1.5463882374676318E-7    1954646.38214813-3401346.706297014i               8169598.793318306
0                         7.270069300304312E-7     1.728316265405001E-7     2047411.4215110184-3739562.3381328685i            9097599.22299261
0                         7.270069300304312E-7     1.9102442933423692E-7    2211750.566502209-4098057.5105682146i             9657226.796139073
0                         7.270069300304312E-7     2.0921723212797374E-7    2368181.358231103-4441805.034692659i              1.0203214230702335E7
0                         7.270069300304312E-7     2.2741003492171056E-7    2516703.7966977046-4770804.910506207i             1.0732057625055477E7
0                         7.270069300304312E-7     2.456028377154475E-7     2657317.881902013-5085057.138008856i              1.1241117332723076E7
0                         7.270069300304312E-7     2.637956405091843E-7     2790023.6138440315-5384561.717200605i             1.1728382531408591E7
0                         7.270069300304312E-7     2.819884433029211E-7     2914820.992523752-5669318.648081455i              1.2192306181109777E7
0                         7.270069300304312E-7     3.0018124609665805E-7    3031710.0179411806-5939327.930651408i             1.2631688217323015E7
0                         7.270069300304312E-7     3.1837404889039487E-7    3195487.2666575876-6139403.356935125i             1.304145052727768E7
0                         7.270069300304312E-7     3.365668516841317E-7     3421755.9633031227-6037968.131258645i             1.3291285820703039E7
0                         7.270069300304312E-7     3.547596544778685E-7     3453440.752806343-6062606.03883748i               1.3516209158612197E7
0                         7.270069300304312E-7     3.7295245727160544E-7    3477832.8030251763-6066817.2633674815i            1.3708394203199076E7
0                         7.270069300304312E-7     3.9114526006534226E-7    3490243.5248996075-6035110.123928919i             1.391603385778244E7
0                         7.270069300304312E-7     4.093380628590791E-7     3566625.502620984-6072456.111394312i              1.4024064081870146E7
0                         7.270069300304312E-7     4.27530865652816E-7      3632167.09588041-6089849.237532651i               1.4094950641444553E7
0                         7.270069300304312E-7     4.457236684465528E-7     3686868.3046778818-6087289.502343936i             1.4128576287461128E7
0                         7.4352981480385E-7       -4.457236684465528E-7    -3317089.141377153+6258469.971597059i             1.4338012311430328E7
0                         7.4352981480385E-7       -4.2753086565281595E-7   -3324600.7537596794+6228833.585704256i            1.4330567419463655E7
0                         7.4352981480385E-7       -4.0933806285907913E-7   -3322906.989598976+6176279.456836832i             1.4280530438396487E7
0                         7.4352981480385E-7       -3.9114526006534226E-7   -3312007.8488950245+6100807.584994785i            1.4188065641143667E7
0                         7.4352981480385E-7       -3.7295245727160544E-7   -3379694.267760542+5622877.418187124i             1.395560954661617E7
0                         7.4352981480385E-7       -3.5475965447786856E-7   -3254712.3430554573+5691029.598133757i            1.3784403182587374E7
0                         7.4352981480385E-7       -3.365668516841317E-7    -3127038.190166857+5620421.186868758i             1.3402854422462003E7
0                         7.4352981480385E-7       -3.1837404889039487E-7   -3019355.505489636+5477527.695761583i             1.3050958238251267E7
0                         7.4352981480385E-7       -3.0018124609665805E-7   -2927427.1579140257+5240932.17832405i             1.2628842021118414E7
0                         7.4352981480385E-7       -2.819884433029212E-7    -2771238.9896376315+5023240.579122615i            1.2124955561581025E7
0                         7.4352981480385E-7       -2.637956405091843E-7    -2610020.910714386+4941296.238015121i             1.1740621407627977E7
0                         7.4352981480385E-7       -2.456028377154475E-7    -2467385.5908856583+4746450.937010241i            1.1229018387453945E7
0                         7.4352981480385E-7       -2.2741003492171061E-7   -2319421.208333236+4535913.783890084i             1.0695246432513576E7
0                         7.4352981480385E-7       -2.0921723212797377E-7   -2166127.7630571243+4309684.778654654i            1.0141925447120765E7
0                         7.4352981480385E-7       -1.9102442933423692E-7   -2007505.2550573302+4067763.921303952i            9572515.055648282
0                         7.4352981480385E-7       -1.728316265405001E-7    -1907637.9524275432+3666443.430430026i            9025612.80751209
0                         7.4352981480385E-7       -1.5463882374676323E-7   -1671370.372585823+3364090.9640087746i            8414485.846286668
0                         7.4352981480385E-7       -1.3644602095302636E-7   -1476531.0859596827+2952761.2211159444i           7721586.225836953
0                         7.4352981480385E-7       -1.1825321815928954E-7   -1277413.0533957472+2536185.5165849626i           7046551.990350714
0                         7.4352981480385E-7       -1.0006041536555267E-7   -1074016.274894013+2114363.850415826i             6401867.578431397
0                         7.4352981480385E-7       -8.186761257181585E-8    -854759.5484690323+1685288.7213967585i            5844047.107039283
0                         7.4352981480385E-7       -6.367480977807897E-8    -619786.621069539+1290926.0324874285i             5349538.850391951
0                         7.4352981480385E-7       -4.5482006984342155E-8   -385441.89073630766+892846.7283557629i            4951388.565832753
0                         7.4352981480385E-7       -2.7289204190605282E-8   -374669.7419059181+443103.2412338485i             4699233.492949549
0                         7.4352981480385E-7       -9.09640139686841E-9     -151831.70690810587+41436.7070824813i             4600273.51727847
0                         7.4352981480385E-7       9.09640139686841E-9      47028.73746522897-424555.0491514697i              4619629.436756637
0                         7.4352981480385E-7       2.7289204190605282E-8    295361.4374756843-831192.58842772i                4871359.172072925
0                         7.4352981480385E-7       4.5482006984342155E-8    703307.0590055201-1312738.9031346517i             5307176.057665195
0                         7.4352981480385E-7       6.367480977807897E-8     834977.6084599895-1755542.4927697775i             5758896.163022505
0                         7.4352981480385E-7       8.18676125718158E-8      1024310.1941334204-2156598.9890164137i            6231792.019160923
0                         7.4352981480385E-7       1.0006041536555261E-7    1210189.93197589-2503926.567719158i               6693725.097721174
0                         7.4352981480385E-7       1.1825321815928954E-7    1393889.1724811199-2838126.935800382i             7203650.885528152
0                         7.4352981480385E-7       1.3644602095302636E-7    1575407.91564911-3159200.0932600824i              7745691.042050001
0                         7.4352981480385E-7       1.5463882374676318E-7    1754746.16147986-3467146.0400982634i              8307766.06394208
0                         7.4352981480385E-7       1.728316265405001E-7     1918092.88890353-3771544.0392956347i              8905708.186521392
0                         7.4352981480385E-7       1.9102442933423692E-7    1999861.149456364-4141171.23731408i               9784973.07837505
0                         7.4352981480385E-7       2.0921723212797374E-7    2150354.4041358437-4486689.703382373i             1.0344257404607018E7
0                         7.4352981480385E-7       2.2741003492171056E-7    2292939.305553034-4817460.521139769i              1.0887019219585001E7
0                         7.4352981480385E-7       2.456028377154475E-7     2427615.853707927-5133483.690586263i              1.141055791069852E7
0                         7.4352981480385E-7       2.637956405091843E-7     2554384.04860053-5434759.211721862i               1.1912820932594167E7
0                         7.4352981480385E-7       2.819884433029211E-7     2673243.8902308363-5721287.084546556i             1.239223391011659E7
0                         7.4352981480385E-7       3.0018124609665805E-7    2866889.069470545-5925212.389811633i              1.2849405199365918E7
0                         7.4352981480385E-7       3.1837404889039487E-7    2862157.4663165035-6132010.154701343i             1.3215270359045522E7
0                         7.4352981480385E-7       3.365668516841317E-7     2860221.71238372-6318944.013346601i               1.3545920782604523E7
0                         7.4352981480385E-7       3.547596544778685E-7     3057335.09820407-6200390.611113388i               1.3755884472253468E7
0                         7.4352981480385E-7       3.7295245727160544E-7    3081609.6609341325-6206518.629260868i             1.395182138883904E7
0                         7.4352981480385E-7       3.9114526006534226E-7    3121805.6533031194-6207646.763497567i             1.4127879541879287E7
0                         7.4352981480385E-7       4.093380628590791E-7     3197740.5337897446-6244540.694191124i             1.4235407249585615E7
0                         7.4352981480385E-7       4.27530865652816E-7      3262835.0298144147-6261481.763557623i             1.4305822408979984E7
0                         7.4352981480385E-7       4.457236684465528E-7     3317089.141377132-6258469.971597073i              1.4338980022659443E7
0                         7.600526995772689E-7     -4.457236684465528E-7    -2947309.9780763984+6429650.440850194i            1.4546677920958713E7
0                         7.600526995772689E-7     -4.2753086565281595E-7   -2956062.423971435+6399738.466886618i             1.4539468905084811E7
0                         7.600526995772689E-7     -4.0933806285907913E-7   -2955609.493323226+6346908.749948418i             1.4489361016103463E7
0                         7.600526995772689E-7     -3.9114526006534226E-7   -2945951.186131772+6271161.290035595i             1.4396507665640248E7
0                         7.600526995772689E-7     -3.7295245727160544E-7   -2927087.50239708+6172496.087148152i              1.4261159643893166E7
0                         7.600526995772689E-7     -3.5475965447786856E-7   -2899018.442119146+6050913.141286087i             1.4083675910461187E7
0                         7.600526995772689E-7     -3.365668516841317E-7    -2854734.472021074+5815038.288222031i             1.3748324477808453E7
0                         7.600526995772689E-7     -3.1837404889039487E-7   -2749728.629852+5667808.67042842i                 1.3386247616154214E7
0                         7.600526995772689E-7     -3.0018124609665805E-7   -2642564.2395045413+5410265.616745141i            1.2900181799508557E7
0                         7.600526995772689E-7     -2.819884433029212E-7    -2473991.35994313+5316864.138872493i              1.2498454499585763E7
0                         7.600526995772689E-7     -2.637956405091843E-7    -2341692.3204247216+5132635.955860025i            1.1999467388276963E7
0                         7.600526995772689E-7     -2.456028377154475E-7    -2204064.218182628+4932715.920732286i             1.1476870119416744E7
0                         7.600526995772689E-7     -2.2741003492171061E-7   -2061107.0532168392+4717104.033489274i            1.0932767367677705E7
0                         7.600526995772689E-7     -2.0921723212797377E-7   -1912820.825527362+4485800.294130984i             1.0369899639072511E7
0                         7.600526995772689E-7     -1.9102442933423692E-7   -1759205.5351141933+4238804.702657425i            9791875.392937189
0                         7.600526995772689E-7     -1.728316265405001E-7    -1600261.1819773372+3976117.2590685887i           9203501.256575394
0                         7.600526995772689E-7     -1.5463882374676323E-7   -1550156.4033642327+3442743.268943136i            8555285.274421688
0                         7.600526995772689E-7     -1.3644602095302636E-7   -1361391.6720144819+3026192.458343648i            7844667.689023203
0                         7.600526995772689E-7     -1.1825321815928954E-7   -1168348.1947269356+2604395.6861060094i           7152701.622260578
0                         7.600526995772689E-7     -1.0006041536555267E-7   -971025.9715015925+2177352.952230218i             6492178.164836687
0                         7.600526995772689E-7     -8.186761257181585E-8    -775187.9674807993+1719231.8296919009i            5952590.621191162
0                         7.600526995772689E-7     -6.367480977807897E-8    -548052.3631064863+1318709.1107485052i            5449877.115404315
0                         7.600526995772689E-7     -4.5482006984342155E-8   -321544.95579843334+914469.7765827759i            5046772.935347302
0                         7.600526995772689E-7     -2.7289204190605282E-8   -95665.74555663919+506513.82719471003i            4773937.667081443
0                         7.600526995772689E-7     -9.09640139686841E-9     -187163.5953633761-5487.710003465298i             4625573.35327261
0                         7.600526995772689E-7     9.09640139686841E-9      53821.44585858732-417728.7386330066i              4704438.891676046
0                         7.600526995772689E-7     2.7289204190605282E-8    296449.23744800617-830328.8810007173i             4958778.446264313
0                         7.600526995772689E-7     4.5482006984342155E-8    594145.7234430638-1331244.4666607725i             5345317.034603341
0                         7.600526995772689E-7     6.367480977807897E-8     717472.892225187-1774266.1436305658i              5802030.853075273
0                         7.600526995772689E-7     8.18676125718158E-8      840729.9187050238-2208713.563996958i              6342495.235288863
0                         7.600526995772689E-7     1.0006041536555261E-7    1033122.8659342588-2560677.8423557132i            6813466.1609510165
0                         7.600526995772689E-7     1.1825321815928954E-7    1209211.0548972765-2897894.2301585013i            7329384.523548721
0                         7.600526995772689E-7     1.3644602095302636E-7    1383118.746523054-3221983.4073397685i             7879263.01540189
0                         7.600526995772689E-7     1.5463882374676318E-7    1554845.940811592-3532945.3738995115i             8450709.507972723
0                         7.600526995772689E-7     1.728316265405001E-7     1709605.9383670113-3841706.230728337i             9051190.85199825
0                         7.600526995772689E-7     1.9102442933423692E-7    1787971.7324105194-4184284.9640599447i            9914634.256037321
0                         7.600526995772689E-7     2.0921723212797374E-7    1932527.4500405858-4531574.372072087i             1.0487886139761856E7
0                         7.600526995772689E-7     2.2741003492171056E-7    2069174.8144083591-4864116.131773327i             1.1045373548979694E7
0                         7.600526995772689E-7     2.456028377154475E-7     2197913.825513841-5181910.24316367i               1.158431685776424E7
0                         7.600526995772689E-7     2.637956405091843E-7     2318744.483357029-5484956.706243115i              1.2102608430183088E7
0                         7.600526995772689E-7     2.819884433029211E-7     2547589.8889548564-5690031.161320353i             1.2609805973944562E7
0                         7.600526995772689E-7     3.0018124609665805E-7    2536810.85285451-5917256.010016184i               1.3017521231030252E7
0                         7.600526995772689E-7     3.1837404889039487E-7    2528827.6659754207-6124616.952467563i             1.3391139002749821E7
0                         7.600526995772689E-7     3.365668516841317E-7     2523640.3283175817-6312113.988674491i             1.3729285147272898E7
0                         7.600526995772689E-7     3.547596544778685E-7     2661229.443601788-6338175.183389292i              1.4003956827784318E7
0                         7.600526995772689E-7     3.7295245727160544E-7    2685386.518843085-6346219.995154262i              1.4203326634346856E7
0                         7.600526995772689E-7     3.9114526006534226E-7    2753367.781706629-6380183.403066214i              1.4338746393083112E7
0                         7.600526995772689E-7     4.093380628590791E-7     2828855.5649585007-6416625.276987934i             1.4445508821744138E7
0                         7.600526995772689E-7     4.27530865652816E-7      2893502.9637484187-6433114.289582596i             1.4515326021581136E7
0                         7.600526995772689E-7     4.457236684465528E-7     2947309.9780763807-6429650.4408502085i            1.454802311072225E7
0                         7.765755843506878E-7     -4.457236684465528E-7    -2577530.814775657+6600830.910103332i             1.475295882954134E7
0                         7.765755843506878E-7     -4.2753086565281595E-7   -2587524.0941831805+6570643.348068979i            1.4745909302283833E7
0                         7.765755843506878E-7     -4.0933806285907913E-7   -2588311.99704747+6517538.043060003i              1.4695797417656168E7
0                         7.765755843506878E-7     -3.9114526006534226E-7   -2579894.523368518+6441514.995076408i             1.4602768117654193E7
0                         7.765755843506878E-7     -3.7295245727160544E-7   -2562271.6731463224+6342574.204118188i            1.4467059118745439E7
0                         7.765755843506878E-7     -3.5475965447786856E-7   -2535443.446380889+6220715.670185349i             1.4289011044321243E7
0                         7.765755843506878E-7     -3.365668516841317E-7    -2528999.5211637137+6003239.229492877i            1.4047100449657084E7
0                         7.765755843506878E-7     -3.1837404889039487E-7   -2496633.503915646+5867879.0477113975i            1.375900819196035E7
0                         7.765755843506878E-7     -3.0018124609665805E-7   -2357701.321095049+5579599.055166227i             1.3180097973392429E7
0                         7.765755843506878E-7     -2.819884433029212E-7    -2200655.5520668384+5513278.590840254i            1.2776307647194123E7
0                         7.765755843506878E-7     -2.637956405091843E-7    -2073363.7301350618+5323975.67370493i             1.226536363014964E7
0                         7.765755843506878E-7     -2.456028377154475E-7    -1940742.8454795943+5118980.904454332i            1.1731538328946674E7
0                         7.765755843506878E-7     -2.2741003492171061E-7   -1637589.5981138584+5001545.081038579i            1.117825694011208E7
0                         7.765755843506878E-7     -2.0921723212797377E-7   -1554733.0984738213+4677846.783493246i            1.0572693311112097E7
0                         7.765755843506878E-7     -1.9102442933423692E-7   -1471850.9300425542+4337266.835491399i            9953739.623217477
0                         7.765755843506878E-7     -1.728316265405001E-7    -1388943.092820054+3979805.2370330286i            9325940.123883562
0                         7.765755843506878E-7     -1.5463882374676323E-7   -1320853.5587462196+3590330.401575326i            8676940.22651604
0                         7.765755843506878E-7     -1.3644602095302636E-7   -1260466.4784729066+3180949.9544380684i           7992841.472884185
0                         7.765755843506878E-7     -1.1825321815928954E-7   -1199061.749200941+2759953.319147018i             7322811.967900186
0                         7.765755843506878E-7     -1.0006041536555267E-7   -868035.6681091692+2240342.054044608i             6589527.434417822
0                         7.765755843506878E-7     -8.186761257181585E-8    -672509.2542224161+1802832.290824006i             5964909.7350215195
0                         7.765755843506878E-7     -6.367480977807897E-8    -476318.1051434325+1346492.1890095812i            5559992.3925768025
0                         7.765755843506878E-7     -4.5482006984342155E-8   -661495.1977742715+777107.064790084i              4947539.812899135
0                         7.765755843506878E-7     -2.7289204190605282E-8   -399394.43098487007+391783.0158645689i            4739791.186565384
0                         7.765755843506878E-7     -9.09640139686841E-9     -174665.97854897616+7301.203606459516i            4726528.335189644
0                         7.765755843506878E-7     9.09640139686841E-9      60614.15425195046-410902.42811454134i             4802328.953056787
0                         7.765755843506878E-7     2.7289204190605282E-8    369930.4574685439-897936.0092790276i              5045781.2845541695
0                         7.765755843506878E-7     4.5482006984342155E-8    484984.3878806074-1349750.0301868925i             5387888.050256383
0                         7.765755843506878E-7     6.367480977807897E-8     599968.1759903842-1792989.7944913544i             5848783.245659869
0                         7.765755843506878E-7     8.18676125718158E-8      714881.8217978745-2227655.3021924132i             6395110.557828947
0                         7.765755843506878E-7     1.0006041536555261E-7    856055.7998926276-2617429.116992269i              6938038.068287508
0                         7.765755843506878E-7     1.1825321815928954E-7    1024532.9373134318-2957661.5245166216i            7459438.654425206
0                         7.765755843506878E-7     1.3644602095302636E-7    1190829.5773969968-3284766.7214194518i            8016973.38972896
0                         7.765755843506878E-7     1.5463882374676318E-7    1354945.7201433228-3598744.70770076i              8597882.57843077
0                         7.765755843506878E-7     1.728316265405001E-7     1501118.9878304899-3911868.422161039i             9198535.466650438
0                         7.765755843506878E-7     1.9102442933423692E-7    1576082.3153646763-4227398.690805813i             1.0045406420182295E7
0                         7.765755843506878E-7     2.0921723212797374E-7    1714700.495945327-4576459.040761799i              1.0633185840757819E7
0                         7.765755843506878E-7     2.2741003492171056E-7    1845410.3232636857-4910771.742406885i             1.1206094119938219E7
0                         7.765755843506878E-7     2.456028377154475E-7     1968211.797319753-5230336.795741076i              1.1761252926010795E7
0                         7.765755843506878E-7     2.637956405091843E-7     2083104.918113527-5535154.200764367i              1.2296484727604365E7
0                         7.765755843506878E-7     2.819884433029211E-7     2220763.256063871-5681511.603963235i              1.2769097861574436E7
0                         7.765755843506878E-7     3.0018124609665805E-7    2206732.6362384763-5909299.630220734i             1.318523345391762E7
0                         7.765755843506878E-7     3.1837404889039487E-7    2195497.8656343333-6117223.7502337815i            1.35671390300772E7
0                         7.765755843506878E-7     3.365668516841317E-7     2187058.94425145-6305283.964002376i               1.3913489072973846E7
0                         7.765755843506878E-7     3.547596544778685E-7     2181415.8720898177-6473480.27152652i              1.4223244367197819E7
0                         7.765755843506878E-7     3.7295245727160544E-7    2289163.3767520394-6485921.361047648i             1.4462241900981998E7
0                         7.765755843506878E-7     3.9114526006534226E-7    2384929.9101101365-6552720.042634862i             1.4547854728208652E7
0                         7.765755843506878E-7     4.093380628590791E-7     2459970.596127259-6588709.859784741i              1.4653567634561278E7
0                         7.765755843506878E-7     4.27530865652816E-7      2524170.897682423-6604746.81560757i               1.4722631250779325E7
0                         7.765755843506878E-7     4.457236684465528E-7     2577530.814775635-6600830.910103344i              1.4754838697350265E7
0                         7.930984691241068E-7     -4.457236684465528E-7    -2207751.651474906+6772011.379356472i             1.4956551050548345E7
0                         7.930984691241068E-7     -4.2753086565281595E-7   -2218985.7643949296+6741548.229251341i            1.4949579273232194E7
0                         7.930984691241068E-7     -4.0933806285907913E-7   -2221014.5007717144+6688167.336171591i            1.4899518004109267E7
0                         7.930984691241068E-7     -3.9114526006534226E-7   -2213837.860605261+6611868.700117219i             1.480650583582996E7
0                         7.930984691241068E-7     -3.7295245727160544E-7   -2197455.843895565+6512652.3210882265i            1.4670772134270467E7
0                         7.930984691241068E-7     -3.5475965447786856E-7   -2171868.4506426286+6390518.199084609i            1.449264672362914E7
0                         7.930984691241068E-7     -3.365668516841317E-7    -2167524.5398650737+6140378.048473716i            1.4285507266511772E7
0                         7.930984691241068E-7     -3.1837404889039487E-7   -2156431.2647164203+5892217.044527135i            1.3888450170376126E7
0                         7.930984691241068E-7     -3.0018124609665805E-7   -1734657.4927690413+6219800.992187364i            1.3675829260426152E7
0                         7.930984691241068E-7     -2.819884433029212E-7    -1660252.1338311546+5789503.633635664i            1.3009621945415208E7
0                         7.930984691241068E-7     -2.637956405091843E-7    -1586020.4376267921+5518089.354821851i            1.2453994782062892E7
0                         7.930984691241068E-7     -2.456028377154475E-7    -1511763.0726311943+5229793.425551519i            1.187748931412027E7
0                         7.930984691241068E-7     -2.2741003492171061E-7   -1437480.038844366+4924615.845824672i             1.1282156952502154E7
0                         7.930984691241068E-7     -2.0921723212797377E-7   -1363171.3362663076+4602556.615641305i            1.0670671780576566E7
0                         7.930984691241068E-7     -1.9102442933423692E-7   -1288836.964897017+4263615.735001415i             1.0046560770225337E7
0                         7.930984691241068E-7     -1.728316265405001E-7    -1214476.924736497+3907793.2039050106i            9414533.077460254
0                         7.930984691241068E-7     -1.5463882374676323E-7   -1153077.9761608564+3522121.9553918825i           8749780.228896333
0                         7.930984691241068E-7     -1.3644602095302636E-7   -1100308.8219463578+3115796.394659198i            8059265.503493863
0                         7.930984691241068E-7     -1.1825321815928954E-7   -1046522.018733209+2697854.6457727216i            7383798.154869342
0                         7.930984691241068E-7     -1.0006041536555267E-7   -991717.5665214106+2268296.708732455i             6737433.77762535
0                         7.930984691241068E-7     -8.186761257181585E-8    -935895.4653109617+1827122.5835383974i            6140148.020389818
0                         7.930984691241068E-7     -6.367480977807897E-8    -480333.60808452603+1257067.0393390683i           5387307.747915468
0                         7.930984691241068E-7     -4.5482006984342155E-8   -327127.46993597574+873271.4230150112i            5060591.581353464
0                         7.930984691241068E-7     -2.7289204190605282E-8   -386582.1702140261+401437.3873353116i             4879019.912293595
0                         7.930984691241068E-7     -9.09640139686841E-9     -131632.2448738855+7992.124387118558i             4825359.219186637
0                         7.930984691241068E-7     9.09640139686841E-9      162331.81053642742-455617.1206245465i             4906589.533533353
0                         7.930984691241068E-7     2.7289204190605282E-8    269112.5025784329-916223.4854704805i              5091628.706795351
0                         7.930984691241068E-7     4.5482006984342155E-8    375823.0523181504-1368255.593713012i              5434314.9304460585
0                         7.930984691241068E-7     6.367480977807897E-8     482463.4597555812-1811713.445352143i              5898575.412338121
0                         7.930984691241068E-7     8.18676125718158E-8      589033.724890725-2246597.0403878703i              6450442.861204903
0                         7.930984691241068E-7     1.0006041536555261E-7    695533.8477235818-2672906.378820194i              7062445.7960330015
0                         7.930984691241068E-7     1.1825321815928954E-7    839854.8197295872-3017428.8188747438i             7593731.986265755
0                         7.930984691241068E-7     1.3644602095302636E-7    998540.4082709383-3347550.035499137i              8158655.841519506
0                         7.930984691241068E-7     1.5463882374676318E-7    1155045.4994750512-3664544.04150201i              8749030.345776811
0                         7.930984691241068E-7     1.728316265405001E-7     1292632.0372939701-3982030.6135937423i            9347353.315281468
0                         7.930984691241068E-7     1.9102442933423692E-7    1364192.8983188295-4270512.417551679i             1.017688282619122E7
0                         7.930984691241068E-7     2.0921723212797374E-7    1496873.5418500677-4621343.7094515115i            1.0779626601025997E7
0                         7.930984691241068E-7     2.2741003492171056E-7    1621645.8321190113-4957427.353040447i             1.1368529572243005E7
0                         7.930984691241068E-7     2.456028377154475E-7     1738509.769125665-5278763.348318486i              1.1940593055156205E7
0                         7.930984691241068E-7     2.637956405091843E-7     1914014.6759445881-5424776.936542495i             1.2468793219608435E7
0                         7.930984691241068E-7     2.819884433029211E-7     1893936.6231728862-5672992.046606114i             1.2926266500752332E7
0                         7.930984691241068E-7     3.0018124609665805E-7    1876654.4196224404-5901343.250425285i             1.3351199731971158E7
0                         7.930984691241068E-7     3.1837404889039487E-7    1862168.0652932464-6109830.548i                   1.374194177174906E7
0                         7.930984691241068E-7     3.365668516841317E-7     1850477.56018531-6298453.939330267i               1.4097204644859586E7
0                         7.930984691241068E-7     3.547596544778685E-7     1841582.9042986317-6467213.424416079i             1.4415983364123926E7
0                         7.930984691241068E-7     3.7295245727160544E-7    1936403.3951936373-6737187.84132298i              1.4653663112832928E7
0                         7.930984691241068E-7     3.9114526006534226E-7    2016492.0385136462-6725256.682203509i             1.47549987694766E7
0                         7.930984691241068E-7     4.093380628590791E-7     2091085.627296012-6760794.442581553i              1.4859353197209101E7
0                         7.930984691241068E-7     4.27530865652816E-7      2154838.8316164277-6776379.341632544i             1.492747727885592E7
0                         7.930984691241068E-7     4.457236684465528E-7     2207751.651474889-6772011.379356483i              1.4959130035079418E7
0                         8.096213538975255E-7     -4.457236684465528E-7    -1837972.4881741554+6943191.848609606i            1.5157682495470537E7
0                         8.096213538975255E-7     -4.2753086565281595E-7   -1850447.4346066825+6912453.1104337i              1.5150701833956543E7
0                         8.096213538975255E-7     -4.0933806285907913E-7   -1853717.0044959672+6858796.629283177i            1.5100735981081149E7
0                         8.096213538975255E-7     -3.9114526006534226E-7   -1847781.197842007+6782222.405158028i             1.5007919072475009E7
0                         8.096213538975255E-7     -3.7295245727160544E-7   -1832640.0146448133+6682730.43805826i             1.487247642303619E7
0                         8.096213538975255E-7     -3.5475965447786856E-7   -1808293.4549043728+6560320.727983869i            1.4694733952632714E7
0                         8.096213538975255E-7     -3.365668516841317E-7    -1236714.9872607263+7644464.7573786415i           1.5066011843616752E7
0                         8.096213538975255E-7     -3.1837404889039487E-7   -1417295.2635291526+6390136.480695689i            1.4210072327688912E7
0                         8.096213538975255E-7     -3.0018124609665805E-7   -1438827.6439913244+6147336.5291912155i           1.3767964248093855E7
0                         8.096213538975255E-7     -2.819884433029212E-7    -1465332.7227020063+5888355.045433577i            1.32972249551901E7
0                         8.096213538975255E-7     -2.637956405091843E-7    -1368815.2842333438+5437881.984884016i            1.257212579302119E7
0                         8.096213538975255E-7     -2.456028377154475E-7    -1303105.7162997276+5151225.122975647i            1.1987521832545906E7
0                         8.096213538975255E-7     -2.2741003492171061E-7   -1237370.479574876+4847686.610610763i             1.1384733744617455E7
0                         8.096213538975255E-7     -2.0921723212797377E-7   -1171609.574058795+4527266.447789355i             1.0766548539655251E7
0                         8.096213538975255E-7     -1.9102442933423692E-7   -1105822.9997514836+4189964.6345114294i           1.0136640208818313E7
0                         8.096213538975255E-7     -1.728316265405001E-7    -1040010.7566529391+3835781.1707769907i           9499909.04865268
0                         8.096213538975255E-7     -1.5463882374676323E-7   -985302.3935754951+3453913.5092084426i            8817195.963474894
0                         8.096213538975255E-7     -1.3644602095302636E-7   -940151.1654198118+3050642.8348803273i            8119747.25681468
0                         8.096213538975255E-7     -1.1825321815928954E-7   -893982.2882654786+2635755.9723984255i            7438616.428713555
0                         8.096213538975255E-7     -1.0006041536555267E-7   -846795.7621124936+2209252.9217627295i            6788199.038370035
0                         8.096213538975255E-7     -8.186761257181585E-8    -789354.2549186237+1737981.5911900862i            6160024.8304806035
0                         8.096213538975255E-7     -6.367480977807897E-8    -735436.7353045555+1347501.7495775148i            5713598.995042793
0                         8.096213538975255E-7     -4.5482006984342155E-8   -304819.4746677002+868355.1990702277i             5189570.991502228
0                         8.096213538975255E-7     -2.7289204190605282E-8   -161283.64170444864+484976.14418111555i           4997634.378735048
0                         8.096213538975255E-7     -9.09640139686841E-9     118831.86593951205+55652.6118464655i              4946586.439973856
0                         8.096213538975255E-7     9.09640139686841E-9      178013.67327177676-372166.46478801826i            4896027.70754773
0                         8.096213538975255E-7     2.7289204190605282E-8    168294.5476883233-934510.9616619344i              5142428.279243184
0                         8.096213538975255E-7     4.5482006984342155E-8    266661.7167556945-1386761.1572391337i             5484313.0989332795
0                         8.096213538975255E-7     6.367480977807897E-8     364958.74352077895-1830437.0962129307i            5951100.720670468
0                         8.096213538975255E-7     8.18676125718158E-8      463185.6279835756-2265538.7785833254i             6508158.90064146
0                         8.096213538975255E-7     1.0006041536555261E-7    561342.3701440869-2692066.204350318i              7127350.82932112
0                         8.096213538975255E-7     1.1825321815928954E-7    655176.7021457443-3077196.1132328627i             7732477.734787679
0                         8.096213538975255E-7     1.3644602095302636E-7    806251.2391448834-3410333.349578821i              8304425.07688555
0                         8.096213538975255E-7     1.5463882374676318E-7    955145.2788067837-3730343.3753032596i             8904166.614065547
0                         8.096213538975255E-7     1.728316265405001E-7     1084145.0867574518-4052192.8050264446i            9497559.90465356
0                         8.096213538975255E-7     1.9102442933423692E-7    1152303.4812729876-4313626.144297543i             1.0309029139694173E7
0                         8.096213538975255E-7     2.0921723212797374E-7    1279046.5877548107-4666228.378141225i             1.0927038401445745E7
0                         8.096213538975255E-7     2.2741003492171056E-7    1397881.3409743411-5004082.963674007i             1.1532378797114097E7
0                         8.096213538975255E-7     2.456028377154475E-7     1616565.1124966647-5147052.007753966i             1.2117278392220257E7
0                         8.096213538975255E-7     2.637956405091843E-7     1590439.6267786557-5415694.201623707i             1.261403720371192E7
0                         8.096213538975255E-7     2.819884433029211E-7     1567109.990281904-5664472.489248992i              1.3080523691218052E7
0                         8.096213538975255E-7     3.0018124609665805E-7    1546576.2030064045-5893386.870629834i             1.3514642485572126E7
0                         8.096213538975255E-7     3.1837404889039487E-7    1488936.8542618938-6077356.570468841i             1.393650129345513E7
0                         8.096213538975255E-7     3.365668516841317E-7     1559700.6088149943-6311799.425837517i             1.4251785098422011E7
0                         8.096213538975255E-7     3.547596544778685E-7     1627871.6058873055-6529257.339210916i             1.4532279473980797E7
0                         8.096213538975255E-7     3.7295245727160544E-7    1693449.8454788388-6729730.310589054i             1.4777316906303065E7
0                         8.096213538975255E-7     3.9114526006534226E-7    1756435.3275895934-6913218.339971932i             1.498638901054346E7
0                         8.096213538975255E-7     4.093380628590791E-7     1722200.6584647717-6932879.025378362i             1.5063165993440023E7
0                         8.096213538975255E-7     4.27530865652816E-7      1785506.7655504348-6948011.867657515i             1.5130133337675931E7
0                         8.096213538975255E-7     4.457236684465528E-7     1837972.488174143-6943191.848609616i              1.5161131189472226E7
