% Model:              omc_unitcell_iso.mph
% Version:            COMSOL 6.2.0.658
% Date:               Jul 1 2026, 14:34
% Dimension:          3
% Nodes:              2500
% Expressions:        2
% Description:        Electric field, y-component, Electric field norm
% Length unit:        m
% X                       Y                        Z                        ewfd.Ey (V/m) @ lambda=9E-12                      ewfd.normE (V/m) @ lambda=9E-12
0                         0                        -4.455E-7                -49602.08592038095-100594.45071214435i            278452.9332982843
0                         0                        -4.2731632653061225E-7   -944586.1007943439-950713.4573573301i             1340186.173564774
0                         0                        -4.091326530612245E-7    -1785492.3844110502-1667842.8936929486i           2443293.468421656
0                         0                        -3.9094897959183674E-7   -2594728.819498393-2362137.3374381387i            3508890.201709775
0                         0                        -3.72765306122449E-7     -3372295.40605637-3033596.7885928974i             4535976.827704264
0                         0                        -3.545816326530612E-7    -4118192.14408499-3682221.247157236i              5524333.430253782
0                         0                        -3.3639795918367346E-7   -4857671.316868208-4315482.722566564i             6497719.73476039
0                         0                        -3.1821428571428575E-7   -5528996.254247944-4854530.57382198i              7357735.159113853
0                         0                        -3.0003061224489794E-7   -6070954.8636831865-5333424.572091089i            8080959.758782588
0                         0                        -2.8184693877551024E-7   -6458732.176514817-5657527.21461588i              8586200.295361571
0                         0                        -2.636632653061224E-7    -6795746.485065721-5956222.143841376i             9036523.25377794
0                         0                        -2.454795918367347E-7    -7081997.789335899-6229509.359767573i             9431939.331420148
0                         0                        -2.2729591836734696E-7   -7317486.089325339-6477388.86239446i              9772521.125182673
0                         0                        -2.091122448979592E-7    -7921476.452545227-7251426.622478443i             1.0739319217223112E7
0                         0                        -1.9092857142857144E-7   -7568832.5456551155-6706843.549119395i            1.0112812491910078E7
0                         0                        -1.7274489795918368E-7   -7239557.002199686-6197668.315987271i             9530072.3052394
0                         0                        -1.5456122448979592E-7   -6933649.822178986-5723900.923082104i             8991025.616350053
0                         0                        -1.3637755102040816E-7   -6651111.005592982-5285541.370403867i             8495541.488744015
0                         0                        -1.181938775510204E-7    -6391940.552441683-4882589.657952572i             8043418.787673181
0                         0                        -1.0001020408163265E-7   -6156138.462725093-4515045.785728222i             7634374.8414304
0                         0                        -8.182653061224489E-8    -5943704.736443211-4182909.7537308065i            7268036.874003446
0                         0                        -6.364285714285713E-8    -5754639.373596035-3886181.5619603386i            6943938.4683810575
0                         0                        -4.545918367346937E-8    -5904601.839953101-4127825.9945917255i            7204392.433092794
0                         0                        -2.7275510204081612E-8   -5925354.02418248-4171376.0729071274i             7246392.11287366
0                         0                        -9.091836734693906E-9    -5946551.595032968-4203424.352547991i             7282187.319753773
0                         0                        9.091836734693853E-9     -5968194.552504565-4223970.833514312i             7311721.809459435
0                         0                        2.7275510204081612E-8    -5990282.896597271-4233015.515806094i             7334978.496104875
0                         0                        4.5459183673469424E-8    -6203667.090306263-4428462.545951502i             7622123.450079003
0                         0                        6.364285714285713E-8     -6309594.868631311-4618668.417943078i             7819404.412176377
0                         0                        8.182653061224494E-8     -6196566.543176802-4547444.559036611i             7686136.151638857
0                         0                        1.0001020408163265E-7    -6172730.586554739-4565321.61356138i              7677549.370042441
0                         0                        1.1819387755102046E-7    -6182176.870380838-4623625.678269168i             7719923.916038412
0                         0                        1.3637755102040816E-7    -6224905.39465509-4722356.753159973i              7813456.371959956
0                         0                        1.5456122448979587E-7    -6300916.159377512-4861514.838233797i             7958383.690792498
0                         0                        1.7274489795918368E-7    -6410209.16454809-5041099.93349064i               8154965.976182589
0                         0                        1.909285714285714E-7     -6552784.410166822-5261112.038930494i             8403468.534617402
0                         0                        2.091122448979592E-7     -6728641.896233724-5521551.154553373i             8704145.502006585
0                         0                        2.272959183673469E-7     -7338195.290338895-6400242.917861469i             9737156.644872662
0                         0                        2.454795918367347E-7     -7144839.601631728-6242345.923929007i             9487655.957455358
0                         0                        2.636632653061224E-7     -6873543.045694868-6019367.769789098i             9136650.499444315
0                         0                        2.8184693877551024E-7    -6524305.622528304-5731308.455441728i             8684149.956534162
0                         0                        3.0003061224489794E-7    -6097127.33213205-5378167.980886913i              8130169.2808249025
0                         0                        3.1821428571428575E-7    -5953244.535619689-5331161.476284323i             7991395.571932585
0                         0                        3.3639795918367346E-7    -5215809.28932478-4721872.946127434i              7035676.986756629
0                         0                        3.5458163265306127E-7    -4409405.129529372-4026387.1884329496i            5971151.2614819035
0                         0                        3.72765306122449E-7      -3607585.6657410236-3332730.2172407806i           4911391.354450375
0                         0                        3.909489795918368E-7     -2747972.3327933177-2587878.089406307i            3774713.8894791463
0                         0                        4.091326530612245E-7     -1830565.1306862752-1791830.8049295482i           2561567.163120837
0                         0                        4.273163265306122E-7     -855364.0594198764-944588.3638104872i             1274321.329647049
0                         0                        4.455E-7                 35970.5494074987+33583.38293416337i               128370.002967055
0                         1.6530612244897957E-8    -4.455E-7                -15280.076128706021-18931.136219196138i           447796.6648225837
0                         1.6530612244897957E-8    -4.2731632653061225E-7   -957854.8005318133-913689.0368962938i             1356727.151245989
0                         1.6530612244897957E-8    -4.091326530612245E-7    -1819988.2626911127-1673342.1439904459i           2497453.7543061967
0                         1.6530612244897957E-8    -3.9094897959183674E-7   -2650451.876321051-2410160.258494171i             3606264.803749885
0                         1.6530612244897957E-8    -3.72765306122449E-7     -3449245.6414216254-3124143.3804074693i           4678201.037183132
0                         1.6530612244897957E-8    -3.545816326530612E-7    -4216369.557992837-3815291.5097303386i            5712173.292402239
0                         1.6530612244897957E-8    -3.3639795918367346E-7   -4989619.780742573-4479288.086575374i             6733026.218802426
0                         1.6530612244897957E-8    -3.1821428571428575E-7   -5675623.49893672-5084832.011442045i              7660388.747631097
0                         1.6530612244897957E-8    -3.0003061224489794E-7   -6188313.958910365-5515301.954661434i             8334459.252239184
0                         1.6530612244897957E-8    -2.8184693877551024E-7   -6591404.476807299-5867460.840888831i             8873077.000121482
0                         1.6530612244897957E-8    -2.636632653061224E-7    -6943731.990423501-6194212.013816923i             9357286.332183499
0                         1.6530612244897957E-8    -2.454795918367347E-7    -7245296.499758973-6495555.473445714i             9787135.636393417
0                         1.6530612244897957E-8    -2.2729591836734696E-7   -7552364.544986935-6615231.169193667i             1.0210171803650578E7
0                         1.6530612244897957E-8    -2.091122448979592E-7    -7233444.614709124-6114869.768663636i             9594770.570320502
0                         1.6530612244897957E-8    -1.9092857142857144E-7   -7189702.10554184-6106353.935389861i              9492587.757142268
0                         1.6530612244897957E-8    -1.7274489795918368E-7   -7272013.116284179-6243471.371804006i             9600281.156038629
0                         1.6530612244897957E-8    -1.5456122448979592E-7   -6969045.70155129-5773616.499802296i              9067386.453882521
0                         1.6530612244897957E-8    -1.3637755102040816E-7   -6689446.650253112-5339169.468027527i             8578189.438048767
0                         1.6530612244897957E-8    -1.181938775510204E-7    -6433215.962389636-4940130.276479695i             8132490.974355791
0                         1.6530612244897957E-8    -1.0001020408163265E-7   -6200353.637960876-4576498.925158811i             7730007.92342279
0                         1.6530612244897957E-8    -8.182653061224489E-8    -5990859.676966809-4248275.414064858i             7370364.380839908
0                         1.6530612244897957E-8    -6.364285714285713E-8    -5943382.71173758-4147640.18503708i               7261889.607032765
0                         1.6530612244897957E-8    -4.545918367346937E-8    -5965145.137932613-4180383.0999662844i            7298818.32028465
0                         1.6530612244897957E-8    -2.7275510204081612E-8   -5985859.913431098-4223912.34440294i              7340659.240770629
0                         1.6530612244897957E-8    -9.091836734693906E-9    -6007020.075550692-4255939.790165054i             7376302.041982507
0                         1.6530612244897957E-8    9.091836734693853E-9     -6028625.624291397-4276465.437252628i             7405690.808842512
0                         1.6530612244897957E-8    2.7275510204081612E-8    -6050676.559653206-4285489.285665657i             7428808.3135681925
0                         1.6530612244897957E-8    4.5459183673469424E-8    -6104818.1806897335-4349506.257500049i            7521931.389009273
0                         1.6530612244897957E-8    6.364285714285713E-8     -6318539.068715044-4630759.027348233i             7846432.628711803
0                         1.6530612244897957E-8    8.182653061224494E-8     -6401797.1489077285-4810188.24921512i             8022985.846117684
0                         1.6530612244897957E-8    1.0001020408163265E-7    -6300962.610995379-4746241.743105589i             7914355.0546256
0                         1.6530612244897957E-8    1.1819387755102046E-7    -6307529.7495648125-4798742.03414593i             7949803.108129493
0                         1.6530612244897957E-8    1.3637755102040816E-7    -6347379.128582407-4891669.335369288i             8036515.965046965
0                         1.6530612244897957E-8    1.5456122448979587E-7    -6420510.748048164-5025023.646775667i             8174727.6666178955
0                         1.6530612244897957E-8    1.7274489795918368E-7    -6526924.60796208-5198804.968365061i              8364691.910659757
0                         1.6530612244897957E-8    1.909285714285714E-7     -6666620.708324158-5413013.300137474i             8606665.252738839
0                         1.6530612244897957E-8    2.091122448979592E-7     -7362392.8998252675-6314620.040766818i            9862651.794525241
0                         1.6530612244897957E-8    2.272959183673469E-7     -7435605.563002048-6490467.537661318i             1.0069024131340189E7
0                         1.6530612244897957E-8    2.454795918367347E-7     -7328153.516524442-6560704.692562669i             9900523.648233335
0                         1.6530612244897957E-8    2.636632653061224E-7     -7036363.840602945-6299760.40036016i              9501640.225938147
0                         1.6530612244897957E-8    2.8184693877551024E-7    -6666633.297451749-5973734.9479501955i            9002134.691253604
0                         1.6530612244897957E-8    3.0003061224489794E-7    -6218961.887070853-5582628.335332778i             8401926.324444404
0                         1.6530612244897957E-8    3.1821428571428575E-7    -5693349.609460261-5126440.562507907i             7700977.294432468
0                         1.6530612244897957E-8    3.3639795918367346E-7    -5225953.167244137-4750662.080788236i             7075944.087858283
0                         1.6530612244897957E-8    3.5458163265306127E-7    -4440369.53428363-4051241.8336397894i             6023404.961063633
0                         1.6530612244897957E-8    3.72765306122449E-7      -3634608.8489027317-3346310.7481044764i           4951354.114279529
0                         1.6530612244897957E-8    3.909489795918368E-7     -2720063.2489987966-2497804.874356292i            3710263.9502260424
0                         1.6530612244897957E-8    4.091326530612245E-7     -1940844.4194752756-1798734.2034920196i           2657033.1281876345
0                         1.6530612244897957E-8    4.273163265306122E-7     -967264.2373967534-821663.1294078665i             1323383.6113267897
0                         1.6530612244897957E-8    4.455E-7                 15280.076128711906+18931.13621920116i             559067.6678054788
0                         3.3061224489795914E-8    -4.455E-7                -11900.711525982697-17420.759759148357i           574393.339861908
0                         3.3061224489795914E-8    -4.2731632653061225E-7   -903392.1916115276-781440.9576022939i             1365271.312889053
0                         3.3061224489795914E-8    -4.091326530612245E-7    -1854484.1409711754-1678841.3942879438i           2585679.890731957
0                         3.3061224489795914E-8    -3.9094897959183674E-7   -2706174.933143706-2458183.179550202i             3738217.058817208
0                         3.3061224489795914E-8    -3.72765306122449E-7     -3526195.8767868793-3214689.9722220385i           4857668.998318551
0                         3.3061224489795914E-8    -3.545816326530612E-7    -4314546.971900686-3948361.7723034443i            5940901.939607061
0                         3.3061224489795914E-8    -3.3639795918367346E-7   -5121568.244616935-4643093.450584182i             7016167.496163714
0                         3.3061224489795914E-8    -3.1821428571428575E-7   -5764214.345365435-5241284.37344582i              7928749.669596174
0                         3.3061224489795914E-8    -3.0003061224489794E-7   -6305673.054137548-5697179.337231788i             8667654.06979776
0                         3.3061224489795914E-8    -2.8184693877551024E-7   -6724076.77709978-6077394.467161778i              9245703.03054957
0                         3.3061224489795914E-8    -2.636632653061224E-7    -7091717.495781282-6432201.883792471i             9770513.921832142
0                         3.3061224489795914E-8    -2.454795918367347E-7    -7626987.525400101-6855310.857121931i             1.0542328013677329E7
0                         3.3061224489795914E-8    -2.2729591836734696E-7   -7546369.635303461-6631666.924248498i             1.0463686790926196E7
0                         3.3061224489795914E-8    -2.091122448979592E-7    -7274151.900697174-6185476.611803464i             9878041.189431744
0                         3.3061224489795914E-8    -1.9092857142857144E-7   -6950684.500735283-5768638.249400286i             9237482.55686041
0                         3.3061224489795914E-8    -1.7274489795918368E-7   -6907913.827458143-5677963.78885838i              9064921.996364722
0                         3.3061224489795914E-8    -1.5456122448979592E-7   -6891573.644906628-5614914.765890563i             8966086.110532539
0                         3.3061224489795914E-8    -1.3637755102040816E-7   -6727782.294913237-5392797.565651182i             8699052.387276506
0                         3.3061224489795914E-8    -1.181938775510204E-7    -6474491.372337592-4997670.895006819i             8263841.044261727
0                         3.3061224489795914E-8    -1.0001020408163265E-7   -6244568.813196647-4637952.064589392i             7872385.170944659
0                         3.3061224489795914E-8    -8.182653061224489E-8    -6038014.6174904145-4313641.074398911i            7524293.4669274995
0                         3.3061224489795914E-8    -6.364285714285713E-8    -6060686.6148051275-4302061.852582302i            7490799.8211413305
0                         3.3061224489795914E-8    -4.545918367346937E-8    -6025688.435912126-4232940.205340845i             7421060.071576047
0                         3.3061224489795914E-8    -2.7275510204081612E-8   -6046365.802679716-4276448.615898752i             7462477.565687217
0                         3.3061224489795914E-8    -9.091836734693906E-9    -6067488.556068414-4308455.227782114i             7497736.6296096165
0                         3.3061224489795914E-8    9.091836734693853E-9     -6089056.696078224-4328960.040990939i             7526780.830930865
0                         3.3061224489795914E-8    2.7275510204081612E-8    -6132705.939886285-4347172.258139i                7581791.239501954
0                         3.3061224489795914E-8    4.5459183673469424E-8    -6158878.372985217-4408029.962668587i             7644230.2974930545
0                         3.3061224489795914E-8    6.364285714285713E-8     -6179623.463407783-4471030.22903412i              7710297.569458375
0                         3.3061224489795914E-8    8.182653061224494E-8     -6422276.606675506-4833732.335419467i             8087702.535681727
0                         3.3061224489795914E-8    1.0001020408163265E-7    -6573545.017795558-5076789.454942953i             8396112.509318601
0                         3.3061224489795914E-8    1.1819387755102046E-7    -6432882.6287487885-4973858.390022691i            8226119.83575898
0                         3.3061224489795914E-8    1.3637755102040816E-7    -6469852.862509722-5060981.917578602i             8303255.999552319
0                         3.3061224489795914E-8    1.5456122448979587E-7    -6540105.336718815-5188532.455317533i             8432143.839744858
0                         3.3061224489795914E-8    1.7274489795918368E-7    -6643640.051376072-5356510.003239483i             8613070.535654785
0                         3.3061224489795914E-8    1.909285714285714E-7     -7149972.252168164-6000638.697994171i             9562194.637602802
0                         3.3061224489795914E-8    2.091122448979592E-7     -7462785.963909089-6479416.668963147i             1.0257846789368588E7
0                         3.3061224489795914E-8    2.272959183673469E-7     -7492651.857731144-6597022.032135438i             1.0428309625273237E7
0                         3.3061224489795914E-8    2.454795918367347E-7     -7428370.188882592-6630297.74850505i              1.033796174653956E7
0                         3.3061224489795914E-8    2.636632653061224E-7     -7199184.635511025-6580153.030931225i             9965692.740297167
0                         3.3061224489795914E-8    2.8184693877551024E-7    -6808960.97237519-6216161.440458659i              9407789.743231623
0                         3.3061224489795914E-8    3.0003061224489794E-7    -6340796.44200966-5787088.689778646i              8751217.273436455
0                         3.3061224489795914E-8    3.1821428571428575E-7    -5794691.044414431-5292934.778891177i             7995836.525824555
0                         3.3061224489795914E-8    3.3639795918367346E-7    -5009412.639046232-4588792.345722041i             6873165.564699422
0                         3.3061224489795914E-8    3.5458163265306127E-7    -4257932.35239568-3885470.0007552207i             5871150.43472201
0                         3.3061224489795914E-8    3.72765306122449E-7      -3532756.975291365-3209447.9977326435i            4870868.620577298
0                         3.3061224489795914E-8    3.909489795918368E-7     -2767319.5740299877-2494879.784629777i            3811351.2341004615
0                         3.3061224489795914E-8    4.091326530612245E-7     -1848381.3855603677-1606844.5891315616i           2531983.968845075
0                         3.3061224489795914E-8    4.273163265306122E-7     -880290.5137633674-743086.2068741018i             1339082.1347797266
0                         3.3061224489795914E-8    4.455E-7                 11900.71152598931+17420.759759154258i             670114.3845250115
0                         4.959183673469387E-8     -4.455E-7                -8521.346923259365-15910.383299100564i            636488.4857500008
0                         4.959183673469387E-8     -4.2731632653061225E-7   -915355.303990201-814885.774866905i               1421531.306862231
0                         4.959183673469387E-8     -4.091326530612245E-7    -1818513.0221344281-1624338.7128616392i           2615762.537322758
0                         4.959183673469387E-8     -3.9094897959183674E-7   -2761897.9899663655-2506206.100606238i            3890685.333352956
0                         4.959183673469387E-8     -3.72765306122449E-7     -3603146.1121521303-3305236.564036606i            5061416.556687788
0                         4.959183673469387E-8     -3.545816326530612E-7    -4424946.916700154-4051047.058992291i             6175301.326334913
0                         4.959183673469387E-8     -3.3639795918367346E-7   -5250201.100655461-4875466.275276348i             7390118.090032384
0                         4.959183673469387E-8     -3.1821428571428575E-7   -5852805.1917941505-5397736.735449594i            8243719.496569495
0                         4.959183673469387E-8     -3.0003061224489794E-7   -6401573.995368565-5881567.258414669i             9039832.603222162
0                         4.959183673469387E-8     -2.8184693877551024E-7   -6856749.07739226-6287328.093434728i              9687566.828299908
0                         4.959183673469387E-8     -2.636632653061224E-7    -7418936.680002067-6734845.571380049i             1.0500060466726368E7
0                         4.959183673469387E-8     -2.454795918367347E-7    -7535499.270097233-6730560.7080865i               1.0748722850264518E7
0                         4.959183673469387E-8     -2.2729591836734696E-7   -7532267.030974712-6642004.357279285i             1.080263742199744E7
0                         4.959183673469387E-8     -2.091122448979592E-7    -7350640.845234423-6309101.705918643i             1.0369044621943267E7
0                         4.959183673469387E-8     -1.9092857142857144E-7   -6782898.735855663-5507892.205479533i             9178625.260275705
0                         4.959183673469387E-8     -1.7274489795918368E-7   -6676212.345625176-5356319.087697885i             8881379.538611287
0                         4.959183673469387E-8     -1.5456122448979592E-7   -6666808.865325868-5306702.673142046i             8752010.061306337
0                         4.959183673469387E-8     -1.3637755102040816E-7   -6683995.309212327-5284923.050332772i             8697079.045883592
0                         4.959183673469387E-8     -1.181938775510204E-7    -6728028.944781758-5291272.1916248i               8722513.527809856
0                         4.959183673469387E-8     -1.0001020408163265E-7   -6288783.988432427-4699405.2040199805i            8060214.750986531
0                         4.959183673469387E-8     -8.182653061224489E-8    -6256414.607624574-4601769.647750378i             7919923.294350661
0                         4.959183673469387E-8     -6.364285714285713E-8    -6177990.517872678-4456483.520127524i             7749706.7095224215
0                         4.959183673469387E-8     -4.545918367346937E-8    -6099566.266206632-4313523.859334062i             7595050.517506668
0                         4.959183673469387E-8     -2.7275510204081612E-8   -6106871.691928334-4328984.887394561i             7609432.226796473
0                         4.959183673469387E-8     -9.091836734693906E-9    -6127957.0365861375-4360970.665399177i            7644107.615017445
0                         4.959183673469387E-8     9.091836734693853E-9     -6149487.767865054-4381454.644729254i             7672635.611932836
0                         4.959183673469387E-8     2.7275510204081612E-8    -6186979.993580092-4406046.793489623i             7725516.91771941
0                         4.959183673469387E-8     4.5459183673469424E-8    -6212938.565280702-4466553.667837129i             7788349.127794786
0                         4.959183673469387E-8     6.364285714285713E-8     -6233469.794304941-4529203.104020573i             7854544.18410038
0                         4.959183673469387E-8     8.182653061224494E-8     -6153680.780853065-4542093.533253646i             7851569.7769448655
0                         4.959183673469387E-8     1.0001020408163265E-7    -6594357.0100160055-5099542.772039853i            8483821.057269188
0                         4.959183673469387E-8     1.1819387755102046E-7    -6757482.288085021-5357923.759889335i             8840218.561732603
0                         4.959183673469387E-8     1.3637755102040816E-7    -6592326.596437034-5230294.4997879155i            8609652.227443883
0                         4.959183673469387E-8     1.5456122448979587E-7    -6659699.925389468-5352041.2638594005i            8726862.834504314
0                         4.959183673469387E-8     1.7274489795918368E-7    -6760355.494790062-5514215.038113904i             8896565.46204422
0                         4.959183673469387E-8     1.909285714285714E-7     -7406511.875618603-6391670.2875964735i            1.0212287665450346E7
0                         4.959183673469387E-8     2.091122448979592E-7     -7558031.129390951-6643173.220194054i             1.076018245755795E7
0                         4.959183673469387E-8     2.272959183673469E-7     -7536857.0920230355-6692440.820012387i            1.0853744051353835E7
0                         4.959183673469387E-8     2.454795918367347E-7     -7464664.057448491-6702915.439745318i             1.0701198540687757E7
0                         4.959183673469387E-8     2.636632653061224E-7     -7411926.124889797-6760208.222381486i             1.0478418243966922E7
0                         4.959183673469387E-8     2.8184693877551024E-7    -6963791.694159187-6449410.159648521i             9885633.9642412
0                         4.959183673469387E-8     3.0003061224489794E-7    -6462630.996948468-5991549.044224512i             9161153.011961838
0                         4.959183673469387E-8     3.1821428571428575E-7    -5896032.479368601-5459428.995274445i             8344569.224210873
0                         4.959183673469387E-8     3.3639795918367346E-7    -5106099.060712762-4727863.818649039i             7156063.299761195
0                         4.959183673469387E-8     3.5458163265306127E-7    -4358149.869216698-3990632.4156664605i            6132383.631766457
0                         4.959183673469387E-8     3.72765306122449E-7      -3606493.8962174715-3260566.6603250066i           5069049.922538574
0                         4.959183673469387E-8     3.909489795918368E-7     -2733061.068819346-2440200.886079631i             3844023.3646868556
0                         4.959183673469387E-8     4.091326530612245E-7     -1799327.165342265-1587845.3847871008i            2578269.5820697113
0                         4.959183673469387E-8     4.273163265306122E-7     -897728.2083210738-778608.4659722662i             1401202.2378374403
0                         4.959183673469387E-8     4.455E-7                 8521.346923266712+15910.38329910736i              719284.1445206004
0                         6.612244897959183E-8     -4.455E-7                -5141.982320536026-14400.006839052767i            636314.1758403658
0                         6.612244897959183E-8     -4.2731632653061225E-7   -927318.4163688739-848330.5921315155i             1453412.5518488484
0                         6.612244897959183E-8     -4.091326530612245E-7    -1845818.6114944979-1692738.7238509085i           2691905.1294598035
0                         6.612244897959183E-8     -3.9094897959183674E-7   -2817621.046789023-2554229.0216622707i            4056763.9689054457
0                         6.612244897959183E-8     -3.72765306122449E-7     -3680096.3475173833-3395783.155851175i            5282250.266880756
0                         6.612244897959183E-8     -3.545816326530612E-7    -4542858.894683997-4185462.2445960524i            6470410.945913455
0                         6.612244897959183E-8     -3.3639795918367346E-7   -5311288.344764677-4980115.241657014i             7653339.417253416
0                         6.612244897959183E-8     -3.1821428571428575E-7   -5941396.038222869-5554189.097453371i             8596362.56841471
0                         6.612244897959183E-8     -3.0003061224489794E-7   -7229797.917525621-6697863.04759782i              1.0766527078473374E7
0                         6.612244897959183E-8     -2.8184693877551024E-7   -7060443.404882221-6447923.393065344i             1.0198861353386367E7
0                         6.612244897959183E-8     -2.636632653061224E-7    -7409641.582721123-6707986.509809563i             1.0767637616519464E7
0                         6.612244897959183E-8     -2.454795918367347E-7    -7504342.907014489-6714000.684672926i             1.1070053423858164E7
0                         6.612244897959183E-8     -2.2729591836734696E-7   -7511692.633628331-6647868.276975928i             1.121081800853313E7
0                         6.612244897959183E-8     -2.091122448979592E-7    -7465124.100611443-6488818.59176289i              1.1056896265037498E7
0                         6.612244897959183E-8     -1.9092857142857144E-7   -6873073.885725219-5661400.122973827i             9762487.387476524
0                         6.612244897959183E-8     -1.7274489795918368E-7   -6444748.668141492-5037194.629382157i             8800567.994162738
0                         6.612244897959183E-8     -1.5456122448979592E-7   -6442185.600747986-5000834.3287248025i            8646140.437359968
0                         6.612244897959183E-8     -1.3637755102040816E-7   -6466116.384816533-4992231.8518928345i            8559943.024188334
0                         6.612244897959183E-8     -1.181938775510204E-7    -6516796.191612786-5011676.904472705i             8548490.293707022
0                         6.612244897959183E-8     -1.0001020408163265E-7   -6255588.495130395-4671790.546197614i             8245708.618447363
0                         6.612244897959183E-8     -8.182653061224489E-8    -6374801.174558966-4756765.829573269i             8212499.864219228
0                         6.612244897959183E-8     -6.364285714285713E-8    -6295294.420940228-4610905.187672744i             8034575.6643106295
0                         6.612244897959183E-8     -4.545918367346937E-8    -6215787.505407342-4467371.012601614i             7871157.660832845
0                         6.612244897959183E-8     -2.7275510204081612E-8   -6167377.5811769515-4381521.158890372i            7779055.967993283
0                         6.612244897959183E-8     -9.091836734693906E-9    -6188425.517103863-4413486.1030162405i            7812980.47609812
0                         6.612244897959183E-8     9.091836734693853E-9     -6209918.839651885-4433949.248467566i             7840848.919746025
0                         6.612244897959183E-8     2.7275510204081612E-8    -6241254.047273894-4464921.328840245i             7888847.71399454
0                         6.612244897959183E-8     4.5459183673469424E-8    -6266998.757576185-4525077.373005668i             7952008.609694852
0                         6.612244897959183E-8     6.364285714285713E-8     -6287316.125202107-4587375.979007032i             8018277.852327677
0                         6.612244897959183E-8     8.182653061224494E-8     -6229213.382408019-4603850.794581755i             8050726.643105616
0                         6.612244897959183E-8     1.0001020408163265E-7    -6239623.961435485-4678046.18608676i              8215918.909919419
0                         6.612244897959183E-8     1.1819387755102046E-7    -6778626.814758149-5379886.307878796i             8945213.560318297
0                         6.612244897959183E-8     1.3637755102040816E-7    -6714800.330364347-5399607.081997229i             8951736.630344406
0                         6.612244897959183E-8     1.5456122448979587E-7    -6779294.514060122-5515550.07240127i              9055181.33733234
0                         6.612244897959183E-8     1.7274489795918368E-7    -7333488.602465894-6263835.407189029i             1.0189727824123843E7
0                         6.612244897959183E-8     1.909285714285714E-7     -7505783.048869884-6567176.180672351i             1.0764313360750701E7
0                         6.612244897959183E-8     2.091122448979592E-7     -7647833.124989384-6806154.940804787i             1.1358893587695317E7
0                         6.612244897959183E-8     2.272959183673469E-7     -7570307.605092997-6779240.482033183i             1.1331291909103356E7
0                         6.612244897959183E-8     2.454795918367347E-7     -7490241.5001278855-6767734.103037959i            1.1110250145910664E7
0                         6.612244897959183E-8     2.636632653061224E-7     -7329107.540576477-6683973.232647552i             1.0720521357675135E7
0                         6.612244897959183E-8     2.8184693877551024E-7    -7044318.467431322-6485327.20873674i              1.0161794383241162E7
0                         6.612244897959183E-8     3.0003061224489794E-7    -6441112.31477543-5999706.657112282i              9295072.553825935
0                         6.612244897959183E-8     3.1821428571428575E-7    -5997373.914322772-5625923.211657714i             8735725.113209736
0                         6.612244897959183E-8     3.3639795918367346E-7    -5202785.482379291-4866935.291576034i             7481279.7628658675
0                         6.612244897959183E-8     3.5458163265306127E-7    -4458367.386037716-4095794.8305776985i            6418322.042278394
0                         6.612244897959183E-8     3.72765306122449E-7      -3621303.2871736926-3321732.0202520783i           5231122.729145453
0                         6.612244897959183E-8     3.909489795918368E-7     -2740729.5938817873-2516740.800745808i            3945420.675078386
0                         6.612244897959183E-8     4.091326530612245E-7     -1830823.1898549553-1657379.5265233829i           2660951.521664122
0                         6.612244897959183E-8     4.273163265306122E-7     -915165.9028787806-814130.7250704311i             1436338.203743399
0                         6.612244897959183E-8     4.455E-7                 5141.98232054412+14400.00683906046i               707485.4080810712
0                         8.265306122448978E-8     -4.455E-7                -1762.617717812694-12889.63037900497i             580514.4970707822
0                         8.265306122448978E-8     -4.2731632653061225E-7   -939281.528747547-881775.4093961259i              1465790.1320658496
0                         8.265306122448978E-8     -4.091326530612245E-7    -1873124.200854567-1761138.734840177i             2760039.4764741487
0                         8.265306122448978E-8     -3.9094897959183674E-7   -2803290.6340388726-2650979.606711158i            4090117.7984852768
0                         8.265306122448978E-8     -3.72765306122449E-7     -3757046.582882638-3486329.7476657443i            5517989.293111324
0                         8.265306122448978E-8     -3.545816326530612E-7    -4660929.005531927-4420447.019410043i             6855554.295332676
0                         8.265306122448978E-8     -3.3639795918367346E-7   -5372375.588873895-5084764.208037682i             7947770.991492627
0                         8.265306122448978E-8     -3.1821428571428575E-7   -6410584.356458963-5940933.340049707i             9560904.247479256
0                         8.265306122448978E-8     -3.0003061224489794E-7   -6465807.5300639095-6030778.356915727i            9927121.872620836
0                         8.265306122448978E-8     -2.8184693877551024E-7   -6914729.246171271-6381837.7696681i               1.070712288594094E7
0                         8.265306122448978E-8     -2.636632653061224E-7    -7168894.807609339-6374400.069299639i             1.0741083551850164E7
0                         8.265306122448978E-8     -2.454795918367347E-7    -7316826.988324452-6504242.64072746i              1.1243232911598468E7
0                         8.265306122448978E-8     -2.2729591836734696E-7   -7486241.235251188-6650814.374284722i             1.1671170890495798E7
0                         8.265306122448978E-8     -2.091122448979592E-7    -7619745.506749038-6727574.32783029i              1.1923156768230995E7
0                         8.265306122448978E-8     -1.9092857142857144E-7   -7002349.459198842-5872821.63966559i              1.0558402471752124E7
0                         8.265306122448978E-8     -1.7274489795918368E-7   -6451033.517769422-5105345.0422509825i            9318747.652493535
0                         8.265306122448978E-8     -1.5456122448979592E-7   -6217744.963194142-4697434.240876721i             8647953.718307786
0                         8.265306122448978E-8     -1.3637755102040816E-7   -6169171.722464655-4564368.834758067i             8439508.165507153
0                         8.265306122448978E-8     -1.181938775510204E-7    -6249825.528700173-4669692.621798708i             8427709.763363522
0                         8.265306122448978E-8     -1.0001020408163265E-7   -6341873.698166525-4770440.323117591i             8482727.476306403
0                         8.265306122448978E-8     -8.182653061224489E-8    -6359482.272755746-4763625.365477846i             8366469.420073118
0                         8.265306122448978E-8     -6.364285714285713E-8    -6412598.324007777-4765326.855217965i             8341669.592540312
0                         8.265306122448978E-8     -4.545918367346937E-8    -6332008.744608054-4621218.165869164i             8170514.73591399
0                         8.265306122448978E-8     -2.7275510204081612E-8   -6251419.003294178-4479435.943349757i             8013727.729627148
0                         8.265306122448978E-8     -9.091836734693906E-9    -6248893.997621588-4466001.540633304i             8001946.3917773785
0                         8.265306122448978E-8     9.091836734693853E-9     -6270349.911438715-4486443.852205883i             8029039.630189198
0                         8.265306122448978E-8     2.7275510204081612E-8    -6295528.100967705-4523795.864190871i             8069559.334297942
0                         8.265306122448978E-8     4.5459183673469424E-8    -6321058.949871671-4583601.078174208i             8132992.692242726
0                         8.265306122448978E-8     6.364285714285713E-8     -6298799.603932482-4630846.494882037i             8180427.642978959
0                         8.265306122448978E-8     8.182653061224494E-8     -6304745.983962981-4665608.055909868i             8269453.866310607
0                         8.265306122448978E-8     1.0001020408163265E-7    -6312550.949701484-4735621.454940477i             8439009.97286621
0                         8.265306122448978E-8     1.1819387755102046E-7    -6342419.21767831-4826478.555753332i              8661646.528012555
0                         8.265306122448978E-8     1.3637755102040816E-7    -6975086.020901927-5674762.94293629i              9455845.293665402
0                         8.265306122448978E-8     1.5456122448979587E-7    -7261841.4131262265-6176406.410412977i            1.0261155564747347E7
0                         8.265306122448978E-8     1.7274489795918368E-7    -7492657.287468012-6540428.275815013i             1.0861669313922752E7
0                         8.265306122448978E-8     1.909285714285714E-7     -7599700.919406835-6742603.5522465855i            1.1418314318736406E7
0                         8.265306122448978E-8     2.091122448979592E-7     -7731745.692304313-6968508.119860523i             1.2041185341767114E7
0                         8.265306122448978E-8     2.272959183673469E-7     -7594935.2829166455-6859679.544103607i            1.1847392612722842E7
0                         8.265306122448978E-8     2.454795918367347E-7     -7506971.133359184-6826885.952599052i             1.1553017178128248E7
0                         8.265306122448978E-8     2.636632653061224E-7     -7339736.833379593-6723047.258242687i             1.1085404984877674E7
0                         8.265306122448978E-8     2.8184693877551024E-7    -7091823.612068535-6546931.000954079i             1.046688425611282E7
0                         8.265306122448978E-8     3.0003061224489794E-7    -6525331.233065556-6034871.205982741i             9571403.88954426
0                         8.265306122448978E-8     3.1821428571428575E-7    -5774602.666709075-5446842.223923158i             8511604.985847048
0                         8.265306122448978E-8     3.3639795918367346E-7    -5322940.043490733-5000564.295387865i             7857875.40618112
0                         8.265306122448978E-8     3.5458163265306127E-7    -4513108.0406233985-4251437.991648896i            6689733.213577025
0                         8.265306122448978E-8     3.72765306122449E-7      -3653747.32298197-3446956.7026250353i             5402167.731785392
0                         8.265306122448978E-8     3.909489795918368E-7     -2787384.2330756616-2618892.4218942006i           4063450.8939621337
0                         8.265306122448978E-8     4.091326530612245E-7     -1862319.214367647-1726913.6682596656i            2735352.3209028114
0                         8.265306122448978E-8     4.273163265306122E-7     -932603.5974364877-849652.9841685961i             1450506.8306343767
0                         8.265306122448978E-8     4.455E-7                 1762.6177178215173+12889.630379013563i            639118.3788375235
0                         9.918367346938774E-8     -4.455E-7                24784.34205986523+18715.313894442173i             429265.84312615864
0                         9.918367346938774E-8     -4.2731632653061225E-7   -823237.953211657-731725.577847047i               1283174.2901407673
0                         9.918367346938774E-8     -4.091326530612245E-7    -1668793.5355687402-1488453.2490703606i           2482008.299813531
0                         9.918367346938774E-8     -3.9094897959183674E-7   -2511882.405011386-2251467.6997754998i            3699018.3785546375
0                         9.918367346938774E-8     -3.72765306122449E-7     -3787771.371623329-3689608.423447657i             5593761.214335164
0                         9.918367346938774E-8     -3.545816326530612E-7    -4666084.246279205-4450790.025783509i             6948532.031233118
0                         9.918367346938774E-8     -3.3639795918367346E-7   -5364342.994797888-5078522.624475141i             8123377.653426712
0                         9.918367346938774E-8     -3.1821428571428575E-7   -5982440.72623155-5622527.744087801i              9163479.066223666
0                         9.918367346938774E-8     -3.0003061224489794E-7   -6520377.440580196-6082805.38462149i              1.0053976295678794E7
0                         9.918367346938774E-8     -2.8184693877551024E-7   -7010529.243535933-6494620.17392064i              1.0935330390718084E7
0                         9.918367346938774E-8     -2.636632653061224E-7    -7408472.592519445-6793527.172836721i             1.1418343803444834E7
0                         9.918367346938774E-8     -2.454795918367347E-7    -7564453.749480558-6775706.068071891i             1.188803191243669E7
0                         9.918367346938774E-8     -2.2729591836734696E-7   -7655503.04054451-6861848.289749066i              1.2325197716396496E7
0                         9.918367346938774E-8     -2.091122448979592E-7    -7709123.758491799-6907610.470565235i             1.2636718147248715E7
0                         9.918367346938774E-8     -1.9092857142857144E-7   -7574711.318898722-6626923.726046652i             1.1992924371399669E7
0                         9.918367346938774E-8     -1.7274489795918368E-7   -7046558.853227844-5898311.114356061i             1.0765445611825267E7
0                         9.918367346938774E-8     -1.5456122448979592E-7   -6614685.512064574-5284756.001661684i             9564968.813324591
0                         9.918367346938774E-8     -1.3637755102040816E-7   -6648477.123000772-5240707.306680127i             9372837.264514362
0                         9.918367346938774E-8     -1.181938775510204E-7    -6703017.261791617-5199050.443442649i             9237227.714659331
0                         9.918367346938774E-8     -1.0001020408163265E-7   -6428158.9012026545-4869090.100037568i            8755468.68993953
0                         9.918367346938774E-8     -8.182653061224489E-8    -6456809.539862304-4876712.957001107i             8676003.160512451
0                         9.918367346938774E-8     -6.364285714285713E-8    -6437167.820385782-4811171.702078544i             8561384.439919047
0                         9.918367346938774E-8     -4.545918367346937E-8    -6448229.983808766-4775065.319136719i             8489627.67344308
0                         9.918367346938774E-8     -2.7275510204081612E-8   -6366557.578628049-4632708.58233964i              8325051.588823252
0                         9.918367346938774E-8     -9.091836734693906E-9    -6309362.478139313-4518516.978250366i             8208682.133252222
0                         9.918367346938774E-8     9.091836734693853E-9     -6319057.824479493-4525358.577576182i             8204569.473007379
0                         9.918367346938774E-8     2.7275510204081612E-8    -6349802.154661506-4582670.3995414935i            8265534.087305241
0                         9.918367346938774E-8     4.5459183673469424E-8    -6375119.142167155-4642124.783342748i             8329191.45856213
0                         9.918367346938774E-8     6.364285714285713E-8     -6370110.074912507-4696541.87841913i              8413227.52618425
0                         9.918367346938774E-8     8.182653061224494E-8     -6386731.728478991-4730766.774045515i             8512602.921570508
0                         9.918367346938774E-8     1.0001020408163265E-7    -6385477.937967481-4793196.723794193i             8678631.156998497
0                         9.918367346938774E-8     1.1819387755102046E-7    -6412740.592655347-4879871.832132655i             8900316.649805775
0                         9.918367346938774E-8     1.3637755102040816E-7    -6462066.549581535-4987390.64225336i              9163866.511156233
0                         9.918367346938774E-8     1.5456122448979587E-7    -6834423.983659208-5620079.701096722i             9941545.462957032
0                         9.918367346938774E-8     1.7274489795918368E-7    -7469494.813034414-6487101.473259992i             1.1279645213670578E7
0                         9.918367346938774E-8     1.909285714285714E-7     -8030883.974440923-7279354.174886541i             1.2564179152528109E7
0                         9.918367346938774E-8     2.091122448979592E-7     -8158514.374667717-7531115.254972054i             1.3505608317373171E7
0                         9.918367346938774E-8     2.272959183673469E-7     -7752441.190390516-7124932.281273376i             1.252326993581251E7
0                         9.918367346938774E-8     2.454795918367347E-7     -7601120.556040881-7045238.3287078645i            1.2106796193194391E7
0                         9.918367346938774E-8     2.636632653061224E-7     -7365621.043724034-6870276.299013852i             1.1494177910038462E7
0                         9.918367346938774E-8     2.8184693877551024E-7    -7045979.270647485-6600087.828025669i             1.070717146732894E7
0                         9.918367346938774E-8     3.0003061224489794E-7    -7091906.588795471-6800237.2572934935i            1.0943365081232982E7
0                         9.918367346938774E-8     3.1821428571428575E-7    -6649699.165057514-6403446.120784518i             9998059.832784928
0                         9.918367346938774E-8     3.3639795918367346E-7    -5442144.78434151-5125600.124075019i              8156891.9432132235
0                         9.918367346938774E-8     3.5458163265306127E-7    -4632696.96500502-4378768.281586182i              6944114.041348098
0                         9.918367346938774E-8     3.72765306122449E-7      -3374373.9441346466-3083519.005838801i            4974644.526556155
0                         9.918367346938774E-8     3.909489795918368E-7     -2537368.330700412-2297835.8315340793i            3750130.0234857895
0                         9.918367346938774E-8     4.091326530612245E-7     -1700101.5258765386-1525140.8247751144i           2527854.9782196963
0                         9.918367346938774E-8     4.273163265306122E-7     -862573.5296630223-765433.9855619014i             1325712.235337037
0                         9.918367346938774E-8     4.455E-7                 -24784.34205985696-18715.313894434767i            452292.20788547414
0                         1.1571428571428571E-7    -4.455E-7                23517.075149777993+10597.870798620665i            604352.3404653212
0                         1.1571428571428571E-7    -4.2731632653061225E-7   -881584.0211191445-845696.8378894507i             1451404.1326038872
0                         1.1571428571428571E-7    -4.091326530612245E-7    -2003114.8133069668-1868023.9128001921i           3051517.9284362798
0                         1.1571428571428571E-7    -3.9094897959183674E-7   -2945622.626811421-2716060.5795946354i            4412043.235625829
0                         1.1571428571428571E-7    -3.72765306122449E-7     -3649559.7147507584-3396248.090400997i            5608888.972983999
0                         1.1571428571428571E-7    -3.545816326530612E-7    -4451287.199102579-4086715.71100199i              6988599.937018731
0                         1.1571428571428571E-7    -3.3639795918367346E-7   -5354235.664435267-5018539.372370718i             8113903.150798262
0                         1.1571428571428571E-7    -3.1821428571428575E-7   -6004672.01630838-5618549.631888466i              9224870.493454617
0                         1.1571428571428571E-7    -3.0003061224489794E-7   -6574947.351096483-6134832.41232725i              1.0189555025692023E7
0                         1.1571428571428571E-7    -2.8184693877551024E-7   -7169145.669883349-6661544.961802111i             1.0850924102059629E7
0                         1.1571428571428571E-7    -2.636632653061224E-7    -7507643.598711906-6935057.8127180515i            1.174273227513731E7
0                         1.1571428571428571E-7    -2.454795918367347E-7    -7723562.55555656-7071818.726413038i              1.2428834824269561E7
0                         1.1571428571428571E-7    -2.2729591836734696E-7   -7920891.5401048865-7169832.841194683i            1.3071342851133568E7
0                         1.1571428571428571E-7    -2.091122448979592E-7    -8071057.08118669-7320395.489540439i              1.3619311429675523E7
0                         1.1571428571428571E-7    -1.9092857142857144E-7   -8243551.813784599-7440645.048654203i             1.3582506659260157E7
0                         1.1571428571428571E-7    -1.7274489795918368E-7   -7714813.87871181-6719876.345404352i              1.2366222414511885E7
0                         1.1571428571428571E-7    -1.5456122448979592E-7   -7139035.243244257-5934059.005631105i             1.0609649217799278E7
0                         1.1571428571428571E-7    -1.3637755102040816E-7   -7190242.8318739645-5913885.47402831i             1.0446049461813377E7
0                         1.1571428571428571E-7    -1.181938775510204E-7    -7262467.407737145-5896456.994874439i             1.0327696595742721E7
0                         1.1571428571428571E-7    -1.0001020408163265E-7   -6716989.379516785-5170836.462341417i             9423284.547570981
0                         1.1571428571428571E-7    -8.182653061224489E-8    -6562683.80703597-4946787.160552847i              8989675.513390291
0                         1.1571428571428571E-7    -6.364285714285713E-8    -6536241.868811282-4925954.195807548i             8885403.341538655
0                         1.1571428571428571E-7    -4.545918367346937E-8    -6564451.223009478-4928912.472404271i             8825373.060277814
0                         1.1571428571428571E-7    -2.7275510204081612E-8   -6481696.153961925-4785981.221329525i             8653895.238302873
0                         1.1571428571428571E-7    -9.091836734693906E-9    -6398940.923000225-4645376.437084173i             8495648.491410969
0                         1.1571428571428571E-7    9.091836734693853E-9     -6373545.73957162-4584583.943108888i              8413423.628675329
0                         1.1571428571428571E-7    2.7275510204081612E-8    -6404076.208355313-4641544.934892116i             8474790.437526388
0                         1.1571428571428571E-7    4.5459183673469424E-8    -6423969.4095667815-4716525.735756461i            8553275.685138911
0                         1.1571428571428571E-7    6.364285714285713E-8     -6441420.545892529-4762237.2619562205i            8662311.605842642
0                         1.1571428571428571E-7    8.182653061224494E-8     -6457300.181515373-4795544.948273645i             8768922.519633897
0                         1.1571428571428571E-7    1.0001020408163265E-7    -6458404.926233478-4850771.992647909i             8932796.475753075
0                         1.1571428571428571E-7    1.1819387755102046E-7    -6483061.967632382-4933265.108511977i             9152959.3912796
0                         1.1571428571428571E-7    1.3637755102040816E-7    -7077027.228522666-5796294.29246082i              1.0400648489275005E7
0                         1.1571428571428571E-7    1.5456122448979587E-7    -7275057.57164048-6035017.610119111i              1.0708721051941603E7
0                         1.1571428571428571E-7    1.7274489795918368E-7    -7568293.259898349-6529324.4895013645i            1.1864837489813112E7
0                         1.1571428571428571E-7    1.909285714285714E-7     -8109912.023965673-7286720.912488642i             1.3072480664692799E7
0                         1.1571428571428571E-7    2.091122448979592E-7     -8027183.507516163-7292085.4236285025i            1.3501927737279495E7
0                         1.1571428571428571E-7    2.272959183673469E-7     -7864423.672795206-7207438.809490046i             1.2923805392751807E7
0                         1.1571428571428571E-7    2.454795918367347E-7     -7681627.861140281-7075997.457938811i             1.239519439365398E7
0                         1.1571428571428571E-7    2.636632653061224E-7     -7414666.615394959-6849305.702374794i             1.1671705523431417E7
0                         1.1571428571428571E-7    2.8184693877551024E-7    -7363453.229987059-6942247.285223456i             1.164834188963875E7
0                         1.1571428571428571E-7    3.0003061224489794E-7    -6947538.759145102-6605374.755297309i             1.0788332435138708E7
0                         1.1571428571428571E-7    3.1821428571428575E-7    -6398299.810628023-6119125.699670932i             9725856.70050871
0                         1.1571428571428571E-7    3.3639795918367346E-7    -5142525.003638859-4764647.426434711i             7881771.10798223
0                         1.1571428571428571E-7    3.5458163265306127E-7    -4654473.90799425-4433130.929335572i              7012257.248713018
0                         1.1571428571428571E-7    3.72765306122449E-7      -3785222.091292888-3599453.582963467i             5726171.1494112145
0                         1.1571428571428571E-7    3.909489795918368E-7     -2876230.83890649-2722318.133782937i              4366149.487264931
0                         1.1571428571428571E-7    4.091326530612245E-7     -1927500.150835075-1801724.5817939912i            2938553.528423964
0                         1.1571428571428571E-7    4.273163265306122E-7     -917231.7910582266-864335.0794571501i             1477385.6198454052
0                         1.1571428571428571E-7    4.455E-7                 -23517.075149769098-10597.870798612183i           532260.4375439498
0                         1.3224489795918366E-7    -4.455E-7                -40489.60499796453-59567.561955294965i            1275299.866618166
0                         1.3224489795918366E-7    -4.2731632653061225E-7   -1033484.6390932909-983837.0338888032i            1991704.6574243603
0                         1.3224489795918366E-7    -4.091326530612245E-7    -2010531.9069197346-1886509.958780163i            3234946.738757498
0                         1.3224489795918366E-7    -3.9094897959183674E-7   -2848364.202597355-2704475.3228710582i            4518998.675366996
0                         1.3224489795918366E-7    -3.72765306122449E-7     -3770904.390059243-3491146.2912738887i            6085241.747274315
0                         1.3224489795918366E-7    -3.545816326530612E-7    -4528200.130644869-4188115.9648787905i            7485227.803842752
0                         1.3224489795918366E-7    -3.3639795918367346E-7   -5344128.334072642-4958556.120266292i             8148563.892762265
0                         1.3224489795918366E-7    -3.1821428571428575E-7   -6026903.306385211-5614571.519689134i             9316461.884628449
0                         1.3224489795918366E-7    -3.0003061224489794E-7   -6629517.261612772-6186859.440033011i             1.0345645025645668E7
0                         1.3224489795918366E-7    -2.8184693877551024E-7   -7235862.542014558-6750002.136937891i             1.1094417819974981E7
0                         1.3224489795918366E-7    -2.636632653061224E-7    -7606814.604904373-7076588.452599386i             1.2076884889033163E7
0                         1.3224489795918366E-7    -2.454795918367347E-7    -7855187.69581028-7266422.831039925i              1.2861478501069302E7
0                         1.3224489795918366E-7    -2.2729591836734696E-7   -8627611.017135529-7966301.033685325i             1.4426235353203375E7
0                         1.3224489795918366E-7    -2.091122448979592E-7    -8506226.366813214-7799747.085267983i             1.472512114742604E7
0                         1.3224489795918366E-7    -1.9092857142857144E-7   -8969991.892721174-8335838.327057362i             1.530880145077371E7
0                         1.3224489795918366E-7    -1.7274489795918368E-7   -8441846.047006357-7624607.064816197i             1.4119219918167492E7
0                         1.3224489795918366E-7    -1.5456122448979592E-7   -7949873.134023648-6961036.003635159i             1.2977250497222172E7
0                         1.3224489795918366E-7    -1.3637755102040816E-7   -7737860.441701667-6606468.991782972i             1.1561495335633934E7
0                         1.3224489795918366E-7    -1.181938775510204E-7    -6879380.163434258-5401963.000400861i             1.0101243029571284E7
0                         1.3224489795918366E-7    -1.0001020408163265E-7   -6827736.111060249-5266205.658469513i             9794044.700769214
0                         1.3224489795918366E-7    -8.182653061224489E-8    -6673429.105416236-5031778.240597082i             9331776.21875544
0                         1.3224489795918366E-7    -6.364285714285713E-8    -6617765.6101864455-4930778.237665611i            9152802.976458736
0                         1.3224489795918366E-7    -4.545918367346937E-8    -6558881.372565085-4817304.365734303i             8971055.225996578
0                         1.3224489795918366E-7    -2.7275510204081612E-8   -6596834.7292957995-4939253.86031941i             8997398.631943142
0                         1.3224489795918366E-7    -9.091836734693906E-9    -6651410.344186736-4960820.854136399i             9145076.347042872
0                         1.3224489795918366E-7    9.091836734693853E-9     -6428033.654663744-4643809.308641594i             8633782.76363083
0                         1.3224489795918366E-7    2.7275510204081612E-8    -6458350.262049119-4700419.470242739i             8695500.3413506
0                         1.3224489795918366E-7    4.5459183673469424E-8    -6496021.898490448-4783138.328602516i             8808519.260935642
0                         1.3224489795918366E-7    6.364285714285713E-8     -6512731.016872557-4827932.645493316i             8925532.004421541
0                         1.3224489795918366E-7    8.182653061224494E-8     -6527868.634551752-4860323.122501772i             9038922.568550657
0                         1.3224489795918366E-7    1.0001020408163265E-7    -6531331.914499475-4908347.261501625i             9199752.004032506
0                         1.3224489795918366E-7    1.1819387755102046E-7    -6948430.884486711-5540202.801517884i             1.0133250518091178E7
0                         1.3224489795918366E-7    1.3637755102040816E-7    -7025105.462423539-5628717.609225916i             1.0276999602144271E7
0                         1.3224489795918366E-7    1.5456122448979587E-7    -7474415.840918808-6228264.640684742i             1.1468074589278549E7
0                         1.3224489795918366E-7    1.7274489795918368E-7    -7821374.5650567645-6774495.131604862i            1.2661009014067503E7
0                         1.3224489795918366E-7    1.909285714285714E-7     -7969609.7242207965-7082128.408806891i            1.3704850158370482E7
0                         1.3224489795918366E-7    2.091122448979592E-7     -7906294.379208805-7074164.528135374i             1.3535262398562519E7
0                         1.3224489795918366E-7    2.272959183673469E-7     -7976417.763363214-7289936.97529992i              1.3311503066542624E7
0                         1.3224489795918366E-7    2.454795918367347E-7     -7762146.940750262-7106748.506699666i             1.2672066102536887E7
0                         1.3224489795918366E-7    2.636632653061224E-7     -7586274.188002331-7051773.448958583i             1.2272083880299915E7
0                         1.3224489795918366E-7    2.8184693877551024E-7    -7261384.797586093-6805831.113979969i             1.1575034921833439E7
0                         1.3224489795918366E-7    3.0003061224489794E-7    -6803170.929494731-6410512.253301122i             1.0666825197807256E7
0                         1.3224489795918366E-7    3.1821428571428575E-7    -5889956.254487519-5443710.411794243i             9143615.387880443
0                         1.3224489795918366E-7    3.3639795918367346E-7    -5212435.668081108-4843044.466607917i             8078342.299995499
0                         1.3224489795918366E-7    3.5458163265306127E-7    -4432773.288044465-4145666.0621795407i            6869588.712990992
0                         1.3224489795918366E-7    3.72765306122449E-7      -3686743.537702914-3477878.0543405735i            5706655.403536944
0                         1.3224489795918366E-7    3.909489795918368E-7     -2900359.653702099-2769315.111628927i             4500498.210808069
0                         1.3224489795918366E-7    4.091326530612245E-7     -1930132.2727851355-1805108.1778520527i           3088214.4450120004
0                         1.3224489795918366E-7    4.273163265306122E-7     -920165.4561831428-797443.1412667582i             1751773.691693063
0                         1.3224489795918366E-7    4.455E-7                 40489.60499797437+59567.56195530401i              1445394.2039469888
0                         1.487755102040816E-7     -4.455E-7                -10723.322504520027-11974.185825728786i           2107277.433031154
0                         1.487755102040816E-7     -4.2731632653061225E-7   -1022310.0446529523-969283.3688140052i            2567910.886325239
0                         1.487755102040816E-7     -4.091326530612245E-7    -1973736.8368204518-1905408.742927484i            3621239.200709818
0                         1.487755102040816E-7     -3.9094897959183674E-7   -2815696.9812747682-2663251.832110241i            4857656.956347821
0                         1.487755102040816E-7     -3.72765306122449E-7     -3754706.498600647-3460160.770152208i             6275925.182901702
0                         1.487755102040816E-7     -3.545816326530612E-7    -4532933.269454011-4201197.440395042i             7584197.48431439
0                         1.487755102040816E-7     -3.3639795918367346E-7   -5271376.734370892-4875904.706063964i             8854502.638341596
0                         1.487755102040816E-7     -3.1821428571428575E-7   -6049134.596462043-5610593.407489804i             9457352.71525637
0                         1.487755102040816E-7     -3.0003061224489794E-7   -6684087.172129058-6238886.467738773i             1.0537404120618196E7
0                         1.487755102040816E-7     -2.8184693877551024E-7   -7302579.414145766-6838459.312073669i             1.1366174822185447E7
0                         1.487755102040816E-7     -2.636632653061224E-7    -7705985.6110968385-7218119.092480719i            1.2428658629958952E7
0                         1.487755102040816E-7     -2.454795918367347E-7    -8468988.039173057-7859576.670187265i             1.3938836804559719E7
0                         1.487755102040816E-7     -2.2729591836734696E-7   -8124147.880252898-7387210.09167126i              1.3716781134376291E7
0                         1.487755102040816E-7     -2.091122448979592E-7    -8071792.451020782-7194491.2202721i               1.4110684806901503E7
0                         1.487755102040816E-7     -1.9092857142857144E-7   -9047964.858530328-8222786.248649438i             1.5624208471738854E7
0                         1.487755102040816E-7     -1.7274489795918368E-7   -8301385.352238168-7278267.192044764i             1.4009527824709835E7
0                         1.487755102040816E-7     -1.5456122448979592E-7   -7556069.579705857-6340446.760503542i             1.2383926362286141E7
0                         1.487755102040816E-7     -1.3637755102040816E-7   -7048833.70718861-5619118.466667975i              1.0828464174529934E7
0                         1.487755102040816E-7     -1.181938775510204E-7    -6990084.561147356-5493678.341097683i             1.048495803720395E7
0                         1.487755102040816E-7     -1.0001020408163265E-7   -6938482.842603711-5361574.854597611i             1.0172902642966423E7
0                         1.487755102040816E-7     -8.182653061224489E-8    -6784174.403796501-5116769.320641313i             9681562.206991352
0                         1.487755102040816E-7     -6.364285714285713E-8    -6727425.88477915-5017539.416170919i              9497015.941958215
0                         1.487755102040816E-7     -4.545918367346937E-8    -6667456.623370225-4905835.642700684i             9308783.049330924
0                         1.487755102040816E-7     -2.7275510204081612E-8   -6604266.619569725-4781658.000230615i             9118317.57991572
0                         1.487755102040816E-7     -9.091836734693906E-9    -6581996.665698976-4910316.081186671i             9112177.677417936
0                         1.487755102040816E-7     9.091836734693853E-9     -6619572.2612782-4874341.547304006i               9095698.276935609
0                         1.487755102040816E-7     2.7275510204081612E-8    -6512624.315742925-4759294.005593362i             8925996.741099903
0                         1.487755102040816E-7     4.5459183673469424E-8    -6568074.387414113-4849750.92144857i              9076506.388554543
0                         1.487755102040816E-7     6.364285714285713E-8     -6584041.487852577-4893628.029030406i             9200959.179041121
0                         1.487755102040816E-7     8.182653061224494E-8     -6598437.087588139-4925101.296729906i             9320682.30460936
0                         1.487755102040816E-7     1.0001020408163265E-7    -6839864.603111293-5308598.376922058i             9915495.908416778
0                         1.487755102040816E-7     1.1819387755102046E-7    -6797018.900450437-5251852.683960459i             9898886.087782294
0                         1.487755102040816E-7     1.3637755102040816E-7    -7364265.2913091555-5956975.931605317i            1.1057188462334922E7
0                         1.487755102040816E-7     1.5456122448979587E-7    -7724724.55774595-6502131.45252577i               1.225383876637449E7
0                         1.487755102040816E-7     1.7274489795918368E-7    -8179046.017991033-7169979.875906711i             1.3551780901590452E7
0                         1.487755102040816E-7     1.909285714285714E-7     -8311890.131073238-7443467.796214017i             1.4503171210784782E7
0                         1.487755102040816E-7     2.091122448979592E-7     -7796947.569395192-6878244.922239352i             1.3606454282084597E7
0                         1.487755102040816E-7     2.272959183673469E-7     -8003712.397401182-7227996.879577334i             1.3558195470312374E7
0                         1.487755102040816E-7     2.454795918367347E-7     -7760369.462841292-7128815.74849888i              1.2797537026725898E7
0                         1.487755102040816E-7     2.636632653061224E-7     -7526505.152850769-6973803.608467793i             1.2271793858619096E7
0                         1.487755102040816E-7     2.8184693877551024E-7    -7159316.365185123-6669414.942736477i             1.1533749804494213E7
0                         1.487755102040816E-7     3.0003061224489794E-7    -6541030.414509308-6056971.191589317i             1.0456346950841043E7
0                         1.487755102040816E-7     3.1821428571428575E-7    -5980639.462847603-5568007.378724517i             9416868.923219562
0                         1.487755102040816E-7     3.3639795918367346E-7    -5282346.332523358-4921441.506781128i             8355712.55048553
0                         1.487755102040816E-7     3.5458163265306127E-7    -4469115.223762386-4183789.317350658i             7170844.384532255
0                         1.487755102040816E-7     3.72765306122449E-7      -3677191.0647443403-3439559.036386246i            5956040.800680299
0                         1.487755102040816E-7     3.909489795918368E-7     -2876048.0352141047-2691665.958342315i            4713276.897631704
0                         1.487755102040816E-7     4.091326530612245E-7     -1932764.3947351947-1808491.7739101145i           3395684.058300106
0                         1.487755102040816E-7     4.273163265306122E-7     -1007879.1385237484-967839.2792009383i            2598608.9259665427
0                         1.487755102040816E-7     4.455E-7                 10723.32250453041+11974.185825738306i             2357124.660659043
0                         1.6530612244897956E-7    -4.455E-7                19042.959988924453+35619.19030383736i             3029040.381471141
0                         1.6530612244897956E-7    -4.2731632653061225E-7   -1025677.6174200516-999048.3505702799i            3304367.6416486036
0                         1.6530612244897956E-7    -4.091326530612245E-7    -1907051.148542952-1809190.6655473642i            4278015.196792434
0                         1.6530612244897956E-7    -3.9094897959183674E-7   -2783029.7599521824-2622028.3413494253i           5419390.582812416
0                         1.6530612244897956E-7    -3.72765306122449E-7     -3728217.4751384016-3451847.427362855i            6611433.121469893
0                         1.6530612244897956E-7    -3.545816326530612E-7    -4537666.408263154-4214278.9159112945i            7821571.21343541
0                         1.6530612244897956E-7    -3.3639795918367346E-7   -5301958.283372989-4929538.658960383i             9026827.844044
0                         1.6530612244897956E-7    -3.1821428571428575E-7   -6021093.100467913-5597626.656510122i             1.0185106670845639E7
0                         1.6530612244897956E-7    -3.0003061224489794E-7   -6738657.082645348-6290913.495444537i             1.0782698463696584E7
0                         1.6530612244897956E-7    -2.8184693877551024E-7   -7369296.286276976-6926916.487209453i             1.1679208471891457E7
0                         1.6530612244897956E-7    -2.636632653061224E-7    -8096244.702435544-7512394.895320121i             1.3077923845151676E7
0                         1.6530612244897956E-7    -2.454795918367347E-7    -8046399.171718852-7348413.592833939i             1.3268949777062187E7
0                         1.6530612244897956E-7    -2.2729591836734696E-7   -7792660.523742438-6950864.2427506335i            1.3262130002759617E7
0                         1.6530612244897956E-7    -2.091122448979592E-7    -7605785.570801624-6558409.142014104i             1.3448418784924718E7
0                         1.6530612244897956E-7    -1.9092857142857144E-7   -7653650.1484057475-6470927.566829568i            1.3934648971538944E7
0                         1.6530612244897956E-7    -1.7274489795918368E-7   -8470033.6091794-7367826.8828004785i              1.4671015663794272E7
0                         1.6530612244897956E-7    -1.5456122448979592E-7   -7979849.337176553-6705993.873419694i             1.3131291647376526E7
0                         1.6530612244897956E-7    -1.3637755102040816E-7   -7401556.933284683-6023457.683377488i             1.1710840439337505E7
0                         1.6530612244897956E-7    -1.181938775510204E-7    -7100788.958860458-5585393.681794507i             1.0869671749014918E7
0                         1.6530612244897956E-7    -1.0001020408163265E-7   -7049229.574147176-5456944.05072571i              1.0555872555477815E7
0                         1.6530612244897956E-7    -8.182653061224489E-8    -7004817.616931496-5321831.0587271275i            1.0278935285644678E7
0                         1.6530612244897956E-7    -6.364285714285713E-8    -6837086.159371854-5104300.594676226i             9846288.161489477
0                         1.6530612244897956E-7    -4.545918367346937E-8    -6776031.874175366-4994366.91966707i              9652554.800566306
0                         1.6530612244897956E-7    -2.7275510204081612E-8   -6476410.540114054-4565974.166475896i             8972232.062350309
0                         1.6530612244897956E-7    -9.091836734693906E-9    -6376064.556792837-4393636.84847634i              8758229.711497206
0                         1.6530612244897956E-7    9.091836734693853E-9     -6809676.080098312-4912211.905355472i             9301606.430558963
0                         1.6530612244897956E-7    2.7275510204081612E-8    -6668095.5618771855-4785648.803087111i            9292372.836643144
0                         1.6530612244897956E-7    4.5459183673469424E-8    -6527041.643173006-4712305.835466627i             9157353.786391065
0                         1.6530612244897956E-7    6.364285714285713E-8     -6636441.920168981-4896754.17972372i              9437876.790574623
0                         1.6530612244897956E-7    8.182653061224494E-8     -6742011.313389828-5067343.446959396i             9710571.702534378
0                         1.6530612244897956E-7    1.0001020408163265E-7    -6923198.3919261405-5313914.241096453i            1.0218894462408472E7
0                         1.6530612244897956E-7    1.1819387755102046E-7    -7271642.048124595-5705332.338261052i             1.070705583028112E7
0                         1.6530612244897956E-7    1.3637755102040816E-7    -7616700.03691465-6237886.9992079055i             1.184623456262874E7
0                         1.6530612244897956E-7    1.5456122448979587E-7    -7974150.9302884815-6774714.728626887i            1.3056384727273265E7
0                         1.6530612244897956E-7    1.7274489795918368E-7    -8545026.063831255-7581671.201408389i             1.4480039744117886E7
0                         1.6530612244897956E-7    1.909285714285714E-7     -7761783.74180211-6695339.082645313i              1.406841566613339E7
0                         1.6530612244897956E-7    2.091122448979592E-7     -7833534.223202528-6857058.421752921i             1.3830015548008539E7
0                         1.6530612244897956E-7    2.272959183673469E-7     -7878190.050146955-7004845.781158394i             1.3569664326934813E7
0                         1.6530612244897956E-7    2.454795918367347E-7     -7590955.382012329-6887854.103357814i             1.2529329589061838E7
0                         1.6530612244897956E-7    2.636632653061224E-7     -7466736.117699203-6895833.767977001i             1.2302335109406257E7
0                         1.6530612244897956E-7    2.8184693877551024E-7    -7201355.905942822-6706064.552865176i             1.1754067054336032E7
0                         1.6530612244897956E-7    3.0003061224489794E-7    -6666646.983104853-6235351.29338798i              1.0841502438143782E7
0                         1.6530612244897956E-7    3.1821428571428575E-7    -6071322.671207689-5692304.345654795i             9772948.609333223
0                         1.6530612244897956E-7    3.3639795918367346E-7    -5352256.996965607-4999838.546954337i             8732136.744502496
0                         1.6530612244897956E-7    3.5458163265306127E-7    -4508000.567174534-4197340.833083852i             7612964.472231856
0                         1.6530612244897956E-7    3.72765306122449E-7      -3667638.5917857676-3401240.0184319173i           6405736.107265463
0                         1.6530612244897956E-7    3.909489795918368E-7     -2820601.1535790395-2576904.667262542i            5173770.964328982
0                         1.6530612244897956E-7    4.091326530612245E-7     -2024638.3845442324-1937263.2585701826i           4216624.980368368
0                         1.6530612244897956E-7    4.273163265306122E-7     -1056437.7736420503-1045550.0853111746i           3467728.435983903
0                         1.6530612244897956E-7    4.455E-7                 -19042.95998891356-35619.190303827396i            3349492.532829822
0                         1.8183673469387754E-7    -4.455E-7                48809.242482369+83212.56643340363i                4027203.1800245875
0                         1.8183673469387754E-7    -4.2731632653061225E-7   -924973.4621876385-847835.6865708547i             4375841.718546664
0                         1.8183673469387754E-7    -4.091326530612245E-7    -1840365.460265452-1712972.5881672446i            5185907.5922159385
0                         1.8183673469387754E-7    -3.9094897959183674E-7   -2767942.692321755-2490760.4998818133i            6275294.775030322
0                         1.8183673469387754E-7    -3.72765306122449E-7     -3707102.203754586-3424376.4254989396i            7129763.135287118
0                         1.8183673469387754E-7    -3.545816326530612E-7    -4542399.547072293-4227360.391427546i             8215605.110473045
0                         1.8183673469387754E-7    -3.3639795918367346E-7   -5332539.832375091-4983172.611856803i             9333643.910315812
0                         1.8183673469387754E-7    -3.1821428571428575E-7   -6077523.059662965-5691813.086786706i             1.0431004251909386E7
0                         1.8183673469387754E-7    -3.0003061224489794E-7   -6793226.993161636-6342940.523150296i             1.1101129041476928E7
0                         1.8183673469387754E-7    -2.8184693877551024E-7   -7509381.006922994-6924755.709083895i             1.19873461617514E7
0                         1.8183673469387754E-7    -2.636632653061224E-7    -7646602.119809089-6971325.485087608i             1.2468454449576743E7
0                         1.8183673469387754E-7    -2.454795918367347E-7    -7623810.304264641-6837250.515480615i             1.2683240730137043E7
0                         1.8183673469387754E-7    -2.2729591836734696E-7   -7885108.123710645-6868210.866052122i             1.292475005030216E7
0                         1.8183673469387754E-7    -2.091122448979592E-7    -7464257.586927228-6351045.017102123i             1.3088212444246193E7
0                         1.8183673469387754E-7    -1.9092857142857144E-7   -7140401.694483753-5814444.252063577i             1.3341701542935053E7
0                         1.8183673469387754E-7    -1.7274489795918368E-7   -8690443.588327963-7523151.895696363i             1.5460396687988434E7
0                         1.8183673469387754E-7    -1.5456122448979592E-7   -8326230.469941976-7033819.366041376i             1.3932941525288701E7
0                         1.8183673469387754E-7    -1.3637755102040816E-7   -7742001.672761076-6349078.170374877i             1.2502093853795532E7
0                         1.8183673469387754E-7    -1.181938775510204E-7    -7170323.950420984-5667022.29549869i              1.1109885611067941E7
0                         1.8183673469387754E-7    -1.0001020408163265E-7   -6611281.3034049235-4987672.590992622i            9785690.502630468
0                         1.8183673469387754E-7    -8.182653061224489E-8    -6702896.10711353-5062594.825040776i              1.040349005206854E7
0                         1.8183673469387754E-7    -6.364285714285713E-8    -6713912.93962419-4871088.172028122i              9847676.544573834
0                         1.8183673469387754E-7    -4.545918367346937E-8    -6828379.178542815-5003888.8977807835i            9587857.072166223
0                         1.8183673469387754E-7    -2.7275510204081612E-8   -6688956.635301236-4823477.652412963i             9313033.389687221
0                         1.8183673469387754E-7    -9.091836734693906E-9    -6548777.925710759-4637415.744663719i             9052993.153023116
0                         1.8183673469387754E-7    9.091836734693853E-9     -5966243.552063683-3999237.167979595i             8579239.651030695
0                         1.8183673469387754E-7    2.7275510204081612E-8    -6542327.556760577-4609551.772396917i             9189305.630363137
0                         1.8183673469387754E-7    4.5459183673469424E-8    -6645233.813292435-4748441.2446220955i            9473275.540635884
0                         1.8183673469387754E-7    6.364285714285713E-8     -6700174.823794649-4890865.635952757i             9683705.15597308
0                         1.8183673469387754E-7    8.182653061224494E-8     -6806911.414078675-5060125.5267954245i            9962273.111783555
0                         1.8183673469387754E-7    1.0001020408163265E-7    -6936171.941939838-5252112.632411002i             1.0358221768320316E7
0                         1.8183673469387754E-7    1.1819387755102046E-7    -7526184.2778463075-5993286.273918135i            1.1492608870654514E7
0                         1.8183673469387754E-7    1.3637755102040816E-7    -7868242.945642697-6517487.806455046i             1.2655248267891081E7
0                         1.8183673469387754E-7    1.5456122448979587E-7    -8222698.79797644-7046014.106063731i              1.3871154513555508E7
0                         1.8183673469387754E-7    1.7274489795918368E-7    -8589468.372384373-7578878.568323888i             1.5117313299345246E7
0                         1.8183673469387754E-7    1.909285714285714E-7     -8018611.63138198-6942425.248884043i              1.4473485822703587E7
0                         1.8183673469387754E-7    2.091122448979592E-7     -8059451.735654766-7055730.758488659i             1.4097296791821027E7
0                         1.8183673469387754E-7    2.272959183673469E-7     -7451270.471916338-6559412.017541858i             1.2697474456620164E7
0                         1.8183673469387754E-7    2.454795918367347E-7     -7983312.420810254-7201658.219947593i             1.3140277624650672E7
0                         1.8183673469387754E-7    2.636632653061224E-7     -7741652.695713162-7117493.26524619i              1.2736749297170952E7
0                         1.8183673469387754E-7    2.8184693877551024E-7    -7361905.834773824-6938527.789532223i             1.2247156674054561E7
0                         1.8183673469387754E-7    3.0003061224489794E-7    -6792263.551700399-6413731.395186646i             1.1313456677763281E7
0                         1.8183673469387754E-7    3.1821428571428575E-7    -6162005.879567772-5816601.312585071i             1.0232614170751516E7
0                         1.8183673469387754E-7    3.3639795918367346E-7    -5422167.661407861-5078235.587127548i             9223821.634505147
0                         1.8183673469387754E-7    3.5458163265306127E-7    -4547695.484506652-4230277.674801913i             8201847.97058209
0                         1.8183673469387754E-7    3.72765306122449E-7      -3658086.1188271935-3362921.000477586i            7092573.785404462
0                         1.8183673469387754E-7    3.909489795918368E-7     -2737146.6811456126-2548184.653994082i            5973782.080698217
0                         1.8183673469387754E-7    4.091326530612245E-7     -1903095.028222122-1801100.0187666137i            5129606.613783065
0                         1.8183673469387754E-7    4.273163265306122E-7     -1055075.084186865-1043318.4575711178i            4494832.296497324
0                         1.8183673469387754E-7    4.455E-7                 -48809.24248235758-83212.56643339316i             4412233.933306784
0                         1.9836734693877549E-7    -4.455E-7                6528.148750815055+13579.38460685167i              5456726.488374577
0                         1.9836734693877549E-7    -4.2731632653061225E-7   -819952.417363911-705932.1388546143i              5641006.691420562
0                         1.9836734693877549E-7    -4.091326530612245E-7    -1773679.7719879523-1616754.5107871245i           6305310.489192865
0                         1.9836734693877549E-7    -3.9094897959183674E-7   -2729756.939742266-2427485.3011462186i            7231022.304692363
0                         1.9836734693877549E-7    -3.72765306122449E-7     -3685986.9323707726-3396905.4236350236i           7830521.361376466
0                         1.9836734693877549E-7    -3.545816326530612E-7    -4547132.685881438-4240441.866943798i             8776307.611691581
0                         1.9836734693877549E-7    -3.3639795918367346E-7   -5363121.381377185-5036806.5647532195i            9789213.816268278
0                         1.9836734693877549E-7    -3.1821428571428575E-7   -5873518.630361402-5459992.472901269i             1.1228392825505579E7
0                         1.9836734693877549E-7    -3.0003061224489794E-7   -6660827.726071515-6095158.654328409i             1.2146962099954067E7
0                         1.9836734693877549E-7    -2.8184693877551024E-7   -6883353.002582552-6100512.387450994i             1.1545773809246352E7
0                         1.9836734693877549E-7    -2.636632653061224E-7    -7120223.785241059-6277055.838761636i             1.2086476673417434E7
0                         1.9836734693877549E-7    -2.454795918367347E-7    -7242412.008040493-6315270.01782332i              1.2383870345271813E7
0                         1.9836734693877549E-7    -2.2729591836734696E-7   -7247296.915354164-6242552.714002699i             1.2583686642895197E7
0                         1.9836734693877549E-7    -2.091122448979592E-7    -7259301.467818107-6095699.264480524i             1.2837358969032833E7
0                         1.9836734693877549E-7    -1.9092857142857144E-7   -6733879.724278824-5462795.239918508i             1.2964577725770572E7
0                         1.9836734693877549E-7    -1.7274489795918368E-7   -8247266.1879529795-7159291.169351096i            1.5578245611210668E7
0                         1.9836734693877549E-7    -1.5456122448979592E-7   -7925362.925046165-6715317.24155558i              1.4225474834743822E7
0                         1.9836734693877549E-7    -1.3637755102040816E-7   -7592341.571565362-6229681.696449187i             1.2906989728061704E7
0                         1.9836734693877549E-7    -1.181938775510204E-7    -7247649.858708847-5699483.214043689i             1.1636182702148413E7
0                         1.9836734693877549E-7    -1.0001020408163265E-7   -6890717.220045215-5121564.34794961i              1.0431965848303827E7
0                         1.9836734693877549E-7    -8.182653061224489E-8    -6865703.80197737-4984367.268686013i              1.0242056287193839E7
0                         1.9836734693877549E-7    -6.364285714285713E-8    -6566999.4945890475-4640679.126316887i            9627308.446650548
0                         1.9836734693877549E-7    -4.545918367346937E-8    -6474698.419860005-4530772.109297068i             9363828.909894243
0                         1.9836734693877549E-7    -2.7275510204081612E-8   -6381792.115234502-4414928.488140663i             9109397.500941131
0                         1.9836734693877549E-7    -9.091836734693906E-9    -6254375.500152038-4269871.322965616i             8851545.5086669
0                         1.9836734693877549E-7    9.091836734693853E-9     -6127034.264912167-4127346.9142108206i            8854369.196723001
0                         1.9836734693877549E-7    2.7275510204081612E-8    -6082835.659594715-4081864.222761921i             8935075.821629496
0                         1.9836734693877549E-7    4.5459183673469424E-8    -6037538.844430021-4027285.613696568i             9069750.712648928
0                         1.9836734693877549E-7    6.364285714285713E-8     -6763907.727420312-4884977.09218179i              9931498.138610989
0                         1.9836734693877549E-7    8.182653061224494E-8     -6910715.778713155-5112589.075030094i             1.0349497829105351E7
0                         1.9836734693877549E-7    1.0001020408163265E-7    -7453238.347480887-5768390.905510567i             1.1192187004639463E7
0                         1.9836734693877549E-7    1.1819387755102046E-7    -7779825.211548882-6279903.1054367125i            1.2302745168198293E7
0                         1.9836734693877549E-7    1.3637755102040816E-7    -8118897.943362035-6795778.176222164i             1.3479054712989228E7
0                         1.9836734693877549E-7    1.5456122448979587E-7    -8996414.081323996-7597616.861643759i             1.5297258708403436E7
0                         1.9836734693877549E-7    1.7274489795918368E-7    -9373546.390270753-8032688.447490677i             1.6461904771825327E7
0                         1.9836734693877549E-7    1.909285714285714E-7     -7340316.607736342-5882371.188855274i             1.3258273535914253E7
0                         1.9836734693877549E-7    2.091122448979592E-7     -7568072.273937789-6371496.863319075i             1.3133989101555986E7
0                         1.9836734693877549E-7    2.272959183673469E-7     -7721292.318773186-6748693.024918141i             1.2832799596094787E7
0                         1.9836734693877549E-7    2.454795918367347E-7     -7656002.877521642-6756755.776257909i             1.2653419429369649E7
0                         1.9836734693877549E-7    2.636632653061224E-7     -7400594.3883599-6668765.303799348i               1.2360648214462172E7
0                         1.9836734693877549E-7    2.8184693877551024E-7    -7007885.547566891-6403172.595309332i             1.186390049248539E7
0                         1.9836734693877549E-7    3.0003061224489794E-7    -6528973.041807286-6030831.0373309385i            1.1177933147756234E7
0                         1.9836734693877549E-7    3.1821428571428575E-7    -5963856.871081072-5551740.629864165i             1.0317079110520564E7
0                         1.9836734693877549E-7    3.3639795918367346E-7    -5493561.322698718-5227176.153950935i             1.0124111745735858E7
0                         1.9836734693877549E-7    3.5458163265306127E-7    -4750044.393407535-4499766.7169524i               9258863.953880284
0                         1.9836734693877549E-7    3.72765306122449E-7      -3678132.4824605593-3391849.950126475i            7855341.550895649
0                         1.9836734693877549E-7    3.909489795918368E-7     -2649622.756717672-2457363.9823242533i            6985326.099775701
0                         1.9836734693877549E-7    4.091326530612245E-7     -1781551.671900008-1664936.778963039i             6300753.008551406
0                         1.9836734693877549E-7    4.273163265306122E-7     -830097.1382439308-732058.3404861757i             5709331.244231722
0                         1.9836734693877549E-7    4.455E-7                 -6528.1487508053715-13579.384606843838i           5555601.354368397
0                         2.1489795918367344E-7    -4.455E-7                4707.021854408955+14222.733440615164i             7141772.584181128
0                         2.1489795918367344E-7    -4.2731632653061225E-7   -931766.1411253922-874497.47575661i               7282941.122911703
0                         2.1489795918367344E-7    -4.091326530612245E-7    -1817847.8577715163-1694024.5901099124i           7669857.733425956
0                         2.1489795918367344E-7    -3.9094897959183674E-7   -2904164.0997501537-2727534.06140834i             8642810.543648446
0                         2.1489795918367344E-7    -3.72765306122449E-7     -3970770.112621069-3807946.6047906214i            8932476.026210345
0                         2.1489795918367344E-7    -3.545816326530612E-7    -4363985.9510441-3965305.0226665735i              9648580.765303517
0                         2.1489795918367344E-7    -3.3639795918367346E-7   -5042750.809609742-4582127.520374637i             1.047414062857029E7
0                         2.1489795918367344E-7    -3.1821428571428575E-7   -5668350.954934443-5130227.5405735895i            1.1260553826136732E7
0                         2.1489795918367344E-7    -3.0003061224489794E-7   -6340322.17444686-5694516.958640146i              1.1997325561009401E7
0                         2.1489795918367344E-7    -2.8184693877551024E-7   -6893492.59500386-6205716.217273777i              1.1937373273751546E7
0                         2.1489795918367344E-7    -2.636632653061224E-7    -7098014.807230445-6140213.596479403i             1.205151246834857E7
0                         2.1489795918367344E-7    -2.454795918367347E-7    -7251776.263662597-6211677.844222166i             1.2317493892867789E7
0                         2.1489795918367344E-7    -2.2729591836734696E-7   -7236524.070375903-6101676.572782793i             1.2350852657319037E7
0                         2.1489795918367344E-7    -2.091122448979592E-7    -7231406.8614378795-5969422.218250905i            1.2561655627551112E7
0                         2.1489795918367344E-7    -1.9092857142857144E-7   -7017248.350330742-5522653.123694518i             1.2656064317771427E7
0                         2.1489795918367344E-7    -1.7274489795918368E-7   -6453270.339728016-4771703.663340257i             1.2645518269204214E7
0                         2.1489795918367344E-7    -1.5456122448979592E-7   -8262389.8740467755-6847207.856758448i            1.4812998096528841E7
0                         2.1489795918367344E-7    -1.3637755102040816E-7   -7942435.086175537-6362268.32336697i              1.356155812486821E7
0                         2.1489795918367344E-7    -1.181938775510204E-7    -7612548.807050793-5833467.228886553i             1.2350129247588811E7
0                         2.1489795918367344E-7    -1.0001020408163265E-7   -7319554.176597879-5456236.72870259i              1.137490006064474E7
0                         2.1489795918367344E-7    -8.182653061224489E-8    -6779909.729014611-4842359.0912243435i            1.02437353580711E7
0                         2.1489795918367344E-7    -6.364285714285713E-8    -6741338.732944622-4712221.177253282i             9906567.015823029
0                         2.1489795918367344E-7    -4.545918367346937E-8    -6382060.316344803-4335339.246497759i             9263984.797919936
0                         2.1489795918367344E-7    -2.7275510204081612E-8   -6290283.599974514-4221015.512189662i             9008421.56271883
0                         2.1489795918367344E-7    -9.091836734693906E-9    -6259427.703108611-4206186.681405222i             8917337.216275126
0                         2.1489795918367344E-7    9.091836734693853E-9     -6325483.431769434-4296116.918289296i             9012001.564373057
0                         2.1489795918367344E-7    2.7275510204081612E-8    -6391600.2327469895-4378843.76698477i             9149515.839231584
0                         2.1489795918367344E-7    4.5459183673469424E-8    -6457778.106041285-4454367.227491651i             9327604.292143524
0                         2.1489795918367344E-7    6.364285714285713E-8     -6524017.051652312-4522687.299809929i             9543809.832409345
0                         2.1489795918367344E-7    8.182653061224494E-8     -6497329.897583421-4621149.6850267295i            1.0009826401919514E7
0                         2.1489795918367344E-7    1.0001020408163265E-7    -7305000.507033425-5477743.689826418i             1.1371338692056071E7
0                         2.1489795918367344E-7    1.1819387755102046E-7    -7724188.091134067-6014213.335599575i             1.2615917449854657E7
0                         2.1489795918367344E-7    1.3637755102040816E-7    -8139797.893530906-6527681.114711832i             1.3855162441795977E7
0                         2.1489795918367344E-7    1.5456122448979587E-7    -8551425.515075598-7019272.482424795i             1.5067774172721574E7
0                         2.1489795918367344E-7    1.7274489795918368E-7    -6417112.269273515-4641623.69644036i              1.250618781667684E7
0                         2.1489795918367344E-7    1.909285714285714E-7     -6915910.156306487-5373289.056395472i             1.2468918674737994E7
0                         2.1489795918367344E-7    2.091122448979592E-7     -7116102.260915754-5841771.6193095185i            1.229502441966574E7
0                         2.1489795918367344E-7    2.272959183673469E-7     -7239475.453799821-6198058.295955073i             1.2178194169581447E7
0                         2.1489795918367344E-7    2.454795918367347E-7     -7048022.4581974605-6062802.0105951205i           1.2127715778473243E7
0                         2.1489795918367344E-7    2.636632653061224E-7     -6606909.754142801-5824371.265787021i             1.1988586340495322E7
0                         2.1489795918367344E-7    2.8184693877551024E-7    -6658575.582078981-5957877.286970053i             1.165457880525516E7
0                         2.1489795918367344E-7    3.0003061224489794E-7    -6171411.418184724-5588968.382099222i             1.105038451692239E7
0                         2.1489795918367344E-7    3.1821428571428575E-7    -5598043.5893238615-5113310.627740009i            1.0298136759283194E7
0                         2.1489795918367344E-7    3.3639795918367346E-7    -5123710.205663413-4782372.88546001i              1.0387730667413551E7
0                         2.1489795918367344E-7    3.5458163265306127E-7    -4523005.4131107945-4195558.679823823i            9728335.333989099
0                         2.1489795918367344E-7    3.72765306122449E-7      -3510212.878534375-3168540.2527399175i            8612823.956417255
0                         2.1489795918367344E-7    3.909489795918368E-7     -2658386.3284240523-2535913.60892706i             8307094.472267583
0                         2.1489795918367344E-7    4.091326530612245E-7     -1769489.409298597-1665206.4363819435i            7652005.963395979
0                         2.1489795918367344E-7    4.273163265306122E-7     -889857.3755852478-845644.9659613287i             7327896.765337401
0                         2.1489795918367344E-7    4.455E-7                 -4707.02185439855-14222.73344060785i              7222909.878180665
0                         2.3142857142857141E-7    -4.455E-7                -15986.406022196928-17317.0982795673i             8816322.274784882
0                         2.3142857142857141E-7    -4.2731632653061225E-7   -894331.8123798402-807837.8451012423i             8901202.656133156
0                         2.3142857142857141E-7    -4.091326530612245E-7    -1754383.9576213672-1567764.0967842373i           9161363.586487163
0                         2.3142857142857141E-7    -3.9094897959183674E-7   -2658368.0220220187-2435312.4399432987i           9804224.038958829
0                         2.3142857142857141E-7    -3.72765306122449E-7     -3445491.383031277-3055039.6592052113i            9761068.666542465
0                         2.3142857142857141E-7    -3.545816326530612E-7    -4171220.061764286-3705569.786394555i             1.0317933043975078E7
0                         2.3142857142857141E-7    -3.3639795918367346E-7   -4843784.027256355-4287377.436074788i             1.0916502956660446E7
0                         2.3142857142857141E-7    -3.1821428571428575E-7   -5524749.033256283-4799116.862232378i             1.148776350160747E7
0                         2.3142857142857141E-7    -3.0003061224489794E-7   -6019816.622822211-5293875.262951883i             1.2037942004988104E7
0                         2.3142857142857141E-7    -2.8184693877551024E-7   -6486641.365913741-5710196.619703295i             1.178235175965498E7
0                         2.3142857142857141E-7    -2.636632653061224E-7    -6863844.790320955-5938501.779531281i             1.20550863935806E7
0                         2.3142857142857141E-7    -2.454795918367347E-7    -7155623.4687276175-6082740.2784054605i           1.2290412808225445E7
0                         2.3142857142857141E-7    -2.2729591836734696E-7   -7225751.225397643-5960800.4315628875i            1.2155584479536831E7
0                         2.3142857142857141E-7    -2.091122448979592E-7    -6900135.811609565-5418047.750101939i             1.1982471443513716E7
0                         2.3142857142857141E-7    -1.9092857142857144E-7   -6773685.942558595-4925278.554107886i             1.2119965807388924E7
0                         2.3142857142857141E-7    -1.7274489795918368E-7   -6519847.364726725-4618772.704938887i             1.2265133632562567E7
0                         2.3142857142857141E-7    -1.5456122448979592E-7   -8645385.394259393-7021515.405236485i             1.5501180139512075E7
0                         2.3142857142857141E-7    -1.3637755102040816E-7   -8362516.92258967-6416455.6343041025i             1.430041459044894E7
0                         2.3142857142857141E-7    -1.181938775510204E-7    -7743139.368090792-5765913.75549466i              1.2827031375426536E7
0                         2.3142857142857141E-7    -1.0001020408163265E-7   -7086209.962891159-5050074.5478351815i            1.1381161169011254E7
0                         2.3142857142857141E-7    -8.182653061224489E-8    -6752473.011664389-4700927.26175044i              1.0382995584615238E7
0                         2.3142857142857141E-7    -6.364285714285713E-8    -6654930.797614747-4537566.701171235i             9875545.77899751
0                         2.3142857142857141E-7    -4.545918367346937E-8    -6616842.190530674-4429156.879284887i             9573770.321284397
0                         2.3142857142857141E-7    -2.7275510204081612E-8   -6198856.738988186-4045702.095896497i             8922765.925067265
0                         2.3142857142857141E-7    -9.091836734693906E-9    -6264479.906065183-4142502.0398448263i            8978544.414394023
0                         2.3142857142857141E-7    9.091836734693853E-9     -6330164.145458917-4232098.59560456i              9078996.423309842
0                         2.3142857142857141E-7    2.7275510204081612E-8    -6497752.561060081-4440008.337230774i             9358881.476248085
0                         2.3142857142857141E-7    4.5459183673469424E-8    -6584824.376825106-4540805.659080363i             9576618.88088965
0                         2.3142857142857141E-7    6.364285714285713E-8     -6673792.573147748-4632029.297164293i             9837807.348810269
0                         2.3142857142857141E-7    8.182653061224494E-8     -6818807.43911029-4758879.021438172i              1.0360971433438938E7
0                         2.3142857142857141E-7    1.0001020408163265E-7    -6862107.719996727-4916132.091261496i             1.1338292245851122E7
0                         2.3142857142857141E-7    1.1819387755102046E-7    -7110866.83493901-5341608.262513727i              1.2475170305955771E7
0                         2.3142857142857141E-7    1.3637755102040816E-7    -7631931.192015495-5876779.553617986i             1.3709476978300367E7
0                         2.3142857142857141E-7    1.5456122448979587E-7    -8079664.07893296-6410998.771580904i              1.49297166886114E7
0                         2.3142857142857141E-7    1.7274489795918368E-7    -5967216.616863299-4122256.954654151i             1.1594231560271077E7
0                         2.3142857142857141E-7    1.909285714285714E-7     -6491501.854184888-4864214.836182425i             1.1717588240182044E7
0                         2.3142857142857141E-7    2.091122448979592E-7     -6442907.356854805-5074335.753595735i             1.1427120773926817E7
0                         2.3142857142857141E-7    2.272959183673469E-7     -6804950.098749648-5587055.911317032i             1.1790666340971647E7
0                         2.3142857142857141E-7    2.454795918367347E-7     -6923245.3842075495-5836492.393987939i            1.198105006956179E7
0                         2.3142857142857141E-7    2.636632653061224E-7     -6707060.799870693-5794832.90547882i              1.1853631988536473E7
0                         2.3142857142857141E-7    2.8184693877551024E-7    -6112802.989135181-5352473.790007959i             1.1575370896958936E7
0                         2.3142857142857141E-7    3.0003061224489794E-7    -5673988.119759669-5040980.317560588i             1.1070945181576982E7
0                         2.3142857142857141E-7    3.1821428571428575E-7    -5176172.434108067-4648976.902765416i             1.0451679771137834E7
0                         2.3142857142857141E-7    3.3639795918367346E-7    -4789708.706422579-4378225.433794351i             1.0879913560873615E7
0                         2.3142857142857141E-7    3.5458163265306127E-7    -4106263.1314654076-3717154.1835401454i           1.0648681374162305E7
0                         2.3142857142857141E-7    3.72765306122449E-7      -3435765.839316454-3177379.526533763i             9765517.59169004
0                         2.3142857142857141E-7    3.909489795918368E-7     -2597988.0094869696-2373608.00660462i             9556801.47330228
0                         2.3142857142857141E-7    4.091326530612245E-7     -1734537.967955405-1562306.3618056457i            9117846.6481871
0                         2.3142857142857141E-7    4.273163265306122E-7     -878084.0335841281-797724.3126657102i             8920957.872269608
0                         2.3142857142857141E-7    4.455E-7                 15986.40602220882+17317.09827957707i              8899572.770474177
0                         2.4795918367346934E-7    -4.455E-7                -4581.648681247853-10258.330294513238i            1.037902975592693E7
0                         2.4795918367346934E-7    -4.2731632653061225E-7   -856897.4836342905-741178.2144458778i             1.0420626278432088E7
0                         2.4795918367346934E-7    -4.091326530612245E-7    -1690920.0574712162-1441503.6034585594i           1.05950025645841E7
0                         2.4795918367346934E-7    -3.9094897959183674E-7   -2512205.6827663267-2183299.606990094i            1.1151095559062526E7
0                         2.4795918367346934E-7    -3.72765306122449E-7     -3258926.38682504-2830319.2709610267i             1.0770309975178033E7
0                         2.4795918367346934E-7    -3.545816326530612E-7    -3978454.172484475-3445834.5501225395i            1.1117258297027765E7
0                         2.4795918367346934E-7    -3.3639795918367346E-7   -4644817.24490297-3992627.3517749403i             1.1512924652270474E7
0                         2.4795918367346934E-7    -3.1821428571428575E-7   -5222641.266076415-4453773.107980048i             1.1904053593091613E7
0                         2.4795918367346934E-7    -3.0003061224489794E-7   -5699311.071197559-4893233.567263617i             1.2228481842232319E7
0                         2.4795918367346934E-7    -2.8184693877551024E-7   -5942574.6913585635-5074889.919225856i            1.1530050903702347E7
0                         2.4795918367346934E-7    -2.636632653061224E-7    -6456699.613257449-5415955.543796635i             1.185226613080827E7
0                         2.4795918367346934E-7    -2.454795918367347E-7    -6748184.343690723-5533167.404506648i             1.1915523364196034E7
0                         2.4795918367346934E-7    -2.2729591836734696E-7   -6960707.621549277-5524181.513640066i             1.1922720264091609E7
0                         2.4795918367346934E-7    -2.091122448979592E-7    -6915273.01772899-5232651.490324564i              1.1798562034865864E7
0                         2.4795918367346934E-7    -1.9092857142857144E-7   -6413901.850586913-4564428.015076649i             1.1238895636251917E7
0                         2.4795918367346934E-7    -1.7274489795918368E-7   -5913185.130556118-3875646.523475753i             1.0906752064301617E7
0                         2.4795918367346934E-7    -1.5456122448979592E-7   -5293184.765720239-3047483.2624630425i            1.0442377282833384E7
0                         2.4795918367346934E-7    -1.3637755102040816E-7   -8156213.275728144-6049563.56802425i              1.4279973349801851E7
0                         2.4795918367346934E-7    -1.181938775510204E-7    -7526005.863208347-5378578.9220410595i            1.2876790509172637E7
0                         2.4795918367346934E-7    -1.0001020408163265E-7   -6974924.068402639-4797839.527603088i             1.1487670493444059E7
0                         2.4795918367346934E-7    -8.182653061224489E-8    -6725022.481488632-4559517.666602775i             1.0528225961874433E7
0                         2.4795918367346934E-7    -6.364285714285713E-8    -6568522.862284866-4362912.225089191i             9844148.473011756
0                         2.4795918367346934E-7    -4.545918367346937E-8    -6352512.762682039-4177927.467522954i             9382002.183545154
0                         2.4795918367346934E-7    -2.7275510204081612E-8   -6033881.498557115-3705117.4496452264i            8718597.647083718
0                         2.4795918367346934E-7    -9.091836734693906E-9    -6115930.978174384-3833952.254624252i             8792546.632266248
0                         2.4795918367346934E-7    9.091836734693853E-9     -6199876.838349271-3953213.37583762i              8921176.700129537
0                         2.4795918367346934E-7    2.7275510204081612E-8    -6285719.079081768-4062900.813285323i             9101655.778235434
0                         2.4795918367346934E-7    4.5459183673469424E-8    -6373457.700371893-4163014.566967371i             9330694.953567581
0                         2.4795918367346934E-7    6.364285714285713E-8     -6463092.7022196315-4253554.636883757i            9604762.527308227
0                         2.4795918367346934E-7    8.182653061224494E-8     -6717929.6219651755-4488990.843694088i            1.0444613979637662E7
0                         2.4795918367346934E-7    1.0001020408163265E-7    -6981714.896816475-4747359.326989607i             1.1603775008813055E7
0                         2.4795918367346934E-7    1.1819387755102046E-7    -7226598.934055638-5191883.495487439i             1.2672161783968491E7
0                         2.4795918367346934E-7    1.3637755102040816E-7    -7455690.376722375-5573542.077426812i             1.3773046446385998E7
0                         2.4795918367346934E-7    1.5456122448979587E-7    -4637956.521902839-2619675.8653383865i            1.046651122230447E7
0                         2.4795918367346934E-7    1.7274489795918368E-7    -5499306.604878069-3562945.3850182006i            1.0829569807794094E7
0                         2.4795918367346934E-7    1.909285714285714E-7     -6182127.410583584-4471520.656680334i             1.1067517182957552E7
0                         2.4795918367346934E-7    2.091122448979592E-7     -6462848.222078093-4970372.202181813i             1.121300549389567E7
0                         2.4795918367346934E-7    2.272959183673469E-7     -6704384.625694878-5365532.968763078i             1.165087942384477E7
0                         2.4795918367346934E-7    2.454795918367347E-7     -6735517.230914318-5585801.974257493i             1.1977467757225703E7
0                         2.4795918367346934E-7    2.636632653061224E-7     -6511656.422350407-5496079.268862688i             1.1875985163869092E7
0                         2.4795918367346934E-7    2.8184693877551024E-7    -5976865.227048304-5102901.288942111i             1.176827303837424E7
0                         2.4795918367346934E-7    3.0003061224489794E-7    -5516405.307494098-4782749.261108385i             1.1366628097759755E7
0                         2.4795918367346934E-7    3.1821428571428575E-7    -5181643.292877697-4621068.563654231i             1.1458549185969286E7
0                         2.4795918367346934E-7    3.3639795918367346E-7    -4529769.505864088-4014846.9841803326i            1.1542649798446713E7
0                         2.4795918367346934E-7    3.5458163265306127E-7    -3868181.2587538417-3418273.362294148i            1.1563065679557197E7
0                         2.4795918367346934E-7    3.72765306122449E-7      -3234462.9741865424-2814620.359665282i            1.0950075014969386E7
0                         2.4795918367346934E-7    3.909489795918368E-7     -2537589.6905498863-2211302.4042821787i           1.07634864768185E7
0                         2.4795918367346934E-7    4.091326530612245E-7     -1699586.5266122166-1459406.2872293526i           1.0526552421743918E7
0                         2.4795918367346934E-7    4.273163265306122E-7     -866310.6915830085-749803.6593700908i             1.0420397659136526E7
0                         2.4795918367346934E-7    4.455E-7                 4581.648681256989+10258.330294519186i             1.0448765447145173E7
0                         2.644897959183673E-7     -4.455E-7                6823.1086597074645-3199.5623094511757i            1.18255124350515E7
0                         2.644897959183673E-7     -4.2731632653061225E-7   -819463.1548887352-674518.5837905067i             1.1834116260408722E7
0                         2.644897959183673E-7     -4.091326530612245E-7    -1590581.999287086-1313012.1852824208i            1.19792308192441E7
0                         2.644897959183673E-7     -3.9094897959183674E-7   -2363196.367874466-2007645.0890783074i            1.241203597077622E7
0                         2.644897959183673E-7     -3.72765306122449E-7     -3112533.75208227-2693733.5240923287i             1.2296824308943667E7
0                         2.644897959183673E-7     -3.545816326530612E-7    -3785688.2832046635-3186099.313850522i            1.1997068761625353E7
0                         2.644897959183673E-7     -3.3639795918367346E-7   -4445850.462549583-3697877.2674750937i            1.2217467750197979E7
0                         2.644897959183673E-7     -3.1821428571428575E-7   -4920533.498896545-4108429.353727719i             1.2409474980025083E7
0                         2.644897959183673E-7     -3.0003061224489794E-7   -5378805.519572905-4492591.871575351i             1.2527815809611047E7
0                         2.644897959183673E-7     -2.8184693877551024E-7   -5750416.687254418-4737286.223708633i             1.2227358324897258E7
0                         2.644897959183673E-7     -2.636632653061224E-7    -6049554.436193944-4893409.308061989i             1.1784827183383977E7
0                         2.644897959183673E-7     -2.454795918367347E-7    -6340745.218653827-4983594.530607833i             1.1666839176239138E7
0                         2.644897959183673E-7     -2.2729591836734696E-7   -6326207.754312584-4824508.853757922i             1.1382099158034455E7
0                         2.644897959183673E-7     -2.091122448979592E-7    -6435008.215652493-4787086.349333711i             1.1331967901697507E7
0                         2.644897959183673E-7     -1.9092857142857144E-7   -6053085.838855485-4205462.415773714i             1.0503601407049226E7
0                         2.644897959183673E-7     -1.7274489795918368E-7   -5566999.230932924-3508684.767463026i             1.011903970911316E7
0                         2.644897959183673E-7     -1.5456122448979592E-7   -4983962.138338953-2675571.9701164383i            9829323.079436837
0                         2.644897959183673E-7     -1.3637755102040816E-7   -3929502.5105762496-1571496.0052818493i           9299796.755181162
0                         2.644897959183673E-7     -1.181938775510204E-7    -7314448.061596324-4989734.057548104i             1.3029561269108916E7
0                         2.644897959183673E-7     -1.0001020408163265E-7   -6949662.154318603-4655802.296051916i             1.1661289913118655E7
0                         2.644897959183673E-7     -8.182653061224489E-8    -6595691.695376802-4262281.42820564i              1.0588517536406273E7
0                         2.644897959183673E-7     -6.364285714285713E-8    -6295693.098312863-3986199.9137694244i            9603717.380922027
0                         2.644897959183673E-7     -4.545918367346937E-8    -6145078.149364054-3758182.135077171i             9196953.84313526
0                         2.644897959183673E-7     -2.7275510204081612E-8   -6092827.950344609-3656446.7742075985i            8788554.329225954
0                         2.644897959183673E-7     -9.091836734693906E-9    -5902563.885145878-3458211.8670138884i            8523984.695820449
0                         2.644897959183673E-7     9.091836734693853E-9     -5987176.550845858-3576789.420059711i             8660299.862891948
0                         2.644897959183673E-7     2.7275510204081612E-8    -6073685.597103456-3685793.2893398725i            8850768.276360102
0                         2.644897959183673E-7     4.5459183673469424E-8    -6162091.023918679-3785223.4748543766i            9091730.61505648
0                         2.644897959183673E-7     6.364285714285713E-8     -6315155.899590207-3942374.7085024025i            9716089.821081692
0                         2.644897959183673E-7     8.182653061224494E-8     -6618955.6909499355-4227094.233521057i            1.05477849483087E7
0                         2.644897959183673E-7     1.0001020408163265E-7    -6967585.2757898625-4578160.1370692495i           1.1774327215382598E7
0                         2.644897959183673E-7     1.1819387755102046E-7    -7366430.610193865-5050554.960368206i             1.2942569187684614E7
0                         2.644897959183673E-7     1.3637755102040816E-7    -3989425.833825608-1620920.5874996728i            9411525.374760704
0                         2.644897959183673E-7     1.5456122448979587E-7    -5072754.697359014-2784109.8387105083i            9945371.911400372
0                         2.644897959183673E-7     1.7274489795918368E-7    -5762036.728331339-3688562.589434067i             1.0417931477045381E7
0                         2.644897959183673E-7     1.909285714285714E-7     -5899643.3432171745-4048421.8082095436i           1.048682060310551E7
0                         2.644897959183673E-7     2.091122448979592E-7     -6386494.349958447-4753635.933681075i             1.1070135054489704E7
0                         2.644897959183673E-7     2.272959183673469E-7     -6603819.152640098-5144010.026209115i             1.1691509108161127E7
0                         2.644897959183673E-7     2.454795918367347E-7     -6555427.228698854-5284077.74974093i              1.2035041249990968E7
0                         2.644897959183673E-7     2.636632653061224E-7     -6316252.044830116-5197325.632246554i             1.2047772292603707E7
0                         2.644897959183673E-7     2.8184693877551024E-7    -5840927.464961424-4853328.787876262i             1.2140010252967589E7
0                         2.644897959183673E-7     3.0003061224489794E-7    -5413075.894730277-4565166.132610917i             1.2077641727626236E7
0                         2.644897959183673E-7     3.1821428571428575E-7    -4927530.296445743-4202230.5285910675i            1.1974069240764005E7
0                         2.644897959183673E-7     3.3639795918367346E-7    -4269830.305305598-3651468.534566316i             1.2244070092558783E7
0                         2.644897959183673E-7     3.5458163265306127E-7    -3630099.386042275-3119392.5410481505i            1.247661165890461E7
0                         2.644897959183673E-7     3.72765306122449E-7      -3014582.8925839216-2578888.301848932i            1.2098468178124623E7
0                         2.644897959183673E-7     3.909489795918368E-7     -2360281.6465467187-1997551.6721111406i           1.2042693475685108E7
0                         2.644897959183673E-7     4.091326530612245E-7     -1664635.0852690237-1356506.2126530558i           1.1857682330567202E7
0                         2.644897959183673E-7     4.273163265306122E-7     -854537.3495818875-701883.0060744719i             1.182049118706444E7
0                         2.644897959183673E-7     4.455E-7                 -6823.108659694877+3199.5623094612743i            1.1891569097148951E7
0                         2.810204081632653E-7     -4.455E-7                18227.86600065707+3859.2056756032107i             1.3155952814046957E7
0                         2.810204081632653E-7     -4.2731632653061225E-7   -755286.781243389-661235.1612656205i              1.3128074801174212E7
0                         2.810204081632653E-7     -4.091326530612245E-7    -1461800.6128263054-1198300.8681865372i           1.3304854224967675E7
0                         2.810204081632653E-7     -3.9094897959183674E-7   -2214187.052982601-1831990.571166518i             1.3586090421636976E7
0                         2.810204081632653E-7     -3.72765306122449E-7     -2939634.962729793-2450041.903222209i             1.334214795282711E7
0                         2.810204081632653E-7     -3.545816326530612E-7    -3592922.39392485-2926364.0775785046i             1.2920442525860524E7
0                         2.810204081632653E-7     -3.3639795918367346E-7   -4113231.1572942957-3358143.6715476494i           1.3044269052674212E7
0                         2.810204081632653E-7     -3.1821428571428575E-7   -4618425.731716674-3763085.5994753903i            1.2963010373773037E7
0                         2.810204081632653E-7     -3.0003061224489794E-7   -5058299.967948255-4091950.175887087i             1.2898186906216312E7
0                         2.810204081632653E-7     -2.8184693877551024E-7   -5416788.944819246-4293133.364525599i             1.2485497456205333E7
0                         2.810204081632653E-7     -2.636632653061224E-7    -5642409.259130438-4370863.072327342i             1.1839604318384089E7
0                         2.810204081632653E-7     -2.454795918367347E-7    -5703432.950819991-4297280.426769926i             1.1545239717564968E7
0                         2.810204081632653E-7     -2.2729591836734696E-7   -5691707.887075888-4124836.193875768i             1.0995713725529721E7
0                         2.810204081632653E-7     -2.091122448979592E-7    -5573605.80249861-3857341.9172430933i             1.039591092060437E7
0                         2.810204081632653E-7     -1.9092857142857144E-7   -5691544.04356658-3848456.7732598446i             9962813.207286162
0                         2.810204081632653E-7     -1.7274489795918368E-7   -5220764.476367475-3144004.9166420233i            9493994.381060818
0                         2.810204081632653E-7     -1.5456122448979592E-7   -4527688.043962515-2260173.1352871303i            8912213.572316797
0                         2.810204081632653E-7     -1.3637755102040816E-7   -3486489.1353292-1151845.6815436343i              8331985.571414963
0                         2.810204081632653E-7     -1.181938775510204E-7    -2203489.5116437976+136971.71143406758i           7944419.372133392
0                         2.810204081632653E-7     -1.0001020408163265E-7   -6775524.298786426-4169631.3471826697i            1.1683999406439435E7
0                         2.810204081632653E-7     -8.182653061224489E-8    -6481877.64747481-3922927.545593106i              1.0575945320977682E7
0                         2.810204081632653E-7     -6.364285714285713E-8    -6149032.8017209815-3598317.296478535i            9589094.03026326
0                         2.810204081632653E-7     -4.545918367346937E-8    -5944711.083536757-3340000.8719667504i            9030668.151578823
0                         2.810204081632653E-7     -2.7275510204081612E-8   -5866760.9344294015-3258659.5979250115i           8543602.593191665
0                         2.810204081632653E-7     -9.091836734693906E-9    -5859302.8231351655-3347738.8805211675i           8423971.317738237
0                         2.810204081632653E-7     9.091836734693853E-9     -5774476.26334245-3200365.464281804i              8404622.026125526
0                         2.810204081632653E-7     2.7275510204081612E-8    -5861652.115125148-3308685.7653944227i            8605727.001267804
0                         2.810204081632653E-7     4.5459183673469424E-8    -5950724.347465462-3407432.382741382i             8859259.673437232
0                         2.810204081632653E-7     6.364285714285713E-8     -6155677.610695876-3572946.568752559i             9588075.916756008
0                         2.810204081632653E-7     8.182653061224494E-8     -6521785.6191997565-3972637.0873386855i           1.066717388475463E7
0                         2.810204081632653E-7     1.0001020408163265E-7    -6869486.868512041-4327063.680083389i             1.1890610775111837E7
0                         2.810204081632653E-7     1.1819387755102046E-7    -3301762.8015824016-472679.7589126269i            8467978.87828582
0                         2.810204081632653E-7     1.3637755102040816E-7    -3963546.8946251897-1528100.9918984678i           8620742.78815004
0                         2.810204081632653E-7     1.5456122448979587E-7    -4751297.450565603-2406064.2461296353i            9012941.326000636
0                         2.810204081632653E-7     1.7274489795918368E-7    -5009890.675245316-2903839.1869394155i            9250506.63161574
0                         2.810204081632653E-7     1.909285714285714E-7     -5636010.188610526-3707305.549094882i             1.0104051162768612E7
0                         2.810204081632653E-7     2.091122448979592E-7     -5937934.196931576-4228273.405539335i             1.0613379770812476E7
0                         2.810204081632653E-7     2.272959183673469E-7     -6019200.159712581-4454511.026220873i             1.1279555051112622E7
0                         2.810204081632653E-7     2.454795918367347E-7     -5943010.71625465-4536302.66967396i               1.1718202082939172E7
0                         2.810204081632653E-7     2.636632653061224E-7     -5766801.377710873-4508758.988327077i             1.1943734702455793E7
0                         2.810204081632653E-7     2.8184693877551024E-7    -5525750.723424719-4397111.132152342i             1.2312644337513715E7
0                         2.810204081632653E-7     3.0003061224489794E-7    -5154515.73029733-4103801.7591864606i             1.253078330596962E7
0                         2.810204081632653E-7     3.1821428571428575E-7    -4673417.300013792-3783392.4935279083i            1.258117121348276E7
0                         2.810204081632653E-7     3.3639795918367346E-7    -4156117.887570425-3423830.3361730585i            1.2657024713169958E7
0                         2.810204081632653E-7     3.5458163265306127E-7    -3392017.5133307087-2820511.719802152i            1.3354471705045318E7
0                         2.810204081632653E-7     3.72765306122449E-7      -2794702.8109813007-2343156.2440325813i           1.3182516540582234E7
0                         2.810204081632653E-7     3.909489795918368E-7     -2186235.2708347-1879080.6403309302i              1.3263057082571372E7
0                         2.810204081632653E-7     4.091326530612245E-7     -1491313.0948892636-1328628.4833801324i           1.3150967636306716E7
0                         2.810204081632653E-7     4.273163265306122E-7     -776582.0039073317-752894.3529954674i             1.3105371062897664E7
0                         2.810204081632653E-7     4.455E-7                 -18227.866000646725-3859.205675596609i            1.3228170578137115E7
0                         2.975510204081632E-7     -4.455E-7                25534.793950139236+98353.51094268331i             1.4255827704892838E7
0                         2.975510204081632E-7     -4.2731632653061225E-7   -564768.2636345844-287811.71867966047i            1.423385777619256E7
0                         2.975510204081632E-7     -4.091326530612245E-7    -1333019.22636553-1083589.5510906614i             1.4564201652452948E7
0                         2.975510204081632E-7     -3.9094897959183674E-7   -2065177.7380907373-1656336.0532547291i           1.4660789163444774E7
0                         2.975510204081632E-7     -3.72765306122449E-7     -2766736.1733773183-2206350.282352093i            1.4313999252530746E7
0                         2.975510204081632E-7     -3.545816326530612E-7    -3400156.504645039-2666628.841306489i             1.3860855180031411E7
0                         2.975510204081632E-7     -3.3639795918367346E-7   -3829521.1745592067-3068097.858731254i            1.3769208763093403E7
0                         2.975510204081632E-7     -3.1821428571428575E-7   -4316317.9645368075-3417741.8452230636i           1.3532412276541278E7
0                         2.975510204081632E-7     -3.0003061224489794E-7   -4737794.416323603-3691308.4801988234i            1.3307430309442295E7
0                         2.975510204081632E-7     -2.8184693877551024E-7   -5083161.202384079-3848980.505342568i             1.2822871410044719E7
0                         2.975510204081632E-7     -2.636632653061224E-7    -5255926.027843306-3858760.519312358i             1.2016355026963506E7
0                         2.975510204081632E-7     -2.454795918367347E-7    -5081979.3586128615-3642026.754888629i            1.1501780279709987E7
0                         2.975510204081632E-7     -2.2729591836734696E-7   -5327952.056197717-3683765.202274364i             1.081283670008371E7
0                         2.975510204081632E-7     -2.091122448979592E-7    -5228393.174444398-3431640.2577333516i            1.008512367371503E7
0                         2.975510204081632E-7     -1.9092857142857144E-7   -4949928.326096827-3037186.878117512i             9137909.256068217
0                         2.975510204081632E-7     -1.7274489795918368E-7   -4796642.358552867-2661954.771536661i             8943490.000602521
0                         2.975510204081632E-7     -1.5456122448979592E-7   -4001893.2692682813-1695547.863342189i            8169664.389348047
0                         2.975510204081632E-7     -1.3637755102040816E-7   -3512700.697587142-1185857.6798694874i            7688540.967022428
0                         2.975510204081632E-7     -1.181938775510204E-7    -2949810.775025061-654151.0891783811i             7311131.968681436
0                         2.975510204081632E-7     -1.0001020408163265E-7   -2447444.2414455093-279707.89159659646i           7389078.225076503
0                         2.975510204081632E-7     -8.182653061224489E-8    -6364606.801891867-3568590.988216996i             1.0602248533886895E7
0                         2.975510204081632E-7     -6.364285714285713E-8    -6011909.576795012-3197035.9625610947i            9632387.443792855
0                         2.975510204081632E-7     -4.545918367346937E-8    -5723989.322740768-2951368.326362858i             8812574.674699685
0                         2.975510204081632E-7     -2.7275510204081612E-8   -5648964.96579775-2875330.1191984024i             8309205.536738115
0                         2.975510204081632E-7     -9.091836734693906E-9    -5601127.156349024-2804419.160440339i             8000244.707926928
0                         2.975510204081632E-7     9.091836734693853E-9     -5650751.52940492-2871684.076206119i              8116844.389016816
0                         2.975510204081632E-7     2.7275510204081612E-8    -5649618.633146834-2931578.2414489733i            8366234.94708598
0                         2.975510204081632E-7     4.5459183673469424E-8    -5783509.031750551-3072754.1132243345i            8869768.09158007
0                         2.975510204081632E-7     6.364285714285713E-8     -6064791.053584745-3313765.6536054253i            9706638.676328763
0                         2.975510204081632E-7     8.182653061224494E-8     -6426327.356123666-3725120.7994159707i            1.0800113601789815E7
0                         2.975510204081632E-7     1.0001020408163265E-7    -2274266.6730105258-141451.68692488287i           7394879.448993204
0                         2.975510204081632E-7     1.1819387755102046E-7    -2859887.021834175-583255.1685534054i             7466798.19339529
0                         2.975510204081632E-7     1.3637755102040816E-7    -3740378.272048488-1502943.8066050573i            7851896.739692501
0                         2.975510204081632E-7     1.5456122448979587E-7    -4118296.610524048-2039781.395774189i             8166009.759581267
0                         2.975510204081632E-7     1.7274489795918368E-7    -4661393.7859590575-2732544.8881072244i           8874963.549585933
0                         2.975510204081632E-7     1.909285714285714E-7     -5033915.442773983-3153252.099187677i             9425728.923579697
0                         2.975510204081632E-7     2.091122448979592E-7     -5296734.489536017-3464743.334454626i             1.0066370589997951E7
0                         2.975510204081632E-7     2.272959183673469E-7     -5479074.879251783-3695680.6599200955i            1.0899358695995606E7
0                         2.975510204081632E-7     2.454795918367347E-7     -5241755.01877458-3750747.761729101i              1.147647811910987E7
0                         2.975510204081632E-7     2.636632653061224E-7     -5094404.129159292-3788644.882574093i             1.1884651354952438E7
0                         2.975510204081632E-7     2.8184693877551024E-7    -4882754.1743102055-3730307.0424459563i           1.241463823556573E7
0                         2.975510204081632E-7     3.0003061224489794E-7    -4573069.561153925-3502712.220531329i             1.2877805037910383E7
0                         2.975510204081632E-7     3.1821428571428575E-7    -4419304.3035818385-3364554.4584647478i           1.3243165521710943E7
0                         2.975510204081632E-7     3.3639795918367346E-7    -3906452.0591394706-3047518.6394711966i           1.3446076721596414E7
0                         2.975510204081632E-7     3.5458163265306127E-7    -3153935.640619145-2521630.8985561547i            1.4173794942760494E7
0                         2.975510204081632E-7     3.72765306122449E-7      -2574822.7293786802-2107424.186216233i            1.4181867877755873E7
0                         2.975510204081632E-7     3.909489795918368E-7     -2043520.7495625343-1837239.4669312027i           1.4399677793356463E7
0                         2.975510204081632E-7     4.091326530612245E-7     -1362145.863721368-1339667.2733576705i            1.433453111040816E7
0                         2.975510204081632E-7     4.273163265306122E-7     -644887.2456818217-561400.9950776626i             1.420775197745503E7
0                         2.975510204081632E-7     4.455E-7                 -25534.793950124076-98353.51094266816i            1.4362143727140242E7
0                         3.140816326530612E-7     -4.455E-7                33643.993140660335+121842.99959338241i            1.5532840865507774E7
0                         3.140816326530612E-7     -4.2731632653061225E-7   -610923.2452806812-470002.8524601534i             1.544436098818075E7
0                         3.140816326530612E-7     -4.091326530612245E-7    -1172320.3707083208-785002.5707281574i            1.5658474811893431E7
0                         3.140816326530612E-7     -3.9094897959183674E-7   -2087031.8890050023-1553343.6757204197i           1.5650481628289586E7
0                         3.140816326530612E-7     -3.72765306122449E-7     -2667114.811942804-2042615.3567709168i            1.5215407297915014E7
0                         3.140816326530612E-7     -3.545816326530612E-7    -3227073.6539656967-2490068.922984912i            1.4923757863040386E7
0                         3.140816326530612E-7     -3.3639795918367346E-7   -3644648.3895591274-2858511.850025814i            1.4510473265827931E7
0                         3.140816326530612E-7     -3.1821428571428575E-7   -4022863.4619056094-3188062.1180227194i           1.4128695837973723E7
0                         3.140816326530612E-7     -3.0003061224489794E-7   -4417288.864698951-3290666.7845105575i            1.3729572062094763E7
0                         3.140816326530612E-7     -2.8184693877551024E-7   -4584332.360809658-3460380.4882974825i            1.3194501661679866E7
0                         3.140816326530612E-7     -2.636632653061224E-7    -4872934.306431577-3601444.6611829977i            1.2328016081911236E7
0                         3.140816326530612E-7     -2.454795918367347E-7    -5053091.792688885-3536674.1340955594i            1.1710035053577218E7
0                         3.140816326530612E-7     -2.2729591836734696E-7   -5033873.673511556-3317818.432211994i             1.083751463727733E7
0                         3.140816326530612E-7     -2.091122448979592E-7    -4931779.306846634-3024961.8380125025i            9944201.13911139
0                         3.140816326530612E-7     -1.9092857142857144E-7   -4633606.875862296-2608751.6627740236i            8726055.30465448
0                         3.140816326530612E-7     -1.7274489795918368E-7   -4025167.9560450045-1999539.1923037767i           8203872.303685189
0                         3.140816326530612E-7     -1.5456122448979592E-7   -3895693.664023359-1720014.6111032432i            7762639.819375779
0                         3.140816326530612E-7     -1.3637755102040816E-7   -3375282.6800342086-1099877.5831678903i           7007388.355890388
0                         3.140816326530612E-7     -1.181938775510204E-7    -2826022.9603933534-549537.2126759246i            6497735.964509553
0                         3.140816326530612E-7     -1.0001020408163265E-7   -2338978.960519565-167078.48211847656i            6599052.591091445
0                         3.140816326530612E-7     -8.182653061224489E-8    -1785901.8524106373+228949.0013175992i            6607616.257943095
0                         3.140816326530612E-7     -6.364285714285713E-8    -5870345.909589862-2777135.7161357054i            9734945.16942629
0                         3.140816326530612E-7     -4.545918367346937E-8    -5511174.04366384-2576564.8275902634i             8601292.614434008
0                         3.140816326530612E-7     -2.7275510204081612E-8   -5459497.528493833-2607122.3487225533i            8111116.54396517
0                         3.140816326530612E-7     -9.091836734693906E-9    -5417770.301566697-2508621.2472345824i            7779033.70571085
0                         3.140816326530612E-7     9.091836734693853E-9     -5356400.933867067-2494691.003422324i             7777816.339986471
0                         3.140816326530612E-7     2.7275510204081612E-8    -5469831.808740938-2443052.043223559i             8000273.946352029
0                         3.140816326530612E-7     4.5459183673469424E-8    -5503859.271702417-2444550.885157162i             8542698.22258216
0                         3.140816326530612E-7     6.364285714285713E-8     -5974974.104940586-3061439.5509430408i            9845959.18341415
0                         3.140816326530612E-7     8.182653061224494E-8     -1387679.1047526253+354363.9934830498i            6576170.344869838
0                         3.140816326530612E-7     1.0001020408163265E-7    -2081537.510930942-113889.6898973675i             6624465.871338749
0                         3.140816326530612E-7     1.1819387755102046E-7    -2651886.7630112804-541366.0259603297i            6754343.860737592
0                         3.140816326530612E-7     1.3637755102040816E-7    -3178973.0659336224-1095921.0068058143i           7071042.908173018
0                         3.140816326530612E-7     1.5456122448979587E-7    -3653145.9856617516-1645406.3816232542i           7570464.582707847
0                         3.140816326530612E-7     1.7274489795918368E-7    -4062210.7743045674-2105199.6026113997i           8206094.565401833
0                         3.140816326530612E-7     1.909285714285714E-7     -4546460.804413114-2678189.5380572425i            9176565.364381742
0                         3.140816326530612E-7     2.091122448979592E-7     -4805246.858263917-2999763.8437587116i            9626191.036068385
0                         3.140816326530612E-7     2.272959183673469E-7     -4786583.960875018-3116716.421990708i             1.0532741711960232E7
0                         3.140816326530612E-7     2.454795918367347E-7     -4647842.871686358-3112890.224399452i             1.1426985500347255E7
0                         3.140816326530612E-7     2.636632653061224E-7     -4453271.540314605-3170032.0355970804i            1.1958616284729639E7
0                         3.140816326530612E-7     2.8184693877551024E-7    -4239757.625195696-3063502.952739567i             1.2542049404335655E7
0                         3.140816326530612E-7     3.0003061224489794E-7    -3976887.9611894907-2925119.811419544i            1.317256078393511E7
0                         3.140816326530612E-7     3.1821428571428575E-7    -3645964.6642876817-2723123.4813005873i           1.3797026690536711E7
0                         3.140816326530612E-7     3.3639795918367346E-7    -3656786.230708511-2671206.9427693263i            1.424017227692533E7
0                         3.140816326530612E-7     3.5458163265306127E-7    -3112180.1721073063-2357544.5704407734i           1.4588155805834318E7
0                         3.140816326530612E-7     3.72765306122449E-7      -2548824.9089907636-2214808.550293873i            1.5533511396697545E7
0                         3.140816326530612E-7     3.909489795918368E-7     -1900806.228290364-1795398.29353147i              1.5458564831514155E7
0                         3.140816326530612E-7     4.091326530612245E-7     -1226481.583009053-897596.369513382i              1.5227775338598838E7
0                         3.140816326530612E-7     4.273163265306122E-7     -645170.2360161317-525422.5207654659i             1.5370982964405801E7
0                         3.140816326530612E-7     4.455E-7                 -33643.99314064509-121842.99959336773i            1.5551769458463404E7
0                         3.306122448979591E-7     -4.455E-7                -16577.27395145653+4608.169641938454i             1.6399044581741802E7
0                         3.306122448979591E-7     -4.2731632653061225E-7   -519167.05811526114-350475.5809088736i            1.6290677455869332E7
0                         3.306122448979591E-7     -4.091326530612245E-7    -1010269.0121142094-682964.9557313741i            1.6299822246259926E7
0                         3.306122448979591E-7     -3.9094897959183674E-7   -1545432.9205194071-1212931.1207616813i           1.6013476919625409E7
0                         3.306122448979591E-7     -3.72765306122449E-7     -2153874.8866683953-1726543.9270558655i           1.5780702053732296E7
0                         3.306122448979591E-7     -3.545816326530612E-7    -2622441.0452032955-2030177.6241835116i           1.539445678562268E7
0                         3.306122448979591E-7     -3.3639795918367346E-7   -2951515.777954433-2262677.8625046206i            1.4846496300755722E7
0                         3.306122448979591E-7     -3.1821428571428575E-7   -3241230.8474586196-2456285.44178173i             1.4314160618049823E7
0                         3.306122448979591E-7     -3.0003061224489794E-7   -3647199.2632667483-2709879.6082495176i           1.3716969955957908E7
0                         3.306122448979591E-7     -2.8184693877551024E-7   -3750600.0960036526-2645729.8626548517i           1.3458939372403834E7
0                         3.306122448979591E-7     -2.636632653061224E-7    -4077858.880521274-2599490.1794442595i            1.188992077271236E7
0                         3.306122448979591E-7     -2.454795918367347E-7    -4522123.670509607-2788551.6704479987i            1.1719544541056804E7
0                         3.306122448979591E-7     -2.2729591836734696E-7   -4523368.037041437-2658408.9042830416i            1.0716065814943783E7
0                         3.306122448979591E-7     -2.091122448979592E-7    -4468029.346744625-2495952.5880051465i            9731942.445497269
0                         3.306122448979591E-7     -1.9092857142857144E-7   -4347921.140445352-2284500.3430487616i            8887035.64276782
0                         3.306122448979591E-7     -1.7274489795918368E-7   -4164720.740145745-2066621.6163798487i            8298820.7823945815
0                         3.306122448979591E-7     -1.5456122448979592E-7   -3953363.8273191303-1848011.5124325359i           7704502.429208541
0                         3.306122448979591E-7     -1.3637755102040816E-7   -3402190.261091838-1035543.3125812088i            6714494.929741029
0                         3.306122448979591E-7     -1.181938775510204E-7    -2783217.0359610775-583837.6277722057i            5935318.122558917
0                         3.306122448979591E-7     -1.0001020408163265E-7   -2068128.796943213-132529.6242273734i             5711972.743946142
0                         3.306122448979591E-7     -8.182653061224489E-8    -1395777.1206258573+209371.6346693614i            5651091.498199238
0                         3.306122448979591E-7     -6.364285714285713E-8    -1594745.3863975282+24884.461500335565i           5601183.12766458
0                         3.306122448979591E-7     -4.545918367346937E-8    -1107731.5889537958-61561.688577472974i           5459439.361133816
0                         3.306122448979591E-7     -2.7275510204081612E-8   -5287810.774331708-2329908.481983411i             7898823.529438544
0                         3.306122448979591E-7     -9.091836734693906E-9    -5240609.256443782-2223021.687736993i             7557450.45527619
0                         3.306122448979591E-7     9.091836734693853E-9     -5190308.569044635-2159392.46971007i              7505182.519306425
0                         3.306122448979591E-7     2.7275510204081612E-8    -5136211.427373668-2174161.302634394i             7729887.7992511755
0                         3.306122448979591E-7     4.5459183673469424E-8    -1151585.090339674-103046.4296037521i             5447615.414101316
0                         3.306122448979591E-7     6.364285714285713E-8     -1361789.7775589684+57876.77646694508i            5460215.35343409
0                         3.306122448979591E-7     8.182653061224494E-8     -1371448.5185267855+27129.497222988466i           5268456.564254899
0                         3.306122448979591E-7     1.0001020408163265E-7    -2193101.6701904982-265536.6291607119i            5846204.528539805
0                         3.306122448979591E-7     1.1819387755102046E-7    -2439511.7280254695-509425.2496750722i            5929267.005792238
0                         3.306122448979591E-7     1.3637755102040816E-7    -3477152.3122221604-1381649.0546486608i           6661082.730658849
0                         3.306122448979591E-7     1.5456122448979587E-7    -3579374.3868426783-1585220.7707080133i           7237017.073349544
0                         3.306122448979591E-7     1.7274489795918368E-7    -3633930.9884638395-1776356.3612255037i           7838912.9789894195
0                         3.306122448979591E-7     1.909285714285714E-7     -4065186.7830293477-2083887.713946708i            8758468.079590233
0                         3.306122448979591E-7     2.091122448979592E-7     -4174339.084076117-2366955.3460807153i            9338396.997164939
0                         3.306122448979591E-7     2.272959183673469E-7     -4163497.8932013544-2539051.3932927884i           1.0282535467638059E7
0                         3.306122448979591E-7     2.454795918367347E-7     -4086849.896327382-2658512.6032154365i            1.1361636278607398E7
0                         3.306122448979591E-7     2.636632653061224E-7     -4115356.5413792287-2766030.275016458i            1.2195122383904923E7
0                         3.306122448979591E-7     2.8184693877551024E-7    -4059023.0105396956-2802988.320490542i            1.295182475564721E7
0                         3.306122448979591E-7     3.0003061224489794E-7    -3882837.9480421306-2826783.7053461843i           1.3652212352182971E7
0                         3.306122448979591E-7     3.1821428571428575E-7    -3662296.2646311573-2808590.5026813517i           1.434854776759489E7
0                         3.306122448979591E-7     3.3639795918367346E-7    -3397397.96030677-2748408.7124960385i             1.5050100547633652E7
0                         3.306122448979591E-7     3.5458163265306127E-7    -2505938.928870643-2051547.8154532246i            1.5307410576865189E7
0                         3.306122448979591E-7     3.72765306122449E-7      -2275263.95311289-1333344.6865357799i             1.6014470656598974E7
0                         3.306122448979591E-7     3.909489795918368E-7     -1550844.1008250979-1361828.3957398701i           1.6113548994181093E7
0                         3.306122448979591E-7     4.091326530612245E-7     -1040934.8629003316-925256.6667014761i            1.615813228686924E7
0                         3.306122448979591E-7     4.273163265306122E-7     -518461.0713081453-472849.9246688299i             1.6236512604627812E7
0                         3.306122448979591E-7     4.455E-7                 16577.273951470732-4608.169641923825i             1.6349837094932748E7
0                         3.471428571428571E-7     -4.455E-7                -8663.04351194912-14975.947633295114i             1.6976688044288047E7
0                         3.471428571428571E-7     -4.2731632653061225E-7   -427410.8709498411-230948.3093575911i             1.6852035928015202E7
0                         3.471428571428571E-7     -4.091326530612245E-7    -848217.6535200977-580927.3407345952i             1.6634890696628468E7
0                         3.471428571428571E-7     -3.9094897959183674E-7   -1284813.087029827-964024.4208925798i             1.6304003048945878E7
0                         3.471428571428571E-7     -3.72765306122449E-7     -1688187.8155756695-1324501.5221518974i           1.5994367736346379E7
0                         3.471428571428571E-7     -3.545816326530612E-7    -1978514.5103359928-1566837.1641489936i           1.548259645588794E7
0                         3.471428571428571E-7     -3.3639795918367346E-7   -2258383.1663497337-1666843.874983421i            1.5003309793910706E7
0                         3.471428571428571E-7     -3.1821428571428575E-7   -2713907.6124940002-1800071.5295051408i           1.4273918263076046E7
0                         3.471428571428571E-7     -3.0003061224489794E-7   -2879067.604080402-1781495.2561317184i            1.3750291025505641E7
0                         3.471428571428571E-7     -2.8184693877551024E-7   -3193459.5069420794-2028419.69397923i             1.3248322426241376E7
0                         3.471428571428571E-7     -2.636632653061224E-7    -3586262.2347793938-2314870.5193456537i           1.253445540712916E7
0                         3.471428571428571E-7     -2.454795918367347E-7    -3454435.8244448495-2054431.9483109466i           1.1040581747780465E7
0                         3.471428571428571E-7     -2.2729591836734696E-7   -3605019.8530680146-2036028.1700792136i           1.044774883401079E7
0                         3.471428571428571E-7     -2.091122448979592E-7    -3503283.4978326135-1795344.1738659418i           9277985.268817877
0                         3.471428571428571E-7     -1.9092857142857144E-7   -3375309.6024866975-1566866.5790688987i           8285075.149539734
0                         3.471428571428571E-7     -1.7274489795918368E-7   -3157100.9908088297-1287860.1032101433i           7567578.264793121
0                         3.471428571428571E-7     -1.5456122448979592E-7   -2910735.8666039533-1008122.2500729864i           6856482.291817288
0                         3.471428571428571E-7     -1.3637755102040816E-7   -2782442.6377891884-904779.2756653166i            6366071.867277748
0                         3.471428571428571E-7     -1.181938775510204E-7    -2251958.6091280836-354220.5113913802i            5192605.282503181
0                         3.471428571428571E-7     -1.0001020408163265E-7   -1836327.604482636-83330.16733670142i             4959031.9798531635
0                         3.471428571428571E-7     -8.182653061224489E-8    -1481744.5800280813+142105.67637177126i           4796510.73837438
0                         3.471428571428571E-7     -6.364285714285713E-8    -1175867.262044081+194713.07286862482i            4565977.017794821
0                         3.471428571428571E-7     -4.545918367346937E-8    -1063297.1640051343+154091.4471951906i            4322543.461254901
0                         3.471428571428571E-7     -2.7275510204081612E-8   -966626.9383143382+92063.65453902585i             4205544.083386287
0                         3.471428571428571E-7     -9.091836734693906E-9    -904525.0746451868-7252.244421876734i             4131782.0968752378
0                         3.471428571428571E-7     9.091836734693853E-9     -897777.6528215472-11158.23888112919i             4127453.642664224
0                         3.471428571428571E-7     2.7275510204081612E-8    -977064.8489919566+52874.215289013926i            4206595.233825042
0                         3.471428571428571E-7     4.5459183673469424E-8    -1097003.1867367502+160922.4378748796i            4216041.9036297025
0                         3.471428571428571E-7     6.364285714285713E-8     -1290280.153592899+200287.8218986502i             4427924.037783437
0                         3.471428571428571E-7     8.182653061224494E-8     -1483125.1234030458+204378.9246894422i            4664728.040002939
0                         3.471428571428571E-7     1.0001020408163265E-7    -1474716.3999638068+151299.99946601898i           4642951.446264543
0                         3.471428571428571E-7     1.1819387755102046E-7    -1610071.2635457083+47675.16021512239i            4927453.284312955
0                         3.471428571428571E-7     1.3637755102040816E-7    -2561954.6544787753-543840.9114157152i            6304326.656475176
0                         3.471428571428571E-7     1.5456122448979587E-7    -3173204.5840074723-1036208.1948762792i           6659445.968268091
0                         3.471428571428571E-7     1.7274489795918368E-7    -3248328.435489374-1276220.5432258092i            7397193.605439525
0                         3.471428571428571E-7     1.909285714285714E-7     -3128996.7616120856-1422817.5979171847i           8319826.701186926
0                         3.471428571428571E-7     2.091122448979592E-7     -3183679.58303432-1640540.7933699049i             9021712.896908702
0                         3.471428571428571E-7     2.272959183673469E-7     -3944865.4847352603-2257546.1112125074i           1.0398765378054619E7
0                         3.471428571428571E-7     2.454795918367347E-7     -3929255.418631144-2306366.051452462i             1.1571005429224087E7
0                         3.471428571428571E-7     2.636632653061224E-7     -3685099.612874901-2248540.7828455316i            1.2428012034579704E7
0                         3.471428571428571E-7     2.8184693877551024E-7    -3434744.4384076884-2323064.2629183726i           1.3027509231897708E7
0                         3.471428571428571E-7     3.0003061224489794E-7    -3206159.540604853-2203803.3907443583i            1.3743194610879919E7
0                         3.471428571428571E-7     3.1821428571428575E-7    -2955018.4761249535-2069249.5637423694i           1.4475608502862567E7
0                         3.471428571428571E-7     3.3639795918367346E-7    -2506937.430150196-1784884.4276819471i            1.4875232587134324E7
0                         3.471428571428571E-7     3.5458163265306127E-7    -2283572.7133095115-1701663.8398019886i           1.5568033407328218E7
0                         3.471428571428571E-7     3.72765306122449E-7      -1550189.1811920775-1001551.3000077098i           1.6668451750075595E7
0                         3.471428571428571E-7     3.909489795918368E-7     -1258219.7292757062-879320.0623582285i            1.6521689137024436E7
0                         3.471428571428571E-7     4.091326530612245E-7     -848490.0253472403-597056.4053553026i             1.6600550259812979E7
0                         3.471428571428571E-7     4.273163265306122E-7     -426195.76775135286-298957.7353581274i            1.6705192417253403E7
0                         3.471428571428571E-7     4.455E-7                 8663.04351196218+14975.947633307656i              1.6834947194037244E7
0                         3.6367346938775507E-7    -4.455E-7                -748.8130724416741-34560.064908528635i            1.7267376111387223E7
0                         3.6367346938775507E-7    -4.2731632653061225E-7   -314918.63134783-220041.75155347184i              1.704353989596878E7
0                         3.6367346938775507E-7    -4.091326530612245E-7    -686166.2949259838-478889.72573781013i            1.6662486039396541E7
0                         3.6367346938775507E-7    -3.9094897959183674E-7   -1024193.2535402495-715117.7210234789i            1.6296361943298519E7
0                         3.6367346938775507E-7    -3.72765306122449E-7     -1328999.5071906222-928725.7374104748i            1.5943726384863807E7
0                         3.6367346938775507E-7    -3.545816326530612E-7    -1600585.0558771135-1119713.7748988064i           1.560348164495796E7
0                         3.6367346938775507E-7    -3.3639795918367346E-7   -1892297.3461688473-1098310.0463976506i           1.4883424694894139E7
0                         3.6367346938775507E-7    -3.1821428571428575E-7   -2015250.1920826186-989494.6078624991i            1.4300256862791423E7
0                         3.6367346938775507E-7    -3.0003061224489794E-7   -2344343.7511663055-1286470.805067437i            1.3473735525899453E7
0                         3.6367346938775507E-7    -2.8184693877551024E-7   -2547229.4674758296-1375457.9380768007i           1.298580726547059E7
0                         3.6367346938775507E-7    -2.636632653061224E-7    -2772235.5539914006-1585511.4239452453i           1.210199948615711E7
0                         3.6367346938775507E-7    -2.454795918367347E-7    -2747999.6649115067-1497950.594788359i            1.090220518729794E7
0                         3.6367346938775507E-7    -2.2729591836734696E-7   -2681268.711185835-1322279.9276602403i            1.0055589026794605E7
0                         3.6367346938775507E-7    -2.091122448979592E-7    -2627758.3750571627-1188635.6628592361i           8756407.895185046
0                         3.6367346938775507E-7    -1.9092857142857144E-7   -2402698.064528041-849232.8150890374i             7928691.253734833
0                         3.6367346938775507E-7    -1.7274489795918368E-7   -2149481.241471911-509098.59004043555i            7131670.619749949
0                         3.6367346938775507E-7    -1.5456122448979592E-7   -1918353.0034067659-241038.86304423958i           6364394.095058241
0                         3.6367346938775507E-7    -1.3637755102040816E-7   -1794540.1522344872-198892.71593186766i           5517409.293087696
0                         3.6367346938775507E-7    -1.181938775510204E-7    -1720700.1822950882-124603.39501055473i           4905202.385581344
0                         3.6367346938775507E-7    -1.0001020408163265E-7   -1408858.2697972897+163775.98420486422i           4364712.0414258605
0                         3.6367346938775507E-7    -8.182653061224489E-8    -1181019.968914637+343463.02172628895i            4116722.0940809865
0                         3.6367346938775507E-7    -6.364285714285713E-8    -1051278.9468829688+362371.5857942023i            3715794.713870768
0                         3.6367346938775507E-7    -4.545918367346937E-8    -940530.105763414+339139.30865258i                3420650.8894826807
0                         3.6367346938775507E-7    -2.7275510204081612E-8   -878157.5852905903+296481.9470058994i             3266384.345148025
0                         3.6367346938775507E-7    -9.091836734693906E-9    -845837.1434817149+251894.01735697768i            3189908.4115991965
0                         3.6367346938775507E-7    9.091836734693853E-9     -822122.5485329167+223957.56729659205i            3194018.6231108806
0                         3.6367346938775507E-7    2.7275510204081612E-8    -905300.5163350708+282217.2899314488i             3254129.019455842
0                         3.6367346938775507E-7    4.5459183673469424E-8    -1025007.02372554+321630.0200655427i              3407504.8899160945
0                         3.6367346938775507E-7    6.364285714285713E-8     -1218770.5296268295+342698.86733035534i           3668951.217629237
0                         3.6367346938775507E-7    8.182653061224494E-8     -1412102.038482117+328493.433362189i              3975536.0201928625
0                         3.6367346938775507E-7    1.0001020408163265E-7    -1897992.3192988823+40745.31171418361i            4662293.539735235
0                         3.6367346938775507E-7    1.1819387755102046E-7    -2008718.1764717568-68359.7827233783i             4877658.004262592
0                         3.6367346938775507E-7    1.3637755102040816E-7    -2041109.9859304163-133230.74939731724i           5659506.76037264
0                         3.6367346938775507E-7    1.5456122448979587E-7    -2225224.756377735-280679.7787480926i             6202112.3326657545
0                         3.6367346938775507E-7    1.7274489795918368E-7    -2515574.238035174-486952.11379171093i            7114110.020231555
0                         3.6367346938775507E-7    1.909285714285714E-7     -2910751.510858193-1052537.705865819i             8009823.339729243
0                         3.6367346938775507E-7    2.091122448979592E-7     -2978400.03603671-1318528.2680358407i             9162807.073487567
0                         3.6367346938775507E-7    2.272959183673469E-7     -2878827.847703996-1405242.7532729965i            1.0203375246707642E7
0                         3.6367346938775507E-7    2.454795918367347E-7     -2851358.975904409-1565235.850651293i             1.1267910325053846E7
0                         3.6367346938775507E-7    2.636632653061224E-7     -2625898.353589452-1453244.30319038i              1.1936883261467347E7
0                         3.6367346938775507E-7    2.8184693877551024E-7    -2438394.079423614-1259522.118672229i             1.2838665151664777E7
0                         3.6367346938775507E-7    3.0003061224489794E-7    -2349011.509094458-1305153.5997692281i            1.3587799326348186E7
0                         3.6367346938775507E-7    3.1821428571428575E-7    -2184936.548628673-1298514.7514263056i            1.4399659635461574E7
0                         3.6367346938775507E-7    3.3639795918367346E-7    -1993282.6761123836-1288050.666989223i            1.4989916881169748E7
0                         3.6367346938775507E-7    3.5458163265306127E-7    -1795424.3143434457-1251647.4071225456i           1.547578285817674E7
0                         3.6367346938775507E-7    3.72765306122449E-7      -1453709.9490569616-979996.3076386978i            1.6244857298458876E7
0                         3.6367346938775507E-7    3.909489795918368E-7     -1051306.5045105652-598119.6995034316i            1.6516821836341666E7
0                         3.6367346938775507E-7    4.091326530612245E-7     -656045.1877941471-268856.1440091282i             1.6736474804156937E7
0                         3.6367346938775507E-7    4.273163265306122E-7     -333930.4641945604-125065.54604742583i            1.6854027667918228E7
0                         3.6367346938775507E-7    4.455E-7                 748.8130724536192+34560.06490853909i              1.699505118100232E7
0                         3.80204081632653E-7      -4.455E-7                7165.4173670657365-54144.18218376208i             1.727299575511588E7
0                         3.80204081632653E-7      -4.2731632653061225E-7   -251435.74764918486-264873.2214290079i            1.67911195728887E7
0                         3.80204081632653E-7      -4.091326530612245E-7    -524114.93633187335-376852.1107410309i            1.6383926546442933E7
0                         3.80204081632653E-7      -3.9094897959183674E-7   -763573.4200506683-466211.02115437697i            1.598900750696628E7
0                         3.80204081632653E-7      -3.72765306122449E-7     -1068398.6010409826-617442.3634370733i            1.5575147226082688E7
0                         3.80204081632653E-7      -3.545816326530612E-7    -1245316.3871973676-646776.2549044881i            1.5297506022732064E7
0                         3.80204081632653E-7      -3.3639795918367346E-7   -1263114.1645324356-405540.55523017514i           1.4804282256630907E7
0                         3.80204081632653E-7      -3.1821428571428575E-7   -1628813.700491855-766183.9759966772i             1.3649511382870557E7
0                         3.80204081632653E-7      -3.0003061224489794E-7   -1847127.5492010247-772952.4730393825i            1.310102970600903E7
0                         3.80204081632653E-7      -2.8184693877551024E-7   -1813455.5821137791-749924.7106884236i            1.2579535544805339E7
0                         3.80204081632653E-7      -2.636632653061224E-7    -1958208.8732034117-856152.328544843i             1.1649832906302497E7
0                         3.80204081632653E-7      -2.454795918367347E-7    -2041563.5053781662-941469.2412657745i            1.0815695327656137E7
0                         3.80204081632653E-7      -2.2729591836734696E-7   -1924488.8589936658-685351.1605243459i            9937077.772538375
0                         3.80204081632653E-7      -2.091122448979592E-7    -2008025.1249852132-612132.349416919i             8707478.598833058
0                         3.80204081632653E-7      -1.9092857142857144E-7   -1885731.1515504327-294098.9606681607i            7868904.144133204
0                         3.80204081632653E-7      -1.7274489795918368E-7   -1650383.200646673-122409.58275283515i            7000501.1929590395
0                         3.80204081632653E-7      -1.5456122448979592E-7   -1620653.5031690325-15322.957140694809i           6124322.274537171
0                         3.80204081632653E-7      -1.3637755102040816E-7   -1578277.1727706448+59016.26098991236i            5311096.923884767
0                         3.80204081632653E-7      -1.181938775510204E-7    -1360957.769529257+197074.76742860468i            4725307.34480019
0                         3.80204081632653E-7      -1.0001020408163265E-7   -1199080.9297172525+358213.1625017744i            4247350.869073065
0                         3.80204081632653E-7      -8.182653061224489E-8    -1040679.145431637+483183.47544601717i            3745917.5209687925
0                         3.80204081632653E-7      -6.364285714285713E-8    -926690.6317218564+530030.0987197796i             3348084.9014243917
0                         3.80204081632653E-7      -4.545918367346937E-8    -817763.0475216946+524187.1701099694i             3022878.7624757662
0                         3.80204081632653E-7      -2.7275510204081612E-8   -713896.3928311522+465654.6896165874i             2791289.864997176
0                         3.80204081632653E-7      -9.091836734693906E-9    -693139.3915555837+427930.3201271503i             2748167.810001834
0                         3.80204081632653E-7      9.091836734693853E-9     -677231.3947978648+415939.8325168669i             2746385.177118874
0                         3.80204081632653E-7      2.7275510204081612E-8    -763459.4582867941+476517.7809578532i             2828445.4527528873
0                         3.80204081632653E-7      4.5459183673469424E-8    -953010.860714329+482337.6022562052i              3061008.9118310567
0                         3.80204081632653E-7      6.364285714285713E-8     -1112949.7274329485+384596.46429000515i           3364424.279937329
0                         3.80204081632653E-7      8.182653061224494E-8     -1258580.6010359055+380403.5896663509i            3789830.253907422
0                         3.80204081632653E-7      1.0001020408163265E-7    -1409399.9516197804+319010.72856201447i           4276435.23667986
0                         3.80204081632653E-7      1.1819387755102046E-7    -1537809.7798181153+181806.57617176053i           4583354.308384343
0                         3.80204081632653E-7      1.3637755102040816E-7    -1595038.3281990192+66378.66164965503i            5374881.533219242
0                         3.80204081632653E-7      1.5456122448979587E-7    -1709576.1866949569-90029.36892596804i            6074478.453939139
0                         3.80204081632653E-7      1.7274489795918368E-7    -2024423.8249418938-340030.60372685164i           7014318.89050476
0                         3.80204081632653E-7      1.909285714285714E-7     -2083943.8057991436-513518.99585767183i           7835390.603547363
0                         3.80204081632653E-7      2.091122448979592E-7     -2238876.7363686133-607334.9183549846i            8854979.944995914
0                         3.80204081632653E-7      2.272959183673469E-7     -2182296.1789361667-772004.9653154025i            9934914.552360471
0                         3.80204081632653E-7      2.454795918367347E-7     -2116124.2356091095-944487.9276973663i            1.1063084287600085E7
0                         3.80204081632653E-7      2.636632653061224E-7     -1976011.1193437008-824276.9806760717i            1.1471225578188784E7
0                         3.80204081632653E-7      2.8184693877551024E-7    -1793210.2337994426-709757.4611405656i            1.2395555512166712E7
0                         3.80204081632653E-7      3.0003061224489794E-7    -1596622.1723989546-609075.8208851013i            1.3347637426535511E7
0                         3.80204081632653E-7      3.1821428571428575E-7    -1519820.778793674-607399.9013222242i             1.4219691891195945E7
0                         3.80204081632653E-7      3.3639795918367346E-7    -1479627.9220745736-791216.9062965i               1.4961817263092255E7
0                         3.80204081632653E-7      3.5458163265306127E-7    -1307275.915377382-801630.9744431039i             1.5192490252444245E7
0                         3.80204081632653E-7      3.72765306122449E-7      -1055916.8978869373-643198.4262026646i            1.5801410133062376E7
0                         3.80204081632653E-7      3.909489795918368E-7     -757268.0359519754-395888.7305666076i             1.6086933187235808E7
0                         3.80204081632653E-7      4.091326530612245E-7     -267650.48643048294+19952.51828650292i            1.6732198750031324E7
0                         3.80204081632653E-7      4.273163265306122E-7     -356546.38129584305-115487.13645360013i           1.6556207634045182E7
0                         3.80204081632653E-7      4.455E-7                 -7165.417367054908+54144.18218377053i             1.683221867637773E7
0                         3.9673469387755097E-7    -4.455E-7                8035.054041195778-67665.98318900619i              1.6439214046159165E7
0                         3.9673469387755097E-7    -4.2731632653061225E-7   -187952.86395054028-309704.69130454556i           1.6239182017042141E7
0                         3.9673469387755097E-7    -4.091326530612245E-7    -362063.5777377587-274814.4957442456i             1.5803275840453377E7
0                         3.9673469387755097E-7    -3.9094897959183674E-7   -714721.0450422838-470209.47689476237i            1.5330274777356014E7
0                         3.9673469387755097E-7    -3.72765306122449E-7     -832756.7974463105-380156.8246941585i             1.5047736656328294E7
0                         3.9673469387755097E-7    -3.545816326530612E-7    -940451.4071669169-285696.1908045211i             1.4782647803475441E7
0                         3.9673469387755097E-7    -3.3639795918367346E-7   -1365802.3815460491-777810.0645729833i            1.3996161219826428E7
0                         3.9673469387755097E-7    -3.1821428571428575E-7   -1191521.8856228641-356457.48061618465i           1.3124559339388378E7
0                         3.9673469387755097E-7    -3.0003061224489794E-7   -1007985.3281089244-140558.57187149703i           1.3032405457092313E7
0                         3.9673469387755097E-7    -2.8184693877551024E-7   -1079681.6967517291-124391.48330004653i           1.2082918295730224E7
0                         3.9673469387755097E-7    -2.636632653061224E-7    -1144182.1924154176-126793.23314443392i           1.1160457373788252E7
0                         3.9673469387755097E-7    -2.454795918367347E-7    -1201486.8150999907-147763.82140466268i           1.0273276810649069E7
0                         3.9673469387755097E-7    -2.2729591836734696E-7   -1644757.3834259217-455022.02561537083i           9471613.404300332
0                         3.9673469387755097E-7    -2.091122448979592E-7    -1568385.866367039-186134.22991035593i            8839013.605287248
0                         3.9673469387755097E-7    -1.9092857142857144E-7   -1295299.0809028114-124084.44899521128i           7865394.306498506
0                         3.9673469387755097E-7    -1.7274489795918368E-7   -1257345.637519838+57217.37957458047i             6964225.298455332
0                         3.9673469387755097E-7    -1.5456122448979592E-7   -1206745.5612161176+205771.80066283935i           6133941.711936921
0                         3.9673469387755097E-7    -1.3637755102040816E-7   -1143498.851991652+321578.8142695656i             5403687.285600166
0                         3.9673469387755097E-7    -1.181938775510204E-7    -998709.6015973822+502855.8088235987i             4883641.026328066
0                         3.9673469387755097E-7    -1.0001020408163265E-7   -989303.5896372143+552650.3407986846i             4735537.5215099435
0                         3.9673469387755097E-7    -8.182653061224489E-8    -914269.5733511312+633452.6398397823i             3976916.1340872194
0                         3.9673469387755097E-7    -6.364285714285713E-8    -802102.3165607436+697688.6116453572i             3591626.3878509123
0                         3.9673469387755097E-7    -4.545918367346937E-8    -694995.9892799745+709235.0315673598i             3291529.0076737176
0                         3.9673469387755097E-7    -2.7275510204081612E-8   -592950.5915088245+668091.8996057903i             3096098.312364566
0                         3.9673469387755097E-7    -9.091836734693906E-9    -628952.9932385989+675827.3814219724i             3020673.5217904686
0                         3.9673469387755097E-7    9.091836734693853E-9     -630831.3781007141+677803.8401148942i             3013901.3906092653
0                         3.9673469387755097E-7    2.7275510204081612E-8    -628280.0148727812+662767.979005256i              3110513.7961858427
0                         3.9673469387755097E-7    4.5459183673469424E-8    -462243.93400450755+692712.5639316341i            3243442.4593590656
0                         3.9673469387755097E-7    6.364285714285713E-8     -609910.0070023123+718100.4109050541i             3545329.863971496
0                         3.9673469387755097E-7    8.182653061224494E-8     -762764.5569810371+686288.2713977912i             3940901.8743752465
0                         3.9673469387755097E-7    1.0001020408163265E-7    -920807.5839406771+597276.1454098459i             4411067.54899847
0                         3.9673469387755097E-7    1.1819387755102046E-7    -1066901.383164472+431972.9350668999i             4743261.084892922
0                         3.9673469387755097E-7    1.3637755102040816E-7    -1148966.67046762+265988.0726966286i              5453130.473319104
0                         3.9673469387755097E-7    1.5456122448979587E-7    -1193927.617012175+100621.04089616107i            6113842.523994848
0                         3.9673469387755097E-7    1.7274489795918368E-7    -805156.1284369144+199742.7951806056i             6769468.1224824805
0                         3.9673469387755097E-7    1.909285714285714E-7     -1000224.8398741703+63922.72091640002i            7684162.0778947305
0                         3.9673469387755097E-7    2.091122448979592E-7     -1191865.867477873-109253.36736900007i            8662500.514186146
0                         3.9673469387755097E-7    2.272959183673469E-7     -1485764.5101683324-138767.1773578063i            9763223.592908956
0                         3.9673469387755097E-7    2.454795918367347E-7     -1511148.3972523236-256869.40079359856i           1.0508782308524802E7
0                         3.9673469387755097E-7    2.636632653061224E-7     -1458600.1664532914-401910.6687020218i            1.0965650402807828E7
0                         3.9673469387755097E-7    2.8184693877551024E-7    -1250974.0395671811-394891.7821751668i            1.1857608561695743E7
0                         3.9673469387755097E-7    3.0003061224489794E-7    -1119246.2850870825-388520.46815854637i           1.2795780921144368E7
0                         3.9673469387755097E-7    3.1821428571428575E-7    -973731.3547507545-395987.0334219644i             1.3761975794867432E7
0                         3.9673469387755097E-7    3.3639795918367346E-7    -965973.1680367604-294383.14560377086i            1.477376988327411E7
0                         3.9673469387755097E-7    3.5458163265306127E-7    -819127.5164113155-351614.5417636598i             1.4709709476164248E7
0                         3.9673469387755097E-7    3.72765306122449E-7      -658123.8467169115-306400.54476662946i            1.5090329667974714E7
0                         3.9673469387755097E-7    3.909489795918368E-7     -463229.567393388-193657.76162978495i             1.5373301740900328E7
0                         3.9673469387755097E-7    4.091326530612245E-7     -262039.81883565435-86098.81004530087i            1.5671082626201676E7
0                         3.9673469387755097E-7    4.273163265306122E-7     78256.33909511112+126681.44008799113i             1.6176883384197745E7
0                         3.9673469387755097E-7    4.455E-7                 -8035.054041167376+67665.98318903477i             1.6183764265080476E7
0                         4.1326530612244895E-7    -4.455E-7                23867.054955142354+20657.5071269599i              1.5300207417004123E7
0                         4.1326530612244895E-7    -4.2731632653061225E-7   -576365.8894677963+86222.57347670788i             1.5124086013102848E7
0                         4.1326530612244895E-7    -4.091326530612245E-7    -1177073.1647999315+96701.3218038897i             1.472521707474194E7
0                         4.1326530612244895E-7    -3.9094897959183674E-7   -1675103.1949451976+143270.99966675253i           1.4488215801380767E7
0                         4.1326530612244895E-7    -3.72765306122449E-7     -2177918.629298886+177882.22870644717i            1.4293564932816014E7
0                         4.1326530612244895E-7    -3.545816326530612E-7    -2685519.467860996+200535.00892297248i            1.4148169274873354E7
0                         4.1326530612244895E-7    -3.3639795918367346E-7   -3218458.04824071-80106.27268300406i              1.3717732057699827E7
0                         4.1326530612244895E-7    -3.1821428571428575E-7   -3354558.6163276667+179274.37949206564i           1.3435341853107868E7
0                         4.1326530612244895E-7    -3.0003061224489794E-7   -4168041.0600897437+147100.25433764467i           1.289321573095348E7
0                         4.1326530612244895E-7    -2.8184693877551024E-7   -4670997.783355641+310912.1965011079i             1.2220529089871872E7
0                         4.1326530612244895E-7    -2.636632653061224E-7    -5183962.293456219+438620.2925252067i             1.164169484748854E7
0                         4.1326530612244895E-7    -2.454795918367347E-7    -3953524.809191821+1264736.987042448i             1.1392625350017454E7
0                         4.1326530612244895E-7    -2.2729591836734696E-7   -4715114.986645834+1223867.6424498109i            1.0339623943283854E7
0                         4.1326530612244895E-7    -2.091122448979592E-7    -4569400.3133552205+1557500.554893917i            9801477.766143082
0                         4.1326530612244895E-7    -1.9092857142857144E-7   -4486005.653589362+2008234.0481081419i            9183640.981010085
0                         4.1326530612244895E-7    -1.7274489795918368E-7   -4356894.099826017+2434765.757776414i             8514668.739441462
0                         4.1326530612244895E-7    -1.5456122448979592E-7   -4223937.484085595+2824437.194792109i             7959623.80116475
0                         4.1326530612244895E-7    -1.3637755102040816E-7   -4087135.8063680883+3177248.3591552274i           7538446.21553951
0                         4.1326530612244895E-7    -1.181938775510204E-7    -4036920.6345465775+3488114.485646486i            7264219.602797967
0                         4.1326530612244895E-7    -1.0001020408163265E-7   -3855302.414059993+3890227.663577926i             7230557.221139109
0                         4.1326530612244895E-7    -8.182653061224489E-8    -3651021.7319537685+4162273.105386437i            6995214.459567145
0                         4.1326530612244895E-7    -6.364285714285713E-8    -3452805.6549990773+4386185.436991831i            6825511.634599635
0                         4.1326530612244895E-7    -4.545918367346937E-8    -3262704.687162393+4553501.450385047i             6699481.79921535
0                         4.1326530612244895E-7    -2.7275510204081612E-8   -3080718.8284437144+4664221.14556609i             6612616.520960139
0                         4.1326530612244895E-7    -9.091836734693906E-9    -2756926.9259113506+4629624.911964134i            6390061.329938442
0                         4.1326530612244895E-7    9.091836734693853E-9     -2760532.367844257+4624621.487259591i             6383044.883400007
0                         4.1326530612244895E-7    2.7275510204081612E-8    -3004399.9209721643+4637706.270263385i            6548381.852541217
0                         4.1326530612244895E-7    4.5459183673469424E-8    -3345913.5859854603+4560976.8516255915i           6740085.387283823
0                         4.1326530612244895E-7    6.364285714285713E-8     -3497685.9566572714+4397508.709733631i            6840015.902106338
0                         4.1326530612244895E-7    8.182653061224494E-8     -3659909.568176397+4175388.517177281i             6985922.370443097
0                         4.1326530612244895E-7    1.0001020408163265E-7    -3446885.1364125586+3876892.842128222i            6770850.2874747105
0                         4.1326530612244895E-7    1.1819387755102046E-7    -3309183.1475418326+3558085.869174738i            6904465.369544921
0                         4.1326530612244895E-7    1.3637755102040816E-7    -4073512.485799981+2965193.989848285i             7434480.113616419
0                         4.1326530612244895E-7    1.5456122448979587E-7    -4346961.331700656+2737697.45895974i              7959691.597906508
0                         4.1326530612244895E-7    1.7274489795918368E-7    -5073600.325529758+2413187.4328517644i            8791119.625819419
0                         4.1326530612244895E-7    1.909285714285714E-7     -5052535.169201469+2081802.1866355175i            9343550.631145442
0                         4.1326530612244895E-7    2.091122448979592E-7     -5039672.604598111+1705571.434842785i             1.0008758575467851E7
0                         4.1326530612244895E-7    2.272959183673469E-7     -5035012.631719684+1284495.177473573i             1.0770651793258741E7
0                         4.1326530612244895E-7    2.454795918367347E-7     -4506276.916988425+1083474.7058604574i            1.1075202432921343E7
0                         4.1326530612244895E-7    2.636632653061224E-7     -4484187.9455569545+763705.1308467154i            1.1414045353754332E7
0                         4.1326530612244895E-7    2.8184693877551024E-7    -4317261.270257138+482142.4043458137i             1.1939980273578146E7
0                         4.1326530612244895E-7    3.0003061224489794E-7    -3960490.587623534+287885.7218856863i             1.2667297371180555E7
0                         4.1326530612244895E-7    3.1821428571428575E-7    -3605813.0247103213+65900.43103249953i            1.346489340456712E7
0                         4.1326530612244895E-7    3.3639795918367346E-7    -3249006.6426439937-176961.16953249043i           1.4138336016039442E7
0                         4.1326530612244895E-7    3.5458163265306127E-7    -3052644.1712618717-342717.21798163187i           1.4301366696732417E7
0                         4.1326530612244895E-7    3.72765306122449E-7      -2240800.4137958987+158745.1138880332i            1.4250747142579705E7
0                         4.1326530612244895E-7    3.909489795918368E-7     -1722331.8922155863+119806.33474747883i           1.4443474265323972E7
0                         4.1326530612244895E-7    4.091326530612245E-7     -1207697.865582502+68652.7254713733i              1.467821787287588E7
0                         4.1326530612244895E-7    4.273163265306122E-7     -696898.3338966474+5284.2860597159415i            1.4949270922773318E7
0                         4.1326530612244895E-7    4.455E-7                 -23867.054955134583-20657.507126958877i           1.525004347546119E7
0                         4.2979591836734687E-7    -4.455E-7                13838.394281750901+17931.27766571874i             1.409426604022624E7
0                         4.2979591836734687E-7    -4.2731632653061225E-7   -513642.9320629177+79493.53469810536i             1.3877887368205408E7
0                         4.2979591836734687E-7    -4.091326530612245E-7    -1017080.4930315817+111371.3001404251i            1.3607791404177615E7
0                         4.2979591836734687E-7    -3.9094897959183674E-7   -1525303.4582086694+131290.61675957718i           1.3385766678048238E7
0                         4.2979591836734687E-7    -3.72765306122449E-7     -2038311.8275941787+139251.4845555575i            1.3220664344274439E7
0                         4.2979591836734687E-7    -3.545816326530612E-7    -2612826.916460947+47142.619685309655i            1.2848122305179501E7
0                         4.2979591836734687E-7    -3.3639795918367346E-7   -2909781.920771668+261033.20316188474i            1.2860687944260644E7
0                         4.2979591836734687E-7    -3.1821428571428575E-7   -3066772.5792971794+409746.70640774444i           1.2762067144524913E7
0                         4.2979591836734687E-7    -3.0003061224489794E-7   -3161011.959438535+671735.1989612447i             1.1450189402539393E7
0                         4.2979591836734687E-7    -2.8184693877551024E-7   -3249172.643736476+901624.4435623056i             1.0622307618193613E7
0                         4.2979591836734687E-7    -2.636632653061224E-7    -3471839.253648795+1215313.1580582017i            1.0948591953627335E7
0                         4.2979591836734687E-7    -2.454795918367347E-7    -4141125.093376425+1330315.4025057196i            1.0098354820371466E7
0                         4.2979591836734687E-7    -2.2729591836734696E-7   -4126288.7209032997+1641828.6805878663i           9678672.831205953
0                         4.2979591836734687E-7    -2.091122448979592E-7    -4127193.767207314+1952079.1519773449i            9375014.683334889
0                         4.2979591836734687E-7    -1.9092857142857144E-7   -4213032.881623499+2217919.0675617717i            8994873.952880345
0                         4.2979591836734687E-7    -1.7274489795918368E-7   -4082299.5013161018+2638134.6931196926i           8365126.684794286
0                         4.2979591836734687E-7    -1.5456122448979592E-7   -3947721.0590316234+3021490.0460250443i           7852264.29264836
0                         4.2979591836734687E-7    -1.3637755102040816E-7   -3809297.5547700673+3367985.1262778137i           7476569.093376156
0                         4.2979591836734687E-7    -1.181938775510204E-7    -3638191.8766603447+3770658.413622224i            7377064.921738752
0                         4.2979591836734687E-7    -1.0001020408163265E-7   -3417585.7477668845+3997576.732594324i            7176700.968039091
0                         4.2979591836734687E-7    -8.182653061224489E-8    -3209288.5525926594+4230863.361946934i            6996513.9181619715
0                         4.2979591836734687E-7    -6.364285714285713E-8    -3013876.434561737+4448031.072230507i             6846770.661667328
0                         4.2979591836734687E-7    -4.545918367346937E-8    -2826579.4256488243+4608602.464301909i            6736882.208795063
0                         4.2979591836734687E-7    -2.7275510204081612E-8   -2694576.387154608+4687258.159337182i             6659065.448309838
0                         4.2979591836734687E-7    -9.091836734693906E-9    -2734987.2157673845+4779479.202703526i            6693279.790051747
0                         4.2979591836734687E-7    9.091836734693853E-9     -2868141.247856567+4810583.473342331i             6759205.006706876
0                         4.2979591836734687E-7    2.7275510204081612E-8    -2745098.2789987833+4694814.579884702i            6673053.702828763
0                         4.2979591836734687E-7    4.5459183673469424E-8    -2826014.94589602+4571245.81784519i               6712104.7030546125
0                         4.2979591836734687E-7    6.364285714285713E-8     -2975342.9744951543+4413139.3530313475i           6796444.6395458635
0                         4.2979591836734687E-7    8.182653061224494E-8     -2944848.940421741+4192865.278997892i             6734666.335418672
0                         4.2979591836734687E-7    1.0001020408163265E-7    -3216561.5429372713+4005706.7337478544i           6905505.4320033565
0                         4.2979591836734687E-7    1.1819387755102046E-7    -4007584.942230664+3718164.49270897i              7493284.224932026
0                         4.2979591836734687E-7    1.3637755102040816E-7    -4036434.007036253+3561533.0434697596i            7919524.573835966
0                         4.2979591836734687E-7    1.5456122448979587E-7    -4070873.3588609933+2912708.760273327i            7755914.461425249
0                         4.2979591836734687E-7    1.7274489795918368E-7    -3831909.0642286795+2663888.520342507i            8149101.092371988
0                         4.2979591836734687E-7    1.909285714285714E-7     -4303977.693798779+2274295.2388669616i            8846655.056315497
0                         4.2979591836734687E-7    2.091122448979592E-7     -4281129.894871675+1918610.4727956762i            9473276.839883802
0                         4.2979591836734687E-7    2.272959183673469E-7     -4128008.9975412334+1578349.4170865063i           9748646.023024898
0                         4.2979591836734687E-7    2.454795918367347E-7     -4179798.6752952253+1269095.7176010963i           1.0219966094151076E7
0                         4.2979591836734687E-7    2.636632653061224E-7     -3927224.016915496+1043257.1960785158i            1.0815551541912565E7
0                         4.2979591836734687E-7    2.8184693877551024E-7    -3876022.061008609+720544.7875011852i             1.110229834636494E7
0                         4.2979591836734687E-7    3.0003061224489794E-7    -3514581.8845622037+543987.6606609924i            1.1788588573486846E7
0                         4.2979591836734687E-7    3.1821428571428575E-7    -3155234.827836186+339701.92542774533i            1.2555847572652364E7
0                         4.2979591836734687E-7    3.3639795918367346E-7    -3019365.803114658+109536.36240143678i            1.3317830431679197E7
0                         4.2979591836734687E-7    3.5458163265306127E-7    -2491632.872325589+221799.20013659453i            1.2799618613565195E7
0                         4.2979591836734687E-7    3.72765306122449E-7      -2162715.545371985+6276.084216564603i             1.2932611216994109E7
0                         4.2979591836734687E-7    3.909489795918368E-7     -1576199.669645044+105152.56777172326i            1.3341056609252505E7
0                         4.2979591836734687E-7    4.091326530612245E-7     -1051260.3024657762+80754.88569383475i            1.355968290792836E7
0                         4.2979591836734687E-7    4.273163265306122E-7     -530155.4302337387+44142.37348039345i             1.3826969583640292E7
0                         4.2979591836734687E-7    4.455E-7                 -13838.394281743263-17931.2776657177i             1.4015598292914113E7
0                         4.4632653061224485E-7    -4.455E-7                -15514.965095905814+5755.035228300469i            1.35652921000254E7
0                         4.4632653061224485E-7    -4.2731632653061225E-7   -343457.325262744+120813.87427835577i             1.2818902760964476E7
0                         4.4632653061224485E-7    -4.091326530612245E-7    -857087.8212632313+126041.27847696265i            1.2546710582160344E7
0                         4.4632653061224485E-7    -3.9094897959183674E-7   -1375503.7214721416+119310.23385239963i           1.2339364271212796E7
0                         4.4632653061224485E-7    -3.72765306122449E-7     -1941460.0035157711+67097.8472452639i             1.20488476195255E7
0                         4.4632653061224485E-7    -3.545816326530612E-7    -2241250.5132917124+271496.37889290915i           1.2054958392722456E7
0                         4.4632653061224485E-7    -3.3639795918367346E-7   -2536665.746090821+473438.3216576368i             1.2083420324575074E7
0                         4.4632653061224485E-7    -3.1821428571428575E-7   -2778986.5422666916+640219.0333234236i            1.2102811899692867E7
0                         4.4632653061224485E-7    -3.0003061224489794E-7   -2871128.1302163913+889798.9287340444i            1.0907879730216064E7
0                         4.4632653061224485E-7    -2.8184693877551024E-7   -2989115.990919517+1173471.3858110632i            1.0483069906883985E7
0                         4.4632653061224485E-7    -2.636632653061224E-7    -3280127.769704687+1411392.761059708i             1.036179455492839E7
0                         4.4632653061224485E-7    -2.454795918367347E-7    -3675485.818463683+1569866.6852572204i            9595466.901310978
0                         4.4632653061224485E-7    -2.2729591836734696E-7   -3676384.378602629+1893956.1220774443i            9288296.317806954
0                         4.4632653061224485E-7    -2.091122448979592E-7    -3675186.944087363+2196792.5148840114i            9021539.350841526
0                         4.4632653061224485E-7    -1.9092857142857144E-7   -4019407.643598493+2508840.3802389335i            8681184.555433769
0                         4.4632653061224485E-7    -1.7274489795918368E-7   -3642338.5198430745+2734704.8494723276i           8053175.724750383
0                         4.4632653061224485E-7    -1.5456122448979592E-7   -3528485.8237390933+3093314.298142319i            7546575.708325004
0                         4.4632653061224485E-7    -1.3637755102040816E-7   -3430420.877574695+3392618.755631373i             7155381.288571539
0                         4.4632653061224485E-7    -1.181938775510204E-7    -3197875.7262560553+3886049.930602496i            7315956.427302512
0                         4.4632653061224485E-7    -1.0001020408163265E-7   -2979869.081473776+4104925.801610723i             7146263.4503044505
0                         4.4632653061224485E-7    -8.182653061224489E-8    -2767555.373231547+4299453.618507433i             7026932.081926958
0                         4.4632653061224485E-7    -6.364285714285713E-8    -2574947.2141243974+4509876.707469187i            6896975.260721872
0                         4.4632653061224485E-7    -4.545918367346937E-8    -2390454.1641352545+4663703.478218769i            6802648.897549746
0                         4.4632653061224485E-7    -2.7275510204081612E-8   -2530170.95482377+4760116.261077905i              6832368.6644072095
0                         4.4632653061224485E-7    -9.091836734693906E-9    -2530094.541849441+4870030.816499894i             6879538.207937328
0                         4.4632653061224485E-7    9.091836734693853E-9     -2509089.0505157164+4876967.179361451i            6882346.825713361
0                         4.4632653061224485E-7    2.7275510204081612E-8    -2485796.6370254015+4751922.889506018i            6802548.042788054
0                         4.4632653061224485E-7    4.5459183673469424E-8    -2364929.22514003+4599128.552015816i              6757503.621578505
0                         4.4632653061224485E-7    6.364285714285713E-8     -2457585.198589538+4448196.747839637i             6795544.395649727
0                         4.4632653061224485E-7    8.182653061224494E-8     -2717546.333187145+4314041.249292472i             6905475.020070685
0                         4.4632653061224485E-7    1.0001020408163265E-7    -2986237.9494619854+4134520.625367487i            7049934.069250544
0                         4.4632653061224485E-7    1.1819387755102046E-7    -3397217.3871732033+3873509.206721134i            7389863.942451839
0                         4.4632653061224485E-7    1.3637755102040816E-7    -3498937.170209838+3586616.126896736i             7618455.639143907
0                         4.4632653061224485E-7    1.5456122448979587E-7    -3604740.966518578+3357452.643403382i             7862681.201142927
0                         4.4632653061224485E-7    1.7274489795918368E-7    -3561258.351637737+2844974.2275944944i            7908455.440261091
0                         4.4632653061224485E-7    1.909285714285714E-7     -3312894.906345167+2585755.0844529676i            8384743.953316893
0                         4.4632653061224485E-7    2.091122448979592E-7     -3522587.185145237+2131649.51074857i              9006351.467695776
0                         4.4632653061224485E-7    2.272959183673469E-7     -3443744.4428387573+1863469.3414735552i           9254261.83790311
0                         4.4632653061224485E-7    2.454795918367347E-7     -3487888.7774330955+1572839.7205547886i           9682190.339912195
0                         4.4632653061224485E-7    2.636632653061224E-7     -3370260.088274032+1322809.2613103238i            1.0257574765131982E7
0                         4.4632653061224485E-7    2.8184693877551024E-7    -3345952.3140472374+1011264.7139833188i           1.056349461090441E7
0                         4.4632653061224485E-7    3.0003061224489794E-7    -3068673.1815008707+800089.5994363013i            1.094505201917014E7
0                         4.4632653061224485E-7    3.1821428571428575E-7    -2704656.6309620515+613503.4198229937i            1.168465862792371E7
0                         4.4632653061224485E-7    3.3639795918367346E-7    -2443250.9109734315+606023.4394455804i            1.1879553549398005E7
0                         4.4632653061224485E-7    3.5458163265306127E-7    -2110916.4567342927+415392.5702189689i            1.1972893103812972E7
0                         4.4632653061224485E-7    3.72765306122449E-7      -1778560.362018394+216753.1142379535i             1.2093673311531998E7
0                         4.4632653061224485E-7    3.909489795918368E-7     -1430067.4470744985+90498.80079597095i            1.2294630860847436E7
0                         4.4632653061224485E-7    4.091326530612245E-7     -894822.7393490516+92857.04591629456i             1.2496662256391516E7
0                         4.4632653061224485E-7    4.273163265306122E-7     -363412.5265708309+83000.46090106788i             1.2764403252783306E7
0                         4.4632653061224485E-7    4.455E-7                 15514.965095914527-5755.035228295566i             1.3480108439077897E7
0                         4.6285714285714283E-7    -4.455E-7                -18574.21295277193+7204.61771828574i              1.2859810230234062E7
0                         4.6285714285714283E-7    -4.2731632653061225E-7   -173271.71846256882+162134.21385860845i           1.1822904428582244E7
0                         4.6285714285714283E-7    -4.091326530612245E-7    -697095.149494879+140711.25681350206i             1.154274767344882E7
0                         4.6285714285714283E-7    -3.9094897959183674E-7   -1268797.3566169837+108493.76734600146i           1.1282637301288994E7
0                         4.6285714285714283E-7    -3.72765306122449E-7     -1571423.3718581495+303400.2471647114i            1.1271834505961921E7
0                         4.6285714285714283E-7    -3.545816326530612E-7    -1869674.110122479+495850.1381005063i             1.1286676219612002E7
0                         4.6285714285714283E-7    -3.3639795918367346E-7   -2163549.5714099733+685843.4401533889i            1.1328894005509937E7
0                         4.6285714285714283E-7    -3.1821428571428575E-7   -2453049.7557206326+873380.1533233562i            1.140018751170629E7
0                         4.6285714285714283E-7    -3.0003061224489794E-7   -2581244.3009942477+1107862.6585068456i           1.0399639940116983E7
0                         4.6285714285714283E-7    -2.8184693877551024E-7   -2799851.757975268+1379153.6808702173i            9868772.274212034
0                         4.6285714285714283E-7    -2.636632653061224E-7    -3088416.2857605834+1607472.3640612136i           9783427.630550373
0                         4.6285714285714283E-7    -2.454795918367347E-7    -3227683.9569822922+1829408.205329712i            9185194.365062742
0                         4.6285714285714283E-7    -2.2729591836734696E-7   -3334464.4908818393+2178008.259967932i            8840304.938699279
0                         4.6285714285714283E-7    -2.091122448979592E-7    -3280455.340464011+2485063.857977771i             8556240.390246753
0                         4.6285714285714283E-7    -1.9092857142857144E-7   -3235325.7542798636+2757035.994243309i            8311781.852381721
0                         4.6285714285714283E-7    -1.7274489795918368E-7   -3454410.0515220826+3167559.9812150327i           8322383.821929788
0                         4.6285714285714283E-7    -1.5456122448979592E-7   -2793506.489847958+3356407.4905834426i            7448701.342835478
0                         4.6285714285714283E-7    -1.3637755102040816E-7   -2702489.7666332903+3720587.623821017i            7290486.461180658
0                         4.6285714285714283E-7    -1.181938775510204E-7    -2667712.1863268106+3921859.5789661394i           7150794.284703733
0                         4.6285714285714283E-7    -1.0001020408163265E-7   -2542152.4151806673+4212274.870627122i            7136234.5170897795
0                         4.6285714285714283E-7    -8.182653061224489E-8    -2325822.1938704355+4368043.875067929i            7082237.054787066
0                         4.6285714285714283E-7    -6.364285714285713E-8    -2136017.9936870565+4571722.342707867i            6971572.796644479
0                         4.6285714285714283E-7    -4.545918367346937E-8    -2328772.10954117+4704173.308952145i              6986391.172591244
0                         4.6285714285714283E-7    -2.7275510204081612E-8   -2138300.8205152447+4794284.388237098i            6930808.155807369
0                         4.6285714285714283E-7    -9.091836734693906E-9    -2114552.126192115+4845221.126309052i             6907094.57115686
0                         4.6285714285714283E-7    9.091836734693853E-9     -2094126.092144335+4851271.473770239i             6908782.182501858
0                         4.6285714285714283E-7    2.7275510204081612E-8    -2226494.99505202+4809031.199127332i              6930923.925298544
0                         4.6285714285714283E-7    4.5459183673469424E-8    -2106632.6380431093+4656360.639664462i            6886007.247022523
0                         4.6285714285714283E-7    6.364285714285713E-8     -2233303.5775956307+4561734.7968091685i           6987132.294341573
0                         4.6285714285714283E-7    8.182653061224494E-8     -2490243.725952549+4435217.219587055i             7076145.069021152
0                         4.6285714285714283E-7    1.0001020408163265E-7    -2690025.4144906825+4262099.519616693i            7191408.6906983545
0                         4.6285714285714283E-7    1.1819387755102046E-7    -2786849.832115742+4028853.9207332977i            7336422.353875543
0                         4.6285714285714283E-7    1.3637755102040816E-7    -2885274.680889632+3752648.832584048i             7533809.871062697
0                         4.6285714285714283E-7    1.5456122448979587E-7    -3022179.101445851+3481041.511976464i             7748744.134848586
0                         4.6285714285714283E-7    1.7274489795918368E-7    -3178115.6967849676+3139909.051723986i            7808541.011313667
0                         4.6285714285714283E-7    1.909285714285714E-7     -3047681.454002942+2772915.197643361i             8102213.609656845
0                         4.6285714285714283E-7    2.091122448979592E-7     -2789918.8580501135+2503297.151291123i            8658435.127894735
0                         4.6285714285714283E-7    2.272959183673469E-7     -2759479.888136278+2148589.265860605i             8825540.00053201
0                         4.6285714285714283E-7    2.454795918367347E-7     -2795978.879570966+1876583.723508481i             9211955.607098626
0                         4.6285714285714283E-7    2.636632653061224E-7     -2840733.570588272+1570808.606303393i             9647892.559860693
0                         4.6285714285714283E-7    2.8184693877551024E-7    -2787086.634576186+1305156.0248219315i            1.0012076808499657E7
0                         4.6285714285714283E-7    3.0003061224489794E-7    -2622764.4784395406+1056191.5382116088i           1.0139840347879626E7
0                         4.6285714285714283E-7    3.1821428571428575E-7    -2760822.1030929387+790027.2361828955i            1.1733951257235833E7
0                         4.6285714285714283E-7    3.3639795918367346E-7    -2065973.2631444274+782733.1495889412i            1.1103872599701269E7
0                         4.6285714285714283E-7    3.5458163265306127E-7    -1730200.041142996+608985.940301344i              1.1182563124762416E7
0                         4.6285714285714283E-7    3.72765306122449E-7      -1394405.178664802+427230.14425934246i            1.129490366554469E7
0                         4.6285714285714283E-7    3.909489795918368E-7     -1058588.6757098422+237465.76146293496i           1.1438073490391184E7
0                         4.6285714285714283E-7    4.091326530612245E-7     -738385.1762323211+104959.20613875985i            1.1489717390531829E7
0                         4.6285714285714283E-7    4.273163265306122E-7     -196669.62290792062+121858.54832174373i           1.1762904897959879E7
0                         4.6285714285714283E-7    4.455E-7                 18574.212952780385-7204.617718281149i             1.2800954361647254E7
0                         4.793877551020408E-7     -4.455E-7                -21633.46080963802+8654.200208271006i             1.2189676224282127E7
0                         4.793877551020408E-7     -4.2731632653061225E-7   -3086.1116623947746+203454.55343886075i           1.089192938626552E7
0                         4.793877551020408E-7     -4.091326530612245E-7    -537102.4777265304+155381.235150035i              1.0596839347697211E7
0                         4.793877551020408E-7     -3.9094897959183674E-7   -900300.4964709785+356744.807977292i              1.054355318211906E7
0                         4.793877551020408E-7     -3.72765306122449E-7     -1201386.7402005282+539702.6470841558i            1.0529146708170405E7
0                         4.793877551020408E-7     -3.545816326530612E-7    -1498097.7069532461+720203.8973081043i            1.0546916420957305E7
0                         4.793877551020408E-7     -3.3639795918367346E-7   -1790433.3967291275+898248.5586491394i            1.0599338389752079E7
0                         4.793877551020408E-7     -3.1821428571428575E-7   -2123373.7018558285+1062076.5853991283i           1.056148997560905E7
0                         4.793877551020408E-7     -3.0003061224489794E-7   -2291360.4717721045+1325926.388279645i            9925573.165930351
0                         4.793877551020408E-7     -2.8184693877551024E-7   -2610587.525031025+1584835.9759293715i            9263662.20540579
0                         4.793877551020408E-7     -2.636632653061224E-7    -2652433.2756669074+1787642.2184499216i           9084945.238550493
0                         4.793877551020408E-7     -2.454795918367347E-7    -2588816.5766399754+2144664.758515817i            8763611.244721355
0                         4.793877551020408E-7     -2.2729591836734696E-7   -2534079.441846718+2466603.8368374086i            8482103.970768796
0                         4.793877551020408E-7     -2.091122448979592E-7    -2488221.8712871373+2753459.453414697i            8239897.499252229
0                         4.793877551020408E-7     -1.9092857142857144E-7   -2451243.8649612335+3005231.6082476825i           8036893.082053681
0                         4.793877551020408E-7     -1.7274489795918368E-7   -2601181.475621702+3301108.0011301665i            8093584.018840105
0                         4.793877551020408E-7     -1.5456122448979592E-7   -2588568.7674649227+3607058.574501804i            7748003.033181582
0                         4.793877551020408E-7     -1.3637755102040816E-7   -2067916.3610078942+3886687.8043784355i           7238026.041505026
0                         4.793877551020408E-7     -1.181938775510204E-7    -2035051.438300041+4079240.30241766i              7129213.187867448
0                         4.793877551020408E-7     -1.0001020408163265E-7   -2104435.7488875575+4319623.939643519i            7144917.019376353
0                         4.793877551020408E-7     -8.182653061224489E-8    -1897051.863375058+4484260.211653844i             7070802.080698171
0                         4.793877551020408E-7     -6.364285714285713E-8    -2130790.679919588+4611650.346326241i             7146702.33340021
0                         4.793877551020408E-7     -4.545918367346937E-8    -2165385.1399818785+4776758.657704029i            7124692.641941287
0                         4.793877551020408E-7     -2.7275510204081612E-8   -1722178.9475719733+4770360.71344663i             6968734.242834549
0                         4.793877551020408E-7     -9.091836734693906E-9    -1699009.7105347877+4820411.436118213i            6945589.353455576
0                         4.793877551020408E-7     9.091836734693853E-9     -1679163.1337729548+4825575.768179027i            6946012.760737401
0                         4.793877551020408E-7     2.7275510204081612E-8    -1662639.217286475+4785853.709629076i             6969655.968633186
0                         4.793877551020408E-7     4.5459183673469424E-8    -2126606.676809786+4779088.4372468805i            7178410.628882846
0                         4.793877551020408E-7     6.364285714285713E-8     -2009021.9566017247+4675272.8457787i              7170395.686423836
0                         4.793877551020408E-7     8.182653061224494E-8     -1991023.7414824818+4586354.359896094i            7140734.294592217
0                         4.793877551020408E-7     1.0001020408163265E-7    -2082952.793695968+4406756.241953708i             7209627.064975012
0                         4.793877551020408E-7     1.1819387755102046E-7    -2176482.2770582805+4184198.6347454605i           7326654.3332093125
0                         4.793877551020408E-7     1.3637755102040816E-7    -2271612.1915694284+3918681.5382713596i           7493616.492427043
0                         4.793877551020408E-7     1.5456122448979587E-7    -2368342.537229405+3610204.952531404i             7712379.588229425
0                         4.793877551020408E-7     1.7274489795918368E-7    -2596429.3779582568+3268261.054632968i            7685205.900792016
0                         4.793877551020408E-7     1.909285714285714E-7     -2782468.0016607186+2960075.310833753i            7824479.885085975
0                         4.793877551020408E-7     2.091122448979592E-7     -2530142.665956609+2696531.670419917i             8332181.095357883
0                         4.793877551020408E-7     2.272959183673469E-7     -2531849.755460967+2450926.0740091694i            8593053.93341748
0                         4.793877551020408E-7     2.454795918367347E-7     -2534068.4753747755+2168188.676597451i            8900990.579775339
0                         4.793877551020408E-7     2.636632653061224E-7     -2141178.329566498+1893176.6878237291i            9219108.857158346
0                         4.793877551020408E-7     2.8184693877551024E-7    -2228220.95510514+1599047.3356605403i             9516794.548110824
0                         4.793877551020408E-7     3.0003061224489794E-7    -2176855.7753782086+1312293.4769869167i           9377815.43566157
0                         4.793877551020408E-7     3.1821428571428575E-7    -2027885.9646023866+1108297.8223264758i           1.034322341200378E7
0                         4.793877551020408E-7     3.3639795918367346E-7    -1688695.6153154287+959442.8597322992i            1.0364410713314353E7
0                         4.793877551020408E-7     3.5458163265306127E-7    -1349483.6255516992+802579.3103837178i            1.0431513097147753E7
0                         4.793877551020408E-7     3.72765306122449E-7      -1010249.9953112116+637707.1742807314i            1.0540832328888409E7
0                         4.793877551020408E-7     3.909489795918368E-7     -670994.7245939542+464826.4514233392i             1.068846515079195E7
0                         4.793877551020408E-7     4.091326530612245E-7     -331717.81339993374+283937.14181154256i           1.0870457804528147E7
0                         4.793877551020408E-7     4.273163265306122E-7     -29926.719245012733+160716.63574241905i           1.0824061840391863E7
0                         4.793877551020408E-7     4.455E-7                 21633.46080964621-8654.20020826672i               1.2155910975928709E7
0                         4.959183673469387E-7     -4.455E-7                -24692.708666504106+10103.78269825627i            1.1555038818818131E7
0                         4.959183673469387E-7     -4.2731632653061225E-7   -201447.29359169488+107484.32941207686i           1.0806087570139522E7
0                         4.959183673469387E-7     -4.091326530612245E-7    -227881.8871301962+431530.0613306533i             9922748.478677493
0                         4.959183673469387E-7     -3.9094897959183674E-7   -531803.6363249674+604995.8486085852i             9856603.77488315
0                         4.959183673469387E-7     -3.72765306122449E-7     -831350.1085429093+776005.0470035993i             9828007.666638486
0                         4.959183673469387E-7     -3.545816326530612E-7    -1126521.3037840133+944557.6565157018i            9840648.907825634
0                         4.959183673469387E-7     -3.3639795918367346E-7   -1332999.0927572444+1160140.4721923647i           1.0042675901221463E7
0                         4.959183673469387E-7     -3.1821428571428575E-7   -1689255.083838834+1299147.80411022i              9863567.244109852
0                         4.959183673469387E-7     -3.0003061224489794E-7   -2001476.6425499613+1543990.118052446i            9486332.946427103
0                         4.959183673469387E-7     -2.8184693877551024E-7   -2208470.149971579+1702200.2756502451i            8634229.420054918
0                         4.959183673469387E-7     -2.636632653061224E-7    -1835745.0669152886+2116637.758184499i            8738315.432737663
0                         4.959183673469387E-7     -2.454795918367347E-7    -1780279.9477466012+2453460.3168178424i           8460902.888016611
0                         4.959183673469387E-7     -2.2729591836734696E-7   -1733694.3928115955+2755199.413706883i            8221943.323651528
0                         4.959183673469387E-7     -2.091122448979592E-7    -1695988.4021102637+3021855.048851622i            8021111.874419436
0                         4.959183673469387E-7     -1.9092857142857144E-7   -1667161.9756426052+3253427.2222520555i           7858588.961245352
0                         4.959183673469387E-7     -1.7274489795918368E-7   -1866198.1097062742+3579579.771576505i            7845827.458979025
0                         4.959183673469387E-7     -1.5456122448979592E-7   -1954058.7155593575+3727974.830377514i            7545556.383338508
0                         4.959183673469387E-7     -1.3637755102040816E-7   -1975380.0212985575+3928899.4554891437i           7438905.197710124
0                         4.959183673469387E-7     -1.181938775510204E-7    -2155460.06220717+4303791.309584213i              7479833.0696705
0                         4.959183673469387E-7     -1.0001020408163265E-7   -1666719.0825944517+4426973.008659916i            7171983.829897204
0                         4.959183673469387E-7     -8.182653061224489E-8    -1461934.6811931322+4583566.832706369i            7120846.129954806
0                         4.959183673469387E-7     -6.364285714285713E-8    -1968422.173131843+4683962.942089285i             7257335.088444176
0                         4.959183673469387E-7     -4.545918367346937E-8    -1331969.514655294+4652385.940774186i             7058990.544461497
0                         4.959183673469387E-7     -2.7275510204081612E-8   -1306057.0746287012+4746437.038656166i            7013265.500862249
0                         4.959183673469387E-7     -9.091836734693906E-9    -1187810.5690586974+4860025.501781965i            6995775.178699748
0                         4.959183673469387E-7     9.091836734693853E-9     -1217464.779676445+4845956.329123373i             7005084.686069955
0                         4.959183673469387E-7     2.7275510204081612E-8    -1249885.0358982012+4795186.025484899i            7041456.467530588
0                         4.959183673469387E-7     4.5459183673469424E-8    -1305027.4075727141+4723348.924223734i            7099861.446857738
0                         4.959183673469387E-7     6.364285714285713E-8     -2100959.7308843723+4789336.503888488i            7349135.521515298
0                         4.959183673469387E-7     8.182653061224494E-8     -1387246.0549505106+4720323.090557959i            7217421.1465096865
0                         4.959183673469387E-7     1.0001020408163265E-7    -1475880.1729012497+4551412.964290721i            7263733.843009299
0                         4.959183673469387E-7     1.1819387755102046E-7    -1566114.7220008234+4339543.348757625i            7355069.726842379
0                         4.959183673469387E-7     1.3637755102040816E-7    -1657949.702249225+4084714.2439586716i            7493374.063044862
0                         4.959183673469387E-7     1.5456122448979587E-7    -1751385.113646453+3786925.649893863i             7680787.063793455
0                         4.959183673469387E-7     1.7274489795918368E-7    -2014743.059131546+3396613.05754195i              7587553.500209643
0                         4.959183673469387E-7     1.909285714285714E-7     -2175747.4252547217+3042017.405676454i            7617746.42569984
0                         4.959183673469387E-7     2.091122448979592E-7     -2297133.730611747+2902401.509042556i             8135744.059842793
0                         4.959183673469387E-7     2.272959183673469E-7     -2303640.328130211+2652620.9545580344i            8363624.966146067
0                         4.959183673469387E-7     2.454795918367347E-7     -2311084.9993437845+2376501.527029905i            8633987.363422794
0                         4.959183673469387E-7     2.636632653061224E-7     -2319467.74425247+2074043.2264581732i             8944642.406195575
0                         4.959183673469387E-7     2.8184693877551024E-7    -1479342.7928253384+1913248.2344192986i           9302421.765739089
0                         4.959183673469387E-7     3.0003061224489794E-7    -2509964.434506602+1394165.1195861863i            1.047229355615959E7
0                         4.959183673469387E-7     3.1821428571428575E-7    -1654047.0845356858+1268123.8725308198i           9661588.377252983
0                         4.959183673469387E-7     3.3639795918367346E-7    -1311417.9674864258+1136152.569875658i            9663434.22942728
0                         4.959183673469387E-7     3.5458163265306127E-7    -968767.2099604043+996172.6804660906i             9723625.807692973
0                         4.959183673469387E-7     3.72765306122449E-7      -626094.8119576223+848184.2043021189i             9837362.465875437
0                         4.959183673469387E-7     3.909489795918368E-7     -283400.7734780688+692187.1413837421i             9999334.51947428
0                         4.959183673469387E-7     4.091326530612245E-7     59314.905478246976+528181.4917109594i             1.020401510343185E7
0                         4.959183673469387E-7     4.273163265306122E-7     136816.18441789597+199574.72316309414i            9949744.87226716
0                         4.959183673469387E-7     4.455E-7                 24692.708666512055-10103.782698252298i            1.1545035859997645E7
0                         5.124489795918367E-7     -4.455E-7                -27751.956523370223+11553.365188241543i           1.095597957876747E7
0                         5.124489795918367E-7     -4.2731632653061225E-7   -575904.1758152103+115489.43255667515i            9876301.8564981
0                         5.124489795918367E-7     -4.091326530612245E-7    -636062.0328285954+374238.512331596i              9717188.877342567
0                         5.124489795918367E-7     -3.9094897959183674E-7   -163306.77617895848+853246.8892398777i            9234291.559785066
0                         5.124489795918367E-7     -3.72765306122449E-7     -461313.47688528616+1012307.4469230461i           9177839.984438222
0                         5.124489795918367E-7     -3.545816326530612E-7    -754944.9006147778+1168911.4157233017i            9174537.21502696
0                         5.124489795918367E-7     -3.3639795918367346E-7   -891530.4060817766+1420200.1686896584i            9396039.914065685
0                         5.124489795918367E-7     -3.1821428571428575E-7   -1255136.4658218378+1536219.0228213114i           9227143.664817559
0                         5.124489795918367E-7     -3.0003061224489794E-7   -1432184.846604175+1653010.07877i                 9130938.481734741
0                         5.124489795918367E-7     -2.8184693877551024E-7   -914668.2627634704+2130456.4434257085i            8989377.505590564
0                         5.124489795918367E-7     -2.636632653061224E-7    -1019056.8581636747+2445633.297919077i            8497572.0446964
0                         5.124489795918367E-7     -2.454795918367347E-7    -1556492.3830127642+2663848.0065049804i           8228173.1200545775
0                         5.124489795918367E-7     -2.2729591836734696E-7   -1549917.5807257728+2932183.324744934i            8061177.427789896
0                         5.124489795918367E-7     -2.091122448979592E-7    -1546374.6667806264+3179123.644163387i            7931792.174829285
0                         5.124489795918367E-7     -1.9092857142857144E-7   -1545863.6411773276+3404668.964760341i            7841843.808975641
0                         5.124489795918367E-7     -1.7274489795918368E-7   -1601810.0626790274+3587786.99339984i             7643020.320489219
0                         5.124489795918367E-7     -1.5456122448979592E-7   -1617135.0566882358+3814129.537253547i            7523097.299820909
0                         5.124489795918367E-7     -1.3637755102040816E-7   -1634418.9451597952+4010918.7370573i              7443205.025611512
0                         5.124489795918367E-7     -1.181938775510204E-7    -1653661.7280937112+4178154.5928110983i           7402726.080401633
0                         5.124489795918367E-7     -1.0001020408163265E-7   -1376139.0786322067+4362692.381741219i            7199123.477801357
0                         5.124489795918367E-7     -8.182653061224489E-8    -1058376.0888231432+4623832.362607454i            7266997.145895448
0                         5.124489795918367E-7     -6.364285714285713E-8    -1040273.1342771787+4757409.075007385i            7322464.754181113
0                         5.124489795918367E-7     -4.545918367346937E-8    -1061617.6311350088+4852715.839512045i            7257324.595912046
0                         5.124489795918367E-7     -2.7275510204081612E-8   -1085728.1735968515+4911321.473036812i            7218503.552833949
0                         5.124489795918367E-7     -9.091836734693906E-9    -1112604.7616627056+4933225.975581688i            7204978.428131984
0                         5.124489795918367E-7     9.091836734693853E-9     -1142247.3953325725+4918429.347146673i            7216442.155329595
0                         5.124489795918367E-7     2.7275510204081612E-8    -1174656.0746064498+4866931.587731772i            7253321.270594382
0                         5.124489795918367E-7     4.5459183673469424E-8    -1233731.7615234798+4801290.274946705i            7296755.490669827
0                         5.124489795918367E-7     6.364285714285713E-8     -1161453.10162706+4656725.017204858i              7213943.420600425
0                         5.124489795918367E-7     8.182653061224494E-8     -1249824.4525803311+4523478.819103695i            7196527.509277123
0                         5.124489795918367E-7     1.0001020408163265E-7    -1264727.3062886866+4400119.605538578i            7235375.444181084
0                         5.124489795918367E-7     1.1819387755102046E-7    -1280230.361893858+4242908.96066336i              7324074.838979099
0                         5.124489795918367E-7     1.3637755102040816E-7    -1296333.6193958528+4051846.884478022i            7462231.093542363
0                         5.124489795918367E-7     1.5456122448979587E-7    -1313037.0787946617+3826933.3769825855i           7649402.552201852
0                         5.124489795918367E-7     1.7274489795918368E-7    -1270349.459833+3600007.9994591307i               7523014.8759857435
0                         5.124489795918367E-7     1.909285714285714E-7     -1320465.016148606+3352522.8732629884i            7530095.547197562
0                         5.124489795918367E-7     2.091122448979592E-7     -1718039.7620196824+3059961.4618657576i           7969220.648217363
0                         5.124489795918367E-7     2.272959183673469E-7     -1788253.200674702+2873808.5945491316i            8090302.638225945
0                         5.124489795918367E-7     2.454795918367347E-7     -1712119.1423377139+2631059.583546408i            8312291.096485424
0                         5.124489795918367E-7     2.636632653061224E-7     -1638519.328587206+2365105.5812251996i            8577973.049711648
0                         5.124489795918367E-7     2.8184693877551024E-7    -1567453.7594231786+2075946.5875855119i           8884309.65915019
0                         5.124489795918367E-7     3.0003061224489794E-7    -413557.4279082552+2176707.9299962907i            9207368.067814572
0                         5.124489795918367E-7     3.1821428571428575E-7    -1262172.83312624+1360657.2381946766i             9033204.693423249
0                         5.124489795918367E-7     3.3639795918367346E-7    -1136971.8907598208+1167693.5286724013i           9115144.851081587
0                         5.124489795918367E-7     3.5458163265306127E-7    -1009096.5152344273+969138.6974073374i            9224446.574047586
0                         5.124489795918367E-7     3.72765306122449E-7      -878546.7065500522+764992.7443994896i             9359166.203384127
0                         5.124489795918367E-7     3.909489795918368E-7     -745322.4647066977+555255.669648859i              9517346.6845999
0                         5.124489795918367E-7     4.091326530612245E-7     -609423.7897043595+339927.4731554482i             9697067.808132378
0                         5.124489795918367E-7     4.273163265306122E-7     -470850.6815430453+119008.15491925209i            9896486.958690142
0                         5.124489795918367E-7     4.455E-7                 27751.956523377914-11553.365188237882i            1.0968309590628985E7
0                         5.289795918367346E-7     -4.455E-7                -30811.204380236308+13002.9476782268i             1.039248960100746E7
0                         5.289795918367346E-7     -4.2731632653061225E-7   -653254.7797809587+184888.9505828803i             9427704.354189573
0                         5.289795918367346E-7     -4.091326530612245E-7    -701851.5243976654+442478.494180146i              9273785.312819615
0                         5.289795918367346E-7     -3.9094897959183674E-7   -139482.58794202685+849442.9262508759i            9184689.28942099
0                         5.289795918367346E-7     -3.72765306122449E-7     -193995.99088657016+1119115.8531128506i           9099239.58079663
0                         5.289795918367346E-7     -3.545816326530612E-7    -334566.78754376306+1328733.8140918468i           8924380.259745758
0                         5.289795918367346E-7     -3.3639795918367346E-7   -450429.5245838697+1558352.9613794764i            8827077.682111386
0                         5.289795918367346E-7     -3.1821428571428575E-7   -565739.6574770355+1780543.17435226i              8756196.460551543
0                         5.289795918367346E-7     -3.0003061224489794E-7   -680497.1862232675+1995304.4530101935i            8712667.254686417
0                         5.289795918367346E-7     -2.8184693877551024E-7   -1203993.9770447179+2137473.3480847795i           8680969.106500324
0                         5.289795918367346E-7     -2.636632653061224E-7    -1274689.8802076385+2420441.031901574i            8233645.32309705
0                         5.289795918367346E-7     -2.454795918367347E-7    -1259802.3071075142+2706754.583463276i            8058203.408792703
0                         5.289795918367346E-7     -2.2729591836734696E-7   -1247946.622349236+2971673.136203476i             7921635.801945771
0                         5.289795918367346E-7     -2.091122448979592E-7    -1239122.8259328029+3215196.6901221797i           7825849.100351083
0                         5.289795918367346E-7     -1.9092857142857144E-7   -1233330.9178582171+3437325.2452193773i           7772816.255821617
0                         5.289795918367346E-7     -1.7274489795918368E-7   -1268923.8210755454+3678077.12558375i             7606134.165686607
0                         5.289795918367346E-7     -1.5456122448979592E-7   -1280211.3978171148+3900284.244129578i            7514036.731458654
0                         5.289795918367346E-7     -1.3637755102040816E-7   -1075792.5902936375+4110978.5383607424i           7335770.30493706
0                         5.289795918367346E-7     -1.181938775510204E-7    -1100176.8170170672+4291426.313773249i            7305584.267058701
0                         5.289795918367346E-7     -1.0001020408163265E-7   -936012.4132666404+4644835.112518962i             7481560.915656104
0                         5.289795918367346E-7     -8.182653061224489E-8    -954340.7142200574+4709915.907280354i             7515842.031754742
0                         5.289795918367346E-7     -6.364285714285713E-8    -1198906.7755499084+4871412.158218554i            7500400.05387593
0                         5.289795918367346E-7     -4.545918367346937E-8    -1193725.4814723898+4987258.21197266i             7476417.308179469
0                         5.289795918367346E-7     -2.7275510204081612E-8   -1194778.9109370715+5059971.072391734i            7467527.512791908
0                         5.289795918367346E-7     -9.091836734693906E-9    -1202067.063943951+5089550.739475768i             7472357.772223644
0                         5.289795918367346E-7     9.091836734693853E-9     -1067030.0109887016+4990902.36516997i             7404687.427421434
0                         5.289795918367346E-7     2.7275510204081612E-8    -1099427.1133146996+4938677.149978643i            7441821.5663963985
0                         5.289795918367346E-7     4.5459183673469424E-8    -941000.0770611677+4801365.888279997i             7383429.624658501
0                         5.289795918367346E-7     6.364285714285713E-8     -958035.2646849165+4699515.514503834i             7344951.837112344
0                         5.289795918367346E-7     8.182653061224494E-8     -1032782.4732030442+4556505.27592498i             7313200.121027717
0                         5.289795918367346E-7     1.0001020408163265E-7    -1051152.6274950828+4434958.945872401i            7328401.98762322
0                         5.289795918367346E-7     1.1819387755102046E-7    -1070122.983683941+4279561.184509714i             7393206.165914265
0                         5.289795918367346E-7     1.3637755102040816E-7    -1089693.541769617+4090311.991836918i             7507430.562619675
0                         5.289795918367346E-7     1.5456122448979587E-7    -1109864.3017521112+3867211.3678540103i           7670832.753424224
0                         5.289795918367346E-7     1.7274489795918368E-7    -1090500.6797238318+3649054.8368148897i           7529512.741368047
0                         5.289795918367346E-7     1.909285714285714E-7     -1143741.9153447223+3404318.021442073i            7514282.372606423
0                         5.289795918367346E-7     2.091122448979592E-7     -1355971.6463685352+3121893.503302416i            7812544.493750056
0                         5.289795918367346E-7     2.272959183673469E-7     -1386024.1389400298+2882382.5052173426i           7860200.117854018
0                         5.289795918367346E-7     2.454795918367347E-7     -1313991.950972044+2646269.815740007i             8051507.724705902
0                         5.289795918367346E-7     2.636632653061224E-7     -1244494.007590538+2386952.1349441987i            8290253.003336216
0                         5.289795918367346E-7     2.8184693877551024E-7    -1025128.2751912554+2186631.741995279i            8214005.9464957705
0                         5.289795918367346E-7     3.0003061224489794E-7    -1036406.7439620626+1909995.3451612522i           8100030.488544699
0                         5.289795918367346E-7     3.1821428571428575E-7    -335460.80404313543+1868332.791759803i            8935698.743984865
0                         5.289795918367346E-7     3.3639795918367346E-7    -295619.5249589036+1612667.184506352i             8937654.942977935
0                         5.289795918367346E-7     3.5458163265306127E-7    -254266.92612854642+1352495.5144555853i           8971083.894473284
0                         5.289795918367346E-7     3.72765306122449E-7      -211403.0075520626+1087817.7816075073i            9035552.56464426
0                         5.289795918367346E-7     3.909489795918368E-7     -167027.7692294537+818633.9859621126i             9130345.266856909
0                         5.289795918367346E-7     4.091326530612245E-7     -121141.21116071961+544944.1275194067i            9254497.125016008
0                         5.289795918367346E-7     4.273163265306122E-7     -589130.8888004269+134078.49369875112i            9363073.964708947
0                         5.289795918367346E-7     4.455E-7                 30811.20438024376-13002.947678223458i             1.0425613820037834E7
0                         5.455102040816326E-7     -4.455E-7                36323.432887824536+18515.07867418736i             9263194.515535338
0                         5.455102040816326E-7     -4.2731632653061225E-7   -9936.822901744425+299029.12959380244i            9097547.374023266
0                         5.455102040816326E-7     -4.091326530612245E-7    -56067.65954243263+575464.7858622503i             8963368.555252079
0                         5.455102040816326E-7     -3.9094897959183674E-7   -160714.92718293486+816127.325024066i             8781775.53911946
0                         5.455102040816326E-7     -3.72765306122449E-7     -269558.2392517192+1056621.9584535756i            8645306.398030816
0                         5.455102040816326E-7     -3.545816326530612E-7    -377848.9471735675+1289687.657568237i             8536928.804780206
0                         5.455102040816326E-7     -3.3639795918367346E-7   -485587.05094848067+1515324.4223680482i           8458109.376967713
0                         5.455102040816326E-7     -3.1821428571428575E-7   -592772.5505764531+1733532.2528530124i            8410147.743690616
0                         5.455102040816326E-7     -3.0003061224489794E-7   -818738.9342123029+1946343.6702221932i            8180743.1702199755
0                         5.455102040816326E-7     -2.8184693877551024E-7   -940151.0719854613+2180734.218812151i             8378716.688328621
0                         5.455102040816326E-7     -2.636632653061224E-7    -983280.6867736732+2466764.3743596226i            8044377.733860746
0                         5.455102040816326E-7     -2.454795918367347E-7    -963112.2312022613+2749661.160421572i             7898601.202188228
0                         5.455102040816326E-7     -2.2729591836734696E-7   -945975.6639726966+3011162.9476620215i            7794843.237509111
0                         5.455102040816326E-7     -2.091122448979592E-7    -931870.9850849779+3251269.7360809697i            7735167.8838925855
0                         5.455102040816326E-7     -1.9092857142857144E-7   -930746.3144604829+3520742.2204797543i            7682144.839514612
0                         5.455102040816326E-7     -1.7274489795918368E-7   -936037.5794720624+3768367.2577676605i            7577486.367898721
0                         5.455102040816326E-7     -1.5456122448979592E-7   -817119.5519499927+3992017.499220337i             7438709.361001913
0                         5.455102040816326E-7     -1.3637755102040816E-7   -835124.448239357+4198213.375018685i              7397206.574129379
0                         5.455102040816326E-7     -1.181938775510204E-7    -668436.8101979545+4486200.656977234i             7516624.789698536
0                         5.455102040816326E-7     -1.0001020408163265E-7   -674339.7988846024+4596734.103371527i             7526318.295785231
0                         5.455102040816326E-7     -8.182653061224489E-8    -678959.4227357779+4680698.308967798i             7582641.872651549
0                         5.455102040816326E-7     -6.364285714285713E-8    -675874.0998171351+4783035.01497807i              7419016.091234333
0                         5.455102040816326E-7     -4.545918367346937E-8    -807173.7827038049+4914667.869294324i             7497224.752314842
0                         5.455102040816326E-7     -2.7275510204081612E-8   -807814.8779967935+4987065.6970907i               7492881.629547726
0                         5.455102040816326E-7     -9.091836734693906E-9    -814690.6968319803+5016330.331552041i             7502097.46634797
0                         5.455102040816326E-7     9.091836734693853E-9     -827801.2392093665+5002461.77267835i              7524549.393223844
0                         5.455102040816326E-7     2.7275510204081612E-8    -768821.1094317411+4922274.551595822i             7509635.294643813
0                         5.455102040816326E-7     4.5459183673469424E-8    -766739.4421097442+4889878.686855865i             7551627.978949044
0                         5.455102040816326E-7     6.364285714285713E-8     -754617.427742776+4742306.011802803i              7461336.64925123
0                         5.455102040816326E-7     8.182653061224494E-8     -781476.6160012448+4617095.893985129i             7430926.914908663
0                         5.455102040816326E-7     1.0001020408163265E-7    -837577.9487014795+4469798.286206224i             7413359.582993063
0                         5.455102040816326E-7     1.1819387755102046E-7    -860015.6054740223+4316213.408356073i             7454273.630725191
0                         5.455102040816326E-7     1.3637755102040816E-7    -883053.4641433837+4128777.09919581i              7544496.019607561
0                         5.455102040816326E-7     1.5456122448979587E-7    -906691.5247095625+3907489.35872544i              7683985.721991784
0                         5.455102040816326E-7     1.7274489795918368E-7    -910651.8996146633+3698101.674170649i             7531207.6581057245
0                         5.455102040816326E-7     1.909285714285714E-7     -1059147.8979950098+3441726.2808030015i           7645704.135924491
0                         5.455102040816326E-7     2.091122448979592E-7     -993903.5307173869+3183825.544739073i             7663174.966808883
0                         5.455102040816326E-7     2.272959183673469E-7     -932102.7729359965+2905322.9946277114i            7710994.399646895
0                         5.455102040816326E-7     2.454795918367347E-7     -915864.7596063733+2661480.047933614i             7815478.7468170775
0                         5.455102040816326E-7     2.636632653061224E-7     -780539.2936583742+2469626.3946812735i            7826557.267451085
0                         5.455102040816326E-7     2.8184693877551024E-7    -802098.2320094998+2225601.1298103854i            7998841.452493334
0                         5.455102040816326E-7     3.0003061224489794E-7    -818063.745424952+1956736.9489690245i             7857039.2734791
0                         5.455102040816326E-7     3.1821428571428575E-7    -864267.5664035415+1664684.116358719i             7969392.511916769
0                         5.455102040816326E-7     3.3639795918367346E-7    -523705.9931516134+1489722.2567089396i            8354776.74943647
0                         5.455102040816326E-7     3.5458163265306127E-7    -219145.95635317406+1343582.714377767i            8696169.055844124
0                         5.455102040816326E-7     3.72765306122449E-7      -185604.09115235752+1080175.2813620022i           8737005.62335045
0                         5.455102040816326E-7     3.909489795918368E-7     -150550.90620541206+812261.7855489242i            8813761.833268695
0                         5.455102040816326E-7     4.091326530612245E-7     -113986.40151234237+539842.2269385337i            8925340.456021322
0                         5.455102040816326E-7     4.273163265306122E-7     -75910.57707314618+262916.6055308299i             9070313.444234218
0                         5.455102040816326E-7     4.455E-7                 -36323.432887825715-18515.07867418994i            9246994.311436784
0                         5.620408163265306E-7     -4.455E-7                47812.72999077842+21076.379590430282i             8915225.161326898
0                         5.620408163265306E-7     -4.2731632653061225E-7   10193.878802819876+300196.37061418226i            8754094.917183857
0                         5.620408163265306E-7     -4.091326530612245E-7    -118975.07039259622+541104.748219553i             8528693.635722492
0                         5.620408163265306E-7     -3.9094897959183674E-7   -220246.3533431294+785045.9334760915i             8372509.587468591
0                         5.620408163265306E-7     -3.72765306122449E-7     -320965.03214672324+1021558.1844177805i           8247310.446206029
0                         5.620408163265306E-7     -3.545816326530612E-7    -421131.1068033753+1250641.5010446252i            8155102.356184062
0                         5.620408163265306E-7     -3.3639795918367346E-7   -520744.57731309364+1472295.883356618i            8097678.16246924
0                         5.620408163265306E-7     -3.1821428571428575E-7   -640893.2243847575+1721722.638597201i             7974298.379056547
0                         5.620408163265306E-7     -3.0003061224489794E-7   -640202.4178668055+1985960.1178481057i            7951855.164187814
0                         5.620408163265306E-7     -2.8184693877551024E-7   -676308.1669262049+2223995.08953952i              8084332.68364498
0                         5.620408163265306E-7     -2.636632653061224E-7    -691871.4933397054+2513087.7168176714i            7862166.924325556
0                         5.620408163265306E-7     -2.454795918367347E-7    -666422.1552970074+2792567.737379871i             7747877.954351592
0                         5.620408163265306E-7     -2.2729591836734696E-7   -644004.7055961544+3050652.759120569i             7678925.519479344
0                         5.620408163265306E-7     -2.091122448979592E-7    -602602.5368430433+3342124.82194156i              7747460.46969568
0                         5.620408163265306E-7     -1.9092857142857144E-7   -559579.6086191746+3589616.2831240552i            7612157.236680584
0                         5.620408163265306E-7     -1.7274489795918368E-7   -569356.4064437738+3851109.5892933346i            7520063.518474844
0                         5.620408163265306E-7     -1.5456122448979592E-7   -580981.9722990745+4083053.565477528i             7467064.806287641
0                         5.620408163265306E-7     -1.3637755102040816E-7   -415066.4512023219+4303763.13865911i              7534636.668309385
0                         5.620408163265306E-7     -1.181938775510204E-7    -410817.15047506394+4440097.203410592i            7549727.5717698485
0                         5.620408163265306E-7     -1.0001020408163265E-7   -412667.18450256117+4548633.0942240935i           7581544.932910408
0                         5.620408163265306E-7     -8.182653061224489E-8    -403578.13125149603+4651480.710655243i            7654289.523503411
0                         5.620408163265306E-7     -6.364285714285713E-8    -378329.443987308+4747045.582156885i              7486387.357551521
0                         5.620408163265306E-7     -4.545918367346937E-8    -420622.0839352191+4842077.526615983i             7532576.662026633
0                         5.620408163265306E-7     -2.7275510204081612E-8   -420850.84505651356+4914160.321789665i            7532955.625831734
0                         5.620408163265306E-7     -9.091836734693906E-9    -427314.32972000726+4943109.923628313i            7546710.380575782
0                         5.620408163265306E-7     9.091836734693853E-9     -401628.4653206221+4893086.542580945i             7527784.089837096
0                         5.620408163265306E-7     2.7275510204081612E-8    -392420.85981796635+4898637.464522977i            7565852.766116795
0                         5.620408163265306E-7     4.5459183673469424E-8    -391186.2372151825+4869666.720687758i             7607716.973940737
0                         5.620408163265306E-7     6.364285714285713E-8     -397924.5975122757+4806174.3110752795i            7654144.978353314
0                         5.620408163265306E-7     8.182653061224494E-8     -580303.6181111624+4659292.925136661i             7519225.415395378
0                         5.620408163265306E-7     1.0001020408163265E-7    -624003.2699078749+4504637.626540048i             7486742.143972931
0                         5.620408163265306E-7     1.1819387755102046E-7    -649908.2272641032+4352865.632202428i             7503946.319515903
0                         5.620408163265306E-7     1.3637755102040816E-7    -676413.3865171478+4167242.2065547025i            7570292.251644927
0                         5.620408163265306E-7     1.5456122448979587E-7    -703518.7476670109+3947767.349596869i             7685936.768580753
0                         5.620408163265306E-7     1.7274489795918368E-7    -755489.8762529767+3735071.0302432794i            7561757.377509569
0                         5.620408163265306E-7     1.909285714285714E-7     -691940.8409114883+3500715.215233223i             7525668.938255439
0                         5.620408163265306E-7     2.091122448979592E-7     -631835.4150662344+3245757.5861757314i            7519395.502221615
0                         5.620408163265306E-7     2.272959183673469E-7     -575173.598717216+2970198.1430708054i             7543982.573898047
0                         5.620408163265306E-7     2.454795918367347E-7     -545695.6726520075+2713488.848991309i             7579838.265265353
0                         5.620408163265306E-7     2.636632653061224E-7     -554274.3604132725+2500143.142114872i             7666313.163689098
0                         5.620408163265306E-7     2.8184693877551024E-7    -579068.1888277426+2264570.517625495i             7802122.13850483
0                         5.620408163265306E-7     3.0003061224489794E-7    -599720.74688784+2003478.552776795i               7629203.191533516
0                         5.620408163265306E-7     3.1821428571428575E-7    -650795.461333468+1718840.1495923868i             7722339.650161983
0                         5.620408163265306E-7     3.3639795918367346E-7    -469057.1899606239+1482424.607090027i             8018998.4725473225
0                         5.620408163265306E-7     3.5458163265306127E-7    -384906.78896311496+1247710.5540957404i           8133135.070086298
0                         5.620408163265306E-7     3.72765306122449E-7      -299953.9146748511+1004056.8945401742i            8272012.969425297
0                         5.620408163265306E-7     3.909489795918368E-7     -134074.0431813698+805889.5851357367i             8501655.628364798
0                         5.620408163265306E-7     4.091326530612245E-7     -106831.59186396631+534740.3263576603i            8597791.251675338
0                         5.620408163265306E-7     4.273163265306122E-7     -78077.82080043602+259085.0047822713i             8733710.745807782
0                         5.620408163265306E-7     4.455E-7                 -47812.72999077966-21076.379590432793i            8907336.191335283
0                         5.785714285714285E-7     -4.455E-7                59302.027093732235+23637.680506673194i            8567613.547352897
0                         5.785714285714285E-7     -4.2731632653061225E-7   -92931.8759857124+266618.0020758288i              8299630.875710643
0                         5.785714285714285E-7     -4.091326530612245E-7    -186631.12981798133+514005.739159399i             8116059.743788619
0                         5.785714285714285E-7     -3.9094897959183674E-7   -279777.77950332453+753964.5419281161i            7966350.608433448
0                         5.785714285714285E-7     -3.72765306122449E-7     -372371.8250417254+986494.4103819871i             7853226.261463488
0                         5.785714285714285E-7     -3.545816326530612E-7    -464413.26643318386+1211595.3445210117i           7779162.457818762
0                         5.785714285714285E-7     -3.3639795918367346E-7   -478971.4997914857+1494823.045613703i             7760931.199247609
0                         5.785714285714285E-7     -3.1821428571428575E-7   -469556.3329405871+1765578.8436077116i            7730438.476289712
0                         5.785714285714285E-7     -3.0003061224489794E-7   -461665.9015213109+2025576.5654740185i            7728993.726715975
0                         5.785714285714285E-7     -2.8184693877551024E-7   -455300.20553365845+2274816.2112126187i           7754990.877373433
0                         5.785714285714285E-7     -2.636632653061224E-7    -552861.4843547639+2516893.039895154i             7866575.820249829
0                         5.785714285714285E-7     -2.454795918367347E-7    -470716.25450918544+2802578.08530572i             7735151.014864992
0                         5.785714285714285E-7     -2.2729591836734696E-7   -391853.7764914864+3066039.450069679i             7645898.84755744
0                         5.785714285714285E-7     -2.091122448979592E-7    -329105.6863844525+3401013.402024616i             7681231.787855106
0                         5.785714285714285E-7     -1.9092857142857144E-7   -332503.1537749872+3688254.8085797373i            7575678.377362768
0                         5.785714285714285E-7     -1.7274489795918368E-7   -196402.26117567724+3907589.700517936i            7530564.507145354
0                         5.785714285714285E-7     -1.5456122448979592E-7   -175901.33627975773+4097522.557564583i            7530503.131794935
0                         5.785714285714285E-7     -1.3637755102040816E-7   -161499.74613859272+4259657.240673251i            7550112.758387853
0                         5.785714285714285E-7     -1.181938775510204E-7    -153197.49075217923+4393993.749843946i            7587829.055889264
0                         5.785714285714285E-7     -1.0001020408163265E-7   -162768.68669418746+4488508.960599553i            7652489.705405607
0                         5.785714285714285E-7     -8.182653061224489E-8    -157077.25889964192+4620059.817960017i            7568309.136125038
0                         5.785714285714285E-7     -6.364285714285713E-8    -80784.78815748345+4711056.149335702i             7563264.698174188
0                         5.785714285714285E-7     -4.545918367346937E-8    -15848.71847747959+4770531.791707989i             7563681.931448384
0                         5.785714285714285E-7     -2.7275510204081612E-8   -33886.812116236426+4841254.946488631i            7582836.401846562
0                         5.785714285714285E-7     -9.091836734693906E-9    -40714.71467095625+4822526.6259793425i            7551602.28547182
0                         5.785714285714285E-7     9.091836734693853E-9     -24381.170987637015+4866024.334603364i            7587149.935265476
0                         5.785714285714285E-7     2.7275510204081612E-8    -16020.610204193275+4875000.377450131i            7625683.260233734
0                         5.785714285714285E-7     4.5459183673469424E-8    -15633.032320623752+4849454.754519649i            7667281.457073076
0                         5.785714285714285E-7     6.364285714285713E-8     -23218.437336929142+4789387.465811908i            7712654.046360109
0                         5.785714285714285E-7     8.182653061224494E-8     -38776.825253108516+4694798.511326917i            7763120.571358396
0                         5.785714285714285E-7     1.0001020408163265E-7    -303790.4524593068+4479124.369709716i             7505937.316710342
0                         5.785714285714285E-7     1.1819387755102046E-7    -331132.616173537+4328012.357128517i              7506840.491376625
0                         5.785714285714285E-7     1.3637755102040816E-7    -363362.5152244535+4135637.3740418362i            7542800.747979664
0                         5.785714285714285E-7     1.5456122448979587E-7    -400480.1496120617+3901999.420449678i             7616491.528234408
0                         5.785714285714285E-7     1.7274489795918368E-7    -383143.8777370852+3791116.8576670624i            7472131.171632267
0                         5.785714285714285E-7     1.909285714285714E-7     -324733.7838279682+3559704.1496634427i            7410896.468740701
0                         5.785714285714285E-7     2.091122448979592E-7     -269767.29941508546+3307689.6276123873i           7379949.617547971
0                         5.785714285714285E-7     2.272959183673469E-7     -380160.77169823356+3052795.6125729275i           7536706.7512700325
0                         5.785714285714285E-7     2.454795918367347E-7     -414415.6454437676+2786840.3592434525i            7482641.766165465
0                         5.785714285714285E-7     2.636632653061224E-7     -453532.87108258484+2504860.1079234597i           7455728.262110053
0                         5.785714285714285E-7     2.8184693877551024E-7    -356038.14564598684+2303539.905440602i            7621525.788636786
0                         5.785714285714285E-7     3.0003061224489794E-7    -381377.7483507283+2050220.1565845674i            7414853.996249792
0                         5.785714285714285E-7     3.1821428571428575E-7    -437323.356263394+1772996.182826056i              7487413.647716628
0                         5.785714285714285E-7     3.3639795918367346E-7    -498516.34263675724+1481585.8193230962i           7590851.226701522
0                         5.785714285714285E-7     3.5458163265306127E-7    -337249.0904755494+1246267.9435253472i            7794013.782225159
0                         5.785714285714285E-7     3.72765306122449E-7      -259287.32089070993+1008469.3230183001i           7913618.884924559
0                         5.785714285714285E-7     3.909489795918368E-7     -180523.07801510976+761731.0959499737i            8061332.0611904925
0                         5.785714285714285E-7     4.091326530612245E-7     -100956.36184875635+506053.26232036576i           8236652.790774258
0                         5.785714285714285E-7     4.273163265306122E-7     -80245.06452772411+255253.40403371348i            8397341.735082466
0                         5.785714285714285E-7     4.455E-7                 -59302.027093733544-23637.68050667564i            8567304.557384241
0                         5.951020408163264E-7     -4.455E-7                42872.04510762115+15622.61395208831i              7997695.800395136
0                         5.951020408163264E-7     -4.2731632653061225E-7   -168712.56867628935+243501.3755034924i            7891269.673595771
0                         5.951020408163264E-7     -4.091326530612245E-7    -254287.18924337297+486906.730099241i             7707445.145314384
0                         5.951020408163264E-7     -3.9094897959183674E-7   -339309.2056635158+722883.1503801421i             7563674.477679871
0                         5.951020408163264E-7     -3.72765306122449E-7     -423778.6179367232+951430.6363461949i             7463384.014510486
0                         5.951020408163264E-7     -3.545816326530612E-7    -332973.7604324911+1265644.891271695i             7545824.760594525
0                         5.951020408163264E-7     -3.3639795918367346E-7   -314834.2332486436+1542919.0080088093i            7501188.61571547
0                         5.951020408163264E-7     -3.1821428571428575E-7   -298219.4414964195+1809435.0486182217i            7490084.208142672
0                         5.951020408163264E-7     -3.0003061224489794E-7   -283129.3851758172+2065193.01309993i              7510986.271267517
0                         5.951020408163264E-7     -2.8184693877551024E-7   -245176.9403482686+2355266.0174292545i            7549845.065215823
0                         5.951020408163264E-7     -2.636632653061224E-7    -299909.00990401855+2573375.904271196i            7723041.710641738
0                         5.951020408163264E-7     -2.454795918367347E-7    -212643.0310979558+2855515.270054514i             7624692.308436044
0                         5.951020408163264E-7     -2.2729591836734696E-7   -128659.8041197705+3115430.955191223i             7570659.475197342
0                         5.951020408163264E-7     -2.091122448979592E-7    -106559.79394363108+3503453.1570795444i           7603502.251659808
0                         5.951020408163264E-7     -1.9092857142857144E-7   18405.320259914966+3651745.4382898184i            7500113.323264388
0                         5.951020408163264E-7     -1.7274489795918368E-7   49058.53456974204+3867478.9136936553i             7501014.047753144
0                         5.951020408163264E-7     -1.5456122448979592E-7   73612.41412481887+4055414.2151595177i             7523683.083146358
0                         5.951020408163264E-7     -1.3637755102040816E-7   92066.95892514012+4215551.342687397i              7566209.643664913
0                         5.951020408163264E-7     -1.181938775510204E-7    104422.16897070498+4347890.296277299i             7626974.168216413
0                         5.951020408163264E-7     -1.0001020408163265E-7   109648.69962246591+4460304.340404129i             7709245.609347219
0                         5.951020408163264E-7     -8.182653061224489E-8    138670.48776063556+4586661.412732759i             7648130.628997487
0                         5.951020408163264E-7     -6.364285714285713E-8    216759.8676723406+4675066.716514512i              7644678.275823564
0                         5.951020408163264E-7     -4.545918367346937E-8    283492.8465218919+4731951.331292876i              7645858.525534039
0                         5.951020408163264E-7     -2.7275510204081612E-8   313920.14251726493+4710594.801791016i             7576294.095507476
0                         5.951020408163264E-7     -9.091836734693906E-9    337379.6243812444+4792039.297097026i              7609834.906865576
0                         5.951020408163264E-7     9.091836734693853E-9     352866.1233453506+4838962.126625786i              7646339.59835209
0                         5.951020408163264E-7     2.7275510204081612E-8    360379.63940957934+4851363.290377289i             7685186.65315289
0                         5.951020408163264E-7     4.5459183673469424E-8    359920.1725739362+4829242.7883515395i             7726398.991324623
0                         5.951020408163264E-7     6.364285714285713E-8     351487.7228384167+4772600.620548535i              7770627.782480769
0                         5.951020408163264E-7     8.182653061224494E-8     335082.29020302417+4681436.7869682815i            7819133.38669929
0                         5.951020408163264E-7     1.0001020408163265E-7    296716.8233451231+4510603.49909466i               7696204.930171326
0                         5.951020408163264E-7     1.1819387755102046E-7    70876.75400200905+4292391.1918116305i             7536654.531341025
0                         5.951020408163264E-7     1.3637755102040816E-7    37413.826016467065+4105096.177999384i             7555074.906267534
0                         5.951020408163264E-7     1.5456122448979587E-7    42373.704650383996+4038679.5223659896i            7677204.135864344
0                         5.951020408163264E-7     1.7274489795918368E-7    -10797.879221196963+3847162.685090848i            7387183.032912053
0                         5.951020408163264E-7     1.909285714285714E-7     42473.27325555156+3618693.0840936643i             7300255.895981745
0                         5.951020408163264E-7     2.091122448979592E-7     -208142.70844354562+3371267.8828201164i           7568832.40786624
0                         5.951020408163264E-7     2.272959183673469E-7     -243207.987392892+3123742.3751531183i             7458543.551496052
0                         5.951020408163264E-7     2.454795918367347E-7     -283135.61823552626+2860191.869495599i            7374962.091289859
0                         5.951020408163264E-7     2.636632653061224E-7     -327925.6009714457+2580616.3658475587i            7320145.004302061
0                         5.951020408163264E-7     2.8184693877551024E-7    -377577.93560065585+2285015.8642089935i           7296078.074536598
0                         5.951020408163264E-7     3.0003061224489794E-7    -163034.7498136186+2096961.760392337i             7212451.099747044
0                         5.951020408163264E-7     3.1821428571428575E-7    -223851.25119332157+1827152.2160597236i           7263430.291537791
0                         5.951020408163264E-7     3.3639795918367346E-7    -289915.1310337214+1543156.2819826605i            7346772.153442889
0                         5.951020408163264E-7     3.5458163265306127E-7    -289591.3919879851+1244825.332954954i             7470086.844388481
0                         5.951020408163264E-7     3.72765306122449E-7      -218620.7271065652+1012881.7514964289i            7566762.067277279
0                         5.951020408163264E-7     3.909489795918368E-7     -146847.58893438807+771998.5634766237i            7696007.411430036
0                         5.951020408163264E-7     4.091326530612245E-7     -74271.97747145683+522175.76889553765i            7857123.294848488
0                         5.951020408163264E-7     4.273163265306122E-7     -893.8927177658479+263413.367753171i              8049148.076291946
0                         5.951020408163264E-7     4.455E-7                 -42872.0451076218-15622.61395209052i              8394595.34495772
0                         6.116326530612245E-7     -4.455E-7                48430.77456585582+15858.805281812987i             7514343.522001398
0                         6.116326530612245E-7     -4.2731632653061225E-7   -111558.07164482819+238637.00701519294i           7379797.938043974
0                         6.116326530612245E-7     -4.091326530612245E-7    -321943.24866876245+459807.72103908454i           7303703.209642935
0                         6.116326530612245E-7     -3.9094897959183674E-7   -398840.63182371284+691801.7588321674i            7165080.659389707
0                         6.116326530612245E-7     -3.72765306122449E-7     -202900.0063077733+1034188.1755711797i            7339013.178882818
0                         6.116326530612245E-7     -3.545816326530612E-7    -176036.11879097484+1317980.611051403i            7272046.752099383
0                         6.116326530612245E-7     -3.3639795918367346E-7   -150696.96670580283+1591014.97040392i             7243635.676116709
0                         6.116326530612245E-7     -3.1821428571428575E-7   -126882.55005224934+1853291.2536287336i           7252500.440372702
0                         6.116326530612245E-7     -3.0003061224489794E-7   -113875.13855519654+2137698.7247319743i           7287769.86830379
0                         6.116326530612245E-7     -2.8184693877551024E-7   -80944.39634814126+2397323.4754983583i            7368554.438987503
0                         6.116326530612245E-7     -2.636632653061224E-7    39449.946431339195+2682658.645001157i             7265100.667416606
0                         6.116326530612245E-7     -2.454795918367347E-7    45430.19231327626+2908452.454803307i              7511247.027585791
0                         6.116326530612245E-7     -2.2729591836734696E-7   108473.67305030103+3296704.6347927544i            7603439.884751694
0                         6.116326530612245E-7     -2.091122448979592E-7    219007.65762245067+3372098.113285308i             7445370.130242219
0                         6.116326530612245E-7     -1.9092857142857144E-7   259813.16134618537+3613632.2070463295i            7444749.449555743
0                         6.116326530612245E-7     -1.7274489795918368E-7   294519.33031516784+3827368.1268693786i            7468403.599838544
0                         6.116326530612245E-7     -1.5456122448979592E-7   323126.16452939616+4013305.872754448i             7514074.972649856
0                         6.116326530612245E-7     -1.3637755102040816E-7   345633.66398887144+4171445.4447015403i            7579771.4385418845
0                         6.116326530612245E-7     -1.181938775510204E-7    362041.8286935927+4301786.842710655i              7663813.424168205
0                         6.116326530612245E-7     -1.0001020408163265E-7   382066.0859391233+4432099.72020871i               7758578.063400504
0                         6.116326530612245E-7     -8.182653061224489E-8    434418.2344209149+4553263.007505501i              7727713.748628512
0                         6.116326530612245E-7     -6.364285714285713E-8    514304.52350216935+4639077.283693329i             7726430.053768805
0                         6.116326530612245E-7     -4.545918367346937E-8    582834.4115212663+4693370.870877764i              7728993.284029731
0                         6.116326530612245E-7     -2.7275510204081612E-8   703350.3830766624+4841641.1631014i                7764874.46370459
0                         6.116326530612245E-7     -9.091836734693906E-9    720839.2696834444+4889419.877944846i              7769090.023626849
0                         6.116326530612245E-7     9.091836734693853E-9     727180.2769030735+4910523.341846436i              7777737.6574282395
0                         6.116326530612245E-7     2.7275510204081612E-8    722373.404735544+4904951.5548061645i              7790440.95642913
0                         6.116326530612245E-7     4.5459183673469424E-8    735473.3774684952+4809030.82218343i               7781983.946381831
0                         6.116326530612245E-7     6.364285714285713E-8     726193.8830137653+4755813.775285163i              7824992.491640801
0                         6.116326530612245E-7     8.182653061224494E-8     708941.4056591564+4668075.06260964i               7871492.358100195
0                         6.116326530612245E-7     1.0001020408163265E-7    679955.0222565304+4490357.704745248i              7733931.978141758
0                         6.116326530612245E-7     1.1819387755102046E-7    472886.12417755986+4256770.026494737i             7577749.593287481
0                         6.116326530612245E-7     1.3637755102040816E-7    464235.8963696491+4213211.38656072i               7653626.667272901
0                         6.116326530612245E-7     1.5456122448979587E-7    476952.69539146626+4074787.4653755603i            7694470.704585196
0                         6.116326530612245E-7     1.7274489795918368E-7    361548.1192946941+3903208.5125146327i             7305919.43192158
0                         6.116326530612245E-7     1.909285714285714E-7     -29641.482887943275+3668905.6597328745i           7676873.653765931
0                         6.116326530612245E-7     2.091122448979592E-7     -65517.16704110219+3439809.8977283537i            7509503.82587568
0                         6.116326530612245E-7     2.272959183673469E-7     -106255.20308754849+3194689.1377333105i           7368099.434704979
0                         6.116326530612245E-7     2.454795918367347E-7     724357.0835916018+3054859.9707000484i             7136893.5467743585
0                         6.116326530612245E-7     2.636632653061224E-7     562947.0404202756+2779068.693240195i              7087087.947692079
0                         6.116326530612245E-7     2.8184693877551024E-7    396234.94173296087+2490045.464145656i             7073145.17728364
0                         6.116326530612245E-7     3.0003061224489794E-7    251650.97780490085+2196567.011656278i             7188133.133409087
0                         6.116326530612245E-7     3.1821428571428575E-7    -10379.14612324728+1881308.2492933911i            7049417.732972368
0                         6.116326530612245E-7     3.3639795918367346E-7    -81313.91943068383+1604726.7446422258i            7112427.971356459
0                         6.116326530612245E-7     3.5458163265306127E-7    -157496.07119882104+1313958.8502466069i           7209053.322972536
0                         6.116326530612245E-7     3.72765306122449E-7      -177954.13332241768+1017294.179974559i            7231314.003332091
0                         6.116326530612245E-7     3.909489795918368E-7     -113172.09985366452+782266.0310032733i            7339275.250950925
0                         6.116326530612245E-7     4.091326530612245E-7     -47587.59309415359+538298.2754707099i             7484417.737050977
0                         6.116326530612245E-7     4.273163265306122E-7     18799.386956115282+285390.91337686474i            7665472.573024438
0                         6.116326530612245E-7     4.455E-7                 -48430.77456585661-15858.80528181516i             8012622.647654375
0                         6.281632653061224E-7     -4.455E-7                53989.50402409051+16094.99661153769i              7038505.785637582
0                         6.281632653061224E-7     -4.2731632653061225E-7   -99007.42728829372+231732.58371364395i            6908181.34238777
0                         6.281632653061224E-7     -4.091326530612245E-7    -252370.25425808993+441786.63190512883i           6809163.744609482
0                         6.281632653061224E-7     -3.9094897959183674E-7   -88750.23741733283+800452.8985121557i             7156030.704489417
0                         6.281632653061224E-7     -3.72765306122449E-7     -53161.989567582496+1090763.6527354843i           7056398.1937364135
0                         6.281632653061224E-7     -3.545816326530612E-7    -19098.477149459533+1370316.3308311095i           7000670.902742013
0                         6.281632653061224E-7     -3.3639795918367346E-7   13440.299837043043+1639110.9327990287i            6988102.0726261595
0                         6.281632653061224E-7     -3.1821428571428575E-7   44454.34139192011+1897147.4586392436i             7017216.016018627
0                         6.281632653061224E-7     -3.0003061224489794E-7   42821.53568844865+2183641.4152355143i             7084233.868547758
0                         6.281632653061224E-7     -2.8184693877551024E-7   83288.14765198468+2439380.9335674616i             7190232.693207212
0                         6.281632653061224E-7     -2.636632653061224E-7    179220.26179269198+2708712.5822710325i            7209501.835492075
0                         6.281632653061224E-7     -2.454795918367347E-7    312656.7815931918+2975453.0157922404i             7351285.857833506
0                         6.281632653061224E-7     -2.2729591836734696E-7   405404.7509119181+3068647.7255043914i             7367408.186713611
0                         6.281632653061224E-7     -2.091122448979592E-7    456362.5440495643+3335982.4376226077i             7362066.841525162
0                         6.281632653061224E-7     -1.9092857142857144E-7   501221.00243245455+3575518.9758028435i            7383952.328370867
0                         6.281632653061224E-7     -1.7274489795918368E-7   539980.1260605922+3787257.340045103i              7430468.177339538
0                         6.281632653061224E-7     -1.5456122448979592E-7   572639.9149339752+3971197.530349382i              7499242.889175929
0                         6.281632653061224E-7     -1.3637755102040816E-7   599200.3690526021+4127339.5467156842i             7588196.661954136
0                         6.281632653061224E-7     -1.181938775510204E-7    619661.4884164786+4255683.38914401i               7695586.097190671
0                         6.281632653061224E-7     -1.0001020408163265E-7   654483.4722557759+4403895.100013287i              7798066.966076978
0                         6.281632653061224E-7     -8.182653061224489E-8    730165.9810811926+4519864.602278246i              7803673.055450835
0                         6.281632653061224E-7     -6.364285714285713E-8    811849.1793319932+4603087.850872143i              7805068.727587041
0                         6.281632653061224E-7     -4.545918367346937E-8    872266.443781132+4708174.866105873i               7880075.860222287
0                         6.281632653061224E-7     -2.7275510204081612E-8   901615.9831449784+4768830.384557355i              7848006.785258682
0                         6.281632653061224E-7     -9.091836734693906E-9    918470.1387721396+4816847.916511409i              7849982.233309591
0                         6.281632653061224E-7     9.091836734693853E-9     924176.4150121453+4838190.19752361i               7856335.467725919
0                         6.281632653061224E-7     2.7275510204081612E-8    918734.8118649942+4832857.227593947i              7866694.47612121
0                         6.281632653061224E-7     4.5459183673469424E-8    902145.3293306851+4800849.006722429i              7881137.059272283
0                         6.281632653061224E-7     6.364285714285713E-8     874407.9674092182+4742165.534909049i              7900187.461597504
0                         6.281632653061224E-7     8.182653061224494E-8     678550.2237972096+4628813.656411572i              7748735.059062288
0                         6.281632653061224E-7     1.0001020408163265E-7    659365.1917145734+4580644.870756613i              7774936.491979676
0                         6.281632653061224E-7     1.1819387755102046E-7    623295.4052824696+4408927.076849705i              7802894.29111114
0                         6.281632653061224E-7     1.3637755102040816E-7    428312.9251127995+4223527.306693787i              7597093.607353633
0                         6.281632653061224E-7     1.5456122448979587E-7    395845.2707596556+4066083.8142463174i             7580151.664438121
0                         6.281632653061224E-7     1.7274489795918368E-7    677541.3453657853+3897491.447381587i              7298015.344383839
0                         6.281632653061224E-7     1.909285714285714E-7     644140.3698190667+3712497.9133079173i             7212631.6887597665
0                         6.281632653061224E-7     2.091122448979592E-7     1074490.5686074914+3589316.371079683i             7403368.653688712
0                         6.281632653061224E-7     2.272959183673469E-7     916369.0245337489+3337491.8000179725i             7259791.291617489
0                         6.281632653061224E-7     2.454795918367347E-7     752945.4249440166+3072435.2773215733i             7149109.087198416
0                         6.281632653061224E-7     2.636632653061224E-7     584219.7698383083+2794146.802990499i              7073907.129722326
0                         6.281632653061224E-7     2.8184693877551024E-7    410192.05921661324+2502626.37702474i              7036544.131086426
0                         6.281632653061224E-7     3.0003061224489794E-7    260019.45932330482+2207418.659059949i             7072571.531729892
0                         6.281632653061224E-7     3.1821428571428575E-7    139020.08009960223+1917661.839762243i             6926982.736981225
0                         6.281632653061224E-7     3.3639795918367346E-7    127287.29217234923+1666297.2073017894i            6887560.328804022
0                         6.281632653061224E-7     3.5458163265306127E-7    46234.24693717585+1382943.7423320673i             6966258.409943391
0                         6.281632653061224E-7     3.72765306122449E-7      -137287.53953827661+1021706.6084526856i           6907266.00016611
0                         6.281632653061224E-7     3.909489795918368E-7     -79496.61077294068+792533.4985299241i             6991027.886041646
0                         6.281632653061224E-7     4.091326530612245E-7     -20903.208716853347+554420.7820458803i            7118434.135251406
0                         6.281632653061224E-7     4.273163265306122E-7     -103605.33137805096+247889.3896244761i            7434962.989571131
0                         6.281632653061224E-7     4.455E-7                 -53989.50402409139-16094.996611539793i            7636437.929002942
0                         6.446938775510203E-7     -4.455E-7                59548.23348232516+16331.18794126238i              6570810.907141468
0                         6.446938775510203E-7     -4.2731632653061225E-7   -86456.78293175844+224828.1604120951i             6445521.126073533
0                         6.446938775510203E-7     -4.091326530612245E-7    361976.817423393+608608.7897866783i               6897860.477329129
0                         6.446938775510203E-7     -3.9094897959183674E-7   321356.88663532387+884511.6015845046i             6812519.089406367
0                         6.446938775510203E-7     -3.72765306122449E-7     96576.02717260737+1147339.1298997914i             6778384.406857821
0                         6.446938775510203E-7     -3.545816326530612E-7    137839.1644920567+1422652.050610817i              6732299.009625689
0                         6.446938775510203E-7     -3.3639795918367346E-7   177577.56637988472+1687206.8951941384i            6734772.617206995
0                         6.446938775510203E-7     -3.1821428571428575E-7   148771.69450022624+1966686.3645263957i            6777982.115924068
0                         6.446938775510203E-7     -3.0003061224489794E-7   199518.2099320955+2229584.1057390557i             6881479.670967698
0                         6.446938775510203E-7     -2.8184693877551024E-7   247520.6916521093+2481438.391636565i              7013933.740564852
0                         6.446938775510203E-7     -2.636632653061224E-7    362114.81437926565+2624155.8288726145i            7139844.687514576
0                         6.446938775510203E-7     -2.454795918367347E-7    507047.8555321754+2892657.20370774i               7220212.632469725
0                         6.446938775510203E-7     -2.2729591836734696E-7   638706.6826798794+3034529.6054224838i             7255182.789446596
0                         6.446938775510203E-7     -2.091122448979592E-7    693717.4304766792+3299866.7619599113i             7271772.897977975
0                         6.446938775510203E-7     -1.9092857142857144E-7   742628.8435187235+3537405.744559356i              7316106.758917647
0                         6.446938775510203E-7     -1.7274489795918368E-7   785440.9218060155+3747146.553220827i              7385435.544031472
0                         6.446938775510203E-7     -1.5456122448979592E-7   822153.6653385519+3929089.1879443172i             7477264.75630956
0                         6.446938775510203E-7     -1.3637755102040816E-7   852767.0741163356+4083233.64872983i               7589421.085798509
0                         6.446938775510203E-7     -1.181938775510204E-7    877281.148139364+4209579.9355773665i              7720094.042116553
0                         6.446938775510203E-7     -1.0001020408163265E-7   926900.8585724302+4375690.479817864i              7825893.80475369
0                         6.446938775510203E-7     -8.182653061224489E-8    1025913.7277414689+4486466.197050988i             7873318.951176032
0                         6.446938775510203E-7     -6.364285714285713E-8    1109393.8351618175+4567098.418050956i             7877846.536746186
0                         6.446938775510203E-7     -4.545918367346937E-8    1079701.8334049531+4648409.203531575i             7932981.871618488
0                         6.446938775510203E-7     -2.7275510204081612E-8   1062531.903836098+4681059.586729639i              7992395.6992960535
0                         6.446938775510203E-7     -9.091836734693906E-9    1116101.007860836+4744275.955077975i              7925468.500571176
0                         6.446938775510203E-7     9.091836734693853E-9     1121172.5531212161+4765857.0532007795i            7929566.558085362
0                         6.446938775510203E-7     2.7275510204081612E-8    1115096.2189944414+4760762.900381728i             7937618.486377591
0                         6.446938775510203E-7     4.5459183673469424E-8    1097872.00548051+4728993.496620819i               7949701.832904699
0                         6.446938775510203E-7     6.364285714285713E-8     1069499.9125794212+4670548.84191805i              7966337.1332797725
0                         6.446938775510203E-7     8.182653061224494E-8     924073.6691971773+4552328.742404243i              7819048.810414321
0                         6.446938775510203E-7     1.0001020408163265E-7    875717.8729741011+4426636.572407312i              7821176.349166598
0                         6.446938775510203E-7     1.1819387755102046E-7    955121.606538875+4379168.579593586i               7843113.233481641
0                         6.446938775510203E-7     1.3637755102040816E-7    733382.1246837442+4155113.6260549696i             7611584.479725867
0                         6.446938775510203E-7     1.5456122448979587E-7    859376.5675298194+3981836.4594114036i             7407685.222637605
0                         6.446938775510203E-7     1.7274489795918368E-7    828498.4428794107+3824814.2397854263i             7284681.407918034
0                         6.446938775510203E-7     1.909285714285714E-7     790172.4849135205+3645619.4653770635i             7177897.982082856
0                         6.446938775510203E-7     2.091122448979592E-7     744398.6936321533+3444252.1361863157i             7089735.079938861
0                         6.446938775510203E-7     2.272959183673469E-7     691177.0690353082+3220712.2522131866i             7022895.792684357
0                         6.446938775510203E-7     2.454795918367347E-7     630507.6111229789+2974999.8134576706i             6980327.372881763
0                         6.446938775510203E-7     2.636632653061224E-7     562390.3198951762+2707114.819919769i              6965135.968525954
0                         6.446938775510203E-7     2.8184693877551024E-7    424149.1767002693+2515207.289903825i              6996289.470258555
0                         6.446938775510203E-7     3.0003061224489794E-7    268387.94084171095+2218270.3064636216i            6952047.4983289195
0                         6.446938775510203E-7     3.1821428571428575E-7    138587.9723274469+1925300.3948297435i             6785759.853792293
0                         6.446938775510203E-7     3.3639795918367346E-7    4230.412871681619+1625931.4293215205i             6651007.207042081
0                         6.446938775510203E-7     3.5458163265306127E-7    -134684.73752558243+1320163.4099389475i           6550085.109107343
0                         6.446938775510203E-7     3.72765306122449E-7      158793.24791026447+1161803.2091292539i            6833440.446161653
0                         6.446938775510203E-7     3.909489795918368E-7     -45821.121692217595+802800.9660565753i            6651311.828678112
0                         6.446938775510203E-7     4.091326530612245E-7     -145223.50407691352+490029.85312244366i           6896931.22247473
0                         6.446938775510203E-7     4.273163265306122E-7     -101378.02275221609+240824.67579982718i           7068254.244492871
0                         6.446938775510203E-7     4.455E-7                 -59548.23348232616-16331.187941264434i            7265981.814648078
0                         6.612244897959182E-7     -4.455E-7                65106.96294055984+16567.379270987076i             6112210.933653615
0                         6.612244897959182E-7     -4.2731632653061225E-7   691987.739724411+418287.9673732258i               6692666.991226498
0                         6.612244897959182E-7     -4.091326530612245E-7    660022.8607987538+697194.502116246i               6589346.779245074
0                         6.612244897959182E-7     -3.9094897959183674E-7   626678.8072678982+966947.9286340636i              6521504.884841994
0                         6.612244897959182E-7     -3.72765306122449E-7     591955.5791318485+1227548.2469266816i             6488952.4996261345
0                         6.612244897959182E-7     -3.545816326530612E-7    555853.1763905984+1478995.4569940967i             6490975.642111273
0                         6.612244897959182E-7     -3.3639795918367346E-7   236906.08008718642+1746458.3233710031i            6455405.903721865
0                         6.612244897959182E-7     -3.1821428571428575E-7   493397.83276196127+1968201.6997146183i            6606787.821584278
0                         6.612244897959182E-7     -3.0003061224489794E-7   601471.7959552278+2217458.152622078i              6769333.679569646
0                         6.612244897959182E-7     -2.8184693877551024E-7   704224.5269469281+2457360.599576235i              6956810.346157936
0                         6.612244897959182E-7     -2.636632653061224E-7    707777.5157779378+2678138.648416688i              6913878.856849977
0                         6.612244897959182E-7     -2.454795918367347E-7    589232.1316285084+2886014.296947503i              7190074.122667109
0                         6.612244897959182E-7     -2.2729591836734696E-7   736386.0999588507+3138327.8767150887i             7190839.468554462
0                         6.612244897959182E-7     -2.091122448979592E-7    931072.3169037945+3263751.086297212i              7173510.442094155
0                         6.612244897959182E-7     -1.9092857142857144E-7   984036.6846049929+3499292.513315869i              7240078.435076604
0                         6.612244897959182E-7     -1.7274489795918368E-7   1030901.7175514381+3707035.7663965477i            7332024.543385131
0                         6.612244897959182E-7     -1.5456122448979592E-7   1071667.4157431289+3886980.8455392495i            7446722.148507818
0                         6.612244897959182E-7     -1.3637755102040816E-7   1106333.7791800664+4039127.750743974i             7581898.686554699
0                         6.612244897959182E-7     -1.181938775510204E-7    1139168.6061880803+4196934.862375207i             7716311.298741474
0                         6.612244897959182E-7     -1.0001020408163265E-7   1225028.0567496931+4343505.909414294i             7929980.6605648585
0                         6.612244897959182E-7     -8.182653061224489E-8    1321661.474401745+4453067.791823731i              7934608.709153354
0                         6.612244897959182E-7     -6.364285714285713E-8    1286421.6052514226+4531931.610531309i             7905060.577852016
0                         6.612244897959182E-7     -4.545918367346937E-8    1287137.2230287732+4588643.540957273i             7976653.029161954
0                         6.612244897959182E-7     -2.7275510204081612E-8   1271342.7881050624+4621200.004089991i             8040438.925969456
0                         6.612244897959182E-7     -9.091836734693906E-9    1313731.8769495313+4671703.99364454i              7992797.609611643
0                         6.612244897959182E-7     9.091836734693853E-9     1318168.691230288+4693523.908877953i              7994690.418968338
0                         6.612244897959182E-7     2.7275510204081612E-8    1311457.626123889+4688668.573169509i              8000484.525711709
0                         6.612244897959182E-7     4.5459183673469424E-8    1293598.6816303341+4657137.986519209i             8010257.145376976
0                         6.612244897959182E-7     6.364285714285713E-8     1209902.7987238825+4569204.830071264i             7900913.622123817
0                         6.612244897959182E-7     8.182653061224494E-8     1169597.1145971445+4475843.828396914i             7889776.296470279
0                         6.612244897959182E-7     1.0001020408163265E-7    1118814.7836814404+4348988.504663286i             7883379.70641693
0                         6.612244897959182E-7     1.1819387755102046E-7    1057555.8059767687+4188638.8588703806i            7883848.1006411575
0                         6.612244897959182E-7     1.3637755102040816E-7    1043613.9212167191+4032411.3973282203i            7584469.859146772
0                         6.612244897959182E-7     1.5456122448979587E-7    1015258.6474626171+3903360.4921499356i            7424306.622438657
0                         6.612244897959182E-7     1.7274489795918368E-7    979455.5403930349+3752137.0321892654i             7278633.183442851
0                         6.612244897959182E-7     1.909285714285714E-7     936204.6000079752+3578741.017446212i              7149513.829272753
0                         6.612244897959182E-7     2.091122448979592E-7     885505.8263074348+3383172.4479207713i             7039374.5149828065
0                         6.612244897959182E-7     2.272959183673469E-7     827359.2192914169+3165431.32361295i               6950973.815002552
0                         6.612244897959182E-7     2.454795918367347E-7     761764.7789599211+2925517.6445227396i             6887347.307954943
0                         6.612244897959182E-7     2.636632653061224E-7     688722.5053129457+2663431.4106501495i             6851721.798180214
0                         6.612244897959182E-7     2.8184693877551024E-7    447991.1025258065+2534463.279396827i              6969087.308935447
0                         6.612244897959182E-7     3.0003061224489794E-7    412463.20442093955+2202189.391635964i             6798806.071365637
0                         6.612244897959182E-7     3.1821428571428575E-7    356134.33047100157+1950559.4101496935i            6668854.997699954
0                         6.612244897959182E-7     3.3639795918367346E-7    292557.4284341412+1687374.8688296208i             6560208.322497908
0                         6.612244897959182E-7     3.5458163265306127E-7    221732.49831035524+1412635.7676757416i            6475682.574554091
0                         6.612244897959182E-7     3.72765306122449E-7      143659.54009964154+1126342.1066880585i            6418082.387606437
0                         6.612244897959182E-7     3.909489795918368E-7     -173285.29266244348+710562.5852120898i            6413561.944658292
0                         6.612244897959182E-7     4.091326530612245E-7     -135210.15736700868+476136.616802871i             6544875.837313649
0                         6.612244897959182E-7     4.273163265306122E-7     -99150.71412638188+233759.96197517795i            6707941.97332009
0                         6.612244897959182E-7     4.455E-7                 -65106.962940560945-16567.379270989062i           6901322.20179313
0                         6.777551020408163E-7     -4.455E-7                -40442.86294200899-12079.637651465884i            6175836.796585024
0                         6.777551020408163E-7     -4.2731632653061225E-7   -57447.844996370375+237946.99036540632i           6237614.571341556
0                         6.777551020408163E-7     -4.091326530612245E-7    57525.71783872644+543508.4848929364i              6146585.673685896
0                         6.777551020408163E-7     -3.9094897959183674E-7   168645.7199685528+840476.4762848604i              6108307.998828603
0                         6.777551020408163E-7     -3.72765306122449E-7     275912.16139311425+1128850.96454118i              6121715.346902181
0                         6.777551020408163E-7     -3.545816326530612E-7    379325.0421124061+1408631.9496618947i             6184496.521286296
0                         6.777551020408163E-7     -3.3639795918367346E-7   487044.8695614668+1677587.2749474782i             6295131.344734343
0                         6.777551020408163E-7     -3.1821428571428575E-7   608011.3982464814+1932259.8477163208i             6448766.207196111
0                         6.777551020408163E-7     -3.0003061224489794E-7   723656.6947299353+2177578.4145318605i             6632246.655974669
0                         6.777551020408163E-7     -2.8184693877551024E-7   833980.7590118246+2413542.9753940967i             6842110.212719349
0                         6.777551020408163E-7     -2.636632653061224E-7    850773.8378507661+2657216.2757907384i             6840436.797385939
0                         6.777551020408163E-7     -2.454795918367347E-7    972357.2347760001+2881475.309537911i              7024242.811880454
0                         6.777551020408163E-7     -2.2729591836734696E-7   823024.9919041703+3129592.709911715i              7172551.435664305
0                         6.777551020408163E-7     -2.091122448979592E-7    967903.0391004488+3355705.567075791i              7220109.154260213
0                         6.777551020408163E-7     -1.9092857142857144E-7   1225444.5256912624+3461179.2820723807i            7155225.052822726
0                         6.777551020408163E-7     -1.7274489795918368E-7   1276362.5132968626+3666924.979572273i             7269447.104994601
0                         6.777551020408163E-7     -1.5456122448979592E-7   1321181.1661477082+3844872.503134183i             7406693.202574282
0                         6.777551020408163E-7     -1.3637755102040816E-7   1359900.4842437997+3995021.8527581175i            7564585.4588602735
0                         6.777551020408163E-7     -1.181938775510204E-7    1408622.0873371097+4169743.2202969166i            7704335.121257591
0                         6.777551020408163E-7     -1.0001020408163265E-7   1518978.8942404226+4312698.531780966i             7976865.004584212
0                         6.777551020408163E-7     -8.182653061224489E-8    1473880.3351065412+4391486.3903684905i            7848622.701776372
0                         6.777551020408163E-7     -6.364285714285713E-8    1492481.5002300995+4472259.868022352i             7932815.693602209
0                         6.777551020408163E-7     -4.545918367346937E-8    1494572.6126525956+4528877.8783829715i            8009105.299892822
0                         6.777551020408163E-7     -2.7275510204081612E-8   1480153.6723740317+4561340.4214503495i            8077038.262432692
0                         6.777551020408163E-7     -9.091836734693906E-9    1511362.7460382262+4599132.032211102i             8049770.195282074
0                         6.777551020408163E-7     9.091836734693853E-9     1515164.8293393613+4621190.764555127i             8049515.301640429
0                         6.777551020408163E-7     2.7275510204081612E-8    1507819.0332533405+4616574.245957292i             8053109.445874411
0                         6.777551020408163E-7     4.5459183673469424E-8    1490108.3508468745+4554912.903152397i             8000746.246065673
0                         6.777551020408163E-7     6.364285714285713E-8     1457852.778816478+4493883.069800629i              7978094.845850301
0                         6.777551020408163E-7     8.182653061224494E-8     1415120.5599971153+4399358.914389583i             7958417.523061442
0                         6.777551020408163E-7     1.0001020408163265E-7    1361911.694388783+4271340.436919259i              7943275.591616698
0                         6.777551020408163E-7     1.1819387755102046E-7    1298226.1819914808+4109827.6373896534i            7934796.465248808
0                         6.777551020408163E-7     1.3637755102040816E-7    1300924.674773996+3984319.872667405i              7644285.613056356
0                         6.777551020408163E-7     1.5456122448979587E-7    1171140.7273954153+3824884.524888469i             7445478.345282454
0                         6.777551020408163E-7     1.7274489795918368E-7    1130412.6379066615+3679459.824593104i             7276388.325034653
0                         6.777551020408163E-7     1.909285714285714E-7     1082236.7151024304+3511862.569515358i             7124193.220777399
0                         6.777551020408163E-7     2.091122448979592E-7     1026612.95898272+3322092.759655226i               6991356.586181216
0                         6.777551020408163E-7     2.272959183673469E-7     963541.3695475291+3110150.39501271i               6880707.032046835
0                         6.777551020408163E-7     2.454795918367347E-7     893021.946796862+2876035.4755878085i              6795386.679886048
0                         6.777551020408163E-7     2.636632653061224E-7     726300.0318424753+2739526.4927935507i             6844236.257540405
0                         6.777551020408163E-7     2.8184693877551024E-7    610991.4235204277+2409286.0993743585i             6781333.957304112
0                         6.777551020408163E-7     3.0003061224489794E-7    555052.5519714304+2174434.0798717197i             6616289.108158202
0                         6.777551020408163E-7     3.1821428571428575E-7    491865.6523355101+1928027.5005352749i             6470152.532210896
0                         6.777551020408163E-7     3.3639795918367346E-7    421430.7246126535+1670066.3613650242i             6345879.9332019575
0                         6.777551020408163E-7     3.5458163265306127E-7    343747.7688028726+1400550.6623609676i             6246546.211075286
0                         6.777551020408163E-7     3.72765306122449E-7      308482.937825429+1193100.0667686448i              6195104.954756374
0                         6.777551020408163E-7     3.909489795918368E-7     236557.48957924446+897059.3492009285i             6108470.143120187
0                         6.777551020408163E-7     4.091326530612245E-7     328414.63008966786+669602.7732432889i             6308445.823345941
0                         6.777551020408163E-7     4.273163265306122E-7     340832.48401022196+355658.33601338346i            6442154.154278914
0                         6.777551020408163E-7     4.455E-7                 40442.86294200753+12079.637651463108i             6941934.175621378
0                         6.942857142857142E-7     -4.455E-7                -30316.15907792428-13272.216696856884i            5899581.823400429
0                         6.942857142857142E-7     -4.2731632653061225E-7   64034.83922240033+276522.5627405974i              5922062.64466977
0                         6.942857142857142E-7     -4.091326530612245E-7    130431.30426017684+527034.8872848023i             5911680.527253228
0                         6.942857142857142E-7     -3.9094897959183674E-7   250010.85596249904+820150.8301703429i             5884011.431560998
0                         6.942857142857142E-7     -3.72765306122449E-7     365736.84695955424+1104673.2699202772i            5912954.522172167
0                         6.942857142857142E-7     -3.545816326530612E-7    477609.277251339+1380602.2065346062i              5995697.102176277
0                         6.942857142857142E-7     -3.3639795918367346E-7   594087.1017557969+1645583.309041099i              6121432.107775782
0                         6.942857142857142E-7     -3.1821428571428575E-7   722624.9637310007+1896317.9957180228i             6294881.280647562
0                         6.942857142857142E-7     -3.0003061224489794E-7   845841.5935046435+2137698.6764416443i             6500221.163090114
0                         6.942857142857142E-7     -2.8184693877551024E-7   863701.6341500995+2367088.8812022842i             6495011.478241384
0                         6.942857142857142E-7     -2.636632653061224E-7    1044092.984594806+2608330.054400044i              6875045.44990254
0                         6.942857142857142E-7     -2.454795918367347E-7    1127446.2228248962+2841822.3296417324i            6941411.2376345
0                         6.942857142857142E-7     -2.2729591836734696E-7   1200231.539931243+3055217.6326805446i             7024015.410110686
0                         6.942857142857142E-7     -2.091122448979592E-7    1058996.5468947496+3344878.140229277i             7212512.958936122
0                         6.942857142857142E-7     -1.9092857142857144E-7   1201598.6729569656+3544790.2747898432i            7304600.037982846
0                         6.942857142857142E-7     -1.7274489795918368E-7   1521823.3090422861+3626814.192747995i             7197417.204927791
0                         6.942857142857142E-7     -1.5456122448979592E-7   1570694.9165522852+3802764.160729119i             7356751.92692708
0                         6.942857142857142E-7     -1.3637755102040816E-7   1613467.189307531+3950915.954772263i              7536929.429410128
0                         6.942857142857142E-7     -1.181938775510204E-7    1678075.5684861373+4142551.5782186287i            7678501.6186882565
0                         6.942857142857142E-7     -1.0001020408163265E-7   1812929.7317311545+4281891.154147641i             8012783.542325839
0                         6.942857142857142E-7     -8.182653061224489E-8    1678564.7354400693+4331908.567924874i             7859012.207927909
0                         6.942857142857142E-7     -6.364285714285713E-8    1698541.3952087744+4412588.125513394i             7948160.794057503
0                         6.942857142857142E-7     -4.545918367346937E-8    1702008.002276417+4469112.215808672i              8028869.616956075
0                         6.942857142857142E-7     -2.7275510204081612E-8   1688964.5566429999+4501480.8388107065i            8100716.561953664
0                         6.942857142857142E-7     -9.091836734693906E-9    1708993.6151269209+4526560.070777664i             8094691.391054897
0                         6.942857142857142E-7     9.091836734693853E-9     1712160.967448431+4548857.620232296i              8092351.954584634
0                         6.942857142857142E-7     2.7275510204081612E-8    1764690.3255661533+4509452.961647645i             8115715.336058439
0                         6.942857142857142E-7     4.5459183673469424E-8    1740484.8656320977+4480754.296618462i             8082634.855063729
0                         6.942857142857142E-7     6.364285714285713E-8     1705802.7589090737+4418561.309529994i             8051391.093960005
0                         6.942857142857142E-7     8.182653061224494E-8     1660644.0053970823+4322874.000382252i             8022977.318900431
0                         6.942857142857142E-7     1.0001020408163265E-7    1605008.6050961218+4193692.369175231i             7998954.470945707
0                         6.942857142857142E-7     1.1819387755102046E-7    1542290.5580261988+4080202.6548659313i            7882960.6696676165
0                         6.942857142857142E-7     1.3637755102040816E-7    1461925.1138558506+3929530.646837702i             7680644.045506478
0                         6.942857142857142E-7     1.5456122448979587E-7    1367026.125536439+3764219.8712075828i             7474603.28311539
0                         6.942857142857142E-7     1.7274489795918368E-7    1281369.7354202867+3606782.616996944i             7274940.263132133
0                         6.942857142857142E-7     1.909285714285714E-7     1228268.8301968845+3444984.1215845053i            7099098.459141826
0                         6.942857142857142E-7     2.091122448979592E-7     1167720.0916580022+3261013.07138968i              6943013.879346537
0                         6.942857142857142E-7     2.272959183673469E-7     1146084.765186545+3142188.004021382i              6879143.8377162805
0                         6.942857142857142E-7     2.454795918367347E-7     1008007.0730709117+2913631.440834716i             6801728.950037232
0                         6.942857142857142E-7     2.636632653061224E-7     861723.7571430097+2660626.071082635i              6765042.991811596
0                         6.942857142857142E-7     2.8184693877551024E-7    760438.7967569166+2376307.385460294i              6621057.101034761
0                         6.942857142857142E-7     3.0003061224489794E-7    697641.8995219271+2146678.7681074776i             6438700.671005691
0                         6.942857142857142E-7     3.1821428571428575E-7    627596.9742000075+1905495.5909208541i             6275721.419583835
0                         6.942857142857142E-7     3.3639795918367346E-7    550304.0207911613+1652757.8539004268i             6135330.659595949
0                         6.942857142857142E-7     3.5458163265306127E-7    528511.3398414497+1459471.162786757i              6058667.490918053
0                         6.942857142857142E-7     3.72765306122449E-7      459571.4940504609+1181083.8491664135i             5931293.805799741
0                         6.942857142857142E-7     3.909489795918368E-7     381289.66785811225+893059.696169461i              5831616.135061553
0                         6.942857142857142E-7     4.091326530612245E-7     422777.4578004631+665134.7585241661i              5953207.09973452
0                         6.942857142857142E-7     4.273163265306122E-7     72658.12476635975+323859.8636574241i              6446103.27779268
0                         6.942857142857142E-7     4.455E-7                 30316.159077922835+13272.21669685424i             6635773.778594958
0                         7.108163265306121E-7     -4.455E-7                -20189.45521383962-14464.795742247878i            5634588.116331385
0                         7.108163265306121E-7     -4.2731632653061225E-7   82110.83122584276+266354.5400971837i              5657610.840374892
0                         7.108163265306121E-7     -4.091326530612245E-7    203336.890681625+510561.2896766673i               5679934.374995938
0                         7.108163265306121E-7     -3.9094897959183674E-7   331375.99195644184+799825.184055823i              5663075.074305641
0                         7.108163265306121E-7     -3.72765306122449E-7     455561.53252599284+1080495.5752993738i            5708455.085998578
0                         7.108163265306121E-7     -3.545816326530612E-7    575893.5123902768+1352572.4634073193i             5812606.990278997
0                         7.108163265306121E-7     -3.3639795918367346E-7   701129.3339501261+1613579.3431347203i             5950992.750368899
0                         7.108163265306121E-7     -3.1821428571428575E-7   837238.5292155191+1860376.1437197248i             6144785.598812799
0                         7.108163265306121E-7     -3.0003061224489794E-7   968026.4922793502+2097818.938351428i              6372727.542475286
0                         7.108163265306121E-7     -2.8184693877551024E-7   1000563.5336079415+2348110.808868529i             6403439.74615353
0                         7.108163265306121E-7     -2.636632653061224E-7    1192315.1304487484+2573601.6599125327i            6777815.247344317
0                         7.108163265306121E-7     -2.454795918367347E-7    1282535.2108737899+2802169.3497455544i            6860847.114983927
0                         7.108163265306121E-7     -2.2729591836734696E-7   1362187.3701750904+3010640.0673756977i            6960009.085371396
0                         7.108163265306121E-7     -2.091122448979592E-7    1431271.6083526518+3199013.812802967i             7072410.998821084
0                         7.108163265306121E-7     -1.9092857142857144E-7   1297146.7966002526+3531870.5879001915i            7306671.497732066
0                         7.108163265306121E-7     -1.7274489795918368E-7   1437473.0015284026+3705581.999857243i             7440996.437650979
0                         7.108163265306121E-7     -1.5456122448979592E-7   1820208.6669568638+3760655.818324051i             7296976.284941987
0                         7.108163265306121E-7     -1.3637755102040816E-7   1867033.894371263+3906810.0567864073i             7498869.108073214
0                         7.108163265306121E-7     -1.181938775510204E-7    1947529.0496351656+4115359.93614034i              7639226.826538948
0                         7.108163265306121E-7     -1.0001020408163265E-7   1845386.9286586873+4167589.6406648383i            7754382.841426142
0                         7.108163265306121E-7     -8.182653061224489E-8    1883249.1357735987+4272330.745481258i             7856344.925940683
0                         7.108163265306121E-7     -6.364285714285713E-8    1904601.2901874492+4352916.383004436i             7950118.879568677
0                         7.108163265306121E-7     -4.545918367346937E-8    1909443.3919002379+4409346.553234372i             8034960.096030054
0                         7.108163265306121E-7     -2.7275510204081612E-8   1897775.4409119654+4441621.256171061i             8110476.190733767
0                         7.108163265306121E-7     -9.091836734693906E-9    1906624.4842156156+4453988.109344228i             8126330.302864749
0                         7.108163265306121E-7     9.091836734693853E-9     2033648.7228817202+4432825.005557015i             8244066.74893477
0                         7.108163265306121E-7     2.7275510204081612E-8    2017493.375044005+4436457.508850407i              8200985.247934131
0                         7.108163265306121E-7     4.5459183673469424E-8    1990861.3804173216+4406595.6900845235i            8159220.070939908
0                         7.108163265306121E-7     6.364285714285713E-8     1953752.7390016702+4343239.549259364i             8119206.292838691
0                         7.108163265306121E-7     8.182653061224494E-8     1906167.4507970493+4246389.086374924i             8081936.908007602
0                         7.108163265306121E-7     1.0001020408163265E-7    1774029.1773221195+4156097.8640435045i            8132384.233430575
0                         7.108163265306121E-7     1.1819387755102046E-7    1705744.1372044436+4022739.0263266964i            7922249.140996411
0                         7.108163265306121E-7     1.3637755102040816E-7    1622925.5529377041+3874741.4210079983i            7707060.422489408
0                         7.108163265306121E-7     1.5456122448979587E-7    1525573.424521903+3712105.0480874106i             7487865.942475697
0                         7.108163265306121E-7     1.7274489795918368E-7    1413687.7519570398+3534829.907564931i             7266040.750636428
0                         7.108163265306121E-7     1.909285714285714E-7     1374300.9452913394+3378105.673653651i             7071855.683950444
0                         7.108163265306121E-7     2.091122448979592E-7     1428786.1623764958+3257631.1507464983i            6979435.52212537
0                         7.108163265306121E-7     2.272959183673469E-7     1293112.2262111166+3056778.123520322i             6843097.029150889
0                         7.108163265306121E-7     2.454795918367347E-7     1149232.6662334595+2831476.289728727i             6744634.400876156
0                         7.108163265306121E-7     2.636632653061224E-7     972293.0648274604+2556179.326915418i              6682760.837215859
0                         7.108163265306121E-7     2.8184693877551024E-7    909886.1699934057+2343328.671546229i              6465683.17083324
0                         7.108163265306121E-7     3.0003061224489794E-7    840231.247072422+2118923.4563432345i              6265389.352870698
0                         7.108163265306121E-7     3.1821428571428575E-7    763328.2960645079+1882963.6813064343i             6085081.457748429
0                         7.108163265306121E-7     3.3639795918367346E-7    751910.5173484365+1700172.2902867447i             5984687.152474538
0                         7.108163265306121E-7     3.5458163265306127E-7    685956.2740126434+1439438.3806137661i             5819522.715138449
0                         7.108163265306121E-7     3.72765306122449E-7      610660.0502754922+1169067.6315641806i             5678254.8303502975
0                         7.108163265306121E-7     3.909489795918368E-7     526021.8461369765+889060.0431379874i              5565329.717946879
0                         7.108163265306121E-7     4.091326530612245E-7     432041.66159709333+599415.6153351828i             5485275.834344295
0                         7.108163265306121E-7     4.273163265306122E-7     72939.12259144313+316048.1792629531i              6148726.781133191
0                         7.108163265306121E-7     4.455E-7                 20189.455213838097+14464.795742245351i            6338197.800547784
0                         7.273469387755101E-7     -4.455E-7                -49729.83641502264-11816.90090221548i             5413289.116224445
0                         7.273469387755101E-7     -4.2731632653061225E-7   100186.82322928467+256186.51745376975i            5404358.781844969
0                         7.273469387755101E-7     -4.091326530612245E-7    204731.71650547517+527461.5877261686i             5473613.200142018
0                         7.273469387755101E-7     -3.9094897959183674E-7   412741.12795038725+779499.5379413047i             5446185.60452042
0                         7.273469387755101E-7     -3.72765306122449E-7     545386.2180924357+1056317.880678471i              5508807.522752209
0                         7.273469387755101E-7     -3.545816326530612E-7    674177.7475292122+1324542.7202800314i             5635740.829123266
0                         7.273469387755101E-7     -3.3639795918367346E-7   808171.5661444576+1581575.3772283413i             5783926.904749011
0                         7.273469387755101E-7     -3.1821428571428575E-7   951852.0947000388+1824434.2917214273i             5998372.655365149
0                         7.273469387755101E-7     -3.0003061224489794E-7   1090211.3910540594+2057939.20026121i              6249454.209794662
0                         7.273469387755101E-7     -2.8184693877551024E-7   1137425.4330657853+2329132.736534775i             6312092.100258185
0                         7.273469387755101E-7     -2.636632653061224E-7    1340537.2763026936+2538873.265425021i             6681011.702259978
0                         7.273469387755101E-7     -2.454795918367347E-7    1437624.1989226872+2762516.3698493745i            6781495.241422456
0                         7.273469387755101E-7     -2.2729591836734696E-7   1524143.2004189366+2966062.5020708526i            6898085.179779246
0                         7.273469387755101E-7     -2.091122448979592E-7    1600094.2807914484+3149511.662089453i             7027826.395601526
0                         7.273469387755101E-7     -1.9092857142857144E-7   1665477.440040223+3312863.849905179i              7168130.117748232
0                         7.273469387755101E-7     -1.7274489795918368E-7   1720292.6781652581+3456119.065518028i             7316784.044316845
0                         7.273469387755101E-7     -1.5456122448979592E-7   1675526.024814763+3838080.742277998i              7626315.880979273
0                         7.273469387755101E-7     -1.3637755102040816E-7   2120600.599434994+3862704.158800548i              7450841.754906345
0                         7.273469387755101E-7     -1.181938775510204E-7    2216982.5307841953+4088168.2940620496i            7587465.374076128
0                         7.273469387755101E-7     -1.0001020408163265E-7   2048695.8343470707+4108105.7382865655i            7733397.735704808
0                         7.273469387755101E-7     -8.182653061224489E-8    2087933.5361071292+4212752.923037643i             7840124.157875771
0                         7.273469387755101E-7     -6.364285714285713E-8    2110661.1851661266+4293244.640495479i             7938180.218227029
0                         7.273469387755101E-7     -4.545918367346937E-8    2116878.781524061+4349580.890660069i              8026852.19423654
0                         7.273469387755101E-7     -2.7275510204081612E-8   2106586.3251809343+4381761.673531419i             8105775.802605936
0                         7.273469387755101E-7     -9.091836734693906E-9    2104255.353304312+4381416.147910792i              8143888.418507516
0                         7.273469387755101E-7     9.091836734693853E-9     2288878.3070521993+4360992.706496467i             8331797.904301857
0                         7.273469387755101E-7     2.7275510204081612E-8    2270296.4245218583+4363462.05605317i              8279902.026595282
0                         7.273469387755101E-7     4.5459183673469424E-8    2241237.895202548+4332437.083550589i              8229290.277539505
0                         7.273469387755101E-7     6.364285714285713E-8     2201702.7190942657+4267917.788988729i             8180400.385660273
0                         7.273469387755101E-7     8.182653061224494E-8     2151690.8961970196+4169904.172367592i             8134226.410716885
0                         7.273469387755101E-7     1.0001020408163265E-7    1939935.8965967582+4095959.8327947417i            8172738.780955896
0                         7.273469387755101E-7     1.1819387755102046E-7    1869197.7163826874+3965275.3977874615i            7949768.688479742
0                         7.273469387755101E-7     1.3637755102040816E-7    1783925.9920195593+3819952.195178295i             7721584.202670173
0                         7.273469387755101E-7     1.5456122448979587E-7    1684120.7235073685+3659990.2249672366i            7489156.985291542
0                         7.273469387755101E-7     1.7274489795918368E-7    1859327.9372746143+3504715.534382053i             7379166.276975447
0                         7.273469387755101E-7     1.909285714285714E-7     1714885.6714782144+3342116.0321160546i            7161929.571275115
0                         7.273469387755101E-7     2.091122448979592E-7     1581615.4912630857+3168966.5408503637i            6968508.741841109
0                         7.273469387755101E-7     2.272959183673469E-7     1440139.687235687+2971368.243019259i              6809556.579106007
0                         7.273469387755101E-7     2.454795918367347E-7     1290458.2593960147+2749321.138622736i             6689301.596373441
0                         7.273469387755101E-7     2.636632653061224E-7     1128598.4637499426+2517977.2108515296i            6550613.746589099
0                         7.273469387755101E-7     2.8184693877551024E-7    1059333.5432298942+2310349.9576321635i            6314664.180203291
0                         7.273469387755101E-7     3.0003061224489794E-7    982820.5946229133+2091168.1445789908i             6095989.61304081
0                         7.273469387755101E-7     3.1821428571428575E-7    978680.4703463895+1915203.449268601i              5970761.528286087
0                         7.273469387755101E-7     3.3639795918367346E-7    915711.8294657967+1672122.9435429915i             5771169.828665945
0                         7.273469387755101E-7     3.5458163265306127E-7    843401.2081838392+1419405.5984407736i             5591433.901585243
0                         7.273469387755101E-7     3.72765306122449E-7      761748.6065005241+1157051.4139619498i             5436076.0519934045
0                         7.273469387755101E-7     3.909489795918368E-7     33231.71080370131+721021.2275442814i              5663098.385908937
0                         7.273469387755101E-7     4.091326530612245E-7     -122541.60002165462+447630.18459905643i           5687521.372879299
0                         7.273469387755101E-7     4.273163265306122E-7     -286060.8468104317+166107.15861306933i            5749382.117527232
0                         7.273469387755101E-7     4.455E-7                 49729.83641502168+11816.900902212881i             5118834.253971715
0                         7.438775510204081E-7     -4.455E-7                -37153.65999345485-6818.501623945778i             5229657.714583361
0                         7.438775510204081E-7     -4.2731632653061225E-7   139733.42970426474+249297.69976674247i            5172582.399754603
0                         7.438775510204081E-7     -4.091326530612245E-7    230756.9966482761+508318.1214847324i              5235275.110964531
0                         7.438775510204081E-7     -3.9094897959183674E-7   337546.496760975+770048.9261900984i               5355899.841875317
0                         7.438775510204081E-7     -3.72765306122449E-7     635210.9036588771+1032140.186057568i              5314939.446747783
0                         7.438775510204081E-7     -3.545816326530612E-7    772461.9826681467+1296512.9771527436i             5465913.215754993
0                         7.438775510204081E-7     -3.3639795918367346E-7   915213.798338787+1549571.4113219627i              5620658.171084381
0                         7.438775510204081E-7     -3.1821428571428575E-7   1066465.6601845582+1788492.4397231292i            5855808.460658795
0                         7.438775510204081E-7     -3.0003061224489794E-7   1212396.2898287661+2018059.462170993i             6130332.611134248
0                         7.438775510204081E-7     -2.8184693877551024E-7   1374237.7362179512+2265329.379718946i             6484979.039221297
0                         7.438775510204081E-7     -2.636632653061224E-7    1488759.4221566361+2504144.87093751i              6584005.695074553
0                         7.438775510204081E-7     -2.454795918367347E-7    1592713.1869715787+2722863.389953196i             6702602.055942096
0                         7.438775510204081E-7     -2.2729591836734696E-7   1686099.0306627855+2921484.9367660065i            6837362.374121367
0                         7.438775510204081E-7     -2.091122448979592E-7    1768916.9532302474+3100009.5113759395i            6985257.136376064
0                         7.438775510204081E-7     -1.9092857142857144E-7   1841166.9546739724+3258437.1137829972i            7143660.499661157
0                         7.438775510204081E-7     -1.7274489795918368E-7   1902849.0349939568+3396767.743987178i             7310352.6454509385
0                         7.438775510204081E-7     -1.5456122448979592E-7   1953963.1941902041+3515001.4019884835i            7483505.289505782
0                         7.438775510204081E-7     -1.3637755102040816E-7   1882767.8098559566+3962369.280055708i             7804469.77093016
0                         7.438775510204081E-7     -1.181938775510204E-7    2109386.889195337+3902822.6704601515i             8049447.681534684
0                         7.438775510204081E-7     -1.0001020408163265E-7   2252004.740035453+4048621.8359082933i             7699237.219946404
0                         7.438775510204081E-7     -8.182653061224489E-8    2292617.936440659+4153175.1005940298i             7810319.759656471
0                         7.438775510204081E-7     -6.364285714285713E-8    2316721.0801448+4233572.897986521i                7912293.129721759
0                         7.438775510204081E-7     -4.545918367346937E-8    2470645.218627316+4369562.651299314i              8280445.5969039565
0                         7.438775510204081E-7     -2.7275510204081612E-8   2450280.704787367+4376473.703630482i              8299867.522962073
0                         7.438775510204081E-7     -9.091836734693906E-9    2384278.495394902+4357029.032571622i              8361140.391779151
0                         7.438775510204081E-7     9.091836734693853E-9     2409273.184359037+4382898.956355221i              8338164.2983830515
0                         7.438775510204081E-7     2.7275510204081612E-8    2421063.8047255715+4371789.27198759i              8309527.684595481
0                         7.438775510204081E-7     4.5459183673469424E-8    2491614.4099877705+4258278.477016655i             8292067.9109754255
0                         7.438775510204081E-7     6.364285714285713E-8     2449652.6991868624+4192596.0287180967i            8234262.492061501
0                         7.438775510204081E-7     8.182653061224494E-8     2164500.39203279+4149193.066241836i               8429846.551948866
0                         7.438775510204081E-7     1.0001020408163265E-7    2105842.6158713945+4035821.8015459804i            8199919.1158160195
0                         7.438775510204081E-7     1.1819387755102046E-7    2403654.859422852+3823188.1453917334i             8084416.462172902
0                         7.438775510204081E-7     1.3637755102040816E-7    2294686.800831549+3700811.4911010917i             7861551.6828625705
0                         7.438775510204081E-7     1.5456122448979587E-7    2168525.6136625246+3563929.7695270977i            7634308.994534568
0                         7.438775510204081E-7     1.7274489795918368E-7    2025171.2979157814+3412542.980669748i             7403963.130861602
0                         7.438775510204081E-7     1.909285714285714E-7     1873516.868226824+3250196.6928248485i             7176788.710419167
0                         7.438775510204081E-7     2.091122448979592E-7     1734444.8201496738+3080301.930954231i             6959602.098232202
0                         7.438775510204081E-7     2.272959183673469E-7     1587167.1482602586+2885958.3625181974i            6777416.40975473
0                         7.438775510204081E-7     2.454795918367347E-7     1431683.8525585653+2667165.9875167483i            6634761.324856373
0                         7.438775510204081E-7     2.636632653061224E-7     1284903.862672421+2479775.0947876424i             6422941.5884466525
0                         7.438775510204081E-7     2.8184693877551024E-7    1208780.9164663795+2277371.243718097i             6167754.053264398
0                         7.438775510204081E-7     3.0003061224489794E-7    1208821.19883531+2104564.6397323306i              6014231.195976188
0                         7.438775510204081E-7     3.1821428571428575E-7    1148838.1604099162+1879137.53795409i              5783728.772255295
0                         7.438775510204081E-7     3.3639795918367346E-7    1079513.1415831586+1644073.5967992404i            5569078.118917673
0                         7.438775510204081E-7     3.5458163265306127E-7    1000846.1423550362+1399372.8162677833i            5374622.578000468
0                         7.438775510204081E-7     3.72765306122449E-7      295277.9174131667+957636.7370493473i              5504299.628101648
0                         7.438775510204081E-7     3.909489795918368E-7     140580.93593474198+700281.9367043661i             5485059.483478421
0                         7.438775510204081E-7     4.091326530612245E-7     -21861.981507105986+434795.153318626i             5502549.828873264
0                         7.438775510204081E-7     4.273163265306122E-7     12984.795982950018+320900.6995242805i             5403670.276286629
0                         7.438775510204081E-7     4.455E-7                 37153.659993453526+6818.501623943469i             4941297.52818776
0                         7.60408163265306E-7      -4.455E-7                -24577.48357188733-1820.1023456763169i            5056017.570757172
0                         7.60408163265306E-7      -4.2731632653061225E-7   159380.8012646079+246440.4604950201i              5000068.540203491
0                         7.60408163265306E-7      -4.091326530612245E-7    340787.50226638373+494409.53914440057i            4989473.657671463
0                         7.60408163265306E-7      -3.9094897959183674E-7   371521.0650431339+741930.0163506396i              5137181.650207386
0                         7.60408163265306E-7      -3.72765306122449E-7     480555.1719923409+994116.5554889735i              5313605.246102246
0                         7.60408163265306E-7      -3.545816326530612E-7    870746.2178070853+1268483.234025457i              5304278.295049716
0                         7.60408163265306E-7      -3.3639795918367346E-7   1022256.030533117+1517567.4454155841i             5461964.622042213
0                         7.60408163265306E-7      -3.1821428571428575E-7   1181079.225669077+1752550.587724832i              5717565.30132383
0                         7.60408163265306E-7      -3.0003061224489794E-7   1243509.0512280394+2024604.9793109566i            5790351.831752609
0                         7.60408163265306E-7      -2.8184693877551024E-7   1515593.0398769416+2235525.5706401025i            6369095.110420096
0                         7.60408163265306E-7      -2.636632653061224E-7    1636981.568010579+2469416.476449998i              6486495.004321803
0                         7.60408163265306E-7      -2.454795918367347E-7    1747802.1750204728+2683210.410057017i             6623734.829349389
0                         7.60408163265306E-7      -2.2729591836734696E-7   1848054.8609066296+2876907.371461159i             6777275.628281346
0                         7.60408163265306E-7      -2.091122448979592E-7    1937739.6256690463+3050507.3606624254i            6944002.727491287
0                         7.60408163265306E-7      -1.9092857142857144E-7   2016856.4693077218+3204010.3776608147i            7121245.410428541
0                         7.60408163265306E-7      -1.7274489795918368E-7   2085405.39182266+3337416.422456329i               7306770.3942342205
0                         7.60408163265306E-7      -1.5456122448979592E-7   2143386.393213858+3450725.4950489667i             7498758.776618392
0                         7.60408163265306E-7      -1.3637755102040816E-7   2776958.6379841347+3734468.7872980097i            7889494.771762771
0                         7.60408163265306E-7      -1.181938775510204E-7    2406433.9215937676+3933968.427215063i             7993023.874944004
0                         7.60408163265306E-7      -1.0001020408163265E-7   2455313.6457238356+3989137.9335300205i            7652374.768762407
0                         7.60408163265306E-7      -8.182653061224489E-8    2796060.006515627+4185587.7266101376i             8257940.269620807
0                         7.60408163265306E-7      -6.364285714285713E-8    2813617.3383695837+4242104.3482246045i            8308649.64521297
0                         7.60408163265306E-7      -4.545918367346937E-8    2812894.226180603+4272747.784018274i              8344973.395902296
0                         7.60408163265306E-7      -2.7275510204081612E-8   2793890.6699486794+4277518.033991151i             8366722.965895187
0                         7.60408163265306E-7      -9.091836734693906E-9    2756606.66967382+4256415.098143227i               8374045.210887702
0                         7.60408163265306E-7      9.091836734693853E-9     2738332.7917496413+4264085.859155097i             8419475.034861173
0                         7.60408163265306E-7      2.7275510204081612E-8    2750051.723333705+4252883.322956808i              8389904.363817338
0                         7.60408163265306E-7      4.5459183673469424E-8    2748566.586320168+4204701.178607286i              8354946.096918086
0                         7.60408163265306E-7      6.364285714285713E-8     2733877.3807090195+4119539.426106532i             8315359.887238411
0                         7.60408163265306E-7      8.182653061224494E-8     2464127.7449836913+4005365.264232929i             8204902.833302248
0                         7.60408163265306E-7      1.0001020408163265E-7    2673344.6401824425+3830511.4414813514i            8369358.430475425
0                         7.60408163265306E-7      1.1819387755102046E-7    2578551.8376426506+3724733.7887754035i            8141316.999765545
0                         7.60408163265306E-7      1.3637755102040816E-7    2466565.9065251364+3604451.0687861023i            7907771.982363061
0                         7.60408163265306E-7      1.5456122448979587E-7    2337386.8468299005+3469663.281513451i             7669598.770975603
0                         7.60408163265306E-7      1.7274489795918368E-7    2191014.6585569456+3320370.426957443i             7427996.947781858
0                         7.60408163265306E-7      1.909285714285714E-7     2032148.064975433+3158277.353533642i              7193166.995779893
0                         7.60408163265306E-7      2.091122448979592E-7     1887274.149036267+2991637.3210580973i             6951740.344808781
0                         7.60408163265306E-7      2.272959183673469E-7     1734194.609284827+2800548.482017136i              6745835.558679659
0                         7.60408163265306E-7      2.454795918367347E-7     1516942.2054000096+2627198.867809669i             6589301.1034340365
0                         7.60408163265306E-7      2.636632653061224E-7     1441209.2615949027+2441572.9787237546i            6299614.925797332
0                         7.60408163265306E-7      2.8184693877551024E-7    1442332.7028152004+2268255.8616779316i            6112431.743545429
0                         7.60408163265306E-7      3.0003061224489794E-7    1385335.2668450037+2060482.1638470602i            5854417.426008331
0                         7.60408163265306E-7      3.1821428571428575E-7    1318995.8504734437+1843071.6266395787i            5608537.691316199
0                         7.60408163265306E-7      3.3639795918367346E-7    708792.1174602797+1403498.3190986533i             5506515.176230687
0                         7.60408163265306E-7      3.5458163265306127E-7    562917.4012921941+1170311.7443946844i             5411376.913637235
0                         7.60408163265306E-7      3.72765306122449E-7      409296.74916069536+928993.1866499505i             5348257.259597162
0                         7.60408163265306E-7      3.909489795918368E-7     485208.1487255138+815326.9491515211i              5147216.081782794
0                         7.60408163265306E-7      4.091326530612245E-7     255643.62089719216+557412.7676121346i             5186788.016460048
0                         7.60408163265306E-7      4.273163265306122E-7     17228.116333493846+291676.8366351794i             5270752.863774914
0                         7.60408163265306E-7      4.455E-7                 24577.483571885376+1820.102345674099i             4780400.357195706
0                         7.76938775510204E-7      -4.455E-7                -12001.307150319804+3178.296932593404i            4892161.35464507
0                         7.76938775510204E-7      -4.2731632653061225E-7   179028.17282495304+243583.22122329753i            4838114.268758152
0                         7.76938775510204E-7      -4.091326530612245E-7    367506.0689655044+483696.6613226856i              4832418.312275608
0                         7.76938775510204E-7      -3.9094897959183674E-7   553432.381271336+723518.6172307576i               4875252.926722551
0                         7.76938775510204E-7      -3.72765306122449E-7     736807.1097424475+963049.0889475128i              4965377.782824521
0                         7.76938775510204E-7      -3.545816326530612E-7    969030.4529460224+1240453.4908981696i             5152368.279669095
0                         7.76938775510204E-7      -3.3639795918367346E-7   1129298.262727448+1485563.479509206i              5309026.91372105
0                         7.76938775510204E-7      -3.1821428571428575E-7   1295692.7911535967+1716608.735726534i             5584457.2504555285
0                         7.76938775510204E-7      -3.0003061224489794E-7   1374236.5280708969+2007571.2072693957i            5679155.713399018
0                         7.76938775510204E-7      -2.8184693877551024E-7   1656948.3435359355+2205721.7615612596i            6252463.751035426
0                         7.76938775510204E-7      -2.636632653061224E-7    1785203.7138645246+2434688.0819624867i            6388529.03551555
0                         7.76938775510204E-7      -2.454795918367347E-7    1902891.1630693686+2643557.4301608372i            6544801.267638694
0                         7.76938775510204E-7      -2.2729591836734696E-7   2010010.6911504762+2832329.8061563126i            6717591.381744426
0                         7.76938775510204E-7      -2.091122448979592E-7    2106562.298107846+3001005.209948911i              6903687.383896745
0                         7.76938775510204E-7      -1.9092857142857144E-7   2345703.468732057+3206997.769580853i              7169951.130344658
0                         7.76938775510204E-7      -1.7274489795918368E-7   2439818.890609335+3453195.2732647955i             7420682.962793837
0                         7.76938775510204E-7      -1.5456122448979592E-7   2522984.4193150564+3563432.4693545927i            7599030.865584197
0                         7.76938775510204E-7      -1.3637755102040816E-7   2601958.8346151267+3609578.3465003087i            7763169.794763536
0                         7.76938775510204E-7      -1.181938775510204E-7    2885369.8631466446+3721925.753287344i             8016434.433060741
0                         7.76938775510204E-7      -1.0001020408163265E-7   2990907.0505483104+3866066.557386192i             8170363.267927038
0                         7.76938775510204E-7      -8.182653061224489E-8    3069729.5293606794+3954891.087711933i             8250057.560533463
0                         7.76938775510204E-7      -6.364285714285713E-8    3154505.388314843+4147430.28330186i               8378562.086984069
0                         7.76938775510204E-7      -4.545918367346937E-8    3155143.233733889+4175932.916737238i              8417500.26387652
0                         7.76938775510204E-7      -2.7275510204081612E-8   3137500.635109997+4178562.3643518193i             8441609.098574996
0                         7.76938775510204E-7      -9.091836734693906E-9    3101577.592443161+4155318.6261456036i             8451072.46959353
0                         7.76938775510204E-7      9.091836734693853E-9     3067392.3991402495+4145272.7619549716i            8507634.81118158
0                         7.76938775510204E-7      2.7275510204081612E-8    3079039.6419418426+4133977.373926025i             8477535.396600017
0                         7.76938775510204E-7      4.5459183673469424E-8    2576324.527273565+3968832.0824538167i             8212317.283790279
0                         7.76938775510204E-7      6.364285714285713E-8     2639366.394805627+3930387.2342755524i             8225121.082859781
0                         7.76938775510204E-7      8.182653061224494E-8     2683747.214876204+3866862.06478084i               8226131.71834387
0                         7.76938775510204E-7      1.0001020408163265E-7    2709466.9874852966+3778256.5739696817i            8215865.525786403
0                         7.76938775510204E-7      1.1819387755102046E-7    2753448.81586245+3626279.4321590685i              8197024.470751617
0                         7.76938775510204E-7      1.3637755102040816E-7    2638445.012218726+3508090.646471111i              7952520.878852293
0                         7.76938775510204E-7      1.5456122448979587E-7    2506248.0799972806+3375396.7934998013i            7703186.402724538
0                         7.76938775510204E-7      1.7274489795918368E-7    2356858.0191981127+3228197.8732451377i            7450148.365267065
0                         7.76938775510204E-7      1.909285714285714E-7     2190779.2617240446+3066358.0142424353i            7210233.1962212315
0                         7.76938775510204E-7      2.091122448979592E-7     2040103.477922856+2902972.7111619622i             6944222.404840219
0                         7.76938775510204E-7      2.272959183673469E-7     1881222.0703093992+2715138.601516074i             6714245.9174644565
0                         7.76938775510204E-7      2.454795918367347E-7     1680105.630008483+2583773.349595958i              6490449.4944088645
0                         7.76938775510204E-7      2.636632653061224E-7     1679214.9822860602+2406277.1151054054i            6262932.443203271
0                         7.76938775510204E-7      2.8184693877551024E-7    1625203.1487710597+2216156.821221901i             5980457.07645414
0                         7.76938775510204E-7      3.0003061224489794E-7    1561849.334854698+2016399.687961789i              5706868.856140931
0                         7.76938775510204E-7      3.1821428571428575E-7    980948.5492619374+1576196.581684014i              5521797.604791852
0                         7.76938775510204E-7      3.3639795918367346E-7    836150.1624407945+1359046.2495802888i             5386306.167260047
0                         7.76938775510204E-7      3.5458163265306127E-7    946596.5068356246+1248744.4064294142i             5097078.810743763
0                         7.76938775510204E-7      3.72765306122449E-7      728591.7044007911+1013904.1724149336i             5044584.187311277
0                         7.76938775510204E-7      3.909489795918368E-7     501735.9252305795+771242.1889628829i              5033789.282167369
0                         7.76938775510204E-7      4.091326530612245E-7     266029.16932499805+520758.45607326494i            5067349.714682205
0                         7.76938775510204E-7      4.273163265306122E-7     262118.98942356108+245897.01382317493i            4612519.241015417
0                         7.76938775510204E-7      4.455E-7                 12001.307150317074-3178.296932595331i             4635615.310102904
0                         7.934693877551019E-7     -4.455E-7                574.8692712490927+8176.696210863049i              4738029.595161607
0                         7.934693877551019E-7     -4.2731632653061225E-7   198675.5443852963+240725.9819515757i              4686744.162626802
0                         7.934693877551019E-7     -4.091326530612245E-7    394224.63566462335+472983.78350097203i            4687268.687016807
0                         7.934693877551019E-7     -3.9094897959183674E-7   587222.1431092317+704950.1008590516i              4739608.974786291
0                         7.934693877551019E-7     -3.72765306122449E-7     777668.066719119+936624.934025815i                4842113.383167074
0                         7.934693877551019E-7     -3.545816326530612E-7    965562.4064942859+1168008.2830012625i             4991725.693225613
0                         7.934693877551019E-7     -3.3639795918367346E-7   1236340.4949217774+1453559.5136028277i            5163477.879103099
0                         7.934693877551019E-7     -3.1821428571428575E-7   1410306.3566381147+1680666.8837282367i            5457676.1477070395
0                         7.934693877551019E-7     -3.0003061224489794E-7   1652613.5135476505+1931779.2452869816i            6005845.917198529
0                         7.934693877551019E-7     -2.8184693877551024E-7   1798303.6471949264+2175917.9524824154i            6135678.2321613105
0                         7.934693877551019E-7     -2.636632653061224E-7    1933425.8597184643+2399959.6874749754i            6290536.09825187
0                         7.934693877551019E-7     -2.454795918367347E-7    1831866.1345648519+2581014.8010388203i            6403287.8619756205
0                         7.934693877551019E-7     -2.2729591836734696E-7   2031998.2328241798+2778509.334356101i             6648536.965590556
0                         7.934693877551019E-7     -2.091122448979592E-7    2301365.276563713+3000994.4203763865i             6988100.886633461
0                         7.934693877551019E-7     -1.9092857142857144E-7   2420941.1248757597+3136222.5319074267i            7181348.419892847
0                         7.934693877551019E-7     -1.7274489795918368E-7   2524223.753478652+3254957.4312103507i             7372474.8792734565
0                         7.934693877551019E-7     -1.5456122448979592E-7   2611213.1623723926+3357199.1182851545i            7559818.539976
0                         7.934693877551019E-7     -1.3637755102040816E-7   2696637.3301127222+3428067.8157444373i            7738814.797802546
0                         7.934693877551019E-7     -1.181938775510204E-7    2950831.2015362415+3557922.5038526217i            8046990.348662395
0                         7.934693877551019E-7     -1.0001020408163265E-7   3051333.0496237893+3665212.2792379963i            8138066.035059325
0                         7.934693877551019E-7     -8.182653061224489E-8    3131184.4165761424+3750736.8134144577i            8217954.145679255
0                         7.934693877551019E-7     -6.364285714285713E-8    3190385.302393303+3814496.106382006i              8285499.766877234
0                         7.934693877551019E-7     -4.545918367346937E-8    3228935.7070752652+3856490.1581406384i            8339911.519338702
0                         7.934693877551019E-7     -2.7275510204081612E-8   3246835.630622035+3876718.968690359i              8380735.051543394
0                         7.934693877551019E-7     -9.091836734693906E-9    3446548.515212505+4054222.15414798i               8535316.784987679
0                         7.934693877551019E-7     9.091836734693853E-9     2624587.683302777+3807830.5197015805i             8180075.5764061725
0                         7.934693877551019E-7     2.7275510204081612E-8    2722274.00486149+3825583.0880830474i              8214938.736346063
0                         7.934693877551019E-7     4.5459183673469424E-8    2801299.278958716+3818255.3351480667i             8237958.813713171
0                         7.934693877551019E-7     6.364285714285713E-8     2861663.5055944584+3785847.2608966366i            8248886.2058053035
0                         7.934693877551019E-7     8.182653061224494E-8     2903366.6847687154+3728358.865328757i             8247823.256672765
0                         7.934693877551019E-7     1.0001020408163265E-7    2926408.8164814855+3645790.148444428i             8235223.396713468
0                         7.934693877551019E-7     1.1819387755102046E-7    2930789.9007327715+3538141.110243649i             8211897.768406511
0                         7.934693877551019E-7     1.3637755102040816E-7    2810324.117912314+3411730.2241561203i             7994839.655047598
0                         7.934693877551019E-7     1.5456122448979587E-7    2675109.313164657+3281130.305486153i              7734183.5287986
0                         7.934693877551019E-7     1.7274489795918368E-7    2522701.379839279+3136025.319532832i              7469601.128096808
0                         7.934693877551019E-7     1.909285714285714E-7     2349410.4584726547+2974438.674951228i             7227432.018031133
0                         7.934693877551019E-7     2.091122448979592E-7     2192932.806809446+2814308.101265828i              6936623.7653566
0                         7.934693877551019E-7     2.272959183673469E-7     1925470.0217071224+2703972.3563347114i            6738906.529667642
0                         7.934693877551019E-7     2.454795918367347E-7     1919468.0372478843+2518628.4000147497i            6463720.190945894
0                         7.934693877551019E-7     2.636632653061224E-7     1868441.8061880837+2346161.5100786136i            6159328.211962831
0                         7.934693877551019E-7     2.8184693877551024E-7    1808073.5947269173+2164057.7807658697i            5861146.120197056
0                         7.934693877551019E-7     3.0003061224489794E-7    1258698.258333168+1724954.3421096466i             5604378.38377338
0                         7.934693877551019E-7     3.1821428571428575E-7    1114976.200858946+1523840.2526061672i             5430400.51937752
0                         7.934693877551019E-7     3.3639795918367346E-7    1190704.7932719362+1409386.784868383i             5111216.338234803
0                         7.934693877551019E-7     3.5458163265306127E-7    975408.7394952145+1189798.7489412385i             5009869.16880143
0                         7.934693877551019E-7     3.72765306122449E-7      751261.7089831206+962388.9635765261i              4947881.731317333
0                         7.934693877551019E-7     3.909489795918368E-7     518263.7017356476+727157.4287742455i              4929051.558156631
0                         7.934693877551019E-7     4.091326530612245E-7     276414.7177528028+484104.14453439676i             4956262.02020536
0                         7.934693877551019E-7     4.273163265306122E-7     253845.7354801998+232520.60876474887i             4485582.8445904935
0                         7.934693877551019E-7     4.455E-7                 -574.8692712511138-8176.696210864731i             4506370.134406101
0                         8.1E-7                   -4.455E-7                13151.04569281711+13175.09548913259i              4593738.322944586
0                         8.1E-7                   -4.2731632653061225E-7   218322.91594564173+237868.74267985264i            4546160.32404653
0                         8.1E-7                   -4.091326530612245E-7    420943.20236374275+462270.9056792582i             4554326.186126204
0                         8.1E-7                   -3.9094897959183674E-7   621011.9049471287+686381.5844873454i              4617976.910204916
0                         8.1E-7                   -3.72765306122449E-7     818529.0236957921+910200.7791041171i              4734917.159742225
0                         8.1E-7                   -3.545816326530612E-7    1013494.5586097345+1133728.489529573i             4901380.268109538
0                         8.1E-7                   -3.3639795918367346E-7   1205908.5096889571+1356964.7157637111i            5112580.917938787
0                         8.1E-7                   -3.1821428571428575E-7   1068889.7333988869+1703187.5731038018i            5744902.301550637
0                         8.1E-7                   -3.0003061224489794E-7   1787101.9750116887+1906900.0216168026i            5872057.393593911
0                         8.1E-7                   -2.8184693877551024E-7   1404385.3493710016+2072582.8592520223i            5872005.414507397
0                         8.1E-7                   -2.636632653061224E-7    1910163.8753018936+2338090.515435089i             6336026.151475739
0                         8.1E-7                   -2.454795918367347E-7    2082443.262929414+2514802.7546354868i             6529979.381390325
0                         8.1E-7                   -2.2729591836734696E-7   2238429.4308477826+2675021.7816077657i            6729843.216998518
0                         8.1E-7                   -2.091122448979592E-7    2378122.3790569985+2818747.5963519295i            6932396.346846813
0                         8.1E-7                   -1.9092857142857144E-7   2501522.1075570593+2945980.1988679753i            7135033.033094087
0                         8.1E-7                   -1.7274489795918368E-7   2608628.6163479686+3056719.589155903i             7335684.143830691
0                         8.1E-7                   -1.5456122448979592E-7   2698468.995609664+3126842.9906950872i             7528243.360373426
0                         8.1E-7                   -1.3637755102040816E-7   2791315.825610319+3246557.284988567i              7719613.37044363
0                         8.1E-7                   -1.181938775510204E-7    3010228.312471737+3360368.221853706i              8016130.077643021
0                         8.1E-7                   -1.0001020408163265E-7   3111759.0486992686+3464358.0010898006i            8107232.291304354
0                         8.1E-7                   -8.182653061224489E-8    3192639.303791607+3546582.539116982i              8187561.688867636
0                         8.1E-7                   -6.364285714285713E-8    3252869.077748749+3607041.835935247i              8255989.0152792735
0                         8.1E-7                   -4.545918367346937E-8    3292448.3705706983+3645735.8915446014i            8311753.09183921
0                         8.1E-7                   -2.7275510204081612E-8   3311377.182257452+3662664.7059450406i             8354434.719378445
0                         8.1E-7                   -9.091836734693906E-9    3250952.531917209+3800526.499567786i              8410467.921730414
0                         8.1E-7                   9.091836734693853E-9     3351535.666780954+3977812.672774224i              8480497.6056619
0                         8.1E-7                   2.7275510204081612E-8    3325219.4214709513+4012725.756464671i             8490741.107440094
0                         8.1E-7                   4.5459183673469424E-8    3276075.0841117376+4027949.748500862i             8482204.298142
0                         8.1E-7                   6.364285714285713E-8     3083960.616383292+3641307.2875177185i             8272304.752537608
0                         8.1E-7                   8.182653061224494E-8     3122986.1546612293+3589855.665876671i             8268499.998015578
0                         8.1E-7                   1.0001020408163265E-7    3143350.645477677+3513323.7229191726i             8252997.934494454
0                         8.1E-7                   1.1819387755102046E-7    3145054.0888326424+3411711.4586452264i            8226542.378568744
0                         8.1E-7                   1.3637755102040816E-7    3128096.484726122+3285018.873054832i              8190246.676960889
0                         8.1E-7                   1.5456122448979587E-7    3092477.833158116+3133245.9661479876i             8145613.665286714
0                         8.1E-7                   1.7274489795918368E-7    2688544.740480446+3043852.765820526i              7485835.271326643
0                         8.1E-7                   1.909285714285714E-7     2508041.655221263+2882519.3356600227i             7244481.274948372
0                         8.1E-7                   2.091122448979592E-7     2345762.1356960386+2725643.491369695i             6928798.142870646
0                         8.1E-7                   2.272959183673469E-7     2163091.8677006797+2605309.716405965i             6713307.134515805
0                         8.1E-7                   2.454795918367347E-7     2115051.239096078+2450496.230417197i              6388958.780273775
0                         8.1E-7                   2.636632653061224E-7     1676941.0368378214+2026717.46423802i              5982334.814865821
0                         8.1E-7                   2.8184693877551024E-7    1542041.2446739553+1849771.6003755499i            5754247.726070976
0                         8.1E-7                   3.0003061224489794E-7    1641982.8875106242+1743860.604972484i             5373763.64175019
0                         8.1E-7                   3.1821428571428575E-7    1438246.5591273927+1547346.5165702445i            5193708.708410403
0                         8.1E-7                   3.3639795918367346E-7    1225659.2540087868+1343010.6787304378i            5044763.561576334
0                         8.1E-7                   3.5458163265306127E-7    1004220.9721548053+1130853.091453062i             4931822.156339845
0                         8.1E-7                   3.72765306122449E-7      773931.7135654497+910873.7547381182i              4859594.809609335
0                         8.1E-7                   3.909489795918368E-7     534791.4782407156+683072.6685856073i              4832213.738097001
0                         8.1E-7                   4.091326530612245E-7     497725.8281299607+449946.1597114259i              4411786.303428444
0                         8.1E-7                   4.273163265306122E-7     245572.48153683817+219144.20370632276i            4373409.248261305
0                         8.1E-7                   4.455E-7                 -13151.04569281935-13175.095489134153i            4392060.959135507
