% Model:              omc_unitcell_iso.mph
% Version:            COMSOL 6.3.0.420
% Date:               Jul 16 2026, 12:32
% Dimension:          3
% Nodes:              2500
% Expressions:        2
% Description:        Electric field, y-component, Electric field norm
% Length unit:        m
% X                       Y                        Z                        ewfd.Ey (V/m) @ 208.67+3.2446i THz                ewfd.normE (V/m) @ 208.67+3.2446i THz
0                         0                        -3.913059381630264E-7    16490.376624909077-32515.579296991535i            36458.132402116986
0                         0                        -3.753342672175967E-7    -90298.47435745868-64290.9246862474i              110847.36112464454
0                         0                        -3.593625962721671E-7    -193867.27133530017-93615.81419868575i            215286.8773592059
0                         0                        -3.4339092532673743E-7   -294353.23311239196-121530.50835949832i           318454.8481430864
0                         0                        -3.2741925438130776E-7   -264292.87779997865-108715.34322923086i           285779.1999240741
0                         0                        -3.1144758343587815E-7   -393803.37516225514-146039.7144754106i            420010.35284055
0                         0                        -2.954759124904485E-7    -584356.8676200976-201327.0416818197i             618065.9563890616
0                         0                        -2.7950424154501886E-7   -796447.4550355184-263144.4882913735i             838792.9245950296
0                         0                        -2.635325705995892E-7    -749885.2646788275-251633.07623505863i            790978.5807706515
0                         0                        -2.4756089965415953E-7   -833472.8310055173-275646.0358206421i             877871.1164447695
0                         0                        -2.3158922870872991E-7   -919045.3895913837-300426.21223631984i            966902.4444729885
0                         0                        -2.1561755776330025E-7   -1006602.9404364293-325973.60548209306i           1058068.178883696
0                         0                        -1.996458868178706E-7    -1244710.2184651531-387519.597772044i             1303639.124377976
0                         0                        -1.8367421587244096E-7   -1285290.6762943254-398377.6763167522i            1345613.9474443104
0                         0                        -1.677025449270113E-7    -1323204.946111252-408536.1809187299i             1384836.8642309255
0                         0                        -1.5173087398158168E-7   -1525665.3712754478-469542.26094939926i           1596284.673836883
0                         0                        -1.3575920303615201E-7   -1545797.612281299-473417.0999490104i             1616667.562815156
0                         0                        -1.1978753209072235E-7   -1573324.2137263722-480404.3533076779i            1645034.1711267508
0                         0                        -1.0381586114529273E-7   -1597276.209415607-486528.61019427923i            1669730.9297316938
0                         0                        -8.784419019986307E-8    -1617653.5993490056-491789.8706088152i            1690757.3582037808
0                         0                        -7.187251925443345E-8    -1634456.3835265685-496188.13455128553i           1708113.0918414723
0                         0                        -5.590084830900378E-8    -1647684.5619482934-499723.40202169i              1721797.8668272507
0                         0                        -3.9929177363574116E-8   -1657338.134614183-502395.6730200289i             1731811.5095805514
0                         0                        -2.39575064181445E-8     -1642461.1644642502-501592.35629002197i           1717344.9183730788
0                         0                        -7.985835472714834E-9    -1636918.9680107064-499475.54228706687i           1711426.167024507
0                         0                        7.985835472714834E-9     -1628665.5512721383-495864.4687649347i            1702478.5018566633
0                         0                        2.3957506418144448E-8    -1615433.4428831916-490336.72686520545i           1688210.6841559573
0                         0                        3.9929177363574116E-8    -1599154.9625540213-484107.2772447136i            1670825.0806539992
0                         0                        5.590084830900378E-8     -1579830.110284624-477176.1199034585i             1650321.2495656856
0                         0                        7.18725192544334E-8      -1557458.8860750007-469543.2548414403i            1626698.8196900727
0                         0                        8.784419019986301E-8     -1532041.289925151-461208.68205865874i            1599957.4876982844
0                         0                        1.0381586114529268E-7    -1503577.321835074-452172.40155511384i            1570097.0172141762
0                         0                        1.1978753209072235E-7    -1475059.9245363323-443278.13984745345i           1540226.3762965978
0                         0                        1.3575920303615201E-7    -1267745.1310671002-387078.8283561824i            1325521.684736215
0                         0                        1.5173087398158168E-7    -1218671.2992353463-369016.4805376485i            1273315.7104537582
0                         0                        1.6770254492701124E-7    -1169516.2012598556-351134.07434720977i           1221091.021659301
0                         0                        1.836742158724409E-7     -1120279.8371406235-333431.60978486494i           1168847.1037340804
0                         0                        1.9964588681787058E-7    -1188587.0964384628-345491.16076513956i           1237781.656022927
0                         0                        2.1561755776330025E-7    -1135230.211613124-325926.7401811195i             1181090.9674213368
0                         0                        2.3158922870872991E-7    -1082696.1856594954-306588.4760386701i            1125267.7566167684
0                         0                        2.475608996541595E-7     -963817.7963291357-267142.33568096673i            1000154.8740239351
0                         0                        2.6353257059958914E-7    -827290.3728297012-222459.38884688047i            856678.2013468263
0                         0                        2.795042415450188E-7     -693278.5032404488-178660.9288772808i             715929.3334978039
0                         0                        2.954759124904485E-7     -561782.1875613781-135746.95577216783i            577950.2247275783
0                         0                        3.1144758343587815E-7    -347497.4268988883-66859.4194846048i              353870.9421175559
0                         0                        3.274192543813078E-7     -277329.3585915646-41622.412387201424i            280435.3728575246
0                         0                        3.433909253267374E-7     -212535.42246355198-20140.13181216611i            213487.5422856611
0                         0                        3.5936259627216704E-7    -155056.70029777975-4515.457929021475i            155122.43444306904
0                         0                        3.753342672175967E-7     -94175.11987057398+11650.672125836718i            94893.0522410399
0                         0                        3.913059381630264E-7     -16490.37662490972+32515.57929699135i             36458.13240211711
0                         1.5398723929009728E-8    -3.913059381630264E-7    9810.938009744132-33750.941231951365i             142095.5039359619
0                         1.5398723929009728E-8    -3.753342672175967E-7    -95189.1619928435-64037.61117550495i              195677.75226491308
0                         1.5398723929009728E-8    -3.593625962721671E-7    -198907.29823674064-93430.94437015791i            306234.2998411716
0                         1.5398723929009728E-8    -3.4339092532673743E-7   -223260.61394095153-97793.1885409597i             346302.0846673188
0                         1.5398723929009728E-8    -3.2741925438130776E-7   -335328.4036941918-128537.50169061882i            502672.39533792896
0                         1.5398723929009728E-8    -3.1144758343587815E-7   -450295.3756273809-161357.96573522527i            630947.1589383073
0                         1.5398723929009728E-8    -2.954759124904485E-7    -604129.4230985281-205618.64427554305i            761952.7307289165
0                         1.5398723929009728E-8    -2.7950424154501886E-7   -745710.6897960316-246807.0698466674i             894661.2383024417
0                         1.5398723929009728E-8    -2.635325705995892E-7    -917298.0651476383-296249.40926147706i            1060904.8722179423
0                         1.5398723929009728E-8    -2.4756089965415953E-7   -918959.4616556775-297456.8453055853i             1078331.8813802241
0                         1.5398723929009728E-8    -2.3158922870872991E-7   -1004097.3037257544-322080.6728604413i            1175287.1064319455
0                         1.5398723929009728E-8    -2.1561755776330025E-7   -1091220.1380550102-347471.71724539273i           1274234.7724227342
0                         1.5398723929009728E-8    -1.996458868178706E-7    -1143898.0258197396-363803.9324404057i            1392700.606182275
0                         1.5398723929009728E-8    -1.8367421587244096E-7   -1254488.2144959979-391607.1664667038i            1457327.949576587
0                         1.5398723929009728E-8    -1.677025449270113E-7    -1322765.5633622594-411890.7114516546i            1572651.935165756
0                         1.5398723929009728E-8    -1.5173087398158168E-7   -1441671.916736511-448789.2900518662i             1644884.3183045068
0                         1.5398723929009728E-8    -1.3575920303615201E-7   -1465269.8560140426-454140.1626446838i            1676062.1658324325
0                         1.5398723929009728E-8    -1.1978753209072235E-7   -1493419.4003860832-461304.31131540984i           1710474.0526099938
0                         1.5398723929009728E-8    -1.0381586114529273E-7   -1517994.339002289-467605.46351407084i            1741561.183875867
0                         1.5398723929009728E-8    -8.784419019986307E-8    -1538994.6718626576-473043.61924066575i           1769340.6398410671
0                         1.5398723929009728E-8    -7.187251925443345E-8    -1556420.3989671888-477618.77849519503i           1793832.6974282668
0                         1.5398723929009728E-8    -5.590084830900378E-8    -1570271.520315885-481330.9412776588i             1815060.9538491052
0                         1.5398723929009728E-8    -3.9929177363574116E-8   -1580548.0359087426-484180.1075880565i            1833052.5262465454
0                         1.5398723929009728E-8    -2.39575064181445E-8     -1610882.8765783217-491679.3035561899i            1874659.3932267923
0                         1.5398723929009728E-8    -7.985835472714834E-9    -1713245.3824663511-518302.08978037676i           1937769.2079543544
0                         1.5398723929009728E-8    7.985835472714834E-9     -1604137.1392822664-489545.81430321693i           1846823.0967215856
0                         1.5398723929009728E-8    2.3957506418144448E-8    -1594547.8496307526-485528.9214757307i            1835334.6293181116
0                         1.5398723929009728E-8    3.9929177363574116E-8    -1578240.2380322313-479303.66863047774i           1815240.8536426637
0                         1.5398723929009728E-8    5.590084830900378E-8     -1558886.2544934843-472376.7080644614i            1792315.9849635458
0                         1.5398723929009728E-8    7.18725192544334E-8      -1536485.8990145102-464748.0397776818i            1766558.1852988345
0                         1.5398723929009728E-8    8.784419019986301E-8     -1511039.1715953108-456417.6637701393i            1737968.5297679186
0                         1.5398723929009728E-8    1.0381586114529268E-7    -1391748.4875241069-425759.85319303855i           1648862.2655108322
0                         1.5398723929009728E-8    1.1978753209072235E-7    -1383624.0795127435-419716.28399230394i           1637732.0127726423
0                         1.5398723929009728E-8    1.3575920303615201E-7    -1361719.0445947903-410526.50630189845i           1590389.7192471076
0                         1.5398723929009728E-8    1.5173087398158168E-7    -1313407.114014595-392697.83039250446i            1530535.0809528313
0                         1.5398723929009728E-8    1.6770254492701124E-7    -1265013.917290661-375049.09611120506i            1470682.661748991
0                         1.5398723929009728E-8    1.836742158724409E-7     -1216539.4544229885-357580.3034580003i            1410834.3537181537
0                         1.5398723929009728E-8    1.9964588681787058E-7    -1152059.0181554996-335800.7606590214i            1346809.6702129156
0                         1.5398723929009728E-8    2.1561755776330025E-7    -1086739.3648036662-310997.9409418376i            1265310.1444835395
0                         1.5398723929009728E-8    2.3158922870872991E-7    -1035784.2362190037-292156.1175847276i            1196231.9689626184
0                         1.5398723929009728E-8    2.475608996541595E-7     -998847.6412718865-277532.36159199104i            1156747.7968999161
0                         1.5398723929009728E-8    2.6353257059958914E-7    -862869.6512670731-233044.9557558708i             1007022.7677218472
0                         1.5398723929009728E-8    2.795042415450188E-7     -729407.2151724421-189442.03678423725i            860523.685070121
0                         1.5398723929009728E-8    2.954759124904485E-7     -598460.3329879928-146723.6046770904i             717661.5847527977
0                         1.5398723929009728E-8    3.1144758343587815E-7    -492420.6149801491-111658.3154569136i             599277.4271862647
0                         1.5398723929009728E-8    3.274192543813078E-7     -330718.2142364555-59226.280719900155i            487207.2721780511
0                         1.5398723929009728E-8    3.433909253267374E-7     -268328.4197283833-39195.97993250942i             393632.7934189327
0                         1.5398723929009728E-8    3.5936259627216704E-7    -206009.00664474117-22164.66218860414i            301657.6585538567
0                         1.5398723929009728E-8    3.753342672175967E-7     -117265.60634198543+2496.460727256222i            196403.112944579
0                         1.5398723929009728E-8    3.913059381630264E-7     -9810.938009745483+33750.94123195095i             153213.9018225972
0                         3.0797447858019456E-8    -3.913059381630264E-7    5172.903950664848-34673.59030441352i              270162.8409870946
0                         3.0797447858019456E-8    -3.753342672175967E-7    -100079.84962822818-63784.29766476243i            338513.94460929936
0                         3.0797447858019456E-8    -3.593625962721671E-7    -203947.32513818075-93246.07454163i               482069.3756882458
0                         3.0797447858019456E-8    -3.4339092532673743E-7   -286528.96026961296-115721.7346487338i            611820.5471606151
0                         3.0797447858019456E-8    -3.2741925438130776E-7   -375407.32963098853-138745.74996515524i           817231.1005753727
0                         3.0797447858019456E-8    -3.1144758343587815E-7   -478052.42803045956-167748.5769150349i            970767.4912067329
0                         3.0797447858019456E-8    -2.954759124904485E-7    -601139.8927042804-202664.26415213733i            1043481.5446780983
0                         3.0797447858019456E-8    -2.7950424154501886E-7   -764083.5666515408-249238.03165744516i            1182085.564906028
0                         3.0797447858019456E-8    -2.635325705995892E-7    -933295.9968249407-297896.99394731474i            1339484.8171512347
0                         3.0797447858019456E-8    -2.4756089965415953E-7   -1108777.183224479-348641.1510217459i             1509524.463240985
0                         3.0797447858019456E-8    -2.3158922870872991E-7   -1089149.2178601255-343735.1334845632i            1547812.894497558
0                         3.0797447858019456E-8    -2.1561755776330025E-7   -1168552.9772201132-366942.9584606099i            1647448.4606363387
0                         3.0797447858019456E-8    -1.996458868178706E-7    -1197289.0330136975-377188.6590634298i            1725763.1276306377
0                         3.0797447858019456E-8    -1.8367421587244096E-7   -1228939.5187735946-388402.8247576146i            1807097.5444238454
0                         3.0797447858019456E-8    -1.677025449270113E-7    -1282544.0675706193-406354.42749783257i           1912333.3693382894
0                         3.0797447858019456E-8    -1.5173087398158168E-7   -1323604.0953837999-418195.94848313334i           1931015.4901813802
0                         3.0797447858019456E-8    -1.3575920303615201E-7   -1318788.3070976234-418566.86292333715i           1992620.4445922833
0                         3.0797447858019456E-8    -1.1978753209072235E-7   -1337976.4432959354-423647.789217173i             2041977.4389009122
0                         3.0797447858019456E-8    -1.0381586114529273E-7   -1358748.702196734-429288.27769813547i            2088461.0784835096
0                         3.0797447858019456E-8    -8.784419019986307E-8    -1381105.083800016-435488.3283662239i             2131958.13190482
0                         3.0797447858019456E-8    -7.187251925443345E-8    -1405045.588105786-442247.94122143945i            2172401.966701935
0                         3.0797447858019456E-8    -5.590084830900378E-8    -1430570.2151140412-449567.1162637812i            2209767.0595363467
0                         3.0797447858019456E-8    -3.9929177363574116E-8   -1473796.199707054-461363.04745395726i            2283207.7612437243
0                         3.0797447858019456E-8    -2.39575064181445E-8     -1476338.2980555184-462153.69200058363i           2274862.965253891
0                         3.0797447858019456E-8    -7.985835472714834E-9    -1434931.8219804056-450784.866498583i             2296197.9660134045
0                         3.0797447858019456E-8    7.985835472714834E-9     -1470698.1428609304-458629.5222868411i            2320560.9653916773
0                         3.0797447858019456E-8    2.3957506418144448E-8    -1574124.8831415612-480723.2051076498i            2264813.534137102
0                         3.0797447858019456E-8    3.9929177363574116E-8    -1561871.9672032024-474805.34737585863i           2240927.0443649055
0                         3.0797447858019456E-8    5.590084830900378E-8     -1550136.1289710957-469182.9537962123i            2214520.776543861
0                         3.0797447858019456E-8    7.18725192544334E-8      -1538917.3684452432-463856.0243687114i            2185640.775162481
0                         3.0797447858019456E-8    8.784419019986301E-8     -1477312.22276443-449430.77868532774i             2099103.424375539
0                         3.0797447858019456E-8    1.0381586114529268E-7    -1447728.4344191162-438364.74263062974i           2113075.738948031
0                         3.0797447858019456E-8    1.1978753209072235E-7    -1440770.910680418-432662.50479232136i            2086717.511530415
0                         3.0797447858019456E-8    1.3575920303615201E-7    -1435578.3464056354-427461.22557505645i           2055524.3924714248
0                         3.0797447858019456E-8    1.5173087398158168E-7    -1408142.9287938434-416379.18024736055i           2006197.1335008652
0                         3.0797447858019456E-8    1.6770254492701124E-7    -1360511.6333214678-398964.11787520093i           1926875.9735272436
0                         3.0797447858019456E-8    1.836742158724409E-7     -1306555.8388663237-380384.1162800963i            1849875.219609645
0                         3.0797447858019456E-8    1.9964588681787058E-7    -1218547.7937365957-352307.0404395639i            1739909.1397874157
0                         3.0797447858019456E-8    2.1561755776330025E-7    -1132771.779699771-324960.91312785057i            1623143.187432391
0                         3.0797447858019456E-8    2.3158922870872991E-7    -988872.2867785124-277723.7591307852i             1467055.0281276817
0                         3.0797447858019456E-8    2.475608996541595E-7     -940318.9144345269-259604.53300058545i            1365161.8196578168
0                         3.0797447858019456E-8    2.6353257059958914E-7    -898448.9297044456-243630.52266486123i            1319534.8921859628
0                         3.0797447858019456E-8    2.795042415450188E-7     -765535.9271044353-200223.14469119365i            1152632.0200023104
0                         3.0797447858019456E-8    2.954759124904485E-7     -638656.1327576786-158898.96500094485i            993594.5676639491
0                         3.0797447858019456E-8    3.1144758343587815E-7    -555938.804823124-130841.56291186478i             887857.7221980451
0                         3.0797447858019456E-8    3.274192543813078E-7     -475489.9915791329-103496.16687240567i            777654.5517329009
0                         3.0797447858019456E-8    3.433909253267374E-7     -289251.921541719-47429.75078386979i              668070.5731929687
0                         3.0797447858019456E-8    3.5936259627216704E-7    -244731.34110758954-36720.97696909522i            502510.57006103
0                         3.0797447858019456E-8    3.753342672175967E-7     -135170.02813443524-3454.6189083228237i           337394.78621029464
0                         3.0797447858019456E-8    3.913059381630264E-7     -5172.903950666179+34673.59030441318i             298177.4744912203
0                         4.6196171787029183E-8    -3.913059381630264E-7    5937.809522651403-33324.2906793021i               408379.8321889076
0                         4.6196171787029183E-8    -3.753342672175967E-7    -102574.23281512913-63394.46888953215i            490195.16745641275
0                         4.6196171787029183E-8    -3.593625962721671E-7    -217893.98588682292-96750.51837676883i            612980.4028990157
0                         4.6196171787029183E-8    -3.4339092532673743E-7   -320547.03862863337-124865.56388287668i           891124.5717609839
0                         4.6196171787029183E-8    -3.2741925438130776E-7   -366896.0862062512-136064.30112858693i            1123544.1148143725
0                         4.6196171787029183E-8    -3.1144758343587815E-7   -674713.3828638991-224824.42683587776i            1490796.4719668066
0                         4.6196171787029183E-8    -2.954759124904485E-7    -745193.5887666973-244343.12863046408i            1575714.624835437
0                         4.6196171787029183E-8    -2.7950424154501886E-7   -858710.6528269863-276452.05449110165i            1669811.5545210403
0                         4.6196171787029183E-8    -2.635325705995892E-7    -973416.8967676109-309114.03179602243i            1757401.7946685785
0                         4.6196171787029183E-8    -2.4756089965415953E-7   -1122400.169723574-349505.35858264344i            1894074.9803315664
0                         4.6196171787029183E-8    -2.3158922870872991E-7   -1301775.1671710447-401551.33331669634i           2079167.6956600016
0                         4.6196171787029183E-8    -2.1561755776330025E-7   -1222840.4337303082-380595.84626909945i           2010433.7364642175
0                         4.6196171787029183E-8    -1.996458868178706E-7    -1250680.040207655-390573.3856864538i             2124335.581207818
0                         4.6196171787029183E-8    -1.8367421587244096E-7   -1281434.0766513133-401519.39019517275i           2241235.794754657
0                         4.6196171787029183E-8    -1.677025449270113E-7    -1335925.3577827832-418785.9532554729i            2365188.415734311
0                         4.6196171787029183E-8    -1.5173087398158168E-7   -1376013.837628723-430341.25447234185i            2401618.060705847
0                         4.6196171787029183E-8    -1.3575920303615201E-7   -1398858.6443826603-437496.6826683697i            2492748.824527691
0                         4.6196171787029183E-8    -1.1978753209072235E-7   -1400359.1100016613-439143.60081433004i           2553727.3093471243
0                         4.6196171787029183E-8    -1.0381586114529273E-7   -1421334.4990442465-444825.78743273194i           2613593.5410181805
0                         4.6196171787029183E-8    -8.784419019986307E-8    -1443894.0107893178-451067.53623826016i           2669760.7530646734
0                         4.6196171787029183E-8    -7.187251925443345E-8    -1468037.6452368721-457868.8472309144i            2722171.406275882
0                         4.6196171787029183E-8    -5.590084830900378E-8    -1493765.4023869145-465229.7204106955i            2770796.033550451
0                         4.6196171787029183E-8    -3.9929177363574116E-8   -1521429.3663827586-472670.30280523497i           2826407.7503997157
0                         4.6196171787029183E-8    -2.39575064181445E-8     -1523202.9490250887-473243.1464829211i            2822614.76331382
0                         4.6196171787029183E-8    -7.985835472714834E-9    -1503672.2481374817-466596.54670534085i           2865497.9369969037
0                         4.6196171787029183E-8    7.985835472714834E-9     -1539385.6873952197-474404.17323622777i           2887506.2229015958
0                         4.6196171787029183E-8    2.3957506418144448E-8    -1565527.163819865-480505.6253465774i             2799073.2167467503
0                         4.6196171787029183E-8    3.9929177363574116E-8    -1599810.565563033-485781.39943282225i            2824170.8663090626
0                         4.6196171787029183E-8    5.590084830900378E-8     -1588502.282183669-480281.8738845751i             2788726.5887468504
0                         4.6196171787029183E-8    7.18725192544334E-8      -1577711.0765105588-475077.81248847325i           2750195.724609992
0                         4.6196171787029183E-8    8.784419019986301E-8     -1537496.9031514516-463784.34469097655i           2669712.7767859763
0                         4.6196171787029183E-8    1.0381586114529268E-7    -1503708.3813141256-450969.632068221i             2686339.7942673974
0                         4.6196171787029183E-8    1.1978753209072235E-7    -1497917.7418480907-445608.7255923383i            2639484.072361907
0                         4.6196171787029183E-8    1.3575920303615201E-7    -1493892.0618459715-440748.7777374991i            2586653.0584339895
0                         4.6196171787029183E-8    1.5173087398158168E-7    -1502878.7435730915-440060.5301022164i            2586794.743174706
0                         4.6196171787029183E-8    1.6770254492701124E-7    -1456009.349352274-422879.1396391965i             2482571.462364121
0                         4.6196171787029183E-8    1.836742158724409E-7     -1372427.974115834-396686.02763427014i            2356147.9576364304
0                         4.6196171787029183E-8    1.9964588681787058E-7    -1285036.569317691-368813.32022010605i            2221498.0057970905
0                         4.6196171787029183E-8    2.1561755776330025E-7    -1199877.1956124504-341671.56133476057i           2078245.085390604
0                         4.6196171787029183E-8    2.3158922870872991E-7    -1116949.853000117-315260.75097823504i            1926635.920965217
0                         4.6196171787029183E-8    2.475608996541595E-7     -1036254.5414806851-289580.8891505278i            1767209.011537368
0                         4.6196171787029183E-8    2.6353257059958914E-7    -934028.2081418175-254216.08957385144i            1713430.1557984152
0                         4.6196171787029183E-8    2.795042415450188E-7     -801664.6390364289-211004.25259815014i            1514976.7535219355
0                         4.6196171787029183E-8    2.954759124904485E-7     -687285.1201533119-171607.959691369i              1383845.769793446
0                         4.6196171787029183E-8    3.1144758343587815E-7    -534106.7456433146-122192.06980718605i            1285513.4878915886
0                         4.6196171787029183E-8    3.274192543813078E-7     -382082.27835504094-73150.19794402976i            1192320.2844026552
0                         4.6196171787029183E-8    3.433909253267374E-7     -356857.0491658011-69869.49049507765i             920676.6947712095
0                         4.6196171787029183E-8    3.5936259627216704E-7    -270464.5938351505-44575.791943769524i            690865.1545172742
0                         4.6196171787029183E-8    3.753342672175967E-7     -135380.9629494123-4650.170688205879i             507729.217360908
0                         4.6196171787029183E-8    3.913059381630264E-7     -5937.809522652717+33324.29067930177i             457158.88135636976
0                         6.159489571603891E-8     -3.913059381630264E-7    6702.715094637954-31974.99105419068i              547252.8586116558
0                         6.159489571603891E-8     -3.753342672175967E-7    -168732.4886969966-83937.10982191033i             764094.4543569152
0                         6.159489571603891E-8     -3.593625962721671E-7    -249697.08435228316-105120.58097988908i           816673.8062227049
0                         6.159489571603891E-8     -3.4339092532673743E-7   -292513.3586360789-116863.7975435891i             1114845.0442735972
0                         6.159489571603891E-8     -3.2741925438130776E-7   -421287.08231524646-149280.0686581672i            1616108.709429794
0                         6.159489571603891E-8     -3.1144758343587815E-7   -647108.2085956738-216517.59688159727i            1771394.663850529
0                         6.159489571603891E-8     -2.954759124904485E-7    -712940.4831935684-234653.3917605952i             1869079.9354400607
0                         6.159489571603891E-8     -2.7950424154501886E-7   -824878.7326686752-266257.1161262191i             1994964.1006257357
0                         6.159489571603891E-8     -2.635325705995892E-7    -938006.162024118-298413.89193612617i             2112391.8760426
0                         6.159489571603891E-8     -2.4756089965415953E-7   -1052322.7712598955-331123.71919031616i           2219829.4117588573
0                         6.159489571603891E-8     -2.3158922870872991E-7   -1167828.5603760085-364386.5978887891i            2316544.8668917725
0                         6.159489571603891E-8     -2.1561755776330025E-7   -1277127.8902405037-394248.73407758895i           2411229.0123453494
0                         6.159489571603891E-8     -1.996458868178706E-7    -1304071.0474016115-403958.1123094776i            2562875.894391496
0                         6.159489571603891E-8     -1.8367421587244096E-7   -1333928.6345290306-414635.95563273056i           2717448.305064572
0                         6.159489571603891E-8     -1.677025449270113E-7    -1389306.6479949458-431217.4790131129i            2858225.59546433
0                         6.159489571603891E-8     -1.5173087398158168E-7   -1407140.8125361456-436527.2184382001i            2951198.843619034
0                         6.159489571603891E-8     -1.3575920303615201E-7   -1455123.689658085-450943.65014014055i            3037203.509097271
0                         6.159489571603891E-8     -1.1978753209072235E-7   -1462741.776707389-454639.41241148795i            3106435.178325592
0                         6.159489571603891E-8     -1.0381586114529273E-7   -1483920.2958917608-460363.297167329i             3180021.8074718527
0                         6.159489571603891E-8     -8.784419019986307E-8    -1506682.9377786168-466646.744110296i             3249479.666204337
0                         6.159489571603891E-8     -7.187251925443345E-8    -1531029.702367959-473489.7532403895i             3314758.964322382
0                         6.159489571603891E-8     -5.590084830900378E-8    -1556960.589659788-480892.32455761003i            3375830.250041616
0                         6.159489571603891E-8     -3.9929177363574116E-8   -1569062.5330584652-483977.5581565134i            3413595.9414943615
0                         6.159489571603891E-8     -2.39575064181445E-8     -1570067.5999946597-484332.6009652591i            3415921.776028856
0                         6.159489571603891E-8     -7.985835472714834E-9    -1572412.6742945574-482408.22691209865i           3469996.2126306244
0                         6.159489571603891E-8     7.985835472714834E-9     -1618115.1244431639-493068.82651140454i           3417642.192864753
0                         6.159489571603891E-8     2.3957506418144448E-8    -1613226.5805706661-491748.0276211831i            3439422.4177350383
0                         6.159489571603891E-8     3.9929177363574116E-8    -1609548.0208442353-490936.2201370719i            3443511.9709039466
0                         6.159489571603891E-8     5.590084830900378E-8     -1626868.4353962434-491380.7939729381i            3427620.807073153
0                         6.159489571603891E-8     7.18725192544334E-8      -1609157.6713693857-486359.32642258605i           3370546.073361426
0                         6.159489571603891E-8     8.784419019986301E-8     -1597681.583538474-478137.91069662536i            3297948.461742132
0                         6.159489571603891E-8     1.0381586114529268E-7    -1588852.1144555635-470800.77661563404i           3210403.430007566
0                         6.159489571603891E-8     1.1978753209072235E-7    -1555064.573015764-458554.9463923552i             3245088.1015907414
0                         6.159489571603891E-8     1.3575920303615201E-7    -1552205.7772863095-454036.3298999423i            3169332.6609157706
0                         6.159489571603891E-8     1.5173087398158168E-7    -1551111.941020772-450018.67202857335i            3087229.496996637
0                         6.159489571603891E-8     1.6770254492701124E-7    -1527306.9049248064-441387.2265050592i            3065889.785560943
0                         6.159489571603891E-8     1.836742158724409E-7     -1438300.1093653445-412987.93898844416i           2911341.9707707204
0                         6.159489571603891E-8     1.9964588681787058E-7    -1351525.3448987855-385319.60000064806i           2747074.614471633
0                         6.159489571603891E-8     2.1561755776330025E-7    -1266982.6115251323-358382.20954167144i           2573237.149590408
0                         6.159489571603891E-8     2.3158922870872991E-7    -1184671.9092443823-332175.76761151344i           2390148.8331771432
0                         6.159489571603891E-8     2.475608996541595E-7     -1104593.2380565356-306700.27421017445i           2198379.435280615
0                         6.159489571603891E-8     2.6353257059958914E-7    -970650.5048322357-255804.2389950718i             2091323.3645917636
0                         6.159489571603891E-8     2.795042415450188E-7     -845346.303374936-221229.18102772438i             1920132.5958040573
0                         6.159489571603891E-8     2.954759124904485E-7     -705208.944659455-175908.01309964937i             1831323.6669219192
0                         6.159489571603891E-8     3.1144758343587815E-7    -532920.770709906-120426.23162732227i             1696061.712870289
0                         6.159489571603891E-8     3.274192543813078E-7     -361934.7554737936-65366.427541843914i            1565433.8158552495
0                         6.159489571603891E-8     3.433909253267374E-7     -423595.3732807097-90444.28706602775i             1172771.789751277
0                         6.159489571603891E-8     3.5936259627216704E-7    -265151.8052914485-44225.620034719235i            895593.6962257675
0                         6.159489571603891E-8     3.753342672175967E-7     -135591.89776438946-5845.722468088978i            684156.9046312345
0                         6.159489571603891E-8     3.913059381630264E-7     -6702.715094639257+31974.991054190385i            617670.0801063046
0                         7.699361964504864E-8     -3.913059381630264E-7    7467.6206666245025-30625.69142907925i             686508.7832860898
0                         7.699361964504864E-8     -3.753342672175967E-7    -189064.87531985482-88972.44017121113i            896990.1213879817
0                         7.699361964504864E-8     -3.593625962721671E-7    -240859.6483906316-103570.481252662i              959750.9429923581
0                         7.699361964504864E-8     -3.4339092532673743E-7   -333521.7810056793-129849.96049865874i            1466428.1037980411
0                         7.699361964504864E-8     -3.2741925438130776E-7   -454652.9872029982-163505.78037433905i            1768200.5462788963
0                         7.699361964504864E-8     -3.1144758343587815E-7   -401426.05957022123-143411.85979353322i           2045401.9827431096
0                         7.699361964504864E-8     -2.954759124904485E-7    -436945.4331383538-152586.52263580263i            2129398.946929249
0                         7.699361964504864E-8     -2.7950424154501886E-7   -589978.0067414634-195641.1891468771i             2293344.8482044796
0                         7.699361964504864E-8     -2.635325705995892E-7    -902595.4272806246-287713.75207622955i            2499482.515327943
0                         7.699361964504864E-8     -2.4756089965415953E-7   -1015333.2219312205-319918.3778354058i            2641830.990081209
0                         7.699361964504864E-8     -2.3158922870872991E-7   -1129260.1964621528-352676.0550388655i            2771665.792355948
0                         7.699361964504864E-8     -2.1561755776330025E-7   -1244376.3508734195-385986.78368660796i           2888321.9653347493
0                         7.699361964504864E-8     -1.996458868178706E-7    -1357462.0545955664-417342.8389325009i            3028264.8247232684
0                         7.699361964504864E-8     -1.8367421587244096E-7   -1407205.1370098128-433384.9915887392i            3270961.1766987704
0                         7.699361964504864E-8     -1.677025449270113E-7    -1442687.9382071076-443649.0047707526i            3376849.978256792
0                         7.699361964504864E-8     -1.5173087398158168E-7   -1464176.3318652161-450224.59188631084i           3501402.729190408
0                         7.699361964504864E-8     -1.3575920303615201E-7   -1511388.7349335104-464390.6176119114i            3607876.3308053575
0                         7.699361964504864E-8     -1.1978753209072235E-7   -1560072.2436473195-479201.60184564i              3691884.4754098244
0                         7.699361964504864E-8     -1.0381586114529273E-7   -1546506.092739273-475900.80690192524i            3772138.0750656836
0                         7.699361964504864E-8     -8.784419019986307E-8    -1569471.8647679167-482225.9519823319i            3855204.184459088
0                         7.699361964504864E-8     -7.187251925443345E-8    -1594021.7594990458-489110.65924986487i           3933820.0541838002
0                         7.699361964504864E-8     -5.590084830900378E-8    -1620155.7769326605-496554.9287045244i            4007957.337460007
0                         7.699361964504864E-8     -3.9929177363574116E-8   -1616695.6997341712-495284.81350779143i           4027814.288898505
0                         7.699361964504864E-8     -2.39575064181445E-8     -1606008.838567566-490577.8473645165i             4060454.704329539
0                         7.699361964504864E-8     -7.985835472714834E-9    -1641153.1004516343-498219.9071188571i            4094622.219962222
0                         7.699361964504864E-8     7.985835472714834E-9     -1665598.4850932744-504258.4435636427i            4087353.2277329518
0                         7.699361964504864E-8     2.3957506418144448E-8    -1660925.9973214676-502990.42989578866i           4109876.8080615695
0                         7.699361964504864E-8     3.9929177363574116E-8    -1657463.493695728-502231.40763404523i            4113821.766185302
0                         7.699361964504864E-8     5.590084830900378E-8     -1665234.5886088158-502479.71406130074i           4103523.946779008
0                         7.699361964504864E-8     7.18725192544334E-8      -1668544.8450189717-500464.66977631976i           4047402.648278496
0                         7.699361964504864E-8     8.784419019986301E-8     -1657866.263925497-492491.47670227435i            3957041.7314052493
0                         7.699361964504864E-8     1.0381586114529268E-7    -1649834.3015800216-485402.56527319807i           3850644.907558702
0                         7.699361964504864E-8     1.1978753209072235E-7    -1612211.4041834387-471501.1671923727i            3880283.445556262
0                         7.699361964504864E-8     1.3575920303615201E-7    -1610519.4927266461-467323.8820623851i            3781210.3598504905
0                         7.699361964504864E-8     1.5173087398158168E-7    -1468398.0777862335-432439.2525953887i            3393531.2289619828
0                         7.699361964504864E-8     1.6770254492701124E-7    -1414709.214602611-412416.2190321435i             3286049.659475618
0                         7.699361964504864E-8     1.836742158724409E-7     -1377504.6597554912-398824.82641044667i           3212551.9396847133
0                         7.699361964504864E-8     1.9964588681787058E-7    -1418014.1204798822-401825.8797811906i            3297065.39418649
0                         7.699361964504864E-8     2.1561755776330025E-7    -1334088.0274378138-375092.85774858214i           3090410.2051783185
0                         7.699361964504864E-8     2.3158922870872991E-7    -1252393.965488648-349090.7842447921i             2874012.7420613323
0                         7.699361964504864E-8     2.475608996541595E-7     -1145024.133472914-319865.66715852486i            2708765.6837473367
0                         7.699361964504864E-8     2.6353257059958914E-7    -949324.219768519-260154.38157104046i             2450864.63445174
0                         7.699361964504864E-8     2.795042415450188E-7     -844340.1787883717-222242.40154612827i            2433347.035072838
0                         7.699361964504864E-8     2.954759124904485E-7     -692914.7934315987-173534.96896033167i            2251938.0531563293
0                         7.699361964504864E-8     3.1144758343587815E-7    -555955.3460694188-129364.03031864605i            2071426.7940683882
0                         7.699361964504864E-8     3.274192543813078E-7     -598736.6733915812-148859.7108062266i             1721640.7160947626
0                         7.699361964504864E-8     3.433909253267374E-7     -375233.0730229267-82402.59117235741i             1377438.6468284808
0                         7.699361964504864E-8     3.5936259627216704E-7    -264808.769349416-45267.42396937395i              1119791.9843788038
0                         7.699361964504864E-8     3.753342672175967E-7     -135802.8325793665-7041.274247972047i             863444.8859314884
0                         7.699361964504864E-8     3.913059381630264E-7     -7467.620666625789+30625.69142907896i             779451.68249925
0                         9.239234357405837E-8     -3.913059381630264E-7    22081.53955994218-24547.369951451226i             962613.6789141337
0                         9.239234357405837E-8     -3.753342672175967E-7    -158208.02200583112-81315.49831000651i            1010694.1460481765
0                         9.239234357405837E-8     -3.593625962721671E-7    -372814.33136148937-142675.35620372804i           1223825.1148273598
0                         9.239234357405837E-8     -3.4339092532673743E-7   -526725.8359049569-186236.723023433i              1671283.3882324684
0                         9.239234357405837E-8     -3.2741925438130776E-7   -671469.6992078926-226921.17625967285i            2023957.7387971447
0                         9.239234357405837E-8     -3.1144758343587815E-7   -630414.5859144548-209640.30852575725i            2402005.4441265995
0                         9.239234357405837E-8     -2.954759124904485E-7    -686906.4120132304-224627.01670066954i            2570887.760754913
0                         9.239234357405837E-8     -2.7950424154501886E-7   -768900.4645554898-247250.8768927729i             2709239.2765633827
0                         9.239234357405837E-8     -2.635325705995892E-7    -938524.5581654606-295411.36197612283i            2920141.8820535224
0                         9.239234357405837E-8     -2.4756089965415953E-7   -1117736.690978921-346772.02752750396i            3129703.913506392
0                         9.239234357405837E-8     -2.3158922870872991E-7   -1306777.3845251931-401414.541532438i             3335127.0698907264
0                         9.239234357405837E-8     -2.1561755776330025E-7   -1204229.17237438-373771.0393416701i              3411986.5322814425
0                         9.239234357405837E-8     -1.996458868178706E-7    -1318955.6920808002-407129.6179386815i            3550957.8668484217
0                         9.239234357405837E-8     -1.8367421587244096E-7   -1461557.9751892155-446102.7371148106i            3779162.7305208496
0                         9.239234357405837E-8     -1.677025449270113E-7    -1496069.2284192701-456080.53052839264i           3913492.0883452194
0                         9.239234357405837E-8     -1.5173087398158168E-7   -1521211.8511942867-463921.96533442143i           4067760.0435174936
0                         9.239234357405837E-8     -1.3575920303615201E-7   -1567653.780208934-477837.585083682i              4195838.3412385
0                         9.239234357405837E-8     -1.1978753209072235E-7   -1615566.814869098-492398.16334107076i            4300701.445746691
0                         9.239234357405837E-8     -1.0381586114529273E-7   -1664950.9551747763-507603.70010658767i           4382310.786281696
0                         9.239234357405837E-8     -8.784419019986307E-8    -1632260.7917572167-497805.1598543677i            4478967.25398947
0                         9.239234357405837E-8     -7.187251925443345E-8    -1657013.816630132-504731.56525934i               4571187.142982797
0                         9.239234357405837E-8     -5.590084830900378E-8    -1664458.6499440018-506415.0494337281i            4621686.344922611
0                         9.239234357405837E-8     -3.9929177363574116E-8   -1664328.866409876-506592.0688590694i             4660338.4547752375
0                         9.239234357405837E-8     -2.39575064181445E-8     -1674802.146347428-506426.5568286458i             4697005.694277927
0                         9.239234357405837E-8     -7.985835472714834E-9    -1709893.5266087102-514031.587325615i             4731836.564068432
0                         9.239234357405837E-8     7.985835472714834E-9     -1713081.8457433847-515448.0606158806i            4775297.069007645
0                         9.239234357405837E-8     2.3957506418144448E-8    -1794805.571198238-534260.8089742349i             4868230.017302061
0                         9.239234357405837E-8     3.9929177363574116E-8    -1781412.1974621299-529838.7373364966i            4843649.188526498
0                         9.239234357405837E-8     5.590084830900378E-8     -1766026.4444795446-525043.1467539613i            4793225.626627677
0                         9.239234357405837E-8     7.18725192544334E-8      -1766416.0381828612-521195.95450666774i           4732773.957554112
0                         9.239234357405837E-8     8.784419019986301E-8     -1763317.7294342984-518855.01449254534i           4648817.862871809
0                         9.239234357405837E-8     1.0381586114529268E-7    -1758599.632816341-516230.8651719443i             4542377.43207082
0                         9.239234357405837E-8     1.1978753209072235E-7    -1517975.256359486-450410.98963888665i            4238166.627957466
0                         9.239234357405837E-8     1.3575920303615201E-7    -1493998.360345046-441811.9168573236i             4106323.835040411
0                         9.239234357405837E-8     1.5173087398158168E-7    -1469098.008962315-432917.98117143585i            3960773.2846469386
0                         9.239234357405837E-8     1.6770254492701124E-7    -1443037.2089016875-421195.28982936457i           3868668.2371469755
0                         9.239234357405837E-8     1.836742158724409E-7     -1405401.2966881536-407477.1003881999i            3761201.8892959217
0                         9.239234357405837E-8     1.9964588681787058E-7    -1342743.2189858437-375348.8614480101i            3628705.8099460127
0                         9.239234357405837E-8     2.1561755776330025E-7    -1383096.4462255544-389618.9836527188i            3333243.9447076293
0                         9.239234357405837E-8     2.3158922870872991E-7    -1279857.7991090212-355888.509802683i             3268298.444579375
0                         9.239234357405837E-8     2.475608996541595E-7     -1181075.5125704375-323710.72960757173i           3188448.6837695804
0                         9.239234357405837E-8     2.6353257059958914E-7    -1086742.8796565926-293083.2391541137i            3094213.054676122
0                         9.239234357405837E-8     2.795042415450188E-7     -908421.1136138695-239013.7815468197i             2806442.12964484
0                         9.239234357405837E-8     2.954759124904485E-7     -828904.2163993563-212556.43416104518i            2648397.3861337015
0                         9.239234357405837E-8     3.1144758343587815E-7    -767752.6006674799-190122.95236901933i            2519181.3467324018
0                         9.239234357405837E-8     3.274192543813078E-7     -788753.5882401484-209844.76117580166i            2094997.339258073
0                         9.239234357405837E-8     3.433909253267374E-7     -573316.918686671-143258.0140002387i              1735089.851799365
0                         9.239234357405837E-8     3.5936259627216704E-7    -372218.0484142464-81181.74547652414i             1377660.531514704
0                         9.239234357405837E-8     3.753342672175967E-7     -265530.7550340962-46377.898792390915i            1097384.4241201675
0                         9.239234357405837E-8     3.913059381630264E-7     -22081.539559941146+24547.369951451616i           1043868.4428840232
0                         1.077910675030681E-7     -3.913059381630264E-7    17630.646322156506-24494.870972389617i            1176867.460620454
0                         1.077910675030681E-7     -3.753342672175967E-7    -164036.0056719088-79235.91755043046i             1242066.5243682044
0                         1.077910675030681E-7     -3.593625962721671E-7    -343018.30234999163-132724.5071343541i            1474546.7256656094
0                         1.077910675030681E-7     -3.4339092532673743E-7   -519316.24371209455-184960.63972416127i           1788250.9871637397
0                         1.077910675030681E-7     -3.2741925438130776E-7   -839282.8916825079-275273.1700598973i             2296386.557828217
0                         1.077910675030681E-7     -3.1144758343587815E-7   -1000470.1062879466-320363.8233267274i            2713925.1897669765
0                         1.077910675030681E-7     -2.954759124904485E-7    -903995.2823414428-286735.0510367989i             3025699.5880890097
0                         1.077910675030681E-7     -2.7950424154501886E-7   -904736.4504773474-285595.4428846916i             3155008.792810535
0                         1.077910675030681E-7     -2.635325705995892E-7    -1081803.0036579925-335792.95098204614i           3409720.0135578075
0                         1.077910675030681E-7     -2.4756089965415953E-7   -1268944.363826089-389337.8689245559i             3663643.0909738657
0                         1.077910675030681E-7     -2.3158922870872991E-7   -1466425.571429933-446319.3735936565i             3913467.1438151607
0                         1.077910675030681E-7     -2.1561755776330025E-7   -1674521.0265308572-506829.8735328773i            4157059.6262803283
0                         1.077910675030681E-7     -1.996458868178706E-7    -1369212.0552122758-409765.7740913649i            3974772.514632206
0                         1.077910675030681E-7     -1.8367421587244096E-7   -1445801.6318675363-434123.6957048173i            4269989.318389503
0                         1.077910675030681E-7     -1.677025449270113E-7    -1417028.7645806707-425294.0808304125i            4413915.073816607
0                         1.077910675030681E-7     -1.5173087398158168E-7   -1578247.3705233568-477619.33878253197i           4645904.701570831
0                         1.077910675030681E-7     -1.3575920303615201E-7   -1623918.8254843599-491284.5525554528i            4796283.643169445
0                         1.077910675030681E-7     -1.1978753209072235E-7   -1671061.386090878-505594.7248365019i             4922939.527800152
0                         1.077910675030681E-7     -1.0381586114529273E-7   -1719675.0523429092-520549.8556256785i            5025782.421944437
0                         1.077910675030681E-7     -8.784419019986307E-8    -1769759.82424046-536149.9449229843i              5104827.592265403
0                         1.077910675030681E-7     -7.187251925443345E-8    -1720005.8737612185-520352.4712688154i            5222439.247001931
0                         1.077910675030681E-7     -5.590084830900378E-8    -1712860.3323258427-517940.1056539467i            5259934.353269277
0                         1.077910675030681E-7     -3.9929177363574116E-8   -1711962.033085582-517899.3242103475i             5306354.62893388
0                         1.077910675030681E-7     -2.39575064181445E-8     -1743595.4541272903-522275.2662927754i            5341768.955528213
0                         1.077910675030681E-7     -7.985835472714834E-9    -1790201.0397878708-535594.4758592485i            5350790.116181873
0                         1.077910675030681E-7     7.985835472714834E-9     -1788314.4567244733-533422.8538433416i            5459565.048013912
0                         1.077910675030681E-7     2.3957506418144448E-8    -1776560.2123119747-529267.7164012528i            5454000.344982708
0                         1.077910675030681E-7     3.9929177363574116E-8    -1762813.5886529975-524739.0600143669i            5422192.643406349
0                         1.077910675030681E-7     5.590084830900378E-8     -1747074.5857475426-519836.88468268415i           5364128.771820125
0                         1.077910675030681E-7     7.18725192544334E-8      -1741375.2980517973-515037.4640587686i            5288090.91271636
0                         1.077910675030681E-7     8.784419019986301E-8     -1737969.169987582-512620.4456030439i             5189768.056472665
0                         1.077910675030681E-7     1.0381586114529268E-7    -1732943.2540539708-509920.21784083976i           5068449.085347001
0                         1.077910675030681E-7     1.1978753209072235E-7    -1726297.550250965-506936.7807721574i             4924402.816859169
0                         1.077910675030681E-7     1.3575920303615201E-7    -1737478.3279945166-505059.20614389353i           4786198.135712338
0                         1.077910675030681E-7     1.5173087398158168E-7    -1703188.198369367-478871.0602885101i             4656268.179284822
0                         1.077910675030681E-7     1.6770254492701124E-7    -1355505.3666002848-388436.5276331309i            4355785.794270309
0                         1.077910675030681E-7     1.836742158724409E-7     -1364729.3467513043-387340.7531911496i            4332279.547438567
0                         1.077910675030681E-7     1.9964588681787058E-7    -1469529.355800333-419593.8922719025i             3899231.5750294044
0                         1.077910675030681E-7     2.1561755776330025E-7    -1365461.6297063723-385487.6776380662i            3815658.4549865155
0                         1.077910675030681E-7     2.3158922870872991E-7    -1265821.4286268742-352924.5648618392i            3715248.9358405555
0                         1.077910675030681E-7     2.475608996541595E-7     -1170602.2510884425-321902.22093123064i           3598460.206820035
0                         1.077910675030681E-7     2.6353257059958914E-7    -1079797.5797980165-292418.3076622333i            3466355.7516355263
0                         1.077910675030681E-7     2.795042415450188E-7     -1018841.3318260117-271668.3240261943i            3335796.9605941717
0                         1.077910675030681E-7     2.954759124904485E-7     -893922.14025202-231978.40843103995i              3038199.446537221
0                         1.077910675030681E-7     3.1144758343587815E-7    -954837.9933118767-265493.9750843921i             2719506.23193504
0                         1.077910675030681E-7     3.274192543813078E-7     -737631.5967926352-197727.94090125733i            2317638.67470067
0                         1.077910675030681E-7     3.433909253267374E-7     -522586.0110381172-131019.57093332347i            1913350.6521789245
0                         1.077910675030681E-7     3.5936259627216704E-7    -187948.75978863833-32345.16234794543i            1541620.0245495667
0                         1.077910675030681E-7     3.753342672175967E-7     -87740.25669143687+519.9009219931468i             1254582.7520559109
0                         1.077910675030681E-7     3.913059381630264E-7     -17630.64632215487+24494.870972390177i            1143850.6131572244
0                         1.2318979143207782E-7    -3.913059381630264E-7    13179.753084370854-24442.37199332801i             1391721.708646738
0                         1.2318979143207782E-7    -3.753342672175967E-7    -168184.06592291844-79222.64553182159i            1473498.9556105926
0                         1.2318979143207782E-7    -3.593625962721671E-7    -346863.52961422567-132750.46207619802i           1747905.8108187784
0                         1.2318979143207782E-7    -3.4339092532673743E-7   -522858.6379895517-185025.8216264577i             2119265.875233034
0                         1.2318979143207782E-7    -3.2741925438130776E-7   -680491.0713597958-231502.98485839943i            2495767.4059459297
0                         1.2318979143207782E-7    -3.1144758343587815E-7   -780635.7510475795-261048.18220957933i            2923593.749209092
0                         1.2318979143207782E-7    -2.954759124904485E-7    -1107892.5755846333-344377.121941893i             3510826.547102088
0                         1.2318979143207782E-7    -2.7950424154501886E-7   -1170136.8491819154-360916.8449364262i            3771576.615852566
0                         1.2318979143207782E-7    -2.635325705995892E-7    -1173062.879228903-360181.867345336i              3915096.434845685
0                         1.2318979143207782E-7    -2.4756089965415953E-7   -1183867.3210800325-361203.90791163524i           4059342.5112035912
0                         1.2318979143207782E-7    -2.3158922870872991E-7   -1229140.7718276617-373544.1443958838i            4213598.081785086
0                         1.2318979143207782E-7    -2.1561755776330025E-7   -1284337.7779618339-389252.35016401147i           4366190.315155677
0                         1.2318979143207782E-7    -1.996458868178706E-7    -1355581.1403213725-412108.3055075377i            4531489.7860638155
0                         1.2318979143207782E-7    -1.8367421587244096E-7   -1704850.2932201454-509760.8413600869i            4759707.984848522
0                         1.2318979143207782E-7    -1.677025449270113E-7    -1684237.7748121056-501746.05204115075i           4862615.20318465
0                         1.2318979143207782E-7    -1.5173087398158168E-7   -1679406.5227187644-498706.22975810117i           5132454.633855043
0                         1.2318979143207782E-7    -1.3575920303615201E-7   -1735724.0480767288-512618.2142817942i            5332813.995243794
0                         1.2318979143207782E-7    -1.1978753209072235E-7   -1791481.827934493-526650.96856231i               5508570.8521495275
0                         1.2318979143207782E-7    -1.0381586114529273E-7   -1846679.8622920557-540804.4925996476i            5659566.715418009
0                         1.2318979143207782E-7    -8.784419019986307E-8    -1901318.1511494198-555078.7863938084i            5785723.960009476
0                         1.2318979143207782E-7    -7.187251925443345E-8    -1874498.8508443641-564840.3362948291i            5857359.7402519705
0                         1.2318979143207782E-7    -5.590084830900378E-8    -1761262.014707684-529465.1618741653i             5908804.414976282
0                         1.2318979143207782E-7    -3.9929177363574116E-8   -1777866.5590195414-530684.5120364826i            5941359.192343404
0                         1.2318979143207782E-7    -2.39575064181445E-8     -1773077.9371190958-532211.4234846939i            5964312.17806356
0                         1.2318979143207782E-7    -7.985835472714834E-9    -1770775.1338130208-530339.0165927896i            5952518.11062508
0                         1.2318979143207782E-7    7.985835472714834E-9     -1770422.3477610806-528536.3460195073i            6066687.296589016
0                         1.2318979143207782E-7    2.3957506418144448E-8    -1758314.853425713-524274.62382827105i            6053982.083461115
0                         1.2318979143207782E-7    3.9929177363574116E-8    -1744214.9798438665-519639.3826922377i            6014736.568055661
0                         1.2318979143207782E-7    5.590084830900378E-8     -1728122.7270155416-514630.6226114072i            5948944.61747614
0                         1.2318979143207782E-7    7.18725192544334E-8      -1716334.5579207356-508878.97361086984i           5861172.58331741
0                         1.2318979143207782E-7    8.784419019986301E-8     -1712620.610540865-506385.87671354244i            5748590.619400235
0                         1.2318979143207782E-7    1.0381586114529268E-7    -1707286.8752916015-503609.5705097361i            5612633.343407099
0                         1.2318979143207782E-7    1.1978753209072235E-7    -1700333.3521729442-500550.0549994509i            5453514.742168484
0                         1.2318979143207782E-7    1.3575920303615201E-7    -1533821.4056998654-459030.0865449464i            5286319.157523295
0                         1.2318979143207782E-7    1.5173087398158168E-7    -1587032.2852664418-452471.03888950055i           5127309.40605046
0                         1.2318979143207782E-7    1.6770254492701124E-7    -1734051.428248972-492761.5730469483i             5103292.722087551
0                         1.2318979143207782E-7    1.836742158724409E-7     -1555107.898663598-449381.76292551553i            4550690.73747501
0                         1.2318979143207782E-7    1.9964588681787058E-7    -1450229.4858631059-414906.6576048004i            4448513.113026731
0                         1.2318979143207782E-7    2.1561755776330025E-7    -1349749.9830901646-381965.1295168863i            4327921.468524922
0                         1.2318979143207782E-7    2.3158922870872991E-7    -1253663.08985123-350554.91504422086i             4189289.171916839
0                         1.2318979143207782E-7    2.475608996541595E-7     -1161962.489203309-320673.74517095997i            4033455.5627305144
0                         1.2318979143207782E-7    2.6353257059958914E-7    -1074641.8479722189-292319.3455584497i            3861853.4296376184
0                         1.2318979143207782E-7    2.795042415450188E-7     -996202.9513935451-266779.03476524435i            3685625.2964829905
0                         1.2318979143207782E-7    2.954759124904485E-7     -947014.1471550638-247475.53415784275i            3450464.105217993
0                         1.2318979143207782E-7    3.1144758343587815E-7    -720035.462522987-197324.1366670253i              2976135.36716353
0                         1.2318979143207782E-7    3.274192543813078E-7     -580077.9958635278-153502.4583146021i             2555546.1646628706
0                         1.2318979143207782E-7    3.433909253267374E-7     -441763.8677339656-110289.73368920812i            2130590.8352498915
0                         1.2318979143207782E-7    3.5936259627216704E-7    -305089.77996598114-67684.82425987559i            1733492.410402668
0                         1.2318979143207782E-7    3.753342672175967E-7     -170052.4439458987-25686.594741831446i            1434934.1660946205
0                         1.2318979143207782E-7    3.913059381630264E-7     -13179.753084368582+24442.37199332874i            1246021.6806038774
0                         1.3858851536108754E-7    -3.913059381630264E-7    8728.8598465852-24389.87301426641i                1607148.2620976449
0                         1.3858851536108754E-7    -3.753342672175967E-7    -172332.12617392768-79209.37351321257i            1706037.531211119
0                         1.3858851536108754E-7    -3.593625962721671E-7    -350708.7568784581-132776.4170180415i             2023768.091366731
0                         1.3858851536108754E-7    -3.4339092532673743E-7   -526401.0322670084-185091.00352875396i            2454575.4829194928
0                         1.3858851536108754E-7    -3.2741925438130776E-7   -693848.3205442933-234496.61981170852i            2760334.5954777757
0                         1.3858851536108754E-7    -3.1144758343587815E-7   -793034.0415881808-263898.3630409353i             3265443.294039377
0                         1.3858851536108754E-7    -2.954759124904485E-7    -1044310.4043096385-337328.68622232054i           3901698.6275342223
0                         1.3858851536108754E-7    -2.7950424154501886E-7   -1106550.374070208-346892.6069607508i             4120240.73654205
0                         1.3858851536108754E-7    -2.635325705995892E-7    -1125287.7214908628-350071.10093250975i           4288665.829055052
0                         1.3858851536108754E-7    -2.4756089965415953E-7   -1161139.772409416-359118.62378438254i            4489763.342775432
0                         1.3858851536108754E-7    -2.3158922870872991E-7   -1206858.9912551078-371515.0568531586i            4692429.748765233
0                         1.3858851536108754E-7    -2.1561755776330025E-7   -1084641.5758400103-342501.3745787719i            4935835.214483485
0                         1.3858851536108754E-7    -1.996458868178706E-7    -1287233.663269208-402144.0748513037i             5448636.654953175
0                         1.3858851536108754E-7    -1.8367421587244096E-7   -1648598.505803477-496725.4504234022i             5134282.362829357
0                         1.3858851536108754E-7    -1.677025449270113E-7    -1628267.2230818835-488885.0717481935i            5267170.8180161435
0                         1.3858851536108754E-7    -1.5173087398158168E-7   -1648053.9582622764-492574.7571556727i            5570005.223613939
0                         1.3858851536108754E-7    -1.3575920303615201E-7   -1705188.2249455634-506658.56788998516i           5792785.823944746
0                         1.3858851536108754E-7    -1.1978753209072235E-7   -1761762.7461286497-520863.14838111994i           5990685.178075011
0                         1.3858851536108754E-7    -1.0381586114529273E-7   -1817777.5218115328-535188.4986290764i            6163537.648980712
0                         1.3858851536108754E-7    -8.784419019986307E-8    -1873232.5519942136-549634.618633855i             6311248.010848055
0                         1.3858851536108754E-7    -7.187251925443345E-8    -1901379.174440321-560634.6412066485i             6461855.704774014
0                         1.3858851536108754E-7    -5.590084830900378E-8    -1831043.6948201298-541959.777585984i             6549500.231940046
0                         1.3858851536108754E-7    -3.9929177363574116E-8   -1980959.871200428-582891.6913498212i             6584817.606811859
0                         1.3858851536108754E-7    -2.39575064181445E-8     -1951960.2612925123-574233.2662611472i            6566709.787601926
0                         1.3858851536108754E-7    -7.985835472714834E-9    -1938222.9552448043-569831.2740041007i            6595316.924250357
0                         1.3858851536108754E-7    7.985835472714834E-9     -1918544.8689484308-564213.8079293405i            6673181.20685654
0                         1.3858851536108754E-7    2.3957506418144448E-8    -1909673.7781462092-560561.7195498904i            6665803.450653814
0                         1.3858851536108754E-7    3.9929177363574116E-8    -1725616.3710347333-514539.705370108i             6618719.251788638
0                         1.3858851536108754E-7    5.590084830900378E-8     -1709170.8682835398-509424.3605401298i            6545140.773351082
0                         1.3858851536108754E-7    7.18725192544334E-8      -1690732.9862858672-503935.49676535436i           6444821.760995645
0                         1.3858851536108754E-7    8.784419019986301E-8     -1492988.9687337265-452817.4134307181i            6341854.168946104
0                         1.3858851536108754E-7    1.0381586114529268E-7    -1447611.3272058535-437327.56161623355i           6155883.049046182
0                         1.3858851536108754E-7    1.1978753209072235E-7    -1406458.9713492838-423347.5751273755i            5946477.951833001
0                         1.3858851536108754E-7    1.3575920303615201E-7    -1551004.9370928537-457554.48851063417i           6051607.986848818
0                         1.3858851536108754E-7    1.5173087398158168E-7    -1566143.285508942-461593.3402789403i             5605107.221844586
0                         1.3858851536108754E-7    1.6770254492701124E-7    -1622959.1682854907-473190.83149917825i           5558960.280128232
0                         1.3858851536108754E-7    1.836742158724409E-7     -1458776.097816783-422244.9047398779i             5120822.712999444
0                         1.3858851536108754E-7    1.9964588681787058E-7    -1320031.7181562711-377541.76876148i              5004187.612616907
0                         1.3858851536108754E-7    2.1561755776330025E-7    -1203593.5281638473-339887.4507591246i            4866745.502395226
0                         1.3858851536108754E-7    2.3158922870872991E-7    -1109240.8193705059-309215.5250819506i            4706717.4083237015
0                         1.3858851536108754E-7    2.475608996541595E-7     -1155134.3086057627-320018.8410698817i            4492189.446443713
0                         1.3858851536108754E-7    2.6353257059958914E-7    -1071254.5804753497-292780.14553602174i           4280031.2656084765
0                         1.3858851536108754E-7    2.795042415450188E-7     -991714.6793607624-267054.5358538855i             4054434.0306597813
0                         1.3858851536108754E-7    2.954759124904485E-7     -1010470.0208379605-291014.6924503858i            3847754.7233630614
0                         1.3858851536108754E-7    3.1144758343587815E-7    -831606.367610247-231350.48489260147i             3373930.140424924
0                         1.3858851536108754E-7    3.274192543813078E-7     -693363.3385271507-187921.22207483344i            2878090.791400395
0                         1.3858851536108754E-7    3.433909253267374E-7     -556761.6975079768-145100.4260974745i             2385244.686816359
0                         1.3858851536108754E-7    3.5936259627216704E-7    -421798.1510329934-102886.9596980574i             1935211.8770722023
0                         1.3858851536108754E-7    3.753342672175967E-7     -288469.41511973814-61279.68885530923i            1613572.2257049927
0                         1.3858851536108754E-7    3.913059381630264E-7     -8728.8598465823+24389.8730142673i                1350368.0659851036
0                         1.5398723929009728E-7    -3.913059381630264E-7    -17889.8189092417-30294.02080083113i              1871094.921610803
0                         1.5398723929009728E-7    -3.753342672175967E-7    -270560.5459823062-105498.67806067504i            1900828.359667276
0                         1.5398723929009728E-7    -3.593625962721671E-7    -517343.0730075319-178448.00706809346i            2151781.819639553
0                         1.5398723929009728E-7    -3.4339092532673743E-7   -529943.4265444654-185156.1854310503i             2792874.706091504
0                         1.5398723929009728E-7    -3.2741925438130776E-7   -707199.3427339453-237488.23920624156i            3029026.197357143
0                         1.5398723929009728E-7    -3.1144758343587815E-7   -966264.5987982105-312861.33045876643i            3771248.7901747725
0                         1.5398723929009728E-7    -2.954759124904485E-7    -939469.5917118816-305281.98893675127i            4142080.5762654
0                         1.5398723929009728E-7    -2.7950424154501886E-7   -919270.6660815438-299048.9077142796i             4484777.314871295
0                         1.5398723929009728E-7    -2.635325705995892E-7    -1033089.8937114587-319108.0864332914i            4705149.844596047
0                         1.5398723929009728E-7    -2.4756089965415953E-7   -1101293.8113534916-339028.8430069279i            4930538.035131639
0                         1.5398723929009728E-7    -2.3158922870872991E-7   -1198088.7914532078-367648.8173338282i            5145981.2930860445
0                         1.5398723929009728E-7    -2.1561755776330025E-7   -1322810.5058333492-404757.9409136416i            5349305.446118958
0                         1.5398723929009728E-7    -1.996458868178706E-7    -1440559.077353173-440094.5584530503i             5733184.033005099
0                         1.5398723929009728E-7    -1.8367421587244096E-7   -1434387.4907915234-440804.91297085874i           5813583.413992737
0                         1.5398723929009728E-7    -1.677025449270113E-7    -1413124.7730864044-437788.5584463364i            5944570.979111521
0                         1.5398723929009728E-7    -1.5173087398158168E-7   -1616701.3938057916-486443.28455324547i           6030350.884293871
0                         1.5398723929009728E-7    -1.3575920303615201E-7   -1674652.4018143974-500698.92149817623i           6275789.132625733
0                         1.5398723929009728E-7    -1.1978753209072235E-7   -1732043.664322803-515075.32819992927i            6496124.238168483
0                         1.5398723929009728E-7    -1.0381586114529273E-7   -1788875.1813310087-529572.504658505i             6691188.331069062
0                         1.5398723929009728E-7    -8.784419019986307E-8    -1845146.952839012-544190.4508739026i             6860875.806660681
0                         1.5398723929009728E-7    -7.187251925443345E-8    -2073144.072484254-602164.744303606i              6824729.053788525
0                         1.5398723929009728E-7    -5.590084830900378E-8    -1965488.4713522578-574304.6053201356i            6872026.367138134
0                         1.5398723929009728E-7    -3.9929177363574116E-8   -1936687.3490785833-572487.9183996306i            6971010.541750718
0                         1.5398723929009728E-7    -2.39575064181445E-8     -1977314.9313014338-581128.1432677221i            7021491.894370373
0                         1.5398723929009728E-7    -7.985835472714834E-9    -1963624.4093722338-576747.7716004639i            7049978.3712297855
0                         1.5398723929009728E-7    7.985835472714834E-9     -1947874.6735861674-571998.4181086342i            7111997.294537677
0                         1.5398723929009728E-7    2.3957506418144448E-8    -1939473.8266129314-568488.1336653619i            7102467.671662143
0                         1.5398723929009728E-7    3.9929177363574116E-8    -1931601.8500375065-565336.5295143919i            7065591.908362342
0                         1.5398723929009728E-7    5.590084830900378E-8     -1924258.7438598913-562543.605655724i             7001382.477387628
0                         1.5398723929009728E-7    7.18725192544334E-8      -1716163.576663179-511967.11665679805i            7003576.886594938
0                         1.5398723929009728E-7    8.784419019986301E-8     -1689458.7341207992-501339.65234294115i           6799997.553964916
0                         1.5398723929009728E-7    1.0381586114529268E-7    -1647322.8336449293-486852.73495760374i           6601567.447944791
0                         1.5398723929009728E-7    1.1978753209072235E-7    -1833100.8506739833-532424.4275958143i            6752083.238713435
0                         1.5398723929009728E-7    1.3575920303615201E-7    -1703789.48549007-495101.37795905257i             6425656.64775421
0                         1.5398723929009728E-7    1.5173087398158168E-7    -1648961.563695734-479405.50662059867i            6048710.185608228
0                         1.5398723929009728E-7    1.6770254492701124E-7    -1604959.6817392332-466083.26478044176i           5853011.764537482
0                         1.5398723929009728E-7    1.836742158724409E-7     -1690246.5910520386-485956.0964651674i            5887956.056217021
0                         1.5398723929009728E-7    1.9964588681787058E-7    -1517275.4238387127-432225.265202898i             5486746.365195977
0                         1.5398723929009728E-7    2.1561755776330025E-7    -1400431.7829362857-394783.73374131444i           5304675.438549348
0                         1.5398723929009728E-7    2.3158922870872991E-7    -1304586.0786550501-363969.2823770065i            5103221.237492169
0                         1.5398723929009728E-7    2.475608996541595E-7     -1229572.4420513182-339732.80150695564i           4882059.088102077
0                         1.5398723929009728E-7    2.6353257059958914E-7    -1175186.7439616846-322012.8363035522i            4642227.339198753
0                         1.5398723929009728E-7    2.795042415450188E-7     -1293889.109381014-374959.65631594165i            4380749.877394844
0                         1.5398723929009728E-7    2.954759124904485E-7     -1147929.8438691169-330164.1633013886i            4068325.5050866427
0                         1.5398723929009728E-7    3.1144758343587815E-7    -1025710.8963314411-291726.92141432036i           3727994.230774587
0                         1.5398723929009728E-7    3.274192543813078E-7     -965295.382859546-269498.7547788641i              3359452.4362913603
0                         1.5398723929009728E-7    3.433909253267374E-7     -671319.1455372766-179771.760749521i              2644281.941038389
0                         1.5398723929009728E-7    3.5936259627216704E-7    -497757.1969640973-125186.91665691166i            2182794.9565798356
0                         1.5398723929009728E-7    3.753342672175967E-7     -244252.314791655-48703.18032899551i              1917872.4255517605
0                         1.5398723929009728E-7    3.913059381630264E-7     17889.818909238093+30294.020800829945i            1863710.6228155326
0                         1.6938596321910702E-7    -3.913059381630264E-7    -18097.722752327983-28753.704446563643i           2147742.051809736
0                         1.6938596321910702E-7    -3.753342672175967E-7    -274086.5462631153-105196.57883409927i            2191550.456542846
0                         1.6938596321910702E-7    -3.593625962721671E-7    -524187.16972606233-179384.12496920922i           2473322.955865314
0                         1.6938596321910702E-7    -3.4339092532673743E-7   -768399.5931411725-251316.3428518946i             2906477.7874561693
0                         1.6938596321910702E-7    -3.2741925438130776E-7   -873879.9403994364-284523.14145631733i            3485189.927040094
0                         1.6938596321910702E-7    -3.1144758343587815E-7   -996003.1739214326-320774.68197870255i            3929155.9557721056
0                         1.6938596321910702E-7    -2.954759124904485E-7    -1117373.3161374137-356172.49656486i              4351587.581216235
0                         1.6938596321910702E-7    -2.7950424154501886E-7   -1200763.00347872-378739.30555724096i             4749654.452454168
0                         1.6938596321910702E-7    -2.635325705995892E-7    -1372495.3482202196-426730.1145278102i            5045927.694687943
0                         1.6938596321910702E-7    -2.4756089965415953E-7   -1341097.9473764328-402719.8594870864i            5300670.756776318
0                         1.6938596321910702E-7    -2.3158922870872991E-7   -1437988.0055205496-430728.743938982i             5554869.880628029
0                         1.6938596321910702E-7    -2.1561755776330025E-7   -1561111.4572457043-466700.3565001037i            5799978.314269554
0                         1.6938596321910702E-7    -1.996458868178706E-7    -1594947.5211825217-478254.36809742206i           6041524.878657389
0                         1.6938596321910702E-7    -1.8367421587244096E-7   -1587743.9673791802-478367.1538297155i            6155509.171394527
0                         1.6938596321910702E-7    -1.677025449270113E-7    -1588791.4888884702-480295.36283111124i           6335512.039242675
0                         1.6938596321910702E-7    -1.5173087398158168E-7   -1663148.1650428805-500960.47540398187i           6585244.576191557
0                         1.6938596321910702E-7    -1.3575920303615201E-7   -1742277.1499283658-523273.7369995231i            6804622.8100023335
0                         1.6938596321910702E-7    -1.1978753209072235E-7   -1826181.4990239996-547236.1926169475i            6993544.261854788
0                         1.6938596321910702E-7    -1.0381586114529273E-7   -1914864.2707178863-572848.8882452069i            7152038.084059613
0                         1.6938596321910702E-7    -8.784419019986307E-8    -1747828.3437662239-525848.7280059966i            7570783.659718838
0                         1.6938596321910702E-7    -7.187251925443345E-8    -1767302.3470452284-533001.1608728572i            7617127.598429623
0                         1.6938596321910702E-7    -5.590084830900378E-8    -1995458.1298942384-582713.118889984i             7226919.458702793
0                         1.6938596321910702E-7    -3.9929177363574116E-8   -2015006.4719875923-585750.2117061072i            7359204.365498656
0                         1.6938596321910702E-7    -2.39575064181445E-8     -2002669.6013103528-588023.0202742962i            7492229.88452369
0                         1.6938596321910702E-7    -7.985835472714834E-9    -1985663.9517659666-583510.1890873247i            7550677.57928511
0                         1.6938596321910702E-7    7.985835472714834E-9     -1977204.4782239068-579783.0282879284i            7566407.68743482
0                         1.6938596321910702E-7    2.3957506418144448E-8    -1969273.8750796535-576414.5477808333i            7554687.368565188
0                         1.6938596321910702E-7    3.9929177363574116E-8    -1961872.142333209-573404.7475660399i             7515499.600813259
0                         1.6938596321910702E-7    5.590084830900378E-8     -1954999.2799845806-570753.6276435502i            7448858.309634365
0                         1.6938596321910702E-7    7.18725192544334E-8      -1876277.2000174748-550992.641109337i             7444951.859237283
0                         1.6938596321910702E-7    8.784419019986301E-8     -1885928.4995078729-549861.8912551637i            7274951.232719372
0                         1.6938596321910702E-7    1.0381586114529268E-7    -1847034.3400840058-536377.9082989737i            7064329.346745901
0                         1.6938596321910702E-7    1.1978753209072235E-7    -1978284.7002677133-567846.6678645455i            7159262.757264336
0                         1.6938596321910702E-7    1.3575920303615201E-7    -1854481.2372691121-532168.8658725715i            6819416.474275152
0                         1.6938596321910702E-7    1.5173087398158168E-7    -1731780.27949749-497217.73090586235i             6509975.529731907
0                         1.6938596321910702E-7    1.6770254492701124E-7    -1692212.4542950257-485233.75558660325i           6289938.468119987
0                         1.6938596321910702E-7    1.836742158724409E-7     -1771443.43931295-506758.5771241358i              6217192.004096348
0                         1.6938596321910702E-7    1.9964588681787058E-7    -1713791.1740219-486318.9169083416i               6005148.2602689965
0                         1.6938596321910702E-7    2.1561755776330025E-7    -1597372.5146073303-449348.4074520862i            5779097.1330633145
0                         1.6938596321910702E-7    2.3158922870872991E-7    -1500858.2365872478-418648.839925797i             5536640.827169667
0                         1.6938596321910702E-7    2.475608996541595E-7     -1424168.465897322-394198.46042756765i            5277708.679237969
0                         1.6938596321910702E-7    2.6353257059958914E-7    -1370239.9582350422-401250.52674888296i           5016617.334946054
0                         1.6938596321910702E-7    2.795042415450188E-7     -1162391.4927261346-339194.37100482837i           4711758.70179499
0                         1.6938596321910702E-7    2.954759124904485E-7     -1032643.4401156666-298389.5557003191i            4341181.57161915
0                         1.6938596321910702E-7    3.1144758343587815E-7    -905206.8905790129-258056.7386598296i             3934941.8479702366
0                         1.6938596321910702E-7    3.274192543813078E-7     -780062.8155542327-218190.81282625804i            3502529.5911951386
0                         1.6938596321910702E-7    3.433909253267374E-7     -560843.2059313564-151861.676883296i              2833516.4656320047
0                         1.6938596321910702E-7    3.5936259627216704E-7    -502660.30858987547-128593.11212740553i           2503186.071818005
0                         1.6938596321910702E-7    3.753342672175967E-7     -246599.91868300154-51176.43624137633i            2209529.6940231966
0                         1.6938596321910702E-7    3.913059381630264E-7     18097.722752323618+28753.70444656223i             2143424.3563935384
0                         1.8478468714811673E-7    -3.913059381630264E-7    -18305.62659541422-27213.388092296125i            2417632.902608195
0                         1.8478468714811673E-7    -3.753342672175967E-7    -60731.37691820529-42867.235953496594i            2388562.6190956617
0                         1.8478468714811673E-7    -3.593625962721671E-7    -294393.0216152725-113303.67151247956i            2673780.0466770893
0                         1.8478468714811673E-7    -3.4339092532673743E-7   -521823.34734023106-181408.33458756018i           3115187.6007662164
0                         1.8478468714811673E-7    -3.2741925438130776E-7   -680326.9380891783-228621.93247879902i            3616981.4554716637
0                         1.8478468714811673E-7    -3.1144758343587815E-7   -807356.0766088713-266764.4491227637i             4126159.331249755
0                         1.8478468714811673E-7    -2.954759124904485E-7    -933680.3119145029-304074.30748119147i            4620618.869522717
0                         1.8478468714811673E-7    -2.7950424154501886E-7   -1075929.9508570754-344612.0816792691i            5061555.186774717
0                         1.8478468714811673E-7    -2.635325705995892E-7    -1244507.5815534915-392239.4777240152i            5424709.718747723
0                         1.8478468714811673E-7    -2.4756089965415953E-7   -1408389.7847950552-437962.59660657484i           5722082.799025181
0                         1.8478468714811673E-7    -2.3158922870872991E-7   -1678346.691541305-493591.78499835485i            5999823.82890112
0                         1.8478468714811673E-7    -2.1561755776330025E-7   -1799207.9152026172-528248.1908875937i            6285110.883496554
0                         1.8478468714811673E-7    -1.996458868178706E-7    -1750325.9971932042-516604.7584694838i            6373122.991721817
0                         1.8478468714811673E-7    -1.8367421587244096E-7   -1741961.5546902253-516088.18686899764i           6520268.95355711
0                         1.8478468714811673E-7    -1.677025449270113E-7    -1764405.2417031673-522791.11822360434i           6746361.883299131
0                         1.8478468714811673E-7    -1.5173087398158168E-7   -1835303.6715781037-542354.6100071751i            7019209.987687768
0                         1.8478468714811673E-7    -1.3575920303615201E-7   -1910970.85418338-563565.0872665966i              7261942.095435
0                         1.8478468714811673E-7    -1.1978753209072235E-7   -1786810.7271332243-527207.1501094808i            7468328.339821595
0                         1.8478468714811673E-7    -1.0381586114529273E-7   -1793427.995517612-531199.0541355587i             7528399.69502439
0                         1.8478468714811673E-7    -8.784419019986307E-8    -1885908.0739174867-559820.2744016182i            7835793.1925714305
0                         1.8478468714811673E-7    -7.187251925443345E-8    -1907547.076310134-567348.3483598273i             7884908.222115321
0                         1.8478468714811673E-7    -5.590084830900378E-8    -1854218.203969255-552768.8343161775i             7952743.709928171
0                         1.8478468714811673E-7    -3.9929177363574116E-8   -2045086.5594950458-594174.0656510446i            7741295.5859773345
0                         1.8478468714811673E-7    -2.39575064181445E-8     -2028024.2713192736-594917.8972808704i            7978769.258998693
0                         1.8478468714811673E-7    -7.985835472714834E-9    -2014523.512574733-591152.9953304445i             8022709.283885138
0                         1.8478468714811673E-7    7.985835472714834E-9     -2006534.2828616488-587567.6384672234i            8036327.382597274
0                         1.8478468714811673E-7    2.3957506418144448E-8    -1999073.9235463738-584340.961896304i             8022382.823584172
0                         1.8478468714811673E-7    3.9929177363574116E-8    -1992142.4346289153-581472.9656176887i            7980863.6463518
0                         1.8478468714811673E-7    5.590084830900378E-8     -1974167.0961071213-577835.6705715627i            7958442.180710958
0                         1.8478468714811673E-7    7.18725192544334E-8      -2035085.4129997897-589695.3290846988i            7902519.077884645
0                         1.8478468714811673E-7    8.784419019986301E-8     -2082398.2648949467-598384.1301673861i            7766431.242573723
0                         1.8478468714811673E-7    1.0381586114529268E-7    -2046745.8465230826-585903.0816403438i            7543823.366636527
0                         1.8478468714811673E-7    1.1978753209072235E-7    -2121586.9018172594-602846.0022397442i            7585338.010548091
0                         1.8478468714811673E-7    1.3575920303615201E-7    -2003153.834748104-568775.1854237028i             7232258.4001807785
0                         1.8478468714811673E-7    1.5173087398158168E-7    -1898317.223716735-538579.9829255762i             6806306.03371771
0                         1.8478468714811673E-7    1.6770254492701124E-7    -1779465.677996355-504384.3084203457i             6744518.7105523925
0                         1.8478468714811673E-7    1.836742158724409E-7     -1854401.2913413162-527832.9711719586i            6573012.107680889
0                         1.8478468714811673E-7    1.9964588681787058E-7    -1858876.0177648368-525847.0567892074i            6459969.511622769
0                         1.8478468714811673E-7    2.1561755776330025E-7    -1793815.0830953023-503406.52963262936i           6287474.832646813
0                         1.8478468714811673E-7    2.3158922870872991E-7    -1697422.8259719894-473067.7127718566i            6004473.143557012
0                         1.8478468714811673E-7    2.475608996541595E-7     -1408351.6065727826-416931.2446199695i            5719780.512735873
0                         1.8478468714811673E-7    2.6353257059958914E-7    -1226010.1242037471-361976.21996690193i           5417241.503198921
0                         1.8478468714811673E-7    2.795042415450188E-7     -1049413.4356857338-308437.9506191953i            5042953.107369732
0                         1.8478468714811673E-7    2.954759124904485E-7     -914352.4437787057-265702.1893285498i             4602257.9349354645
0                         1.8478468714811673E-7    3.1144758343587815E-7    -781642.5878245337-223454.98391409178i            4130308.5540529615
0                         1.8478468714811673E-7    3.274192543813078E-7     -651264.624274569-181691.09507278178i             3639215.0121610016
0                         1.8478468714811673E-7    3.433909253267374E-7     -505736.90290638665-136463.26030505303i           3104279.461939397
0                         1.8478468714811673E-7    3.5936259627216704E-7    -263928.12518138165-62507.91444554221i            2670419.396116454
0                         1.8478468714811673E-7    3.753342672175967E-7     -14480.24905537648+13791.075307700099i            2378658.258197344
0                         1.8478468714811673E-7    3.913059381630264E-7     18305.62659540916+27213.388092294517i             2417960.24504252
0                         2.0018341107712645E-7    -3.913059381630264E-7    13955.575966559249-16777.831619716744i            2376465.398570748
0                         2.0018341107712645E-7    -3.753342672175967E-7    -145882.05594262888-65552.67912891637i            2459002.4851016942
0                         2.0018341107712645E-7    -3.593625962721671E-7    -176945.2055680104-78647.5169079242i              2897922.7478253148
0                         2.0018341107712645E-7    -3.4339092532673743E-7   -350655.260850363-130816.53211849232i             3196735.952252684
0                         2.0018341107712645E-7    -3.2741925438130776E-7   -483287.6184512767-171673.7707251733i             3746569.0049079238
0                         2.0018341107712645E-7    -3.1144758343587815E-7   -615263.7189203436-211723.02094312277i            4319904.683698816
0                         2.0018341107712645E-7    -2.954759124904485E-7    -756866.0435378179-254315.25274816412i            4878120.969616422
0                         2.0018341107712645E-7    -2.7950424154501886E-7   -926595.0607855762-303334.2584985862i             5364819.981802367
0                         2.0018341107712645E-7    -2.635325705995892E-7    -1091511.4813473988-350472.9235128207i            5795604.733040027
0                         2.0018341107712645E-7    -2.4756089965415953E-7   -1251285.3019348385-395619.64670211053i           6167464.9010568485
0                         2.0018341107712645E-7    -2.3158922870872991E-7   -1405567.6301830672-438657.3334003i               6479633.378139406
0                         2.0018341107712645E-7    -2.1561755776330025E-7   -1931232.3574945563-560701.8618926037i            6502159.040689493
0                         2.0018341107712645E-7    -1.996458868178706E-7    -1906624.9455018714-555127.894802285i             6727552.897627082
0                         2.0018341107712645E-7    -1.8367421587244096E-7   -1896977.2297860505-553951.892387398i             6907506.526354228
0                         2.0018341107712645E-7    -1.677025449270113E-7    -1939966.9857243192-565276.1209588769i            7176854.265979827
0                         2.0018341107712645E-7    -1.5173087398158168E-7   -2007408.6711105579-583738.4736269985i            7472533.200203704
0                         2.0018341107712645E-7    -1.3575920303615201E-7   -1946845.1546545238-566843.0964096971i            7656723.003008614
0                         2.0018341107712645E-7    -1.1978753209072235E-7   -1943963.4680925994-567354.7112784563i            7773332.998270967
0                         2.0018341107712645E-7    -1.0381586114529273E-7   -1956269.4249773815-572644.5516103964i            7840978.631185776
0                         2.0018341107712645E-7    -8.784419019986307E-8    -2026801.8986881552-594462.4865058241i            8114583.582429465
0                         2.0018341107712645E-7    -7.187251925443345E-8    -2050680.3453449209-602380.2511812791i            8167138.073560572
0                         2.0018341107712645E-7    -5.590084830900378E-8    -2003870.8693526892-588859.6948783014i            8265874.746699497
0                         2.0018341107712645E-7    -3.9929177363574116E-8   -2031920.8658704185-597017.69025759i              8271891.779034285
0                         2.0018341107712645E-7    -2.39575064181445E-8     -1935136.653398191-572673.6664269075i             8249818.837091135
0                         2.0018341107712645E-7    -7.985835472714834E-9    -2043383.073383495-598795.8015735629i             8510218.336837983
0                         2.0018341107712645E-7    7.985835472714834E-9     -2035864.087499389-595352.248646518i              8521682.247627387
0                         2.0018341107712645E-7    2.3957506418144448E-8    -2028873.9720130994-592267.3760117765i            8505484.345409714
0                         2.0018341107712645E-7    3.9929177363574116E-8    -2073382.4995916847-605312.4643800918i            8457735.095725529
0                         2.0018341107712645E-7    5.590084830900378E-8     -2126582.494198109-614832.6725884248i             8445318.010461543
0                         2.0018341107712645E-7    7.18725192544334E-8      -2192611.8126025186-628080.7526302014i            8375727.633820409
0                         2.0018341107712645E-7    8.784419019986301E-8     -2278868.0302820224-646906.3690796092i            8274228.686043577
0                         2.0018341107712645E-7    1.0381586114529268E-7    -2388505.893890407-673420.0086024569i             8325360.686451124
0                         2.0018341107712645E-7    1.1978753209072235E-7    -2263073.244981697-637438.5710146832i             8029816.057395325
0                         2.0018341107712645E-7    1.3575920303615201E-7    -2149878.0237205103-604937.8173025383i            7663631.4130540965
0                         2.0018341107712645E-7    1.5173087398158168E-7    -2191963.4259501244-621266.4204649146i            7512168.7962421635
0                         2.0018341107712645E-7    1.6770254492701124E-7    -1866719.320123511-523534.9134069714i             7216868.670111592
0                         2.0018341107712645E-7    1.836742158724409E-7     -1833645.4153773424-513477.5036216081i            6907802.544582504
0                         2.0018341107712645E-7    1.9964588681787058E-7    -1944613.7731215835-547691.6374363443i            6807538.620469257
0                         2.0018341107712645E-7    2.1561755776330025E-7    -1989210.5403964492-556799.4005660149i            6827430.973160221
0                         2.0018341107712645E-7    2.3158922870872991E-7    -1412454.401523332-423258.75379357766i            6503225.234836463
0                         2.0018341107712645E-7    2.475608996541595E-7     -1252022.1182550853-374442.57312464435i           6182656.74642641
0                         2.0018341107712645E-7    2.6353257059958914E-7    -1090785.5002589715-325327.5890514973i            5805016.0679862965
0                         2.0018341107712645E-7    2.795042415450188E-7     -933629.4539390786-276835.09350875445i            5359803.110793136
0                         2.0018341107712645E-7    2.954759124904485E-7     -793200.8587261153-232149.94668052695i            4848964.526420105
0                         2.0018341107712645E-7    3.1144758343587815E-7    -655163.1226357552-187969.9250569574i             4311668.703031259
0                         2.0018341107712645E-7    3.274192543813078E-7     -519496.7973466631-144289.66198638242i            3762978.9507943937
0                         2.0018341107712645E-7    3.433909253267374E-7     -386182.5856125198-101103.84880216036i            3231081.245057603
0                         2.0018341107712645E-7    3.5936259627216704E-7    -202380.0508959156-44910.97893699759i             2901955.8019865337
0                         2.0018341107712645E-7    3.753342672175967E-7     -178042.82940843928-33772.324515188826i           2471940.5274001644
0                         2.0018341107712645E-7    3.913059381630264E-7     -13955.575966560493+16777.831619716388i           2320182.317699899
0                         2.155821350061362E-7     -3.913059381630264E-7    5592.840723318839-17444.03818389595i              2526798.6970711704
0                         2.155821350061362E-7     -3.753342672175967E-7    -161144.68441074225-68650.97178398097i            2625309.029624334
0                         2.155821350061362E-7     -3.593625962721671E-7    -326835.8085121349-119284.63956862607i            2968843.102960536
0                         2.155821350061362E-7     -3.4339092532673743E-7   -513720.29354341124-179942.0729321214i            3485217.995804786
0                         2.155821350061362E-7     -3.2741925438130776E-7   -562291.0281358123-195201.15319304637i            4041342.8868297185
0                         2.155821350061362E-7     -3.1144758343587815E-7   -614912.0508639262-211266.84544207805i            4623265.117666886
0                         2.155821350061362E-7     -2.954759124904485E-7    -738580.775361559-245510.14644409803i             5194064.332439805
0                         2.155821350061362E-7     -2.7950424154501886E-7   -821185.5632246454-269883.19605870714i            5682468.08166322
0                         2.155821350061362E-7     -2.635325705995892E-7    -897129.0649631356-291850.8754613091i             6118103.574106434
0                         2.155821350061362E-7     -2.4756089965415953E-7   -966351.927979609-311391.67036523344i             6495796.637977607
0                         2.155821350061362E-7     -2.3158922870872991E-7   -1028794.0568731771-328483.79632345494i           6812282.563010558
0                         2.155821350061362E-7     -2.1561755776330025E-7   -1060345.9857813264-335991.38685295376i           6983223.338932689
0                         2.155821350061362E-7     -1.996458868178706E-7    -1088043.1097374777-340022.69101688557i           7063647.866548959
0                         2.155821350061362E-7     -1.8367421587244096E-7   -2052730.8876591837-591942.9225992992i            7316954.956296275
0                         2.155821350061362E-7     -1.677025449270113E-7    -2141957.2377054924-617147.4664336127i            7583232.132292912
0                         2.155821350061362E-7     -1.5173087398158168E-7   -2115801.105108817-609856.1755798289i             7802819.428926212
0                         2.155821350061362E-7     -1.3575920303615201E-7   -2103742.337695033-607009.3537961752i             7974207.185334908
0                         2.155821350061362E-7     -1.1978753209072235E-7   -2106447.0472214622-608797.594874199i             8097506.9702193225
0                         2.155821350061362E-7     -1.0381586114529273E-7   -2151412.1479415908-623338.1422086509i            8280330.928327224
0                         2.155821350061362E-7     -8.784419019986307E-8    -2170556.5040749293-629785.5756415976i            8407383.517622774
0                         2.155821350061362E-7     -7.187251925443345E-8    -2136389.7914490453-619911.9878363414i            8505146.45025131
0                         2.155821350061362E-7     -5.590084830900378E-8    -2151101.623491824-624354.2553460917i             8597632.7449053
0                         2.155821350061362E-7     -3.9929177363574116E-8   -2176249.305880575-631698.4920636746i             8613151.202728363
0                         2.155821350061362E-7     -2.39575064181445E-8     -2211763.270576331-641922.3874210846i             8550554.243250687
0                         2.155821350061362E-7     -7.985835472714834E-9    -2072242.6341922535-606438.6078166808i            9013134.318765532
0                         2.155821350061362E-7     7.985835472714834E-9     -2065193.8921371328-603136.8588258135i            9022407.461510764
0                         2.155821350061362E-7     2.3957506418144448E-8    -2058674.0204798235-600193.7901272484i            9003930.860683419
0                         2.155821350061362E-7     3.9929177363574116E-8    -2219562.528232823-640645.3502648775i             8973227.044834217
0                         2.155821350061362E-7     5.590084830900378E-8     -2277808.071941047-651536.008172196i              8946941.895651594
0                         2.155821350061362E-7     7.18725192544334E-8      -2348879.337070318-666154.3321661085i             8864117.280073633
0                         2.155821350061362E-7     8.784419019986301E-8     -2433148.3683242537-684606.1201064681i            8725538.711688714
0                         2.155821350061362E-7     1.0381586114529268E-7    -2523184.7742409497-706107.679942453i             8802015.298422683
0                         2.155821350061362E-7     1.1978753209072235E-7    -2172982.7075789315-618357.0558300465i            8121662.758482102
0                         2.155821350061362E-7     1.3575920303615201E-7    -2164215.8627428506-616094.8258353774i            7985732.0613709465
0                         2.155821350061362E-7     1.5173087398158168E-7    -2157439.264264706-614813.1980402543i             7787005.557236961
0                         2.155821350061362E-7     1.6770254492701124E-7    -2152597.0732350554-614481.7076460173i            7524889.984686812
0                         2.155821350061362E-7     1.836742158724409E-7     -2062086.8453966845-592255.6530976132i            7389167.881885725
0                         2.155821350061362E-7     1.9964588681787058E-7    -1086174.2912787192-327708.15099243075i           7141868.000649044
0                         2.155821350061362E-7     2.1561755776330025E-7    -1087431.6123679148-328601.6568006475i            7087377.4090736965
0                         2.155821350061362E-7     2.3158922870872991E-7    -1055093.3937113518-316135.96129084384i           6888737.952630961
0                         2.155821350061362E-7     2.475608996541595E-7     -977662.8202912381-292676.99369850085i            6540209.992855588
0                         2.155821350061362E-7     2.6353257059958914E-7    -890159.7929537282-266080.82360838307i            6132779.223668085
0                         2.155821350061362E-7     2.795042415450188E-7     -802772.7202601883-239046.34267656194i            5657272.94220567
0                         2.155821350061362E-7     2.954759124904485E-7     -734967.5253039676-216985.53905610266i            5123405.72469686
0                         2.155821350061362E-7     3.1144758343587815E-7    -670166.1748425328-195640.03397573836i            4565382.160725164
0                         2.155821350061362E-7     3.274192543813078E-7     -608368.6688758826-175009.82743546838i            3999867.920472602
0                         2.155821350061362E-7     3.433909253267374E-7     -460999.82618571224-124234.12118731573i           3515159.8444718327
0                         2.155821350061362E-7     3.5936259627216704E-7    -344635.8302614121-87651.57930335673i             3029747.125804524
0                         2.155821350061362E-7     3.753342672175967E-7     -176604.27131947345-35530.7168649105i             2637128.496882093
0                         2.155821350061362E-7     3.913059381630264E-7     -5592.840723319412+17444.038183895787i            2472704.120676089
0                         2.3098085893514593E-7    -3.913059381630264E-7    -2769.8945199230957-18110.244748075624i           2663073.536492306
0                         2.3098085893514593E-7    -3.753342672175967E-7    -176407.31287885673-71749.26443904596i            2778866.7661001836
0                         2.3098085893514593E-7    -3.593625962721671E-7    -319061.1252153858-115931.82980769456i            3146278.9592179223
0                         2.3098085893514593E-7    -3.4339092532673743E-7   -404853.52107944374-142206.23175396677i           3615243.6503049303
0                         2.3098085893514593E-7    -3.2741925438130776E-7   -521615.5627411038-179939.06016793844i            4155258.4654422496
0                         2.3098085893514593E-7    -3.1144758343587815E-7   -602649.5474016089-203473.97320164987i            4797929.428025679
0                         2.3098085893514593E-7    -2.954759124904485E-7    -663043.98038808-221049.18865330564i              5418670.910446463
0                         2.3098085893514593E-7    -2.7950424154501886E-7   -747751.0643930027-246389.3426460739i             5978034.334823227
0                         2.3098085893514593E-7    -2.635325705995892E-7    -825848.8728176006-269345.41313380434i            6486641.605106475
0                         2.3098085893514593E-7    -2.4756089965415953E-7   -897279.2847165556-289896.3649079803i             6938812.828507752
0                         2.3098085893514593E-7    -2.3158922870872991E-7   -957002.422316575-306167.2765326372i              7317751.635569424
0                         2.3098085893514593E-7    -2.1561755776330025E-7   -982533.2070251328-310470.89020254125i            7547200.452841764
0                         2.3098085893514593E-7    -1.996458868178706E-7    -999367.4415874575-310909.15342403663i            7712615.430906041
0                         2.3098085893514593E-7    -1.8367421587244096E-7   -1001223.669895364-307746.7070390964i             7841435.961464414
0                         2.3098085893514593E-7    -1.677025449270113E-7    -945846.5445043463-290501.75742065866i            7826391.3446743395
0                         2.3098085893514593E-7    -1.5173087398158168E-7   -2272460.336685154-650045.9204684414i             8133118.942291848
0                         2.3098085893514593E-7    -1.3575920303615201E-7   -2265888.584202463-648454.9970783028i             8310411.384757758
0                         2.3098085893514593E-7    -1.1978753209072235E-7   -2274350.3629609016-651553.9948230609i            8441314.511184962
0                         2.3098085893514593E-7    -1.0381586114529273E-7   -2295785.499241668-658948.5925397908i             8583933.556932805
0                         2.3098085893514593E-7    -8.784419019986307E-8    -2317219.4688993627-665799.9266979231i            8714453.066640608
0                         2.3098085893514593E-7    -7.187251925443345E-8    -2283994.516472611-655594.2860339375i             8846602.801535102
0                         2.3098085893514593E-7    -5.590084830900378E-8    -2295973.1908841142-659267.6294102581i            8947469.192063786
0                         2.3098085893514593E-7    -3.9929177363574116E-8   -2318259.37840388-665809.6828955989i              8972303.012031315
0                         2.3098085893514593E-7    -2.39575064181445E-8     -2273226.5739948945-654672.8178902105i            9581247.863618912
0                         2.3098085893514593E-7    -7.985835472714834E-9    -2153503.616118735-622727.185991845i              9606136.876757357
0                         2.3098085893514593E-7    7.985835472714834E-9     -2094523.6967748736-610921.469005108i             9538446.192662824
0                         2.3098085893514593E-7    2.3957506418144448E-8    -2313862.2572649554-667083.9464785737i            9486116.917120943
0                         2.3098085893514593E-7    3.9929177363574116E-8    -2364639.65323522-675706.8350994675i              9502715.836424764
0                         2.3098085893514593E-7    5.590084830900378E-8     -2427864.4739942276-687950.5238047744i            9462971.074733743
0                         2.3098085893514593E-7    7.18725192544334E-8      -2503910.290482711-703921.3420571674i             9367300.948022386
0                         2.3098085893514593E-7    8.784419019986301E-8     -2214007.6037661764-634138.0306960884i            8702376.614070928
0                         2.3098085893514593E-7    1.0381586114529268E-7    -2148263.0426754495-615308.3471830041i            8514285.883615742
0                         2.3098085893514593E-7    1.1978753209072235E-7    -2137403.880571588-611906.9140153098i             8429391.697097277
0                         2.3098085893514593E-7    1.3575920303615201E-7    -2128575.6978448555-609515.6905588578i            8284418.355697678
0                         2.3098085893514593E-7    1.5173087398158168E-7    -2121723.9066705513-608104.5735884642i            8077858.998951018
0                         2.3098085893514593E-7    1.6770254492701124E-7    -978744.3030334169-285061.2008436946i             7776175.281447299
0                         2.3098085893514593E-7    1.836742158724409E-7     -927800.8722511514-272070.81252509454i            7890159.442165356
0                         2.3098085893514593E-7    1.9964588681787058E-7    -922480.383179801-279173.8952792628i              7763987.282532384
0                         2.3098085893514593E-7    2.1561755776330025E-7    -993921.0651783624-298987.2919096336i             7621461.963537167
0                         2.3098085893514593E-7    2.3158922870872991E-7    -1003780.1700470438-300132.5927854603i            7450169.805058389
0                         2.3098085893514593E-7    2.475608996541595E-7     -927985.1135420415-276950.2033285215i             7021116.044509685
0                         2.3098085893514593E-7    2.6353257059958914E-7    -842177.9361551546-250655.12751251613i            6535260.5708466945
0                         2.3098085893514593E-7    2.795042415450188E-7     -756106.0423094623-223806.00408690635i            5984363.509069666
0                         2.3098085893514593E-7    2.954759124904485E-7     -688194.9566040763-201505.42427713878i            5378562.483250868
0                         2.3098085893514593E-7    3.1144758343587815E-7    -623287.7153934753-179920.1430074665i             4751002.029207628
0                         2.3098085893514593E-7    3.274192543813078E-7     -472888.0928285243-131149.73988235684i            4191604.146662708
0                         2.3098085893514593E-7    3.433909253267374E-7     -396877.64560339344-106469.83971216955i           3648773.8747975854
0                         2.3098085893514593E-7    3.5936259627216704E-7    -313561.33525409165-79572.5591051302i             3183169.6718179705
0                         2.3098085893514593E-7    3.753342672175967E-7     -175165.71323050873-37289.10921463213i            2788667.848619434
0                         2.3098085893514593E-7    3.913059381630264E-7     2769.894519921684+18110.244748075176i             2611127.5885653063
0                         2.4637958286415564E-7    -3.913059381630264E-7    -11132.629763164074-18776.451312255012i           2785292.9322051364
0                         2.4637958286415564E-7    -3.753342672175967E-7    -139237.45784938714-59799.37697701121i            2873838.712144009
0                         2.4637958286415564E-7    -3.593625962721671E-7    -236122.2680883259-89984.00164246814i             3208125.1516719307
0                         2.4637958286415564E-7    -3.4339092532673743E-7   -324967.3500906301-117452.87258160682i            3718035.5775398905
0                         2.4637958286415564E-7    -3.2741925438130776E-7   -405772.70385629975-142205.98979442677i           4326628.982632091
0                         2.4637958286415564E-7    -3.1144758343587815E-7   -549944.1785784621-185254.37451595324i            4946667.676012483
0                         2.4637958286415564E-7    -2.954759124904485E-7    -601235.9734296149-201475.85324712514i            5636421.769588158
0                         2.4637958286415564E-7    -2.7950424154501886E-7   -675117.4153726454-223144.05036719976i            6239850.847803305
0                         2.4637958286415564E-7    -2.635325705995892E-7    -755375.0014575748-247088.55465491i               6820538.841168614
0                         2.4637958286415564E-7    -2.4756089965415953E-7   -829018.0084718216-268649.4915031393i             7346385.903022268
0                         2.4637958286415564E-7    -2.3158922870872991E-7   -875991.8144932556-279345.5452461884i             7767832.573521973
0                         2.4637958286415564E-7    -2.1561755776330025E-7   -854932.8107633448-273410.6509229208i             8105175.707867215
0                         2.4637958286415564E-7    -1.996458868178706E-7    -863955.0835585408-273270.92970831133i            8370336.2262393385
0                         2.4637958286415564E-7    -1.8367421587244096E-7   -870572.8543405145-272040.6037056673i             8555395.288123505
0                         2.4637958286415564E-7    -1.677025449270113E-7    -826788.0989201765-258071.97195535092i            8617588.910697877
0                         2.4637958286415564E-7    -1.5173087398158168E-7   -787411.7263823327-246334.92157638544i            8649798.424686564
0                         2.4637958286415564E-7    -1.3575920303615201E-7   -745538.9719756502-233946.33680507774i            8623698.018429378
0                         2.4637958286415564E-7    -1.1978753209072235E-7   -701657.043232529-221106.67930162352i             8547524.586000381
0                         2.4637958286415564E-7    -1.0381586114529273E-7   -2443039.0309468806-695246.315738925i             8901406.19587473
0                         2.4637958286415564E-7    -8.784419019986307E-8    -2466839.2857620297-702516.1016558642i            9036081.232590115
0                         2.4637958286415564E-7    -7.187251925443345E-8    -2429263.6512692138-690699.4334216246i            9205769.24265192
0                         2.4637958286415564E-7    -5.590084830900378E-8    -2438545.997877706-693614.38173218i               9314894.790503174
0                         2.4637958286415564E-7    -3.9929177363574116E-8   -2458010.5502751493-699365.5486505057i            9348885.9018306
0                         2.4637958286415564E-7    -2.39575064181445E-8     -2455518.546186153-698665.4046987798i             9782473.669263627
0                         2.4637958286415564E-7    -7.985835472714834E-9    -2573695.7030158285-729268.2729146506i            9824621.093181955
0                         2.4637958286415564E-7    7.985835472714834E-9     -2546534.6270467746-722401.2465242918i            9943183.448074535
0                         2.4637958286415564E-7    2.3957506418144448E-8    -2452941.7385752257-700543.4686301252i            1.0042964999310026E7
0                         2.4637958286415564E-7    3.9929177363574116E-8    -2508632.41291812-710501.2398005237i              1.0045948877026634E7
0                         2.4637958286415564E-7    5.590084830900378E-8     -2209835.4318977147-636421.5096567341i            9348066.247650731
0                         2.4637958286415564E-7    7.18725192544334E-8      -2187923.297236498-630555.6657709491i             9231869.370288773
0                         2.4637958286415564E-7    8.784419019986301E-8     -2119448.141029263-611324.4463649588i             8989003.905132657
0                         2.4637958286415564E-7    1.0381586114529268E-7    -2111465.2010530457-608713.332782393i             8851646.409443062
0                         2.4637958286415564E-7    1.1978753209072235E-7    -637157.7871241011-189420.4745806877i             8586397.063953336
0                         2.4637958286415564E-7    1.3575920303615201E-7    -704353.4256454916-209554.98705048137i            8657097.504638089
0                         2.4637958286415564E-7    1.5173087398158168E-7    -767422.5147707134-228593.12493237015i            8667463.42825147
0                         2.4637958286415564E-7    1.6770254492701124E-7    -826314.2168919469-246472.1846221084i             8611186.946938986
0                         2.4637958286415564E-7    1.836742158724409E-7     -805536.9447195728-241403.706837685i              8627620.39624871
0                         2.4637958286415564E-7    1.9964588681787058E-7    -795838.3726356998-239081.38995028858i            8427304.968305435
0                         2.4637958286415564E-7    2.1561755776330025E-7    -800766.9420996143-241162.31966200526i            8147103.904798409
0                         2.4637958286415564E-7    2.3158922870872991E-7    -783083.5515202964-240611.21824491327i            7807344.1484966725
0                         2.4637958286415564E-7    2.475608996541595E-7     -878455.204343686-261267.9787924565i              7469754.217159979
0                         2.4637958286415564E-7    2.6353257059958914E-7    -794268.2497794811-235251.27993497008i            6907301.925033019
0                         2.4637958286415564E-7    2.795042415450188E-7     -709439.3643587369-208565.66549725062i            6282664.151468086
0                         2.4637958286415564E-7    2.954759124904485E-7     -641422.3879041849-186025.30949817505i            5605384.08476304
0                         2.4637958286415564E-7    3.1144758343587815E-7    -487745.5316295519-139455.91520136327i            4994589.645243913
0                         2.4637958286415564E-7    3.274192543813078E-7     -413903.4298873991-115189.42693761922i            4361847.639071667
0                         2.4637958286415564E-7    3.433909253267374E-7     -332755.4650210757-88705.55823702319i             3767469.1036173063
0                         2.4637958286415564E-7    3.5936259627216704E-7    -244301.6370305824-60004.30909957562i             3256815.487234981
0                         2.4637958286415564E-7    3.753342672175967E-7     -148541.94591591915-29085.679525276617i           2903020.329028582
0                         2.4637958286415564E-7    3.913059381630264E-7     11132.629763162762+18776.45131225457i             2735455.3426571772
0                         2.6177830679316536E-7    -3.913059381630264E-7    14383.369041298773-9540.797659991997i             2822543.685301353
0                         2.6177830679316536E-7    -3.753342672175967E-7    -53245.91458408123-32657.07981891845i             2904041.327111966
0                         2.6177830679316536E-7    -3.593625962721671E-7    -153183.41096126696-64036.173477241915i           3260966.2843666393
0                         2.6177830679316536E-7    -3.4339092532673743E-7   -245081.17910181696-92699.51340924684i            3810807.345090371
0                         2.6177830679316536E-7    -3.2741925438130776E-7   -338297.36794751696-120601.13659740402i           4461404.470345955
0                         2.6177830679316536E-7    -3.1144758343587815E-7   -415597.75994867296-145014.03458624473i           5152306.671203214
0                         2.6177830679316536E-7    -2.954759124904485E-7    -492520.33570009365-169042.13388056046i           5855607.278897456
0                         2.6177830679316536E-7    -2.7950424154501886E-7   -322752.8139644746-126627.23699983531i            6806013.015255925
0                         2.6177830679316536E-7    -2.635325705995892E-7    -415915.1888924255-154408.27174415198i            7447895.100548533
0                         2.6177830679316536E-7    -2.4756089965415953E-7   -479304.1179530928-179240.6749574009i             8102036.591484499
0                         2.6177830679316536E-7    -2.3158922870872991E-7   -700076.4259403227-231395.98750793072i            8237545.163916113
0                         2.6177830679316536E-7    -2.1561755776330025E-7   -716168.119422568-234238.12691947818i             8636470.837304404
0                         2.6177830679316536E-7    -1.996458868178706E-7    -729889.6049984458-236004.33126711907i            8957139.873523394
0                         2.6177830679316536E-7    -1.8367421587244096E-7   -741230.724765182-236690.15203248552i             9197594.223174531
0                         2.6177830679316536E-7    -1.677025449270113E-7    -710042.7185397097-226292.85380574872i            9334113.54973063
0                         2.6177830679316536E-7    -1.5173087398158168E-7   -673860.2469642768-216062.80104546054i            9434583.148510955
0                         2.6177830679316536E-7    -1.3575920303615201E-7   -635532.6573370079-205308.82927302178i            9475555.496939898
0                         2.6177830679316536E-7    -1.1978753209072235E-7   -602320.1433811337-191853.50811449753i            9440298.109071046
0                         2.6177830679316536E-7    -1.0381586114529273E-7   -675512.2335068686-208477.7207015378i             9477637.170568176
0                         2.6177830679316536E-7    -8.784419019986307E-8    -535949.9724669493-157909.03630272913i            9479669.84958237
0                         2.6177830679316536E-7    -7.187251925443345E-8    -475179.95005394705-137602.06644779816i           9495013.18632017
0                         2.6177830679316536E-7    -5.590084830900378E-8    -405932.50909025315-115452.36793530558i           9484307.408914438
0                         2.6177830679316536E-7    -3.9929177363574116E-8   -334719.403250142-92924.60060691467i              9422142.312471755
0                         2.6177830679316536E-7    -2.39575064181445E-8     -2635143.1949460753-742003.6980828987i            9998793.15885048
0                         2.6177830679316536E-7    -7.985835472714834E-9    -2750175.6463395027-771724.6540581195i            1.0045455453659922E7
0                         2.6177830679316536E-7    7.985835472714834E-9     -3069984.9870182597-848832.538841345i             1.0153554048864981E7
0                         2.6177830679316536E-7    2.3957506418144448E-8    -2990195.961967811-826934.930220352i              1.0113440904619604E7
0                         2.6177830679316536E-7    3.9929177363574116E-8    -520786.3285198868-160442.4095640122i             9528896.825163895
0                         2.6177830679316536E-7    5.590084830900378E-8     -525991.2197954939-162420.57555932505i            9579565.168534799
0                         2.6177830679316536E-7    7.18725192544334E-8      -526123.264410329-162930.80575101927i             9578041.083993556
0                         2.6177830679316536E-7    8.784419019986301E-8     -485572.3050905033-153865.91335555562i            9566224.769361308
0                         2.6177830679316536E-7    1.0381586114529268E-7    -713332.2535674584-213426.41574788024i            9640106.320420267
0                         2.6177830679316536E-7    1.1978753209072235E-7    -484148.66422608774-152887.06294730725i           9559411.544411667
0                         2.6177830679316536E-7    1.3575920303615201E-7    -551132.6467226432-172164.82218541706i            9560419.487569842
0                         2.6177830679316536E-7    1.5173087398158168E-7    -614314.8480033358-190497.1769149645i             9502648.146004174
0                         2.6177830679316536E-7    1.6770254492701124E-7    -673603.6817436774-207806.35488713512i            9379922.263312053
0                         2.6177830679316536E-7    1.836742158724409E-7     -684972.6461286504-211167.61741167214i            9290967.313017184
0                         2.6177830679316536E-7    1.9964588681787058E-7    -671932.3976379493-207651.06732567662i            9039111.718804112
0                         2.6177830679316536E-7    2.1561755776330025E-7    -666787.1540059233-206387.20603283733i            8706576.573904876
0                         2.6177830679316536E-7    2.3158922870872991E-7    -514379.9470080836-169252.19563263882i            8699400.712096881
0                         2.6177830679316536E-7    2.475608996541595E-7     -518424.82471746625-169046.24797761417i           8142996.9741668375
0                         2.6177830679316536E-7    2.6353257059958914E-7    -412309.6451621223-145302.62470978813i            7426321.267089697
0                         2.6177830679316536E-7    2.795042415450188E-7     -569940.0357237954-170788.34306478413i            6601291.483217968
0                         2.6177830679316536E-7    2.954759124904485E-7     -505572.1425887912-149152.64714433422i            5903775.62680978
0                         2.6177830679316536E-7    3.1144758343587815E-7    -433898.3863296157-125299.57078703353i            5203584.165808027
0                         2.6177830679316536E-7    3.274192543813078E-7     -354918.76694627106-99229.1139928808i             4516626.071929525
0                         2.6177830679316536E-7    3.433909253267374E-7     -268633.2844387572-70941.27676187665i             3870823.9806292937
0                         2.6177830679316536E-7    3.5936259627216704E-7    -133976.91368427547-30056.81107304286i            3292026.0489674555
0                         2.6177830679316536E-7    3.753342672175967E-7     -74388.13152978907-10341.021772733453i            2920748.027583172
0                         2.6177830679316536E-7    3.913059381630264E-7     -14383.36904129675+9540.797659992617i             2801058.7081570905
0                         2.771770307221751E-7     -3.913059381630264E-7    11518.924562313841-8935.457241828413i             2767251.7650662027
0                         2.771770307221751E-7     -3.753342672175967E-7    -383.55916917236755-14276.188436023454i           2893462.1686436855
0                         2.771770307221751E-7     -3.593625962721671E-7    -70244.55383420683-38088.34531201546i             3304571.99624685
0                         2.771770307221751E-7     -3.4339092532673743E-7   -166032.54534243234-67464.21883161436i            3889437.1032702895
0                         2.771770307221751E-7     -3.2741925438130776E-7   -252922.2854486839-95417.130712374i               4571485.566243614
0                         2.771770307221751E-7     -3.1144758343587815E-7   -339434.20930521074-122985.24389861323i           5297693.293288708
0                         2.771770307221751E-7     -2.954759124904485E-7    -339055.8824367341-128245.1843359567i             6300950.528321268
0                         2.771770307221751E-7     -2.7950424154501886E-7   -408310.57766379195-149136.3416128714i            6972269.123374294
0                         2.771770307221751E-7     -2.635325705995892E-7    -324485.504366647-144252.20791589853i             7657408.061935541
0                         2.771770307221751E-7     -2.4756089965415953E-7   -332628.46322749753-136048.54702189993i           8327260.061553633
0                         2.771770307221751E-7     -2.3158922870872991E-7   -323254.0313570672-134594.8658362429i             8957356.14337309
0                         2.771770307221751E-7     -2.1561755776330025E-7   -305652.764781822-130152.25214219268i             9519968.918528233
0                         2.771770307221751E-7     -1.996458868178706E-7    -279824.66350176046-122720.70593974995i           1.0012547252235908E7
0                         2.771770307221751E-7     -1.8367421587244096E-7   -613147.3870509103-201678.55831642705i            9767101.006028118
0                         2.771770307221751E-7     -1.677025449270113E-7    -595413.0946574572-195104.01255888183i            9976001.558361636
0                         2.771770307221751E-7     -1.5173087398158168E-7   -562448.9285409993-186375.69015424006i            1.014084902206627E7
0                         2.771770307221751E-7     -1.3575920303615201E-7   -507592.8294795584-165603.5103214736i             1.0203012145407513E7
0                         2.771770307221751E-7     -1.1978753209072235E-7   -569242.186936575-177281.88942980568i             1.03652288784264E7
0                         2.771770307221751E-7     -1.0381586114529273E-7   -534214.6557040485-166337.19923848973i            1.0474005180202112E7
0                         2.771770307221751E-7     -8.784419019986307E-8    -498119.9679699418-154826.92562758783i            1.050080885707806E7
0                         2.771770307221751E-7     -7.187251925443345E-8    -457610.8395882128-141590.7186272464i             1.0516050116798036E7
0                         2.771770307221751E-7     -5.590084830900378E-8    -392259.82676508604-121050.25018779596i           1.0533864771555614E7
0                         2.771770307221751E-7     -3.9929177363574116E-8   -325131.9695178536-100200.19845098164i            1.049528768185254E7
0                         2.771770307221751E-7     -2.39575064181445E-8     -305445.00442587165-94131.92199967749i            1.0604438667349469E7
0                         2.771770307221751E-7     -7.985835472714834E-9    -340839.37514531286-101540.86533283663i           1.0590303599514717E7
0                         2.771770307221751E-7     7.985835472714834E-9     -365362.38094796333-104727.41206275893i           1.0598020459265953E7
0                         2.771770307221751E-7     2.3957506418144448E-8    -340568.14512079326-99425.1791158687i             1.0616025967170343E7
0                         2.771770307221751E-7     3.9929177363574116E-8    -378462.90878111427-112005.26545587106i           1.075878040291672E7
0                         2.771770307221751E-7     5.590084830900378E-8     -398636.6574435197-115519.0078130748i             1.0761327022058211E7
0                         2.771770307221751E-7     7.18725192544334E-8      -445743.21210481785-138091.96353362076i           1.062952978598733E7
0                         2.771770307221751E-7     8.784419019986301E-8     -428291.64050227485-135129.42024458986i           1.0558154572754964E7
0                         2.771770307221751E-7     1.0381586114529268E-7    -344859.9917368849-114309.97497768555i            1.0665835083051851E7
0                         2.771770307221751E-7     1.1978753209072235E-7    -359025.495890663-120969.11726916302i             1.0619977356531398E7
0                         2.771770307221751E-7     1.3575920303615201E-7    -515040.9687374905-161842.35557445209i            1.0443520456215493E7
0                         2.771770307221751E-7     1.5173087398158168E-7    -461009.03932273376-152342.38183905536i           1.0264071337013375E7
0                         2.771770307221751E-7     1.6770254492701124E-7    -520543.6738136366-169044.4724881324i             1.008007851374501E7
0                         2.771770307221751E-7     1.836742158724409E-7     -576388.6423602846-184786.23653217946i            9826931.547037022
0                         2.771770307221751E-7     1.9964588681787058E-7    -403869.4449086892-139787.12271116587i            9998982.249322042
0                         2.771770307221751E-7     2.1561755776330025E-7    -411017.4213144991-140926.15821342403i            9524612.622346014
0                         2.771770307221751E-7     2.3158922870872991E-7    -411029.63954065205-139563.62677497906i           8986040.631019533
0                         2.771770307221751E-7     2.475608996541595E-7     -403906.0995871478-135699.52839583158i            8385546.288505602
0                         2.771770307221751E-7     2.6353257059958914E-7    -537427.4764599985-164817.69134647297i            7466701.346965784
0                         2.771770307221751E-7     2.795042415450188E-7     -533151.2930006577-159431.2680387292i             6834904.048611364
0                         2.771770307221751E-7     2.954759124904485E-7     -503259.87125066656-147280.63702185825i           6117683.360861386
0                         2.771770307221751E-7     3.1144758343587815E-7    -380051.2410296805-111143.22637270391i            5396913.23859352
0                         2.771770307221751E-7     3.274192543813078E-7     -243315.30074032978-68443.63625426777i            4587189.049218852
0                         2.771770307221751E-7     3.433909253267374E-7     -185990.17719683447-49347.90807886887i            3911514.6881701117
0                         2.771770307221751E-7     3.5936259627216704E-7    -128249.07331933337-30086.149771053053i           3332211.5051248632
0                         2.771770307221751E-7     3.753342672175967E-7     -70091.9891078258-10658.36133082048i              2926967.2549548354
0                         2.771770307221751E-7     3.913059381630264E-7     -11518.92456231184+8935.457241829026i             2794061.8030240843
0                         2.9257575465118484E-7    -3.913059381630264E-7    8654.480083328894-8330.116823664841i              2713187.6309089037
0                         2.9257575465118484E-7    -3.753342672175967E-7    -2581.8012550633284-13626.514157043552i           2856987.4888345003
0                         2.9257575465118484E-7    -3.593625962721671E-7    25033.157223131508-7632.071976503823i             3332722.956928559
0                         2.9257575465118484E-7    -3.4339092532673743E-7   -278571.87421739707-94283.64142829599i            3946904.340562374
0                         2.9257575465118484E-7    -3.2741925438130776E-7   -324437.07418791903-110726.55094318895i           4653376.139294451
0                         2.9257575465118484E-7    -3.1144758343587815E-7   -366584.50978025096-125768.36152460662i           5410626.330248719
0                         2.9257575465118484E-7    -2.954759124904485E-7    -405014.18099439936-139409.073172551i             6183279.364749371
0                         2.9257575465118484E-7    -2.7950424154501886E-7   -562519.123482134-183509.39521263808i             7244497.4948351225
0                         2.9257575465118484E-7    -2.635325705995892E-7    -650882.7940441968-204604.6373607355i             8110734.416754829
0                         2.9257575465118484E-7    -2.4756089965415953E-7   -783052.3675319627-240522.23939673376i            8676023.495951848
0                         2.9257575465118484E-7    -2.3158922870872991E-7   -811627.1128053709-248381.19446202996i            9256890.284766696
0                         2.9257575465118484E-7    -2.1561755776330025E-7   -834310.4564581707-254118.90733754192i            9775871.513676489
0                         2.9257575465118484E-7    -1.996458868178706E-7    -175820.01653410261-93963.85925154993i            1.0293145035469545E7
0                         2.9257575465118484E-7    -1.8367421587244096E-7   -155988.74980187044-88355.14095648116i            1.0754454620355906E7
0                         2.9257575465118484E-7    -1.677025449270113E-7    -487236.3016752922-161635.40275021357i            1.0501780890333222E7
0                         2.9257575465118484E-7    -1.5173087398158168E-7   457631.06196298054+39685.170597538236i            1.0982079961354706E7
0                         2.9257575465118484E-7    -1.3575920303615201E-7   -545568.2703302684-177335.64487691812i            1.099779513069788E7
0                         2.9257575465118484E-7    -1.1978753209072235E-7   -518197.6574961408-169365.90305573936i            1.1212034556371082E7
0                         2.9257575465118484E-7    -1.0381586114529273E-7   -489774.5713256309-160836.19104578788i            1.1344475813892415E7
0                         2.9257575465118484E-7    -8.784419019986307E-8    -460296.5691243748-151745.37491231365i            1.1394664125899222E7
0                         2.9257575465118484E-7    -7.187251925443345E-8    -440668.30978121306-145577.94958391873i           1.1401839563107388E7
0                         2.9257575465118484E-7    -5.590084830900378E-8    -379152.50903089345-126615.46483106923i           1.1445734542088786E7
0                         2.9257575465118484E-7    -3.9929177363574116E-8   -316043.0040274034-107409.489937776i              1.1428343318272073E7
0                         2.9257575465118484E-7    -2.39575064181445E-8     -251723.72793210257-88131.09901330386i            1.135027413699213E7
0                         2.9257575465118484E-7    -7.985835472714834E-9    -382875.1430540858-125917.87260812009i            1.1502086237257522E7
0                         2.9257575465118484E-7    7.985835472714834E-9     -389143.1266541383-127034.00568360664i            1.1504282005944569E7
0                         2.9257575465118484E-7    2.3957506418144448E-8    -306299.3463433165-100366.13141471756i            1.1585237318160865E7
0                         2.9257575465118484E-7    3.9929177363574116E-8    -326348.9228956506-103462.80576862267i            1.163999593824438E7
0                         2.9257575465118484E-7    5.590084830900378E-8     -345975.43621838116-106598.28554144892i           1.1627205331776591E7
0                         2.9257575465118484E-7    7.18725192544334E-8      -365136.85103830684-109739.61292179438i           1.1547017429258004E7
0                         2.9257575465118484E-7    8.784419019986301E-8     -371059.9258274705-116409.30591636291i            1.1416255831626672E7
0                         2.9257575465118484E-7    1.0381586114529268E-7    -334724.1557017686-109737.33951126586i            1.147125236350468E7
0                         2.9257575465118484E-7    1.1978753209072235E-7    -344509.4262309857-115092.41588668549i            1.1404030077673415E7
0                         2.9257575465118484E-7    1.3575920303615201E-7    -350206.3429926969-118996.05504754209i            1.12522490666236E7
0                         2.9257575465118484E-7    1.5173087398158168E-7    -348795.4667881252-120379.14362252422i            1.1021857782080444E7
0                         2.9257575465118484E-7    1.6770254492701124E-7    -361850.4828483707-124893.29651070689i            1.0650054865816027E7
0                         2.9257575465118484E-7    1.836742158724409E-7     -274249.2791218527-105509.30183211091i            1.0821725512413366E7
0                         2.9257575465118484E-7    1.9964588681787058E-7    -322855.9727670365-117414.8553017537i             1.029561038421338E7
0                         2.9257575465118484E-7    2.1561755776330025E-7    -594921.6910019736-181003.63933728548i            9819440.95409389
0                         2.9257575465118484E-7    2.3158922870872991E-7    -595553.2722920848-180067.6960885772i             9282607.506254565
0                         2.9257575465118484E-7    2.475608996541595E-7     -589183.3619878641-176760.24608666348i            8690322.800005179
0                         2.9257575465118484E-7    2.6353257059958914E-7    -575811.9600893101-171081.28933154346i            8045225.583141874
0                         2.9257575465118484E-7    2.795042415450188E-7     -416552.93036140123-131355.35483044386i           7020788.190526695
0                         2.9257575465118484E-7    2.954759124904485E-7     -348351.77983514214-106183.59319237589i           6201791.155502606
0                         2.9257575465118484E-7    3.1144758343587815E-7    -330953.2307145451-97724.02117935046i             5440158.8200667
0                         2.9257575465118484E-7    3.274192543813078E-7     -313767.33666758065-89145.77642757093i            4695090.25412604
0                         2.9257575465118484E-7    3.433909253267374E-7     -296794.09769425495-80448.85893703846i            3996090.8297448424
0                         2.9257575465118484E-7    3.5936259627216704E-7    -122521.23295439128-30115.488469063363i           3374496.5933480896
0                         2.9257575465118484E-7    3.753342672175967E-7     -65795.84668586217-10975.700888907362i            2935371.7459993497
0                         2.9257575465118484E-7    3.913059381630264E-7     -8654.480083326922+8330.116823665438i             2789845.3483070335
0                         3.0797447858019456E-7    -3.913059381630264E-7    6954.635517214424-6756.643152370697i              2894043.5190427224
0                         3.0797447858019456E-7    -3.753342672175967E-7    -180791.9193586395-59801.94249514467i             2852210.9798495662
0                         3.0797447858019456E-7    -3.593625962721671E-7    -182668.70229198504-62815.9844276791i             3305922.167051204
0                         3.0797447858019456E-7    -3.4339092532673743E-7   -137120.84032912273-52967.752022515284i           3949283.2135015484
0                         3.0797447858019456E-7    -3.2741925438130776E-7   -192555.40247325902-72627.75323761109i            4686774.776563478
0                         3.0797447858019456E-7    -3.1144758343587815E-7   -244272.2002392048-90886.65551923227i             5474173.4888267
0                         3.0797447858019456E-7    -2.954759124904485E-7    -292271.2336269645-107744.45886737936i            6275793.609198363
0                         3.0797447858019456E-7    -2.7950424154501886E-7   -336552.50263653847-123201.16328205305i           7072324.721426047
0                         3.0797447858019456E-7    -2.635325705995892E-7    -568176.1624952508-180853.11327787838i            8375552.468740214
0                         3.0797447858019456E-7    -2.4756089965415953E-7   -551933.8159681947-178671.8730857019i             9095991.401889248
0                         3.0797447858019456E-7    -2.3158922870872991E-7   -654032.0828714413-207338.92173170543i            9663469.67750148
0                         3.0797447858019456E-7    -2.1561755776330025E-7   -688404.3520578067-216966.72098643053i            1.0215869213378308E7
0                         3.0797447858019456E-7    -1.996458868178706E-7    -716885.2196235602-224473.2780513707i             1.0703939709025266E7
0                         3.0797447858019456E-7    -1.8367421587244096E-7   -739474.6855687117-229858.59292652895i            1.1126458486439537E7
0                         3.0797447858019456E-7    -1.677025449270113E-7    -746911.1256978337-232337.97056031146i            1.1480340348213213E7
0                         3.0797447858019456E-7    -1.5173087398158168E-7   -525459.8404646047-177223.11561416107i            1.2188520477727944E7
0                         3.0797447858019456E-7    -1.3575920303615201E-7   -487941.5201047878-167010.95929654595i            1.1694289042746108E7
0                         3.0797447858019456E-7    -1.1978753209072235E-7   -467162.01581803476-161451.3142404838i            1.1932005702432638E7
0                         3.0797447858019456E-7    -1.0381586114529273E-7   -445342.24940129183-155336.1675714024i            1.2087656339021295E7
0                         3.0797447858019456E-7    -8.784419019986307E-8    -422479.8036826968-148664.39470462088i            1.216084809485129E7
0                         3.0797447858019456E-7    -7.187251925443345E-8    -398572.2552232202-141434.86832066497i            1.215129746015566E7
0                         3.0797447858019456E-7    -5.590084830900378E-8    -366608.28220838634-132154.2097577157i            1.2222281428931454E7
0                         3.0797447858019456E-7    -3.9929177363574116E-8   -307452.2069008164-114559.8020865866i             1.2223902307812642E7
0                         3.0797447858019456E-7    -2.39575064181445E-8     -453794.0799908763-151750.45196216152i            1.2468718274377158E7
0                         3.0797447858019456E-7    -7.985835472714834E-9    -447628.5067131835-147824.82661727286i            1.2557942699979866E7
0                         3.0797447858019456E-7    7.985835472714834E-9     -442819.986108551-146383.74835454044i             1.2538424961741647E7
0                         3.0797447858019456E-7    2.3957506418144448E-8    -437909.3993853363-145288.41424731677i            1.2457746316037774E7
0                         3.0797447858019456E-7    3.9929177363574116E-8    -274945.9151457881-95039.76622913656i             1.236923773425039E7
0                         3.0797447858019456E-7    5.590084830900378E-8     -294018.74218378915-97799.08597051143i            1.2343242464353101E7
0                         3.0797447858019456E-7    7.18725192544334E-8      -312656.5780829268-100578.48639067367i            1.2245714419855362E7
0                         3.0797447858019456E-7    8.784419019986301E-8     -283878.29959444795-92881.28964516846i            1.2191040825794628E7
0                         3.0797447858019456E-7    1.0381586114529268E-7    -286049.5300872603-98558.00817849912i             1.2163266908951353E7
0                         3.0797447858019456E-7    1.1978753209072235E-7    -309543.10515705217-106908.6523183037i            1.2017077036326978E7
0                         3.0797447858019456E-7    1.3575920303615201E-7    -327856.0023524575-113465.81964455149i            1.1789230486766795E7
0                         3.0797447858019456E-7    1.5173087398158168E-7    -340988.2216734728-118229.51015724265i            1.1480040742520014E7
0                         3.0797447858019456E-7    1.6770254492701124E-7    -525567.313815223-158859.72185055492i             1.1018123040392898E7
0                         3.0797447858019456E-7    1.836742158724409E-7     -391273.86899711034-134265.57930893643i           1.0551005552385196E7
0                         3.0797447858019456E-7    1.9964588681787058E-7    -562023.3010345306-176699.294461868i              1.0656394969141122E7
0                         3.0797447858019456E-7    2.1561755776330025E-7    -556293.9548337241-173953.5382630214i             1.0149267891560018E7
0                         3.0797447858019456E-7    2.3158922870872991E-7    -543563.1170385892-168836.2753109695i             9584350.404585311
0                         3.0797447858019456E-7    2.475608996541595E-7     -523830.7876491206-161347.50560571108i            8963282.50567949
0                         3.0797447858019456E-7    2.6353257059958914E-7    -497096.96666531934-151487.2291472471i            8288477.946688555
0                         3.0797447858019456E-7    2.795042415450188E-7     -274773.5292557988-93426.64201711777i             7082930.501048993
0                         3.0797447858019456E-7    2.954759124904485E-7     -249759.06279181334-82644.30714738494i            6298552.8600617815
0                         3.0797447858019456E-7    3.1144758343587815E-7    -224957.2514014563-71743.29953889534i             5512377.245299539
0                         3.0797447858019456E-7    3.274192543813078E-7     -200368.09508473985-60723.61919165423i            4740264.371795247
0                         3.0797447858019456E-7    3.433909253267374E-7     -175991.59384166088-49585.266105659975i           4010864.3854386183
0                         3.0797447858019456E-7    3.5936259627216704E-7    -151827.7476722144-38328.240280911705i            3377305.9114440414
0                         3.0797447858019456E-7    3.753342672175967E-7     -127876.55657640501-26952.54171740987i            2932910.110658208
0                         3.0797447858019456E-7    3.913059381630264E-7     -6954.635517217643+6756.643152369744i             2900498.5545850447
0                         3.2337320250920427E-7    -3.913059381630264E-7    5953.464326925812-5250.227684650198i              2770904.6922847456
0                         3.2337320250920427E-7    -3.753342672175967E-7    22260.61391366273-3544.5630649419327i             2874377.0525454963
0                         3.2337320250920427E-7    -3.593625962721671E-7    -62821.4749781366-30898.16175037634i              3241813.3531932286
0                         3.2337320250920427E-7    -3.4339092532673743E-7   -76184.09238970187-37304.94145818357i             3909865.764637492
0                         3.2337320250920427E-7    -3.2741925438130776E-7   -60673.730758597376-34528.95553203311i            4665462.254877959
0                         3.2337320250920427E-7    -3.1144758343587815E-7   -121959.89069815667-56004.94951385705i            5480639.891887808
0                         3.2337320250920427E-7    -2.954759124904485E-7    -179528.2862595289-76079.84456220784i             6309892.575871182
0                         3.2337320250920427E-7    -2.7950424154501886E-7   -233378.91744271677-94753.64067708416i            7133584.478257194
0                         3.2337320250920427E-7    -2.635325705995892E-7    -233899.14397789346-95240.81587249375i            7805850.128148095
0                         3.2337320250920427E-7    -2.4756089965415953E-7   -251878.3386001679-101214.45436234467i            8586030.250535192
0                         3.2337320250920427E-7    -2.3158922870872991E-7   -262697.04376673594-104791.53982804428i           9326367.891755829
0                         3.2337320250920427E-7    -2.1561755776330025E-7   -285124.11701853364-112211.68480692542i           9943310.706781339
0                         3.2337320250920427E-7    -1.996458868178706E-7    -304715.5104761092-117563.89567623081i            1.0493112569708122E7
0                         3.2337320250920427E-7    -1.8367421587244096E-7   -616946.4322354685-200486.57933384075i            1.1530286682244191E7
0                         3.2337320250920427E-7    -1.677025449270113E-7    -694870.3206933076-209929.93363156824i            1.2025741376913229E7
0                         3.2337320250920427E-7    -1.5173087398158168E-7   -691112.085349767-210536.72635716829i             1.2541301888937254E7
0                         3.2337320250920427E-7    -1.3575920303615201E-7   -240621.7247644104-101575.17865025974i            1.201327973685009E7
0                         3.2337320250920427E-7    -1.1978753209072235E-7   -270852.25115990266-110361.30938006565i           1.2333488098164426E7
0                         3.2337320250920427E-7    -1.0381586114529273E-7   -400917.71735391114-149837.13924182404i           1.2703269644520966E7
0                         3.2337320250920427E-7    -8.784419019986307E-8    -384669.69938388723-145583.99554717727i           1.2799179229580704E7
0                         3.2337320250920427E-7    -7.187251925443345E-8    -367388.837235234-140777.58426037722i             1.2812229113285204E7
0                         3.2337320250920427E-7    -5.590084830900378E-8    -343324.3325717272-128996.80423325079i            1.2854134515202818E7
0                         3.2337320250920427E-7    -3.9929177363574116E-8   -364114.5728967192-130152.2834009048i             1.2999194794705426E7
0                         3.2337320250920427E-7    -2.39575064181445E-8     -380856.9777270002-130035.00182966748i            1.3067359391917044E7
0                         3.2337320250920427E-7    -7.985835472714834E-9    -377019.935275406-128607.8176949817i              1.3151967581462378E7
0                         3.2337320250920427E-7    7.985835472714834E-9     -371706.0789987911-127250.10696538018i            1.3132007574197125E7
0                         3.2337320250920427E-7    2.3957506418144448E-8    -364143.6214162996-125356.2053088299i             1.3042007990896601E7
0                         3.2337320250920427E-7    3.9929177363574116E-8    -224246.25838558702-86735.54342672799i            1.294815505658763E7
0                         3.2337320250920427E-7    5.590084830900378E-8     -242759.10244850512-89120.76997792447i            1.2910981839258162E7
0                         3.2337320250920427E-7    7.18725192544334E-8      -260867.03527093527-91540.13322819197i            1.2798159047412463E7
0                         3.2337320250920427E-7    8.784419019986301E-8     -263104.679426359-91858.32394606224i              1.2678657820106236E7
0                         3.2337320250920427E-7    1.0381586114529268E-7    -293552.7088134772-101040.1922803658i             1.254015715973611E7
0                         3.2337320250920427E-7    1.1978753209072235E-7    -311942.8092696434-107846.8972311198i             1.2376423405511092E7
0                         3.2337320250920427E-7    1.3575920303615201E-7    -325152.231851425-112860.12536831852i             1.2130892046904195E7
0                         3.2337320250920427E-7    1.5173087398158168E-7    -427833.8523342833-135392.85171251837i            1.1778664183254164E7
0                         3.2337320250920427E-7    1.6770254492701124E-7    -352813.82822575606-123656.87718983658i           1.134974835911001E7
0                         3.2337320250920427E-7    1.836742158724409E-7     -326397.6488337046-115154.2379858562i             1.0864517598683696E7
0                         3.2337320250920427E-7    1.9964588681787058E-7    -357997.97611303336-123304.29787630876i           1.0290181499253605E7
0                         3.2337320250920427E-7    2.1561755776330025E-7    -269059.506564633-101323.79943335266i             9912077.843240682
0                         3.2337320250920427E-7    2.3158922870872991E-7    -340119.95990088594-116767.13609910908i           9297531.04015997
0                         3.2337320250920427E-7    2.475608996541595E-7     -299272.8214552115-104674.19554608941i            8634725.566023331
0                         3.2337320250920427E-7    2.6353257059958914E-7    -252161.3980050799-90390.01962125795i             7921387.167738879
0                         3.2337320250920427E-7    2.795042415450188E-7     -238353.92012343567-83291.84717987693i            7236527.118496525
0                         3.2337320250920427E-7    2.954759124904485E-7     -151166.34574847558-59105.02110239043i            6347782.9051511595
0                         3.2337320250920427E-7    3.1144758343587815E-7    -118961.27208837238-45762.577898441756i           5538293.152836999
0                         3.2337320250920427E-7    3.274192543813078E-7     -86968.8535019008-32301.461955738225i             4741145.539971784
0                         3.2337320250920427E-7    3.433909253267374E-7     -55189.089989067055-18721.673274281784i           3984780.0888293944
0                         3.2337320250920427E-7    3.5936259627216704E-7    -23621.98154986929-5023.211854072113i             3323371.300397477
0                         3.2337320250920427E-7    3.753342672175967E-7     9940.652563897347+6374.238632670005i              2900413.1466389988
0                         3.2337320250920427E-7    3.913059381630264E-7     -5953.464326928914+5250.227684649273i             2773300.944632221
0                         3.3877192643821404E-7    -3.913059381630264E-7    4952.293136637215-3743.812216929691i              2634669.7745154207
0                         3.3877192643821404E-7    -3.753342672175967E-7    14802.792402871477-4163.726386790877i             2742064.100248003
0                         3.3877192643821404E-7    -3.593625962721671E-7    22932.61000738415-5148.097996697936i              3182638.1863155
0                         3.3877192643821404E-7    -3.4339092532673743E-7   37120.0027813348-7573.322797016212i               3837189.6219863174
0                         3.3877192643821404E-7    -3.2741925438130776E-7   12271.550891550723-17372.840280096047i            4617671.734428799
0                         3.3877192643821404E-7    -3.1144758343587815E-7   -17519.603333647363-28378.89152231405i            5434858.860162277
0                         3.3877192643821404E-7    -2.954759124904485E-7    -66785.33889209508-44415.23025703576i             6285238.993879612
0                         3.3877192643821404E-7    -2.7950424154501886E-7   -120979.7195915815-59819.44108763446i             7076995.301648844
0                         3.3877192643821404E-7    -2.635325705995892E-7    -185106.7482928611-77276.35067998728i             7872194.004302738
0                         3.3877192643821404E-7    -2.4756089965415953E-7   -208173.89989949524-85062.9468913941i             8644854.429508556
0                         3.3877192643821404E-7    -2.3158922870872991E-7   -224080.56205041637-90452.99007864777i            9376103.838907855
0                         3.3877192643821404E-7    -2.1561755776330025E-7   -220220.201800589-90661.55806523559i              1.0078349680226544E7
0                         3.3877192643821404E-7    -1.996458868178706E-7    -244149.9768650593-97634.25917848246i             1.064323526431084E7
0                         3.3877192643821404E-7    -1.8367421587244096E-7   -262481.6511693833-102620.00281977674i            1.1144727432390116E7
0                         3.3877192643821404E-7    -1.677025449270113E-7    -284330.3245515288-109381.21328082867i            1.1667685313883023E7
0                         3.3877192643821404E-7    -1.5173087398158168E-7   -165572.2595340421-75375.1253952579i              1.1851969056548813E7
0                         3.3877192643821404E-7    -1.3575920303615201E-7   -193926.3317648878-82887.21565635037i             1.2312126495356813E7
0                         3.3877192643821404E-7    -1.1978753209072235E-7   -182242.2149661961-78706.60008657805i             1.2705730106880002E7
0                         3.3877192643821404E-7    -1.0381586114529273E-7   -208488.3273773417-86579.40885978984i             1.295592467393833E7
0                         3.3877192643821404E-7    -8.784419019986307E-8    -234433.23723116936-94245.96253186057i            1.31243943985745E7
0                         3.3877192643821404E-7    -7.187251925443345E-8    -260076.9445276775-101706.26110279112i            1.3210874272833973E7
0                         3.3877192643821404E-7    -5.590084830900378E-8    -264219.7536041308-105303.02238992543i            1.3281736804629065E7
0                         3.3877192643821404E-7    -3.9929177363574116E-8   -288326.71203885716-107521.9619814161i            1.3436601747419834E7
0                         3.3877192643821404E-7    -2.39575064181445E-8     -308366.05532156164-108461.60568799211i           1.351152707229908E7
0                         3.3877192643821404E-7    -7.985835472714834E-9    -306411.36383762676-109390.80877269016i           1.3587719837727739E7
0                         3.3877192643821404E-7    7.985835472714834E-9     -300592.1718890364-108116.46557622132i            1.3567283072550802E7
0                         3.3877192643821404E-7    2.3957506418144448E-8    -290377.84344725916-105423.99637034239i           1.346787369125783E7
0                         3.3877192643821404E-7    3.9929177363574116E-8    -261512.85123297572-97593.89806290693i            1.3447832535070993E7
0                         3.3877192643821404E-7    5.590084830900378E-8     -192189.11670698086-80562.69240710937i            1.333204777681614E7
0                         3.3877192643821404E-7    7.18725192544334E-8      -209760.97105926112-82623.87697850652i            1.3205883055558594E7
0                         3.3877192643821404E-7    8.784419019986301E-8     -242331.05925826402-90835.35824695544i            1.302662839597888E7
0                         3.3877192643821404E-7    1.0381586114529268E-7    -301055.88753969094-103522.37638223113i           1.2782239040248211E7
0                         3.3877192643821404E-7    1.1978753209072235E-7    -314342.51338223973-108785.14214393741i           1.2601028209178898E7
0                         3.3877192643821404E-7    1.3575920303615201E-7    -343935.77577839047-115540.30881199124i           1.2358029825663477E7
0                         3.3877192643821404E-7    1.5173087398158168E-7    -323293.4298079666-113188.19761470333i            1.2064237536217522E7
0                         3.3877192643821404E-7    1.6770254492701124E-7    -278743.5122086811-101875.40504793858i            1.1556651945004508E7
0                         3.3877192643821404E-7    1.836742158724409E-7     -261521.42867030058-96042.89666277614i            1.1062685787958834E7
0                         3.3877192643821404E-7    1.9964588681787058E-7    -289345.12534694537-102988.57340850284i           1.049541351779096E7
0                         3.3877192643821404E-7    2.1561755776330025E-7    -245722.42689362844-91540.81459269061i            1.0070199400232691E7
0                         3.3877192643821404E-7    2.3158922870872991E-7    -201710.63276713248-79153.84340964409i            9379195.702432076
0                         3.3877192643821404E-7    2.475608996541595E-7     -262925.11546954047-93058.71605586124i            8695977.35712624
0                         3.3877192643821404E-7    2.6353257059958914E-7    -210820.918414918-77191.1984848029i               7970995.727386011
0                         3.3877192643821404E-7    2.795042415450188E-7     -153456.26763042726-60124.37032847728i            7182576.132462885
0                         3.3877192643821404E-7    2.954759124904485E-7     -133547.33082208643-51828.49008905326i            6479136.2218777975
0                         3.3877192643821404E-7    3.1144758343587815E-7    -12965.292775284965-19781.85625798689i            5517269.959682124
0                         3.3877192643821404E-7    3.274192543813078E-7     26430.38808094-3879.30471982155i                  4696771.13715167
0                         3.3877192643821404E-7    3.433909253267374E-7     22796.83459666773+664.9498330803181i              3889200.1441290495
0                         3.3877192643821404E-7    3.5936259627216704E-7    13743.624826221145+1743.2863062262113i            3228667.2787307496
0                         3.3877192643821404E-7    3.753342672175967E-7     4493.915581785695+2769.573767509224i              2767237.3533462794
0                         3.3877192643821404E-7    3.913059381630264E-7     -4952.293136640181+3743.8122169288026i            2633037.8749881573
0                         3.5417065036722375E-7    -3.913059381630264E-7    11072.005862953529-554.5596266407684i             2484057.160450031
0                         3.5417065036722375E-7    -3.753342672175967E-7    7344.970892080484-4782.889708639741i              2598452.0322444965
0                         3.5417065036722375E-7    -3.593625962721671E-7    9018.138176090433-7892.840108116274i              3052950.319125091
0                         3.5417065036722375E-7    -3.4339092532673743E-7   8970.623798377928-11567.247947638927i             3710143.1498270854
0                         3.5417065036722375E-7    -3.2741925438130776E-7   7202.427758944221-15806.113227207214i             4468875.321824504
0                         3.5417065036722375E-7    -3.1144758343587815E-7   -113024.14545364655-46805.080179391545i           5511198.044321747
0                         3.5417065036722375E-7    -2.954759124904485E-7    41421.23884835001-17418.469910907792i             6207981.291353256
0                         3.5417065036722375E-7    -2.7950424154501886E-7   -50857.58162452449-36276.60458387107i             7030364.04136505
0                         3.5417065036722375E-7    -2.635325705995892E-7    -136314.35260783424-59311.885487481726i           7861395.14194168
0                         3.5417065036722375E-7    -2.4756089965415953E-7   -164469.46119881724-68911.43942044218i            8625645.901727494
0                         3.5417065036722375E-7    -2.3158922870872991E-7   -185464.08033409552-76114.44032925121i            9347224.070475338
0                         3.5417065036722375E-7    -2.1561755776330025E-7   -199298.21001366526-80920.88821390797i            1.0022866196261475E7
0                         3.5417065036722375E-7    -1.996458868178706E-7    -183584.44325401238-77704.6226807344i             1.0690945803396586E7
0                         3.5417065036722375E-7    -1.8367421587244096E-7   -235665.09637826588-92459.02598431066i            1.1253632192387458E7
0                         3.5417065036722375E-7    -1.677025449270113E-7    -234355.2557801248-92033.31897711765i             1.1737950412158117E7
0                         3.5417065036722375E-7    -1.5173087398158168E-7   -153386.13597921538-69612.26494762657i            1.1984341562682666E7
0                         3.5417065036722375E-7    -1.3575920303615201E-7   -188634.958391362-79418.63667574711i              1.2442604539020944E7
0                         3.5417065036722375E-7    -1.1978753209072235E-7   -213221.1853967422-85834.52444576196i             1.2831820269496376E7
0                         3.5417065036722375E-7    -1.0381586114529273E-7   -227144.8169953681-88859.92825767363i             1.3151301126763774E7
0                         3.5417065036722375E-7    -8.784419019986307E-8    -138456.77818341623-61177.11952746718i            1.3373147760219283E7
0                         3.5417065036722375E-7    -7.187251925443345E-8    -160417.27405289898-67930.35124294335i            1.3470563646295235E7
0                         3.5417065036722375E-7    -5.590084830900378E-8    -155605.2338351626-64458.48732649494i             1.356300938657682E7
0                         3.5417065036722375E-7    -3.9929177363574116E-8   -213008.68034026463-85041.36421996297i            1.3718636025279894E7
0                         3.5417065036722375E-7    -2.39575064181445E-8     -232938.0780840806-88526.93632809007i             1.3814693200324949E7
0                         3.5417065036722375E-7    -7.985835472714834E-9    -235802.79239985056-90173.79985039926i            1.3865102031962033E7
0                         3.5417065036722375E-7    7.985835472714834E-9     -229478.26477928052-88982.82418706224i            1.3844163542768212E7
0                         3.5417065036722375E-7    2.3957506418144448E-8    -213964.49522237427-84954.0093380794i             1.3751902780528553E7
0                         3.5417065036722375E-7    3.9929177363574116E-8    -186687.5477006943-77505.70819852583i             1.3714953684675213E7
0                         3.5417065036722375E-7    5.590084830900378E-8     -155981.42629510164-68939.0360144442i             1.3617152558392614E7
0                         3.5417065036722375E-7    7.18725192544334E-8      -159331.20409619436-73829.03643244435i            1.3470475899082644E7
0                         3.5417065036722375E-7    8.784419019986301E-8     -221557.43909017136-89812.39254784945i            1.3234766398012696E7
0                         3.5417065036722375E-7    1.0381586114529268E-7    -288003.8889601417-103472.23475610954i            1.2926688215238655E7
0                         3.5417065036722375E-7    1.1978753209072235E-7    -273873.0841475406-99302.09314897301i             1.2755072420555128E7
0                         3.5417065036722375E-7    1.3575920303615201E-7    -252256.49846674874-97124.73601009883i            1.2530810110465193E7
0                         3.5417065036722375E-7    1.5173087398158168E-7    -213537.6346516041-83542.68849363341i             1.2126280015338738E7
0                         3.5417065036722375E-7    1.6770254492701124E-7    -204673.1961916075-80093.93290604115i             1.1644561904408026E7
0                         3.5417065036722375E-7    1.836742158724409E-7     -196645.2085068911-76931.55533969506i             1.114494783248917E7
0                         3.5417065036722375E-7    1.9964588681787058E-7    -220692.27458085818-82672.84894069687i            1.0585382034810096E7
0                         3.5417065036722375E-7    2.1561755776330025E-7    -236944.5898550763-85801.09364977252i             9969539.27498836
0                         3.5417065036722375E-7    2.3158922870872991E-7    -171700.41988188308-67392.57788639585i            9433728.877344402
0                         3.5417065036722375E-7    2.475608996541595E-7     -118141.97592346836-51837.64500811673i            8698006.952262966
0                         3.5417065036722375E-7    2.6353257059958914E-7    -169480.4388247559-63992.377348348105i            7951611.009429978
0                         3.5417065036722375E-7    2.795042415450188E-7     -106094.8194612934-44843.300059198344i            7159275.61997209
0                         3.5417065036722375E-7    2.954759124904485E-7     -90314.13024305407-38907.43337339649i             6447882.378182334
0                         3.5417065036722375E-7    3.1144758343587815E-7    -19616.040126495995-17244.800983421417i           5638931.621769401
0                         3.5417065036722375E-7    3.274192543813078E-7     6863.083393810433-10364.848709410813i             4545649.287204709
0                         3.5417065036722375E-7    3.433909253267374E-7     4454.281269755156-7136.213826961262i              3773615.6716741794
0                         3.5417065036722375E-7    3.5936259627216704E-7    1848.9796717096579-3959.627956374635i             3100082.3662207406
0                         3.5417065036722375E-7    3.753342672175967E-7     -952.8214003262692-835.0910976516243i             2622612.137369847
0                         3.5417065036722375E-7    3.913059381630264E-7     -11072.00586295196+554.559626641213i              2472832.7530783103
0                         3.6956937429623347E-7    -3.913059381630264E-7    12007.81801814993+1622.6876099412618i             2302793.44466497
0                         3.6956937429623347E-7    -3.753342672175967E-7    7807.454834685021-4124.429794710584i              2440245.0547113786
0                         3.6956937429623347E-7    -3.593625962721671E-7    -4896.3336552033725-10637.582219534535i           2916280.607089712
0                         3.6956937429623347E-7    -3.4339092532673743E-7   -11400.498353417977-16437.568848626433i           3588186.6527123004
0                         3.6956937429623347E-7    -3.2741925438130776E-7   -104598.43617720573-39174.408666285i              4553010.718911877
0                         3.6956937429623347E-7    -3.1144758343587815E-7   -139525.0600167896-50043.0288988245i              5391567.969553819
0                         3.6956937429623347E-7    -2.954759124904485E-7    -177828.21766080929-59522.14283585719i            6229311.374834443
0                         3.6956937429623347E-7    -2.7950424154501886E-7   -223311.99458091706-70724.99646296806i            7005112.910292278
0                         3.6956937429623347E-7    -2.635325705995892E-7    -87521.95692280216-41347.42029497527i             7772969.245091752
0                         3.6956937429623347E-7    -2.4756089965415953E-7   -120765.02249814292-52759.93194949092i            8528121.048592981
0                         3.6956937429623347E-7    -2.3158922870872991E-7   -146847.59861777464-61775.89057985429i            9239578.145220578
0                         3.6956937429623347E-7    -2.1561755776330025E-7   -165769.68528169824-68395.29618606607i            9904352.123473473
0                         3.6956937429623347E-7    -1.996458868178706E-7    -123018.90964296437-57774.98618298618i            1.0636064184851611E7
0                         3.6956937429623347E-7    -1.8367421587244096E-7   -177620.41792977322-72095.10892312601i            1.1182798890701933E7
0                         3.6956937429623347E-7    -1.677025449270113E-7    -184380.18700872874-74685.42467340862i            1.168076764737942E7
0                         3.6956937429623347E-7    -1.5173087398158168E-7   -231493.67088005506-88542.20745133492i            1.2188434277540987E7
0                         3.6956937429623347E-7    -1.3575920303615201E-7   -183343.58501783205-75950.05769514368i            1.2440916139309298E7
0                         3.6956937429623347E-7    -1.1978753209072235E-7   -214824.56220451405-84660.22693218608i            1.2827916102644479E7
0                         3.6956937429623347E-7    -1.0381586114529273E-7   -235642.9439844378-89979.91221112495i             1.3144963342001999E7
0                         3.6956937429623347E-7    -8.784419019986307E-8    -245798.73035759578-91909.11353195744i            1.339159609097999E7
0                         3.6956937429623347E-7    -7.187251925443345E-8    -17815.761951349356-20613.111767461167i           1.3513021437826399E7
0                         3.6956937429623347E-7    -5.590084830900378E-8    -52313.75969959749-29403.728696629754i            1.3701371359149856E7
0                         3.6956937429623347E-7    -3.9929177363574116E-8   -86500.1956659127-37800.35830900259i              1.3812374989180056E7
0                         3.6956937429623347E-7    -2.39575064181445E-8     -162834.84231828141-69226.55987266681i            1.3934069592066484E7
0                         3.6956937429623347E-7    -7.985835472714834E-9    -165194.22096207237-70956.79092810804i            1.3984086374777235E7
0                         3.6956937429623347E-7    7.985835472714834E-9     -158364.35766952578-69849.18279790331i            1.396262814113568E7
0                         3.6956937429623347E-7    2.3957506418144448E-8    -142345.25244063901-65903.73548205188i            1.3869722320464263E7
0                         3.6956937429623347E-7    3.9929177363574116E-8    -111862.24416841473-57417.51833414496i            1.3823567133141326E7
0                         3.6956937429623347E-7    5.590084830900378E-8     -80096.5971995825-48694.86522417073i              1.3725520629607989E7
0                         3.6956937429623347E-7    7.18725192544334E-8      -109570.62272236816-65154.925920618225i           1.3593562115192262E7
0                         3.6956937429623347E-7    8.784419019986301E-8     -182619.95304590836-86199.40309593081i            1.3322534331372557E7
0                         3.6956937429623347E-7    1.0381586114529268E-7    -218435.3775315378-96498.66778389015i             1.3053938874550695E7
0                         3.6956937429623347E-7    1.1978753209072235E-7    -195054.95205057695-84675.60164300466i            1.2814846238815203E7
0                         3.6956937429623347E-7    1.3575920303615201E-7    -150744.8988379808-65753.65084407665i             1.2500638693195332E7
0                         3.6956937429623347E-7    1.5173087398158168E-7    -142936.10906713922-62895.132759854896i           1.209302521409389E7
0                         3.6956937429623347E-7    1.6770254492701124E-7    -130602.88017453137-58312.46076414327i            1.1613311244176306E7
0                         3.6956937429623347E-7    1.836742158724409E-7     -131768.98834348726-57820.214016615035i           1.1110950350990701E7
0                         3.6956937429623347E-7    1.9964588681787058E-7    -152039.42381477077-62357.12447289092i            1.055957012765012E7
0                         3.6956937429623347E-7    2.1561755776330025E-7    -164515.10848630697-64280.98603724077i            9951301.43718071
0                         3.6956937429623347E-7    2.3158922870872991E-7    -169196.04235809325-63591.798709664305i           9287521.80150991
0                         3.6956937429623347E-7    2.475608996541595E-7     -81458.62982397387-38098.09880228236i             8648993.77401971
0                         3.6956937429623347E-7    2.6353257059958914E-7    -18353.53603364341-19375.204228772083i            7870250.88798439
0                         3.6956937429623347E-7    2.795042415450188E-7     -58733.37129215762-29562.229789918834i            7064846.536368935
0                         3.6956937429623347E-7    2.954759124904485E-7     -47080.92966402037-25986.376657739653i            6362330.123280361
0                         3.6956937429623347E-7    3.1144758343587815E-7    -118468.75992913137-41796.833386421145i           5435730.009591546
0                         3.6956937429623347E-7    3.274192543813078E-7     -88958.92988387015-32328.879111162234i            4593196.668022225
0                         3.6956937429623347E-7    3.433909253267374E-7     -13888.272057157184-14937.37748700258i            3653163.6724615586
0                         3.6956937429623347E-7    3.5936259627216704E-7    -26852.23732352699-15614.660067055811i            2934806.3275660775
0                         3.6956937429623347E-7    3.753342672175967E-7     -20810.717034546076-9058.20631362687i             2444068.3470516345
0                         3.6956937429623347E-7    3.913059381630264E-7     -12007.818018148544-1622.6876099408737i           2294834.8024043213
0                         3.849680982252432E-7     -3.913059381630264E-7    30926.63241633694+5609.163280555497i              2039444.1989468595
0                         3.849680982252432E-7     -3.753342672175967E-7    113213.3774957417+8292.88130016932i               2201912.322906062
0                         3.849680982252432E-7     -3.593625962721671E-7    -22064.128981039466-33518.66731838843i            3118773.955235983
0                         3.849680982252432E-7     -3.4339092532673743E-7   -42893.55065913516-52610.33548613487i             4130705.6576749403
0                         3.849680982252432E-7     -3.2741925438130776E-7   -422732.37801300624-147750.28486050855i           4525927.483708761
0                         3.849680982252432E-7     -3.1144758343587815E-7   -605095.0508282596-201975.5413627818i             5356249.08378081
0                         3.849680982252432E-7     -2.954759124904485E-7    -192956.34536460097-118326.20391140925i           5844774.967801341
0                         3.849680982252432E-7     -2.7950424154501886E-7   -316747.102946272-157775.66860106456i             7004176.810233139
0                         3.849680982252432E-7     -2.635325705995892E-7    -468015.92090149084-204364.0951381223i            7757357.226638789
0                         3.849680982252432E-7     -2.4756089965415953E-7   -565371.715228999-236432.93573518796i             8603629.797445318
0                         3.849680982252432E-7     -2.3158922870872991E-7   -468257.7541429065-224456.8274578061i             9300309.30481262
0                         3.849680982252432E-7     -2.1561755776330025E-7   -362138.32802862395-209489.08592026588i           9950670.050908377
0                         3.849680982252432E-7     -1.996458868178706E-7    -290840.5430966867-200725.92685031478i            1.0569648828899859E7
0                         3.849680982252432E-7     -1.8367421587244096E-7   -210210.8689069528-184325.77477567006i            1.1361563615361834E7
0                         3.849680982252432E-7     -1.677025449270113E-7    -411306.4324470465-241369.63647928563i            1.184974977071413E7
0                         3.849680982252432E-7     -1.5173087398158168E-7   -537935.1725699808-276939.38303174207i            1.2354987073352091E7
0                         3.849680982252432E-7     -1.3575920303615201E-7   -576534.0727997797-291892.5584651747i             1.2714456372837689E7
0                         3.849680982252432E-7     -1.1978753209072235E-7   -550360.9195350861-290129.44053245144i            1.3096857368123977E7
0                         3.849680982252432E-7     -1.0381586114529273E-7   -516160.8244040721-285734.1233599739i             1.3408979885956291E7
0                         3.849680982252432E-7     -8.784419019986307E-8    -473933.78740673163-278706.6069477422i            1.3650506287569098E7
0                         3.849680982252432E-7     -7.187251925443345E-8    -628145.1510907977-318768.2923282847i             1.39907742335223E7
0                         3.849680982252432E-7     -5.590084830900378E-8    -874694.0367995738-380687.80692286155i            1.4038604351602314E7
0                         3.849680982252432E-7     -3.9929177363574116E-8   -929958.6642254684-396353.5572541433i             1.4154337046739819E7
0                         3.849680982252432E-7     -2.39575064181445E-8     -682066.5299048173-337115.37849090307i            1.4627584608344857E7
0                         3.849680982252432E-7     -7.985835472714834E-9    -427339.7886772016-275670.5541802405i             1.4327771548710966E7
0                         3.849680982252432E-7     7.985835472714834E-9     -449785.83644994255-282666.29693676403i           1.430710976865731E7
0                         3.849680982252432E-7     2.3957506418144448E-8    -462335.9979224076-286466.29252516327i            1.4214586509648688E7
0                         3.849680982252432E-7     3.9929177363574116E-8    -877296.3513909914-388904.5885548643i             1.40871510456435E7
0                         3.849680982252432E-7     5.590084830900378E-8     -770240.8801003795-360205.7253804813i             1.3982487024883177E7
0                         3.849680982252432E-7     7.18725192544334E-8      -584330.5763040674-308274.96795847407i            1.3833898343820235E7
0                         3.849680982252432E-7     8.784419019986301E-8     -596733.2870799983-308546.3519620701i             1.3640920613021286E7
0                         3.849680982252432E-7     1.0381586114529268E-7    -633101.5148983898-315075.989937404i              1.3373115955618458E7
0                         3.849680982252432E-7     1.1978753209072235E-7    -659958.5968872313-318632.8186608801i             1.3037272648134667E7
0                         3.849680982252432E-7     1.3575920303615201E-7    -611726.1500766613-303326.613037701i              1.271273444712436E7
0                         3.849680982252432E-7     1.5173087398158168E-7    -552123.3334846231-284764.2361165026i             1.2306671684576498E7
0                         3.849680982252432E-7     1.6770254492701124E-7    -489157.0619317455-264816.5578323775i             1.1828484687282233E7
0                         3.849680982252432E-7     1.836742158724409E-7     -543087.0182860056-267992.8217343927i             1.1231589011830803E7
0                         3.849680982252432E-7     1.9964588681787058E-7    -502093.6988930247-250859.30810376644i            1.068821386617438E7
0                         3.849680982252432E-7     2.1561755776330025E-7    -455183.55862324534-231710.17750431516i           1.0087215484031325E7
0                         3.849680982252432E-7     2.3158922870872991E-7    -402356.59747665934-210545.429936038i             9429827.268214557
0                         3.849680982252432E-7     2.475608996541595E-7     -303062.7105613109-176953.7733272437i             8733772.796049217
0                         3.849680982252432E-7     2.6353257059958914E-7    -180457.1436641636-138294.5660331949i             7962256.909925118
0                         3.849680982252432E-7     2.795042415450188E-7     -228308.38626347063-139857.577691015i             7090243.709465811
0                         3.849680982252432E-7     2.954759124904485E-7     -486911.1956721862-184825.87905610036i            5921871.856050737
0                         3.849680982252432E-7     3.1144758343587815E-7    -560737.3455888417-190489.6152973798i             5367809.815442099
0                         3.849680982252432E-7     3.274192543813078E-7     -403533.5618861893-142281.13159931765i            4537455.635630229
0                         3.849680982252432E-7     3.433909253267374E-7     -55542.88107918491-53299.5973188022i              4122053.897256258
0                         3.849680982252432E-7     3.5936259627216704E-7    197561.115952518+14469.20848460008i               2710892.798642672
0                         3.849680982252432E-7     3.753342672175967E-7     83287.38177694427+4380.046292443352i              2182110.120122577
0                         3.849680982252432E-7     3.913059381630264E-7     -30926.632416348486-5609.163280554173i            2016274.1134098005
0                         4.003668221542529E-7     -3.913059381630264E-7    -11268.1154385831-2522.897912153862i              1719425.939869758
0                         4.003668221542529E-7     -3.753342672175967E-7    -1781.7278459859517-12972.475765983269i           2098310.8852898944
0                         4.003668221542529E-7     -3.593625962721671E-7    -14922.569120213378-29403.631604298105i           2977320.091747606
0                         4.003668221542529E-7     -3.4339092532673743E-7   -31234.350790901168-46877.6150999035i             3986606.5611073496
0                         4.003668221542529E-7     -3.2741925438130776E-7   -50717.07285804907-65394.42625279928i             5036494.7163079055
0                         4.003668221542529E-7     -3.1144758343587815E-7   -22646.786256937776-66136.39338544599i            5068970.887606648
0                         4.003668221542529E-7     -2.954759124904485E-7    -200377.85055115964-116247.13527574556i           6017123.168241182
0                         4.003668221542529E-7     -2.7950424154501886E-7   -326448.7798521613-155976.63757306154i            7144462.7259709
0                         4.003668221542529E-7     -2.635325705995892E-7    -424625.678393715-189746.57397238642i             7938160.802678484
0                         4.003668221542529E-7     -2.4756089965415953E-7   -436102.89864007663-201789.50163070744i           8807036.239010405
0                         4.003668221542529E-7     -2.3158922870872991E-7   -411280.516884543-205255.16854488198i             9583239.211324729
0                         4.003668221542529E-7     -2.1561755776330025E-7   -350630.85240578884-199418.37913698927i           1.0273296152000492E7
0                         4.003668221542529E-7     -1.996458868178706E-7    -378834.03675634996-215119.70108260115i           1.0989854919681817E7
0                         4.003668221542529E-7     -1.8367421587244096E-7   -226156.38922311238-182635.59210101172i           1.1898258401972713E7
0                         4.003668221542529E-7     -1.677025449270113E-7    -406103.4817392642-234992.02912303497i            1.2338675769045915E7
0                         4.003668221542529E-7     -1.5173087398158168E-7   -531966.4250519308-270271.06610670144i            1.2836179360400869E7
0                         4.003668221542529E-7     -1.3575920303615201E-7   -528306.3797594806-275197.53249420715i            1.3346231694506215E7
0                         4.003668221542529E-7     -1.1978753209072235E-7   -500486.97538242186-272843.7500648892i            1.3725931823801408E7
0                         4.003668221542529E-7     -1.0381586114529273E-7   -464640.62913904234-267857.76839581755i           1.4034987193883993E7
0                         4.003668221542529E-7     -8.784419019986307E-8    -566047.3326961161-294580.348657333i              1.439253680944821E7
0                         4.003668221542529E-7     -7.187251925443345E-8    -573257.7414560816-299950.37175769324i            1.4605981177312884E7
0                         4.003668221542529E-7     -5.590084830900378E-8    -784491.9492950048-353060.5129034472i             1.4632412858336577E7
0                         4.003668221542529E-7     -3.9929177363574116E-8   -575148.8508827584-305448.3226010701i             1.5083968098383842E7
0                         4.003668221542529E-7     -2.39575064181445E-8     -671479.2667801513-328949.12784360826i            1.5208543284345193E7
0                         4.003668221542529E-7     -7.985835472714834E-9    -541896.6765410667-297107.3280717323i             1.5014933368350295E7
0                         4.003668221542529E-7     7.985835472714834E-9     -565215.2942016888-304385.2938344799i             1.4994816166717436E7
0                         4.003668221542529E-7     2.3957506418144448E-8    -578638.0255620265-308467.51242910203i            1.4902509569846267E7
0                         4.003668221542529E-7     3.9929177363574116E-8    -458349.66584415734-278759.98497354926i           1.4954182411508037E7
0                         4.003668221542529E-7     5.590084830900378E-8     -336048.70045426115-248810.46509935893i           1.482937181381926E7
0                         4.003668221542529E-7     7.18725192544334E-8      -650261.2501529614-320488.678599739i              1.4442169082533082E7
0                         4.003668221542529E-7     8.784419019986301E-8     -573465.4264143158-297555.60397219076i            1.4229774297858771E7
0                         4.003668221542529E-7     1.0381586114529268E-7    -612010.1769042737-304840.0231309304i             1.3965396480597705E7
0                         4.003668221542529E-7     1.1978753209072235E-7    -641043.7815646832-309151.63303781254i            1.3632620582421774E7
0                         4.003668221542529E-7     1.3575920303615201E-7    -599500.7813476119-295620.5268041255i             1.3243436025177633E7
0                         4.003668221542529E-7     1.5173087398158168E-7    -541210.4009551955-277528.0982520001i             1.2843688565934714E7
0                         4.003668221542529E-7     1.6770254492701124E-7    -565856.8954455674-276466.88735674834i            1.2203791381609906E7
0                         4.003668221542529E-7     1.836742158724409E-7     -503409.7587292844-255059.06000962868i            1.1575338462711023E7
0                         4.003668221542529E-7     1.9964588681787058E-7    -463335.2890349231-238364.5539631625i             1.1043478949699134E7
0                         4.003668221542529E-7     2.1561755776330025E-7    -417343.99846376036-219654.43094787083i           1.0453464268906526E7
0                         4.003668221542529E-7     2.3158922870872991E-7    -365435.88701579114-198928.69096375335i           9806317.921224497
0                         4.003668221542529E-7     2.475608996541595E-7     -294132.42848255753-171956.26371912935i           9038570.491099987
0                         4.003668221542529E-7     2.6353257059958914E-7    -334738.5692974953-170803.83951963903i            8276540.138184869
0                         4.003668221542529E-7     2.795042415450188E-7     -434061.2585954389-181477.74155063945i            7136450.290645333
0                         4.003668221542529E-7     2.954759124904485E-7     -252551.84435728868-130570.25570928142i           6158502.688534979
0                         4.003668221542529E-7     3.1144758343587815E-7    -263473.96176420385-123793.68630754552i           5068075.691952716
0                         4.003668221542529E-7     3.274192543813078E-7     -56034.51406026934-66523.24344927506i             5028007.116488447
0                         4.003668221542529E-7     3.433909253267374E-7     -40339.950569149514-49398.542733114286i           3991710.7349709845
0                         4.003668221542529E-7     3.5936259627216704E-7    -27134.039234036514-33005.74398869032i            2991527.342864487
0                         4.003668221542529E-7     3.753342672175967E-7     -16416.780054929244-17344.84721600351i            2111030.3416740685
0                         4.003668221542529E-7     3.913059381630264E-7     11268.11543866834+2522.8979121747716i             1664479.725960903
0                         4.1576554608326266E-7    -3.913059381630264E-7    6294.452877791604+3295.51878484936i               1474850.232958918
0                         4.1576554608326266E-7    -3.753342672175967E-7    842.1920074329246-10475.124724033794i             1958369.2114333815
0                         4.1576554608326266E-7    -3.593625962721671E-7    -7781.009259386745-25288.595890207605i            2844567.797544746
0                         4.1576554608326266E-7    -3.4339092532673743E-7   -19575.150922667177-41144.89471367205i            3849930.2479913896
0                         4.1576554608326266E-7    -3.2741925438130776E-7   151779.07162319554-13675.465331725602i            4751988.075501483
0                         4.1576554608326266E-7    -3.1144758343587815E-7   -30491.98777525488-64312.9780486409i              5269927.267775289
0                         4.1576554608326266E-7    -2.954759124904485E-7    -207799.35573771596-114168.06664008145i           6200943.905927349
0                         4.1576554608326266E-7    -2.7950424154501886E-7   -336150.45675805124-154177.60654505872i           7296259.305594203
0                         4.1576554608326266E-7    -2.635325705995892E-7    -381235.43588594097-175129.05280665075i           8137299.883063721
0                         4.1576554608326266E-7    -2.4756089965415953E-7   -387942.126034674-185537.40345383366i             9004265.382954583
0                         4.1576554608326266E-7    -2.3158922870872991E-7   -403667.12412344036-196867.27901755203i           9873662.356458435
0                         4.1576554608326266E-7    -2.1561755776330025E-7   -441496.09016820794-214837.02103653236i           1.0725272746948933E7
0                         4.1576554608326266E-7    -1.996458868178706E-7    -466827.53041601134-229513.47531488718i           1.1432099331689896E7
0                         4.1576554608326266E-7    -1.8367421587244096E-7   -491822.1558633279-244056.75114687253i            1.2082979747497758E7
0                         4.1576554608326266E-7    -1.677025449270113E-7    -349384.0186120986-212893.20531210798i            1.2884493755012682E7
0                         4.1576554608326266E-7    -1.5173087398158168E-7   -525997.6775338768-263602.74918166007i            1.3338061317079483E7
0                         4.1576554608326266E-7    -1.3575920303615201E-7   -480078.68671918224-258502.5065232396i            1.400061493159177E7
0                         4.1576554608326266E-7    -1.1978753209072235E-7   -450613.03122976015-255558.05959732766i           1.4377241246170443E7
0                         4.1576554608326266E-7    -1.0381586114529273E-7   -413120.4338740182-249981.413431662i              1.4682919320084853E7
0                         4.1576554608326266E-7    -8.784419019986307E-8    -509294.55175913125-275290.6343744915i            1.5032242377900455E7
0                         4.1576554608326266E-7    -7.187251925443345E-8    -518370.3318213648-281132.4511871014i             1.5242917950634705E7
0                         4.1576554608326266E-7    -5.590084830900378E-8    -525768.3817802663-286349.3166281203i             1.5382943485829161E7
0                         4.1576554608326266E-7    -3.9929177363574116E-8   -566037.5483381622-297713.83298680093i            1.5685269587617794E7
0                         4.1576554608326266E-7    -2.39575064181445E-8     -660892.0036554841-320782.8771963136i             1.5807769243851876E7
0                         4.1576554608326266E-7    -7.985835472714834E-9    -751241.9139203052-342319.4625778527i             1.5858649689773628E7
0                         4.1576554608326266E-7    7.985835472714834E-9     -680644.7519534314-326104.290732195i              1.5700238465540007E7
0                         4.1576554608326266E-7    2.3957506418144448E-8    -694940.0532016489-330468.73233304126i            1.5608233388305258E7
0                         4.1576554608326266E-7    3.9929177363574116E-8    -611646.8350382112-309560.5087357587i             1.5547044932371369E7
0                         4.1576554608326266E-7    5.590084830900378E-8     -478162.9902080102-277075.6739359356i             1.5447427839564733E7
0                         4.1576554608326266E-7    7.18725192544334E-8      -464748.6103408453-271721.90698813717i            1.52051808348728E7
0                         4.1576554608326266E-7    8.784419019986301E-8     -586793.7803566428-296757.12608867674i            1.4834482883860398E7
0                         4.1576554608326266E-7    1.0381586114529268E-7    -590918.8389101578-294604.0563244565i             1.4581653310471255E7
0                         4.1576554608326266E-7    1.1978753209072235E-7    -622128.9662421385-299670.447414745i              1.425227756969878E7
0                         4.1576554608326266E-7    1.3575920303615201E-7    -587275.412618566-287914.44057055074i             1.3798630381315691E7
0                         4.1576554608326266E-7    1.5173087398158168E-7    -635842.6537102594-293723.8108192766i             1.3288126273522507E7
0                         4.1576554608326266E-7    1.6770254492701124E-7    -549619.8887822137-268559.3860142626i             1.2626006730226493E7
0                         4.1576554608326266E-7    1.836742158724409E-7     -463732.4991725611-242125.29828486394i            1.1939668536203215E7
0                         4.1576554608326266E-7    1.9964588681787058E-7    -424576.87917681737-225869.7998225576i            1.1419560884967659E7
0                         4.1576554608326266E-7    2.1561755776330025E-7    -379504.438304276-207598.68439142662i             1.0840843906732153E7
0                         4.1576554608326266E-7    2.3158922870872991E-7    -328515.176554926-187311.95199146972i             1.02043670624756E7
0                         4.1576554608326266E-7    2.475608996541595E-7     -285202.1464038049-166958.75411101535i            9366169.111597741
0                         4.1576554608326266E-7    2.6353257059958914E-7    -552353.7709012907-214677.48040693416i            8304748.389219133
0                         4.1576554608326266E-7    2.795042415450188E-7     -462701.0651240959-189067.86154282058i            7206498.8144434225
0                         4.1576554608326266E-7    2.954759124904485E-7     146322.57299660938-42795.715231837006i            6931842.862126462
0                         4.1576554608326266E-7    3.1144758343587815E-7    198893.14571771713-20017.78152760357i             5804226.240514033
0                         4.1576554608326266E-7    3.274192543813078E-7     252721.75710993912+3071.9281085823604i            4681695.09964098
0                         4.1576554608326266E-7    3.433909253267374E-7     -25137.020059113973-45497.48814742625i            3868887.853865434
0                         4.1576554608326266E-7    3.5936259627216704E-7    -16367.512176016418-30698.263054835108i           2871311.123926261
0                         4.1576554608326266E-7    3.753342672175967E-7     -10086.656448924841-16630.939933980942i           1980290.697126945
0                         4.1576554608326266E-7    3.913059381630264E-7     -6294.452877840304-3295.5187848641062i            1459035.7685722068
0                         4.311642700122724E-7     -3.913059381630264E-7    4400.732723802844+4175.185154657814i              1336407.0147356826
0                         4.311642700122724E-7     -3.753342672175967E-7    3466.111860851459-7977.773682084432i              1827937.13419973
0                         4.311642700122724E-7     -3.593625962721671E-7    -639.4493985605077-21173.56017611723i             2720246.0956431073
0                         4.311642700122724E-7     -3.4339092532673743E-7   84556.20521002519-13831.592377279216i             3642316.01959236
0                         4.311642700122724E-7     -3.2741925438130776E-7   55195.57445804076-31654.326730685774i             4765283.155541874
0                         4.311642700122724E-7     -3.1144758343587815E-7   26842.081742690527-49333.495408570525i            5910628.3123902865
0                         4.311642700122724E-7     -2.954759124904485E-7    -215220.8609242742-112088.99800441772i            6396218.314335473
0                         4.311642700122724E-7     -2.7950424154501886E-7   -325640.8989999398-148294.1427754474i             7470392.067085407
0                         4.311642700122724E-7     -2.635325705995892E-7    -337845.19337816583-160511.53164091503i           8354002.891735867
0                         4.311642700122724E-7     -2.4756089965415953E-7   -339781.35342927405-169285.30527696072i           9217694.916046068
0                         4.311642700122724E-7     -2.3158922870872991E-7   -404655.61337711-192116.08148431647i              1.0151513321978152E7
0                         4.311642700122724E-7     -2.1561755776330025E-7   -505187.2358244265-222852.81038230754i            1.1091517912463138E7
0                         4.311642700122724E-7     -1.996458868178706E-7    -554821.0240756739-243907.24954717397i            1.1895997924461314E7
0                         4.311642700122724E-7     -1.8367421587244096E-7   -576943.9054202274-257425.65771190112i            1.2536840320236888E7
0                         4.311642700122724E-7     -1.677025449270113E-7    -598729.9719643006-270810.8874302595i             1.3121595371515216E7
0                         4.311642700122724E-7     -1.5173087398158168E-7   -454935.9584143462-242710.39273502404i            1.4232997709711853E7
0                         4.311642700122724E-7     -1.3575920303615201E-7   -431850.99367888237-241807.48055227182i           1.467722303097772E7
0                         4.311642700122724E-7     -1.1978753209072235E-7   -400739.08707709867-238272.36912976595i           1.5050455749508202E7
0                         4.311642700122724E-7     -1.0381586114529273E-7   -439922.8893543002-249062.35819519823i            1.541509742430549E7
0                         4.311642700122724E-7     -8.784419019986307E-8    -452541.7708221418-256000.92009164928i            1.5693661206311863E7
0                         4.311642700122724E-7     -7.187251925443345E-8    -566430.709743835-286229.0474926047i              1.5831506233322693E7
0                         4.311642700122724E-7     -5.590084830900378E-8    -489056.93527867645-271588.4586650352i            1.6129243133498209E7
0                         4.311642700122724E-7     -3.9929177363574116E-8   -556926.2457935675-289979.3433725318i             1.6304767423409998E7
0                         4.311642700122724E-7     -2.39575064181445E-8     -650304.7405308154-312616.6265490191i             1.6425237253237572E7
0                         4.311642700122724E-7     -7.985835472714834E-9    -739178.6902155629-333721.45089753193i            1.6474030906609688E7
0                         4.311642700122724E-7     7.985835472714834E-9     -796074.209705174-347823.28762991074i             1.6423258502360381E7
0                         4.311642700122724E-7     2.3957506418144448E-8    -811242.0808412719-352469.95223698067i            1.6331627372311406E7
0                         4.311642700122724E-7     3.9929177363574116E-8    -764944.004232266-340361.0324979676i              1.6158288804899737E7
0                         4.311642700122724E-7     5.590084830900378E-8     -620277.2799617564-305340.88277251204i            1.6082289847649192E7
0                         4.311642700122724E-7     7.18725192544334E-8      -607936.2025843947-300339.2297086944i             1.5841727065410607E7
0                         4.311642700122724E-7     8.784419019986301E-8     -590690.0861915713-293560.8966271171i             1.5530675265547102E7
0                         4.311642700122724E-7     1.0381586114529268E-7    -569827.5009160452-284368.0895179835i             1.5221630735598003E7
0                         4.311642700122724E-7     1.1978753209072235E-7    -603214.1509195911-290189.26179167745i            1.4895944483494755E7
0                         4.311642700122724E-7     1.3575920303615201E-7    -700135.0862792961-308836.29251541157i            1.4316582890221775E7
0                         4.311642700122724E-7     1.5173087398158168E-7    -619288.7492311634-285620.3976129493i             1.3723170624179697E7
0                         4.311642700122724E-7     1.6770254492701124E-7    -533382.88211886-260651.88467177708i              1.306938542434475E7
0                         4.311642700122724E-7     1.836742158724409E-7     -442417.4849423787-233930.75369189313i            1.2355748847781051E7
0                         4.311642700122724E-7     1.9964588681787058E-7    -385818.469318714-213375.04568195343i             1.1816311335212266E7
0                         4.311642700122724E-7     2.1561755776330025E-7    -396555.8514840957-208111.4774283367i             1.1197508544566218E7
0                         4.311642700122724E-7     2.3158922870872991E-7    -503637.4771138383-223488.26599273976i            1.0387485013071142E7
0                         4.311642700122724E-7     2.475608996541595E-7     -594388.5788095108-235367.41181798375i            9511600.923086155
0                         4.311642700122724E-7     2.6353257059958914E-7    -482690.56967008626-200803.9133036845i            8495482.567131951
0                         4.311642700122724E-7     2.795042415450188E-7     -201000.31108661974-127840.14023374784i           7828148.748477767
0                         4.311642700122724E-7     2.954759124904485E-7     -3463.241672224831-73394.33682354924i             6966869.759441231
0                         4.311642700122724E-7     3.1144758343587815E-7    46913.71307147504-51437.30027121998i              5845219.829679356
0                         4.311642700122724E-7     3.274192543813078E-7     98548.70648628686-29168.4877869386i               4725034.841683713
0                         4.311642700122724E-7     3.433909253267374E-7     -9934.089549078606-41596.43356173816i             3753217.905122649
0                         4.311642700122724E-7     3.5936259627216704E-7    -5600.985117996577-28390.78212097979i             2759812.215793064
0                         4.311642700122724E-7     3.753342672175967E-7     -3756.5328429208766-15917.03265195845i            1859720.6020237885
0                         4.311642700122724E-7     3.913059381630264E-7     -4400.732723851625-4175.185154674305i             1318883.8591579439
0                         4.465629939412821E-7     -3.913059381630264E-7    2507.0125698140773+5054.851524466263i             1207320.319860681
0                         4.465629939412821E-7     -3.753342672175967E-7    6090.031714270444-5480.422640134976i              1706913.3753749041
0                         4.465629939412821E-7     -3.593625962721671E-7    6502.1104622660205-17058.52446202674i             2604047.2450012197
0                         4.465629939412821E-7     -3.4339092532673743E-7   -14578.340887822094-32754.327786714915i           3667317.5180278877
0                         4.465629939412821E-7     -3.2741925438130776E-7   -41387.922707111924-49633.18812964535i            4793493.054414386
0                         4.465629939412821E-7     -3.1144758343587815E-7   -67190.36648977059-66368.4827970548i              5936028.894550802
0                         4.465629939412821E-7     -2.954759124904485E-7    -222642.36611083173-110009.92936875366i           6602929.495451188
0                         4.465629939412821E-7     -2.7950424154501886E-7   -287021.18658979016-135311.19862084897i           7705220.323122879
0                         4.465629939412821E-7     -2.635325705995892E-7    -294454.9508703897-145894.01047517883i            8587547.07629864
0                         4.465629939412821E-7     -2.4756089965415953E-7   -302344.22492085403-155846.85278239206i           9462079.959470754
0                         4.465629939412821E-7     -2.3158922870872991E-7   -405644.1026307854-187364.88395108227i            1.0441751066782033E7
0                         4.465629939412821E-7     -2.1561755776330025E-7   -506734.3643904386-218163.19036991376i            1.1373569116432002E7
0                         4.465629939412821E-7     -1.996458868178706E-7    -605615.0101998076-248241.7720388854i             1.2256801142678669E7
0                         4.465629939412821E-7     -1.8367421587244096E-7   -662065.6549771284-270794.5642769297i             1.3011877095621694E7
0                         4.465629939412821E-7     -1.677025449270113E-7    -680979.9774184381-283154.92632803007i            1.358642105046915E7
0                         4.465629939412821E-7     -1.5173087398158168E-7   -185259.3124325372-166653.76918059445i            1.5423976449076753E7
0                         4.465629939412821E-7     -1.3575920303615201E-7   -383623.3006385857-225112.45458130463i            1.5375722860556144E7
0                         4.465629939412821E-7     -1.1978753209072235E-7   -350865.1429244366-220986.6786622043i             1.574528762879125E7
0                         4.465629939412821E-7     -1.0381586114529273E-7   -876643.6000034916-344479.2664974353i             1.5615250169036059E7
0                         4.465629939412821E-7     -8.784419019986307E-8    -805802.7865962991-332541.41464680946i            1.6046668423684355E7
0                         4.465629939412821E-7     -7.187251925443345E-8    -730768.9965439141-318934.9035688634i             1.6411123865211036E7
0                         4.465629939412821E-7     -5.590084830900378E-8    -651542.2298463322-303659.7332635969i             1.6708503522211695E7
0                         4.465629939412821E-7     -3.9929177363574116E-8   -670770.294798307-310517.2632157048i              1.689855561606838E7
0                         4.465629939412821E-7     -2.39575064181445E-8     -639717.4774061437-304450.3759017237i             1.7060923412926752E7
0                         4.465629939412821E-7     -7.985835472714834E-9    -727115.4665108218-325123.439217211i              1.710768045610319E7
0                         4.465629939412821E-7     7.985835472714834E-9     -810008.910563003-344264.0437047249i              1.7082673376105756E7
0                         4.465629939412821E-7     2.3957506418144448E-8    -927544.1084808921-374471.17214091984i            1.7072578829644274E7
0                         4.465629939412821E-7     3.9929177363574116E-8    -918241.1734263133-371161.55626017554i            1.6787637794918492E7
0                         4.465629939412821E-7     5.590084830900378E-8     -762391.5697155045-333606.0916090887i             1.6733792805692427E7
0                         4.465629939412821E-7     7.18725192544334E-8      -751123.7948279423-328956.5524292515i             1.6494976846113855E7
0                         4.465629939412821E-7     8.784419019986301E-8     -734950.9809249227-322530.33323165536i            1.6185613616552474E7
0                         4.465629939412821E-7     1.0381586114529268E-7    -713873.128006444-314327.43401629943i             1.5805743690228708E7
0                         4.465629939412821E-7     1.1978753209072235E-7    -642412.0621319404-292684.6239551581i             1.5509852405159479E7
0                         4.465629939412821E-7     1.3575920303615201E-7    -597290.917799421-278819.84180860256i             1.493696910646094E7
0                         4.465629939412821E-7     1.5173087398158168E-7    -562162.5960893356-266313.3896914781i             1.432792824245585E7
0                         4.465629939412821E-7     1.6770254492701124E-7    -520718.40589844994-251498.9791508217i            1.3660075054075578E7
0                         4.465629939412821E-7     1.836742158724409E-7     -472958.34722675197-234376.61018662946i           1.2933787249176707E7
0                         4.465629939412821E-7     1.9964588681787058E-7    -393526.5082269828-210636.7600190586i             1.2284103658953412E7
0                         4.465629939412821E-7     2.1561755776330025E-7    -515323.7111934186-230850.5120044278i             1.1534584232424272E7
0                         4.465629939412821E-7     2.3158922870872991E-7    -595399.7171770846-240170.11638017223i            1.0714857681576718E7
0                         4.465629939412821E-7     2.475608996541595E-7     -490893.78343330836-208302.9159269993i            9746080.26915102
0                         4.465629939412821E-7     2.6353257059958914E-7    -383789.9896810027-175280.1684891223i             8739059.739561232
0                         4.465629939412821E-7     2.795042415450188E-7     -211650.7547255291-127513.25701745675i            7947627.498897358
0                         4.465629939412821E-7     2.954759124904485E-7     -288068.2905315575-133927.67179071327i            6832084.434834454
0                         4.465629939412821E-7     3.1144758343587815E-7    -105065.7195747681-82856.81901483657i             5900460.705180243
0                         4.465629939412821E-7     3.274192543813078E-7     -55624.3441373657-61408.903682459466i             4784618.03511648
0                         4.465629939412821E-7     3.433909253267374E-7     -4924.930028850678-39649.21241813064i             3679550.092138999
0                         4.465629939412821E-7     3.5936259627216704E-7    5165.541940023308-26083.301187124373i             2656669.675743057
0                         4.465629939412821E-7     3.753342672175967E-7     2573.590763083528-15203.125369935919i             1749223.189671915
0                         4.465629939412821E-7     3.913059381630264E-7     -2507.012569862941-5054.851524484498i             1187932.835454712
0                         4.6196171787029186E-7    -3.913059381630264E-7    613.2924158252956+5934.517894274716i              1087625.2101479738
0                         4.6196171787029186E-7    -3.753342672175967E-7    8713.951567689437-2983.0715981854955i             1595159.288327588
0                         4.6196171787029186E-7    -3.593625962721671E-7    -88447.21606243867-35598.511188174336i            2622921.276478804
0                         4.6196171787029186E-7    -3.4339092532673743E-7   -113712.88698566868-51677.063196150586i           3709362.2145720455
0                         4.6196171787029186E-7    -3.2741925438130776E-7   -137971.41987226653-67612.0495286055i             4836370.599904592
0                         4.6196171787029186E-7    -3.1144758343587815E-7   -161222.81472223168-83403.47018553878i            5974686.283541612
0                         4.6196171787029186E-7    -2.954759124904485E-7    -183467.0715355644-99051.32516695111i             7113583.7583062565
0                         4.6196171787029186E-7    -2.7950424154501886E-7   -248401.47417964146-122328.2544662508i            7957761.119432609
0                         4.6196171787029186E-7    -2.635325705995892E-7    -251064.70836261404-131276.489309443i             8837266.61088047
0                         4.6196171787029186E-7    -2.4756089965415953E-7   -302774.0748621824-151034.07772831546i            9772712.305837538
0                         4.6196171787029186E-7    -2.3158922870872991E-7   -406632.59188445576-182613.6864178473i            1.0744371912598368E7
0                         4.6196171787029186E-7    -2.1561755776330025E-7   -508281.4929564502-213473.5703575202i             1.1668012156809675E7
0                         4.6196171787029186E-7    -1.996458868178706E-7    -607720.7780781621-243613.72954733353i            1.2542963612604452E7
0                         4.6196171787029186E-7    -1.8367421587244096E-7   -704950.4472495976-273034.1639872885i             1.336877948276714E7
0                         4.6196171787029186E-7    -1.677025449270113E-7    -763229.9828725774-295498.9652258007i             1.4072068881916955E7
0                         4.6196171787029186E-7    -1.5173087398158168E-7   -775269.478974084-305911.71345626237i             1.5642921642059008E7
0                         4.6196171787029186E-7    -1.3575920303615201E-7   -166112.6965388162-159644.26868989924i            1.6380332454735726E7
0                         4.6196171787029186E-7    -1.1978753209072235E-7   -1113188.700262829-389358.0596300928i             1.571447964898159E7
0                         4.6196171787029186E-7    -1.0381586114529273E-7   -1044687.871268413-378454.28552908974i            1.6212447985974459E7
0                         4.6196171787029186E-7    -8.784419019986307E-8    -971994.0656287987-365881.8522007656i             1.6643524866144557E7
0                         4.6196171787029186E-7    -7.187251925443345E-8    -895107.2833439875-351640.75964512164i            1.7007564979708903E7
0                         4.6196171787029186E-7    -5.590084830900378E-8    -814027.5244139861-335731.00786215765i            1.7304465499957822E7
0                         4.6196171787029186E-7    -3.9929177363574116E-8   -811358.8490729376-337415.8103522496i             1.749611528984023E7
0                         4.6196171787029186E-7    -2.39575064181445E-8     -837289.8573994169-345464.5157207025i             1.759007122410784E7
0                         4.6196171787029186E-7    -7.985835472714834E-9    -715052.2428060821-316525.4275368909i             1.7759573537021905E7
0                         4.6196171787029186E-7    7.985835472714834E-9     -796469.7262781896-335234.27099137846i            1.7732529246170223E7
0                         4.6196171787029186E-7    2.3957506418144448E-8    -873382.6646977984-352410.65561789233i            1.76336496950889E7
0                         4.6196171787029186E-7    3.9929177363574116E-8    -1071538.3426203728-401962.08002238534i           1.7434840241625432E7
0                         4.6196171787029186E-7    5.590084830900378E-8     -904505.859469248-361871.3004456647i              1.740179065572299E7
0                         4.6196171787029186E-7    7.18725192544334E-8      -894311.3870714908-357573.87514980894i            1.7164774040418465E7
0                         4.6196171787029186E-7    8.784419019986301E-8     -879211.8756582732-351499.7698361937i             1.6857163423519075E7
0                         4.6196171787029186E-7    1.0381586114529268E-7    -859207.3252295959-343648.98450481886i            1.6478991762093771E7
0                         4.6196171787029186E-7    1.1978753209072235E-7    -884546.4537268301-345719.34292102186i            1.6014104356465561E7
0                         4.6196171787029186E-7    1.3575920303615201E-7    -771208.7746547365-313550.6671783146i             1.537967557566924E7
0                         4.6196171787029186E-7    1.5173087398158168E-7    -740938.7816368607-302596.8192808869i             1.4773325911743337E7
0                         4.6196171787029186E-7    1.6770254492701124E-7    -704352.9201381765-289335.0129599245i             1.410793987540915E7
0                         4.6196171787029186E-7    1.836742158724409E-7     -661451.1901586857-273765.24821542855i            1.3383830410409028E7
0                         4.6196171787029186E-7    1.9964588681787058E-7    -702569.2963501997-275329.2601204044i             1.256490959315287E7
0                         4.6196171787029186E-7    2.1561755776330025E-7    -634091.5709027423-253589.54658051976i            1.189013262489622E7
0                         4.6196171787029186E-7    2.3158922870872991E-7    -487310.70641376195-211564.86941276444i           1.0952639960087888E7
0                         4.6196171787029186E-7    2.475608996541595E-7     -387398.98805710766-181238.42003601417i           9993572.032852547
0                         4.6196171787029186E-7    2.6353257059958914E-7    -284889.4096919233-149756.42367456038i            8995957.19127655
0                         4.6196171787029186E-7    2.795042415450188E-7     -222301.19836443872-127186.37380116514i           8087207.456743247
0                         4.6196171787029186E-7    2.954759124904485E-7     -304817.67121148435-135668.84210313752i           6970829.718649542
0                         4.6196171787029186E-7    3.1144758343587815E-7    -383817.201754638-143003.56661329092i             5843906.1034196075
0                         4.6196171787029186E-7    3.274192543813078E-7     -209797.39476101915-93649.31957798067i            4860041.658328521
0                         4.6196171787029186E-7    3.433909253267374E-7     -161291.59862991504-72710.52546555639i            3756563.5124013457
0                         4.6196171787029186E-7    3.5936259627216704E-7    -111527.76382769586-51459.955421179155i           2685482.002256156
0                         4.6196171787029186E-7    3.753342672175967E-7     8903.714369087698-14489.218087913374i             1648640.1834673781
0                         4.6196171787029186E-7    3.913059381630264E-7     -613.2924158742613-5934.517894294698i             1066221.7446714723
0                         4.773604417993015E-7     -3.913059381630264E-7    -1280.4277381634843+6814.184264083159i            977366.6956023528
0                         4.773604417993015E-7     -3.753342672175967E-7    -166411.0510658091-40186.87693506386i             1692252.3319880024
0                         4.773604417993015E-7     -3.593625962721671E-7    -190132.81109297846-55465.12060808571i            2672999.998807254
0                         4.773604417993015E-7     -3.4339092532673743E-7   -212847.4330835156-70599.79860558608i             3768047.785971524
0                         4.773604417993015E-7     -3.2741925438130776E-7   -234554.91703742044-85590.91092756524i            4893603.209425795
0                         4.773604417993015E-7     -3.1144758343587815E-7   -255255.2629546928-100438.45757402299i            6026358.708592427
0                         4.773604417993015E-7     -2.954759124904485E-7    -268049.5832709199-114252.2366166253i             7140980.841082144
0                         4.773604417993015E-7     -2.7950424154501886E-7   -209781.76176949195-109345.31031165246i           8227222.266588842
0                         4.773604417993015E-7     -2.635325705995892E-7    -196577.15251861647-113860.3917140066i            9084848.137901772
0                         4.773604417993015E-7     -2.4756089965415953E-7   -303203.92480351054-146221.30267423892i           1.0095727395606298E7
0                         4.773604417993015E-7     -2.3158922870872991E-7   -407621.08113812486-177862.4888846117i            1.1059372750133561E7
0                         4.773604417993015E-7     -2.1561755776330025E-7   -509828.6215224615-208783.95034512633i            1.197484189225517E7
0                         4.773604417993015E-7     -1.996458868178706E-7    -609826.5459565157-238985.68705578137i            1.2841524107494678E7
0                         4.773604417993015E-7     -1.8367421587244096E-7   -707614.8544402925-268467.69901657745i            1.3659007551519593E7
0                         4.773604417993015E-7     -1.677025449270113E-7    -803193.5469737904-297229.98622751544i            1.4427005558610588E7
0                         4.773604417993015E-7     -1.5173087398158168E-7   -876509.8307222846-322403.2484740351i             1.6373270402100457E7
0                         4.773604417993015E-7     -1.3575920303615201E-7   -2331247.518730985-679902.150554839i              1.5957453353801908E7
0                         4.773604417993015E-7     -1.1978753209072235E-7   -1283085.9637601757-423967.6601394448i            1.6328831826131899E7
0                         4.773604417993015E-7     -1.0381586114529273E-7   -1212732.1425333335-412429.3045607435i            1.682638210817134E7
0                         4.773604417993015E-7     -8.784419019986307E-8    -1138185.3446612945-399222.28975472203i           1.725697717507223E7
0                         4.773604417993015E-7     -7.187251925443345E-8    -1059445.5701440666-384346.61572138104i           1.7620482251797903E7
0                         4.773604417993015E-7     -5.590084830900378E-8    -976512.8189816345-367802.2824607175i             1.791680144897796E7
0                         4.773604417993015E-7     -3.9929177363574116E-8   -951947.4033475681-364314.35748879466i            1.81092458796214E7
0                         4.773604417993015E-7     -2.39575064181445E-8     -977396.3490503356-372179.95336445235i            1.8201114047240898E7
0                         4.773604417993015E-7     -7.985835472714834E-9    -998049.1745121726-378352.46228759433i            1.8225440442628883E7
0                         4.773604417993015E-7     7.985835472714834E-9     -782930.5419933734-326204.49827803165i            1.84006567277517E7
0                         4.773604417993015E-7     2.3957506418144448E-8    -858367.5198329138-342949.12187152007i            1.829974459024151E7
0                         4.773604417993015E-7     3.9929177363574116E-8    -1224835.5118144192-432762.6037845935i            1.809966728692865E7
0                         4.773604417993015E-7     5.590084830900378E-8     -1046620.1492230007-390136.5092822423i            1.808615423541729E7
0                         4.773604417993015E-7     7.18725192544334E-8      -1037498.9793150402-386191.19787036604i           1.7850980890176907E7
0                         4.773604417993015E-7     8.784419019986301E-8     -1023472.7703916236-380469.2064407319i            1.754517629032598E7
0                         4.773604417993015E-7     1.0381586114529268E-7    -907398.1355029953-348414.24076079234i            1.688298233153047E7
0                         4.773604417993015E-7     1.1978753209072235E-7    -848731.7740528409-331751.3925624128i             1.635500333955787E7
0                         4.773604417993015E-7     1.3575920303615201E-7    -909272.0427514741-343131.3453501404i             1.580687833919462E7
0                         4.773604417993015E-7     1.5173087398158168E-7    -851726.0269532069-325802.0887512312i             1.5194422245462414E7
0                         4.773604417993015E-7     1.6770254492701124E-7    -887987.4343779003-327171.04676902713i            1.4573174609033806E7
0                         4.773604417993015E-7     1.836742158724409E-7     -849944.0330906138-313153.8862442251i             1.3851666155503353E7
0                         4.773604417993015E-7     1.9964588681787058E-7    -895263.5014161873-316255.32568644476i            1.298956544870936E7
0                         4.773604417993015E-7     2.1561755776330025E-7    -333627.69969620724-179845.33271080296i           1.212450334982509E7
0                         4.773604417993015E-7     2.3158922870872991E-7    -379221.69565043924-182959.62244535633i           1.1203059245037612E7
0                         4.773604417993015E-7     2.475608996541595E-7     -283904.1926809037-154173.92414502916i            1.0253882814237924E7
0                         4.773604417993015E-7     2.6353257059958914E-7    -185988.8297028467-124232.67885999894i            9265923.545453418
0                         4.773604417993015E-7     2.795042415450188E-7     -232951.6420033481-126859.49058487447i            8245628.27313714
0                         4.773604417993015E-7     2.954759124904485E-7     -321567.0518914163-137410.0124155631i             7130444.940418748
0                         4.773604417993015E-7     3.1144758343587815E-7    -406665.5194755881-146812.79045443237i            6001130.169097892
0                         4.773604417993015E-7     3.274192543813078E-7     -363970.4453846733-125889.73547350173i            4950818.768213648
0                         4.773604417993015E-7     3.433909253267374E-7     -317658.267230978-105771.83851298166i             3851860.301169587
0                         4.773604417993015E-7     3.5936259627216704E-7    -270088.05040616903-85342.16562050895i            2776690.552781695
0                         4.773604417993015E-7     3.753342672175967E-7     -221259.7949102471-64600.716796084125i            1797195.884370809
0                         4.773604417993015E-7     3.913059381630264E-7     1280.427738114416-6814.184264104895i              953801.6993362842
0                         4.927591657283113E-7     -3.913059381630264E-7    -4102.930678634433+8326.499950696429i             1222893.3320301876
0                         4.927591657283113E-7     -3.753342672175967E-7    -128589.02614033001-27075.567470373542i           1706880.2965474813
0                         4.927591657283113E-7     -3.593625962721671E-7    -291818.40612351906-75331.73002799737i            2743414.9993033144
0                         4.927591657283113E-7     -3.4339092532673743E-7   -311981.97918136313-89522.53401502206i            3842852.3066235827
0                         4.927591657283113E-7     -3.2741925438130776E-7   -331138.41420257464-103569.77232652534i           4964824.830217
0                         4.927591657283113E-7     -3.1144758343587815E-7   -349287.71118715295-117473.44496250703i           6090775.780430746
0                         4.927591657283113E-7     -2.954759124904485E-7    -269737.4027169951-110515.0847339582i             7321417.888806963
0                         4.927591657283113E-7     -2.7950424154501886E-7   -171162.04935934243-96362.36615705388i            8512890.41634663
0                         4.927591657283113E-7     -2.635325705995892E-7    -196448.36314760163-108986.03913908807i           9428022.844733238
0                         4.927591657283113E-7     -2.4756089965415953E-7   -303633.7747448412-141408.52762016252i            1.0431124610046636E7
0                         4.927591657283113E-7     -2.3158922870872991E-7   -408609.57039179467-173111.2913513766i            1.1386750997274797E7
0                         4.927591657283113E-7     -2.1561755776330025E-7   -493583.638838839-199623.06134621447i             1.229286740167233E7
0                         4.927591657283113E-7     -1.996458868178706E-7    -547697.6831826485-219142.06438857302i            1.315331972932277E7
0                         4.927591657283113E-7     -1.8367421587244096E-7   -599366.9753011491-237765.47704165723i            1.3968147563127061E7
0                         4.927591657283113E-7     -1.677025449270113E-7    -648591.5151943365-255493.29930546627i            1.4737075480604772E7
0                         4.927591657283113E-7     -1.5173087398158168E-7   -695386.6085147893-272586.2023305999i             1.5452293056965442E7
0                         4.927591657283113E-7     -1.3575920303615201E-7   -724277.3380641844-285161.26264129794i            1.6146522337500991E7
0                         4.927591657283113E-7     -1.1978753209072235E-7   -730721.592605148-289647.31908173085i             1.6742536776463931E7
0                         4.927591657283113E-7     -1.0381586114529273E-7   -949237.0058958046-348854.35133452225i            1.7248367353803255E7
0                         4.927591657283113E-7     -8.784419019986307E-8    -1002190.9987716023-363795.5216068453i            1.7716016038935926E7
0                         4.927591657283113E-7     -7.187251925443345E-8    -1052323.7957735984-377801.06741828215i           1.811633366840886E7
0                         4.927591657283113E-7     -5.590084830900378E-8    -1099635.3969018087-390870.9887688339i            1.8449271654580154E7
0                         4.927591657283113E-7     -3.9929177363574116E-8   -1148857.3020530827-404894.83796692034i           1.8707073828422796E7
0                         4.927591657283113E-7     -2.39575064181445E-8     -1117502.8407012583-398895.3910082035i            1.8827606669759143E7
0                         4.927591657283113E-7     -7.985835472714834E-9    -1137673.6035393951-404884.790438551i             1.8849765973404717E7
0                         4.927591657283113E-7     7.985835472714834E-9     -1153048.2461365731-409181.10291637783i           1.880431820019248E7
0                         4.927591657283113E-7     2.3957506418144448E-8    -843352.3749680257-333487.58812514733i            1.8984141205011908E7
0                         4.927591657283113E-7     3.9929177363574116E-8    -854137.0839425827-336490.00267031504i            1.841859698140356E7
0                         4.927591657283113E-7     5.590084830900378E-8     -1188734.438976746-418401.71811881824i            1.8786769404515322E7
0                         4.927591657283113E-7     7.18725192544334E-8      -1180686.5715585882-414808.5205909236i            1.855347592247241E7
0                         4.927591657283113E-7     8.784419019986301E-8     -956173.9103486296-354364.79159856006i            1.7625793161242034E7
0                         4.927591657283113E-7     1.0381586114529268E-7    -870642.958785283-334103.2783013613i              1.7231301250883754E7
0                         4.927591657283113E-7     1.1978753209072235E-7    -812917.0943788516-317783.44220380345i            1.6705702224357624E7
0                         4.927591657283113E-7     1.3575920303615201E-7    -751504.9083434765-300215.04973104683i            1.6120040957271162E7
0                         4.927591657283113E-7     1.5173087398158168E-7    -791109.8195954987-305983.34185237245i            1.5527099793877374E7
0                         4.927591657283113E-7     1.6770254492701124E-7    -731380.1259887158-287909.9557001135i             1.4859209702304866E7
0                         4.927591657283113E-7     1.836742158724409E-7     -565174.9398481746-246635.28817051073i            1.417644091978744E7
0                         4.927591657283113E-7     1.9964588681787058E-7    -475891.9421396018-218370.45326210896i            1.3184819976418428E7
0                         4.927591657283113E-7     2.1561755776330025E-7    -450346.9104487184-204158.21196087386i            1.2243044541150222E7
0                         4.927591657283113E-7     2.3158922870872991E-7    -363472.3426862932-178012.11256960838i            1.1401435254008057E7
0                         4.927591657283113E-7     2.475608996541595E-7     -312318.0485027442-159777.43864800967i            1.0470913994714383E7
0                         4.927591657283113E-7     2.6353257059958914E-7    -271275.2615863277-142646.87449620743i            9490976.242543627
0                         4.927591657283113E-7     2.795042415450188E-7     -291908.8606564731-136441.70835821328i            8414699.444151841
0                         4.927591657283113E-7     2.954759124904485E-7     -338316.4325713469-139151.18272798823i            7309424.963570596
0                         4.927591657283113E-7     3.1144758343587815E-7    -429513.83719654195-150622.01429557463i           6180320.707036719
0                         4.927591657283113E-7     3.274192543813078E-7     -517194.2995178355-160945.10207133985i            5041693.716081642
0                         4.927591657283113E-7     3.433909253267374E-7     -474024.93583204085-138833.15156040702i           3964544.268347388
0                         4.927591657283113E-7     3.5936259627216704E-7    -428648.33698464255-119224.37581983907i           2890358.231469834
0                         4.927591657283113E-7     3.753342672175967E-7     -161687.01112214033-50537.07710925728i            1846167.922308498
0                         4.927591657283113E-7     3.913059381630264E-7     4102.930678605749-8326.499950705096i              1306639.5104194528
0                         5.081578896573211E-7     -3.913059381630264E-7    -1868.4931023256406+9675.730674159815i            1248367.9017873013
0                         5.081578896573211E-7     -3.753342672175967E-7    -128128.91903517715-26146.352483556067i           1718045.1522307578
0                         5.081578896573211E-7     -3.593625962721671E-7    -254387.2536246659-62031.137125023844i            2737044.678237878
0                         5.081578896573211E-7     -3.4339092532673743E-7   -380643.49687079294-97978.6232502436i             3884576.9356625127
0                         5.081578896573211E-7     -3.2741925438130776E-7   -506897.6487735575-133988.81085921533i            5065608.459955266
0                         5.081578896573211E-7     -3.1144758343587815E-7   -373451.37882610597-120891.9760609454i            6330463.863195362
0                         5.081578896573211E-7     -2.954759124904485E-7    -626857.9012973446-172802.43405721732i            7430896.220877116
0                         5.081578896573211E-7     -2.7950424154501886E-7   -369752.68439467135-133840.01667937345i           8539687.693033142
0                         5.081578896573211E-7     -2.635325705995892E-7    -337027.0433798181-137318.19045629387i            9697265.039973345
0                         5.081578896573211E-7     -2.4756089965415953E-7   -397926.0738857365-159270.77373633563i            1.0692513637746764E7
0                         5.081578896573211E-7     -2.3158922870872991E-7   -456380.3521663449-180327.7666271028i             1.1643641871960837E7
0                         5.081578896573211E-7     -2.1561755776330025E-7   -512389.8782216415-200489.16912859515i            1.254989297171885E7
0                         5.081578896573211E-7     -1.996458868178706E-7    -565954.6520516262-219754.9812408124i             1.3410762199271834E7
0                         5.081578896573211E-7     -1.8367421587244096E-7   -617074.6736562982-238125.20296375465i            1.4225900605037058E7
0                         5.081578896573211E-7     -1.677025449270113E-7    -665749.9430356595-255599.83429742235i            1.499505972528185E7
0                         5.081578896573211E-7     -1.5173087398158168E-7   -704257.5193372768-271151.50722382707i            1.573193570285408E7
0                         5.081578896573211E-7     -1.3575920303615201E-7   -729165.5541182451-279112.5601521506i             1.6419185959854169E7
0                         5.081578896573211E-7     -1.1978753209072235E-7   -745869.003350105-286954.5847273384i              1.7041806813191246E7
0                         5.081578896573211E-7     -1.0381586114529273E-7   -759427.7343398132-293784.09086174844i            1.759924954360904E7
0                         5.081578896573211E-7     -8.784419019986307E-8    -769841.7470873646-299601.0785553807i             1.809141137023252E7
0                         5.081578896573211E-7     -7.187251925443345E-8    -891862.0090760896-332751.29947609385i            1.8480827105467826E7
0                         5.081578896573211E-7     -5.590084830900378E-8    -939799.4986324171-345979.67443857004i            1.8813928042544138E7
0                         5.081578896573211E-7     -3.9929177363574116E-8   -984915.7923149453-358272.4249401578i             1.907960368917038E7
0                         5.081578896573211E-7     -2.39575064181445E-8     -1019174.5399177079-370268.30566908617i           1.9246400665653214E7
0                         5.081578896573211E-7     -7.985835472714834E-9    -1014346.7702039503-373823.73987196025i           1.932861222911781E7
0                         5.081578896573211E-7     7.985835472714834E-9     -1004260.7358760014-376110.0805150151i            1.934319531489066E7
0                         5.081578896573211E-7     2.3957506418144448E-8    -1302287.072272624-437950.43760705134i            1.9326438846817218E7
0                         5.081578896573211E-7     3.9929177363574116E-8    -837782.2129772126-326696.54408464313i            1.913482892388474E7
0                         5.081578896573211E-7     5.590084830900378E-8     -710887.2994338032-300766.44265554275i            1.8712487627922457E7
0                         5.081578896573211E-7     7.18725192544334E-8      -533625.4318812741-258309.4948028284i             1.84242374321266E7
0                         5.081578896573211E-7     8.784419019986301E-8     -908326.518860518-338149.3490725544i              1.7987510952949747E7
0                         5.081578896573211E-7     1.0381586114529268E-7    -833887.7820675664-319792.31584192964i            1.7589399491726182E7
0                         5.081578896573211E-7     1.1978753209072235E-7    -777102.4147048634-303815.4918451945i             1.706618326924872E7
0                         5.081578896573211E-7     1.3575920303615201E-7    -716630.725713213-286590.1114732599i              1.6482868834693374E7
0                         5.081578896573211E-7     1.5173087398158168E-7    -730493.6122377925-286164.59495351266i            1.5868361632921783E7
0                         5.081578896573211E-7     1.6770254492701124E-7    -670540.7122213789-268115.0131723534i             1.5203466841005513E7
0                         5.081578896573211E-7     1.836742158724409E-7     -590079.7078065103-247256.82624163496i            1.440505494129327E7
0                         5.081578896573211E-7     1.9964588681787058E-7    -598689.639979053-243586.6639151272i              1.345932356305783E7
0                         5.081578896573211E-7     2.1561755776330025E-7    -516217.4906427572-217999.28721869364i            1.2450973781532194E7
0                         5.081578896573211E-7     2.3158922870872991E-7    -443569.5761708361-193910.13147597836i            1.15791675588228E7
0                         5.081578896573211E-7     2.475608996541595E-7     -393676.4770942135-176148.48037678713i            1.0649800878530942E7
0                         5.081578896573211E-7     2.6353257059958914E-7    -346973.26874102047-158206.51946657654i           9637627.968427556
0                         5.081578896573211E-7     2.795042415450188E-7     -369480.54164738976-152682.81993139233i           8561505.60650584
0                         5.081578896573211E-7     2.954759124904485E-7     -389693.7451559589-146421.85259896237i            7464812.4043133855
0                         5.081578896573211E-7     3.1144758343587815E-7    -407612.87926672725-139423.6174692862i            6349337.579129104
0                         5.081578896573211E-7     3.274192543813078E-7     -423237.94397968845-131688.11454236356i           5218512.530104284
0                         5.081578896573211E-7     3.433909253267374E-7     -503628.9409842284-138104.8027783094i             4016765.9415798276
0                         5.081578896573211E-7     3.5936259627216704E-7    -334532.7496677891-95228.06189863835i             2891718.5206461684
0                         5.081578896573211E-7     3.753342672175967E-7     -166033.6049722804-52418.37119725911i             1889524.457951581
0                         5.081578896573211E-7     3.913059381630264E-7     1868.4931022972848-9675.730674171797i             1370677.847728818
0                         5.235566135863307E-7     -3.913059381630264E-7    365.94447398316936+11024.961397623189i            1270348.581711275
0                         5.235566135863307E-7     -3.753342672175967E-7    -127668.81193002453-25217.13749673871i            1727297.5306784285
0                         5.235566135863307E-7     -3.593625962721671E-7    -255701.47699066962-61521.93787485242i            2733127.8417404545
0                         5.235566135863307E-7     -3.4339092532673743E-7   -87636.19390653982-41044.37040984948i             4007365.9988707267
0                         5.235566135863307E-7     -3.2741925438130776E-7   -126893.90044527384-60467.438925435155i           5238308.261728463
0                         5.235566135863307E-7     -3.1144758343587815E-7   -166821.0724797182-79899.079383548i               6482565.968265387
0                         5.235566135863307E-7     -2.954759124904485E-7    -130742.91140125012-85800.92918821456i            7455735.098952268
0                         5.235566135863307E-7     -2.7950424154501886E-7   -547129.0348022557-170921.85249877302i            8668483.447569586
0                         5.235566135863307E-7     -2.635325705995892E-7    -465575.144183496-162864.10854976973i             9793037.058061874
0                         5.235566135863307E-7     -2.4756089965415953E-7   -417830.8542961939-160643.2633789995i             1.0953783570608716E7
0                         5.235566135863307E-7     -2.3158922870872991E-7   -475735.86206297297-181447.0653396248i            1.1905607432054294E7
0                         5.235566135863307E-7     -2.1561755776330025E-7   -531196.1176044436-201355.2769109757i             1.2812368546434265E7
0                         5.235566135863307E-7     -1.996458868178706E-7    -584211.6209206019-220367.89809305166i            1.367361606845891E7
0                         5.235566135863307E-7     -1.8367421587244096E-7   -634782.3720114471-238484.92888585234i            1.4489036545654878E7
0                         5.235566135863307E-7     -1.677025449270113E-7    -682908.3708769812-255706.36928937837i            1.5258405775434796E7
0                         5.235566135863307E-7     -1.5173087398158168E-7   -713128.4301597624-269716.8121170538i             1.6016765809211703E7
0                         5.235566135863307E-7     -1.3575920303615201E-7   -744183.3828887823-276435.87055061565i            1.6722826037734125E7
0                         5.235566135863307E-7     -1.1978753209072235E-7   -761016.4140950639-284261.85037294595i            1.734518663122449E7
0                         5.235566135863307E-7     -1.0381586114529273E-7   -774704.727059193-291075.31175449863i             1.7902316896569163E7
0                         5.235566135863307E-7     -8.784419019986307E-8    -785248.3217811687-296876.2546952743i             1.8394123635464873E7
0                         5.235566135863307E-7     -7.187251925443345E-8    -792647.1982609928-301664.6791952718i             1.8820536360558722E7
0                         5.235566135863307E-7     -5.590084830900378E-8    -796901.3564986605-305440.58525449154i            1.918150198258795E7
0                         5.235566135863307E-7     -3.9929177363574116E-8   -825705.7824736759-313539.5642218215i             1.9452295105187126E7
0                         5.235566135863307E-7     -2.39575064181445E-8     -889293.7274572607-330866.83483615564i            1.964340675101481E7
0                         5.235566135863307E-7     -7.985835472714834E-9    -884698.4023189247-334471.8582666381i             1.972435130972688E7
0                         5.235566135863307E-7     7.985835472714834E-9     -874844.8125663539-336807.78813729115i            1.973766907908955E7
0                         5.235566135863307E-7     2.3957506418144448E-8    -859732.958199589-337874.62444812554i             1.968336381468229E7
0                         5.235566135863307E-7     3.9929177363574116E-8    -1043889.2203238732-373074.6484264897i            1.930392765782851E7
0                         5.235566135863307E-7     5.590084830900378E-8     -227366.04377458896-176129.58406796423i           1.8996387887169927E7
0                         5.235566135863307E-7     7.18725192544334E-8      -931004.6634524516-337890.6058891246i             1.880224992577609E7
0                         5.235566135863307E-7     8.784419019986301E-8     -849291.154039887-319866.608903213i               1.8417864529444378E7
0                         5.235566135863307E-7     1.0381586114529268E-7    -797132.6053498536-305481.3533824986i             1.795726172352261E7
0                         5.235566135863307E-7     1.1978753209072235E-7    -741287.7350308758-289847.54148658575i            1.7436429525796145E7
0                         5.235566135863307E-7     1.3575920303615201E-7    -681756.5430829506-272965.17321547336i            1.685546651766809E7
0                         5.235566135863307E-7     1.5173087398158168E-7    -618539.0295060766-254834.2485691614i             1.6214502865834245E7
0                         5.235566135863307E-7     1.6770254492701124E-7    -602699.2323723733-250360.49971344892i            1.5531865342203725E7
0                         5.235566135863307E-7     1.836742158724409E-7     -614984.475764849-247878.3643127603i              1.4638694518946392E7
0                         5.235566135863307E-7     1.9964588681787058E-7    -623803.5051533792-244366.39938830427i            1.3692711549002012E7
0                         5.235566135863307E-7     2.1561755776330025E-7    -582088.0708367976-231840.36247651218i            1.266367787934731E7
0                         5.235566135863307E-7     2.3158922870872991E-7    -523666.80965537904-209808.15038234828i           1.176091882633359E7
0                         5.235566135863307E-7     2.475608996541595E-7     -475034.90568568464-192519.52210556553i           1.083287456703275E7
0                         5.235566135863307E-7     2.6353257059958914E-7    -422671.275895711-173766.164436946i               9790637.264100928
0                         5.235566135863307E-7     2.795042415450188E-7     -447052.22263830283-168923.93150457062i           8715147.039174153
0                         5.235566135863307E-7     2.954759124904485E-7     -469139.09998309426-163344.43077494972i           7618578.0225456385
0                         5.235566135863307E-7     3.1144758343587815E-7    -488931.9079300817-157027.6622480827i             6502396.37778281
0                         5.235566135863307E-7     3.274192543813078E-7     -417303.2590433432-129692.1965646623i             5309650.57216587
0                         5.235566135863307E-7     3.433909253267374E-7     -316554.7416393971-100665.86188564285i            4104560.104731817
0                         5.235566135863307E-7     3.5936259627216704E-7    -217083.30810369411-71642.18627123826i            2938024.424006854
0                         5.235566135863307E-7     3.753342672175967E-7     -170380.1988224205-54299.665285260955i            1930771.6356930356
0                         5.235566135863307E-7     3.913059381630264E-7     -365.94447401118185-11024.961397638494i           1430579.5723278173
0                         5.389553375153405E-7     -3.913059381630264E-7    2600.382050291974+12374.192121086571i             1288830.333515551
0                         5.389553375153405E-7     -3.753342672175967E-7    -9646.416430380428-1038.1818926378037i            1742290.787149225
0                         5.389553375153405E-7     -3.593625962721671E-7    -45518.54321503686-19688.59664605098i             2791322.6433638777
0                         5.389553375153405E-7     -3.4339092532673743E-7   -82060.13549540611-38347.58334199144i             3987076.953834076
0                         5.389553375153405E-7     -3.2741925438130776E-7   -119271.19327148912-57015.1419804598i             5222575.722878618
0                         5.389553375153405E-7     -3.1144758343587815E-7   -338595.1857822322-108646.71797803223i            6573770.546403762
0                         5.389553375153405E-7     -2.954759124904485E-7    -398845.5946278499-129964.73192457689i            7860708.928669815
0                         5.389553375153405E-7     -2.7950424154501886E-7   -190089.34548721276-106905.27108092979i           8731072.410504684
0                         5.389553375153405E-7     -2.635325705995892E-7    -641580.955280616-199425.18224225752i             9929776.972152974
0                         5.389553375153405E-7     -2.4756089965415953E-7   -437735.63470664853-162015.75302166305i           1.1220596014792617E7
0                         5.389553375153405E-7     -2.3158922870872991E-7   -495091.3719596048-182566.36405214743i            1.2173048577266492E7
0                         5.389553375153405E-7     -2.1561755776330025E-7   -550002.3569872458-202221.3846933563i             1.3080271731582912E7
0                         5.389553375153405E-7     -1.996458868178706E-7    -602468.5897895775-220980.8149452906i             1.3941862520700784E7
0                         5.389553375153405E-7     -1.8367421587244096E-7   -652490.0703665966-238844.65480794993i            1.4757539252150845E7
0                         5.389553375153405E-7     -1.677025449270113E-7    -700066.7987183053-255812.90428133472i            1.5527099560376838E7
0                         5.389553375153405E-7     -1.5173087398158168E-7   -721999.340982247-268282.1170102806i              1.630674957984543E7
0                         5.389553375153405E-7     -1.3575920303615201E-7   -759201.2116593192-273759.1809490804i             1.7030582968459833E7
0                         5.389553375153405E-7     -1.1978753209072235E-7   -776163.824840022-281569.1160185535i              1.765266782689068E7
0                         5.389553375153405E-7     -1.0381586114529273E-7   -789981.7197785736-288366.53264724894i            1.8209474225108486E7
0                         5.389553375153405E-7     -8.784419019986307E-8    -800654.8964749696-294151.4308351667i             1.8700917766945153E7
0                         5.389553375153405E-7     -7.187251925443345E-8    -808183.3549292134-298923.8105823074i             1.912693462577972E7
0                         5.389553375153405E-7     -5.590084830900378E-8    -812567.0951413047-302683.67188866995i            1.948747680936649E7
0                         5.389553375153405E-7     -3.9929177363574116E-8   -813806.1171112414-305431.014754256i              1.9782508867229495E7
0                         5.389553375153405E-7     -2.39575064181445E-8     -710042.6472973889-280480.7367680413i             2.0031246991690293E7
0                         5.389553375153405E-7     -7.985835472714834E-9    -755050.034433879-295119.97666131007i             2.0128768674970265E7
0                         5.389553375153405E-7     7.985835472714834E-9     -745428.8892567027-297505.49575956585i            2.014081299749966E7
0                         5.389553375153405E-7     2.3957506418144448E-8    -537365.9525170131-243657.41511072614i            2.016068707816083E7
0                         5.389553375153405E-7     3.9929177363574116E-8    -557732.0411225804-248018.50952914968i            2.0019717673396032E7
0                         5.389553375153405E-7     5.590084830900378E-8     -1222917.3734159376-401507.21403974947i           1.9543643424296424E7
0                         5.389553375153405E-7     7.18725192544334E-8      -800895.8107323598-308875.9001308565i             1.9448532428143326E7
0                         5.389553375153405E-7     8.784419019986301E-8     -819476.7508059256-311947.77777895035i            1.9020456550133247E7
0                         5.389553375153405E-7     1.0381586114529268E-7    -669445.4572155713-271897.4112596301i             1.8283132110510264E7
0                         5.389553375153405E-7     1.1978753209072235E-7    -648814.0628482755-263861.84740557766i            1.7755805894060243E7
0                         5.389553375153405E-7     1.3575920303615201E-7    -624642.6042347066-254531.63697467768i            1.7168139040670462E7
0                         5.389553375153405E-7     1.5173087398158168E-7    -596931.0813748669-243906.77996692946i            1.6520238641980221E7
0                         5.389553375153405E-7     1.6770254492701124E-7    -565163.7739129569-233949.13901693258i            1.5767286816107329E7
0                         5.389553375153405E-7     1.836742158724409E-7     -639889.2437231834-248499.90238388453i            1.4877324108101176E7
0                         5.389553375153405E-7     1.9964588681787058E-7    -648917.3703277062-245146.1348614821i             1.3931167719333451E7
0                         5.389553375153405E-7     2.1561755776330025E-7    -654479.2829282747-240762.5378153103i             1.2932317165217001E7
0                         5.389553375153405E-7     2.3158922870872991E-7    -603764.0431399256-225706.16928871896i            1.194662254761317E7
0                         5.389553375153405E-7     2.475608996541595E-7     -556393.334277153-208890.56383434345i             1.1020054142507704E7
0                         5.389553375153405E-7     2.6353257059958914E-7    -498369.2830504027-189325.8094073158i             9949747.256731585
0                         5.389553375153405E-7     2.795042415450188E-7     -524623.9036292199-185165.04307774978i            8875310.128644286
0                         5.389553375153405E-7     2.954759124904485E-7     -548584.4548102319-180267.00895093766i            7779436.522039059
0                         5.389553375153405E-7     3.1144758343587815E-7    -450537.4074676969-144915.2786659404i             6572614.22840969
0                         5.389553375153405E-7     3.274192543813078E-7     -349162.83330455475-116217.41352521739i           5361903.716253189
0                         5.389553375153405E-7     3.433909253267374E-7     -249065.34300965478-87522.20744910903i            4158736.862494033
0                         5.389553375153405E-7     3.5936259627216704E-7    -150244.93658300175-58829.660437615996i           2992458.4439248308
0                         5.389553375153405E-7     3.753342672175967E-7     -52701.614024586044-30139.7724907363i             1962401.3986238285
0                         5.389553375153405E-7     3.913059381630264E-7     -2600.3820503196584-12374.1921211052i             1486333.1061923304
0                         5.543540614443501E-7     -3.913059381630264E-7    24992.356981744473+18033.918354753278i            1240444.9018713953
0                         5.543540614443501E-7     -3.753342672175967E-7    -8163.655544547946+147.58542098503676i            1697521.7543247985
0                         5.543540614443501E-7     -3.593625962721671E-7    -41989.133566553704-17747.31945531041i            2765005.293587567
0                         5.543540614443501E-7     -3.4339092532673743E-7   -76484.07708427287-35650.796274133696i            3969006.71119677
0                         5.543540614443501E-7     -3.2741925438130776E-7   -111648.48609770392-53562.845035484235i           5208524.706191077
0                         5.543540614443501E-7     -3.1144758343587815E-7   -335009.3976440552-105305.58978931187i            6597909.838630335
0                         5.543540614443501E-7     -2.954759124904485E-7    -394288.66321125126-126219.07322896765i           7881991.1692411825
0                         5.543540614443501E-7     -2.7950424154501886E-7   -452637.1415005479-146843.4474104156i             9150531.562410053
0                         5.543540614443501E-7     -2.635325705995892E-7    -242093.05446504243-126012.9630255897i            9980679.797388589
0                         5.543540614443501E-7     -2.4756089965415953E-7   -242218.83657103404-139271.17971823458i           1.1159915924882276E7
0                         5.543540614443501E-7     -2.3158922870872991E-7   -514446.88185623335-183685.66276466945i           1.2445939684642158E7
0                         5.543540614443501E-7     -2.1561755776330025E-7   -568808.5963700506-203087.49247573747i            1.3353581439078024E7
0                         5.543540614443501E-7     -1.996458868178706E-7    -620725.5586585545-221593.73179753i               1.4215483781680271E7
0                         5.543540614443501E-7     -1.8367421587244096E-7   -670197.7687217464-239204.3807300477i             1.50313934439889E7
0                         5.543540614443501E-7     -1.677025449270113E-7    -702134.2992056783-254670.77243516414i            1.5849665970241621E7
0                         5.543540614443501E-7     -1.5173087398158168E-7   -753982.1270325771-262276.08259015204i            1.665543136977864E7
0                         5.543540614443501E-7     -1.3575920303615201E-7   -774219.0404298552-271082.4913475456i             1.734244768286343E7
0                         5.543540614443501E-7     -1.1978753209072235E-7   -791311.2355849799-278876.381664161i              1.7964242267733783E7
0                         5.543540614443501E-7     -1.0381586114529273E-7   -805258.7124979524-285657.75353999913i            1.8520714073026113E7
0                         5.543540614443501E-7     -8.784419019986307E-8    -816061.4711687714-291426.6069750597i             1.9011786786559775E7
0                         5.543540614443501E-7     -7.187251925443345E-8    -823719.5115974341-296182.94196934276i            1.943740272844161E7
0                         5.543540614443501E-7     -5.590084830900378E-8    -828232.8337839469-299926.75852284837i            1.9797518634253718E7
0                         5.543540614443501E-7     -3.9929177363574116E-8   -647286.6383233098-259589.00256852293i            2.018876173511508E7
0                         5.543540614443501E-7     -2.39575064181445E-8     -689138.4750568117-271730.92000833026i            2.0399894235909324E7
0                         5.543540614443501E-7     -7.985835472714834E-9    -714035.620906081-279216.066391387i               2.0451606985954575E7
0                         5.543540614443501E-7     7.985835472714834E-9     -746107.1428506561-287809.838467028i              2.0444674549878422E7
0                         5.543540614443501E-7     2.3957506418144448E-8    -772194.7955644615-294253.908186106i              2.037053541895113E7
0                         5.543540614443501E-7     3.9929177363574116E-8    -851969.2627269935-314131.5689770569i             2.0241313351451557E7
0                         5.543540614443501E-7     5.590084830900378E-8     -825253.1971269147-305299.00195988914i            1.996229866701838E7
0                         5.543540614443501E-7     7.18725192544334E-8      -847299.1400426589-314254.3758266226i             1.9618125259068068E7
0                         5.543540614443501E-7     8.784419019986301E-8     -865772.416802226-317337.60726026754i             1.9189007601056814E7
0                         5.543540614443501E-7     1.0381586114529268E-7    -761251.6616862363-290451.9312353116i             1.8482934609175786E7
0                         5.543540614443501E-7     1.1978753209072235E-7    -741006.9693671698-282631.14409002487i            1.795493612280569E7
0                         5.543540614443501E-7     1.3575920303615201E-7    -717222.2128018327-273515.71036788984i            1.7366552257275265E7
0                         5.543540614443501E-7     1.5173087398158168E-7    -689897.3919902183-263105.63006890705i            1.671788101790297E7
0                         5.543540614443501E-7     1.6770254492701124E-7    -657552.3548871987-252276.79883310408i            1.5945197509911867E7
0                         5.543540614443501E-7     1.836742158724409E-7     -629704.0570444101-239198.57112612505i            1.5108119702022836E7
0                         5.543540614443501E-7     1.9964588681787058E-7    -674031.2355020337-245925.87033466029i            1.4174651636449464E7
0                         5.543540614443501E-7     2.1561755776330025E-7    -679802.2453185942-241700.47069054132i            1.3175556993973577E7
0                         5.543540614443501E-7     2.3158922870872991E-7    -656217.8359743592-231491.34136928432i            1.2143296280971741E7
0                         5.543540614443501E-7     2.475608996541595E-7     -637751.7628686237-225261.60556312144i            1.1211263752469378E7
0                         5.543540614443501E-7     2.6353257059958914E-7    -589479.3503167611-207942.5652347114i             1.0251192994688626E7
0                         5.543540614443501E-7     2.795042415450188E-7     -602195.584620135-201406.15465092848i             9041697.644217657
0                         5.543540614443501E-7     2.954759124904485E-7     -483746.5855421982-159478.76262601058i            7829705.085988978
0                         5.543540614443501E-7     3.1144758343587815E-7    -381745.9546198611-131109.3670235842i             6625304.130694253
0                         5.543540614443501E-7     3.274192543813078E-7     -281022.40756576357-102742.63048577201i           5417212.342995796
0                         5.543540614443501E-7     3.433909253267374E-7     -181575.9443799134-74378.55301257528i             4216325.189842203
0                         5.543540614443501E-7     3.5936259627216704E-7    -83406.56506230216-46017.13460399222i             3050958.4337119763
0                         5.543540614443501E-7     3.753342672175967E-7     13485.73038706067-17658.37526002497i              2015107.7042834884
0                         5.543540614443501E-7     3.913059381630264E-7     -24992.35698169628-18033.918354758112i            1338795.4492849566
0                         5.697527853733599E-7     -3.913059381630264E-7    24428.469104925913+18464.17579125874i             1179017.7327877318
0                         5.697527853733599E-7     -3.753342672175967E-7    -6680.894658715813+1333.3527346080227i            1656934.5647814225
0                         5.697527853733599E-7     -3.593625962721671E-7    -38459.72391807032-15806.042264570046i            2741586.0105468784
0                         5.697527853733599E-7     -3.4339092532673743E-7   -70908.01867313823-32954.009206275805i            3952974.482499406
0                         5.697527853733599E-7     -3.2741925438130776E-7   -272184.699939199-81166.39940961631i              5330670.652564155
0                         5.697527853733599E-7     -3.1144758343587815E-7   -331423.60950587614-101964.46160059127i           6624042.078747958
0                         5.697527853733599E-7     -2.954759124904485E-7    -389731.73179465294-122473.41453335843i           7905169.67047527
0                         5.697527853733599E-7     -2.7950424154501886E-7   -447109.0668055292-142693.25820791748i            9170391.083529608
0                         5.697527853733599E-7     -2.635325705995892E-7    -503555.6145385044-162623.99262426863i            1.041788390044617E7
0                         5.697527853733599E-7     -2.4756089965415953E-7   -559071.3749935797-182265.61778241198i            1.16466414067788E7
0                         5.697527853733599E-7     -2.3158922870872991E-7   -280814.80774278566-154850.2056954368i            1.2350420882221479E7
0                         5.697527853733599E-7     -2.1561755776330025E-7   -587614.8357528518-203953.6002581179i             1.363227784244666E7
0                         5.697527853733599E-7     -1.996458868178706E-7    -638982.5275275301-222206.64864976908i            1.4494463088563839E7
0                         5.697527853733599E-7     -1.8367421587244096E-7   -687905.4670768967-239564.10665214545i            1.531058467168334E7
0                         5.697527853733599E-7     -1.677025449270113E-7    -712336.6586779249-253714.5134411658i             1.6149821841702344E7
0                         5.697527853733599E-7     -1.5173087398158168E-7   -768870.3738286922-259615.43774147404i            1.697164843933698E7
0                         5.697527853733599E-7     -1.3575920303615201E-7   -789236.8692003924-268405.8017460099i             1.7658411433798328E7
0                         5.697527853733599E-7     -1.1978753209072235E-7   -806458.6463299398-276183.6473097689i             1.8279902087933313E7
0                         5.697527853733599E-7     -1.0381586114529273E-7   -820535.7052173326-282948.97443274944i            1.8836029211879283E7
0                         5.697527853733599E-7     -8.784419019986307E-8    -831468.0458625713-288701.78311495273i            1.9326723916709185E7
0                         5.697527853733599E-7     -7.187251925443345E-8    -789774.0517252274-281821.34004796017i            1.9778067983931746E7
0                         5.697527853733599E-7     -5.590084830900378E-8    -839296.7078737486-296995.8580401186i             2.0117284852129396E7
0                         5.697527853733599E-7     -3.9929177363574116E-8   -884584.3869255241-310539.77185092703i            2.0392656531533692E7
0                         5.697527853733599E-7     -2.39575064181445E-8     -925637.0888805448-322453.081480376i              2.0604153261154417E7
0                         5.697527853733599E-7     -7.985835472714834E-9    -949389.0741986334-329946.01357858954i            2.0665270520773936E7
0                         5.697527853733599E-7     7.985835472714834E-9     -981198.2910206653-338473.05859832i               2.065805826193606E7
0                         5.697527853733599E-7     2.3957506418144448E-8    -964113.5913543766-337081.2063756919i             2.057448205405089E7
0                         5.697527853733599E-7     3.9929177363574116E-8    -937565.9266565264-328921.8904281709i             2.0423097882144243E7
0                         5.697527853733599E-7     5.590084830900378E-8     -911228.0074036245-320131.02871776826i            2.0142485856759407E7
0                         5.697527853733599E-7     7.18725192544334E-8      -893702.4693529587-319632.85152238695i            1.9788746249230508E7
0                         5.697527853733599E-7     8.784419019986301E-8     -912068.0827985315-322727.43674158584i            1.9358595676487867E7
0                         5.697527853733599E-7     1.0381586114529268E-7    -927853.48598406-324870.30107717554i              1.886626239703349E7
0                         5.697527853733599E-7     1.1978753209072235E-7    -833199.8758860664-301400.44077447173i            1.815458385618769E7
0                         5.697527853733599E-7     1.3575920303615201E-7    -809801.8213689672-292499.78376110364i            1.7565515051172532E7
0                         5.697527853733599E-7     1.5173087398158168E-7    -773103.1139452998-282129.7692507815i             1.6909507284140907E7
0                         5.697527853733599E-7     1.6770254492701124E-7    -749940.9358614432-270604.4586492763i             1.6123879151749887E7
0                         5.697527853733599E-7     1.836742158724409E-7     -722835.4802557696-257815.3167118664i             1.5287387971250357E7
0                         5.697527853733599E-7     1.9964588681787058E-7    -691786.7471282831-243762.34343855164i            1.4400098534546586E7
0                         5.697527853733599E-7     2.1561755776330025E-7    -705125.207708908-242638.4035657717i              1.3423870970110798E7
0                         5.697527853733599E-7     2.3158922870872991E-7    -671356.6877594729-230363.89583179564i            1.2333248529476073E7
0                         5.697527853733599E-7     2.475608996541595E-7     -596724.6013235496-208427.0240693275i             1.1299328745583879E7
0                         5.697527853733599E-7     2.6353257059958914E-7    -672098.97401516-224786.62978589756i              1.0447848573452855E7
0                         5.697527853733599E-7     2.795042415450188E-7     -516930.79326684686-173382.64844487308i           9075240.768690247
0                         5.697527853733599E-7     2.954759124904485E-7     -414304.1055853128-145341.722380743i              7882357.99522808
0                         5.697527853733599E-7     3.1144758343587815E-7    -312954.5017720213-117303.45538122757i            6680807.810751605
0                         5.697527853733599E-7     3.274192543813078E-7     -212881.98182697105-89267.84744632643i            5475544.570913297
0                         5.697527853733599E-7     3.433909253267374E-7     -114086.54575016978-61234.89857604093i            4277268.451564399
0                         5.697527853733599E-7     3.5936259627216704E-7    -84321.72940181033-56438.25603137171i             3038604.525399383
0                         5.697527853733599E-7     3.753342672175967E-7     -55178.10879197845-37708.80158560307i             1895607.8138074118
0                         5.697527853733599E-7     3.913059381630264E-7     -24428.469104882366-18464.175791262853i           1264615.678569084
0                         5.851515093023697E-7     -3.913059381630264E-7    23864.58122810739+18894.43322776423i              1121796.9471007674
0                         5.851515093023697E-7     -3.753342672175967E-7    -5198.133772884146+2519.1200482309505i            1620365.7887709443
0                         5.851515093023697E-7     -3.593625962721671E-7    -34930.31426958763-13864.765073829738i            2720853.719570419
0                         5.851515093023697E-7     -3.4339092532673743E-7   -210371.50151328323-57547.160785490356i           4065241.1942377537
0                         5.851515093023697E-7     -3.2741925438130776E-7   -269570.05507944094-78229.80172778461i            5361191.738602156
0                         5.851515093023697E-7     -3.1144758343587815E-7   -327837.82136769686-98623.33341187077i            6652133.940726978
0                         5.851515093023697E-7     -2.954759124904485E-7    -385174.80037805374-118727.75583774902i           7930217.723150571
0                         5.851515093023697E-7     -2.7950424154501886E-7   -441580.99211051094-138543.06900541944i           9192061.442279162
0                         5.851515093023697E-7     -2.635325705995892E-7    -497056.39656506444-158069.27291488153i           1.0435976128672792E7
0                         5.851515093023697E-7     -2.4756089965415953E-7   -551601.0137417202-177306.36756613615i            1.1661026181331553E7
0                         5.851515093023697E-7     -2.3158922870872991E-7   -605214.8436404734-196254.35295918275i            1.2866652101268748E7
0                         5.851515093023697E-7     -2.1561755776330025E-7   -312068.0538064046-168432.5817245834i             1.3509380714320883E7
0                         5.851515093023697E-7     -1.996458868178706E-7    -657239.4963965066-222819.56550200825i            1.47787846572406E7
0                         5.851515093023697E-7     -1.8367421587244096E-7   -705613.1654320452-239923.8325742429i             1.5595099293351956E7
0                         5.851515093023697E-7     -1.677025449270113E-7    -760117.8250365354-247167.95520034016i            1.6540271023177221E7
0                         5.851515093023697E-7     -1.5173087398158168E-7   -783758.6206248092-256954.79289279657i            1.729197313216472E7
0                         5.851515093023697E-7     -1.3575920303615201E-7   -804254.6979709284-265729.112144475i              1.7978465788174666E7
0                         5.851515093023697E-7     -1.1978753209072235E-7   -857089.6431937553-278607.9693175242i             1.8582172645483606E7
0                         5.851515093023697E-7     -1.0381586114529273E-7   -918518.0958540551-298445.6920433943i             1.911321193511634E7
0                         5.851515093023697E-7     -8.784419019986307E-8    -975711.5714175813-316652.81058791187i            1.958050066338822E7
0                         5.851515093023697E-7     -7.187251925443345E-8    -1028670.0698843859-333229.3249510722i            1.998397805891593E7
0                         5.851515093023697E-7     -5.590084830900378E-8    -1077393.5912544336-348175.23513287865i           2.0323597977385547E7
0                         5.851515093023697E-7     -3.9929177363574116E-8   -1121882.1355277337-361490.5411333281i            2.0599326039272968E7
0                         5.851515093023697E-7     -2.39575064181445E-8     -1162135.7027042704-373175.24295242183i           2.0811137614789933E7
0                         5.851515093023697E-7     -7.985835472714834E-9    -1184742.527491182-380675.96076579345i            2.0882057223126218E7
0                         5.851515093023697E-7     7.985835472714834E-9     -1069890.055727953-358129.00352288876i            2.0842356442914803E7
0                         5.851515093023697E-7     2.3957506418144448E-8    -1049216.5986927636-351696.8603157095i            2.075697472674757E7
0                         5.851515093023697E-7     3.9929177363574116E-8    -1023162.5905860597-343712.21187928563i           2.0605058218514897E7
0                         5.851515093023697E-7     5.590084830900378E-8     -997202.8176803391-334963.05547564884i            2.0323461436059453E7
0                         5.851515093023697E-7     7.18725192544334E-8      -968977.1303009279-325920.439990573i              1.9964911315737445E7
0                         5.851515093023697E-7     8.784419019986301E-8     -958363.7487948365-328117.2662229042i             1.9529219643614586E7
0                         5.851515093023697E-7     1.0381586114529268E-7    -974041.4886663652-330271.4843440455i             1.903584136496148E7
0                         5.851515093023697E-7     1.1978753209072235E-7    -987139.0182778623-331473.98158158094i            1.84803169485263E7
0                         5.851515093023697E-7     1.3575920303615201E-7    -902381.4299360961-311483.8571543165i             1.7765008548769947E7
0                         5.851515093023697E-7     1.5173087398158168E-7    -864748.8526824322-300168.34329738514i            1.7088254949684624E7
0                         5.851515093023697E-7     1.6770254492701124E-7    -842329.5168356914-288932.11846544896i            1.6303300626214221E7
0                         5.851515093023697E-7     1.836742158724409E-7     -815966.9034671318-276432.0622976079i             1.5467450229235997E7
0                         5.851515093023697E-7     1.9964588681787058E-7    -785661.0125767579-262668.1747938626i             1.4580759806187395E7
0                         5.851515093023697E-7     2.1561755776330025E-7    -751411.8441645723-247640.45595421287i            1.3643306938031018E7
0                         5.851515093023697E-7     2.3158922870872991E-7    -712960.7341979227-248829.43593479024i            1.2556910676436827E7
0                         5.851515093023697E-7     2.475608996541595E-7     -601812.1012308635-220755.51682632102i            1.148029430548522E7
0                         5.851515093023697E-7     2.6353257059958914E-7    -580624.8156867767-196838.10931470743i            1.0369783902926082E7
0                         5.851515093023697E-7     2.795042415450188E-7     -446837.2862009155-158914.47959669464i            9127624.533460094
0                         5.851515093023697E-7     2.954759124904485E-7     -344861.6256284262-131204.68213547528i            7937667.942480971
0                         5.851515093023697E-7     3.1144758343587815E-7    -244163.04892418184-103497.54373887094i           6739105.123141709
0                         5.851515093023697E-7     3.274192543813078E-7     -144741.5560881812-75793.06440688123i             5536867.598509279
0                         5.851515093023697E-7     3.433909253267374E-7     -105390.13733756705-72878.02811329073i            4265980.059923963
0                         5.851515093023697E-7     3.5936259627216704E-7    -79820.97104499815-55398.66783335467i             3007143.2482275707
0                         5.851515093023697E-7     3.753342672175967E-7     -52645.78567516466-37404.13620484687i             1848243.2826672993
0                         5.851515093023697E-7     3.913059381630264E-7     -23864.581228068382-18894.43322776759i            1194495.2731862916
0                         6.005502332313793E-7     -3.913059381630264E-7    23300.69335128891+19324.690664269725i             1068787.2926779778
0                         6.005502332313793E-7     -3.753342672175967E-7    -3715.372887051082+3704.8873618539365i            1587639.0243061907
0                         6.005502332313793E-7     -3.593625962721671E-7    -149569.80236630747-34447.87391693401i            2819292.591476974
0                         6.005502332313793E-7     -3.4339092532673743E-7   -208727.999931945-55015.09361054728i              4099201.1420783787
0                         6.005502332313793E-7     -3.2741925438130776E-7   -266955.4102196824-75293.20404595276i             5393778.440019016
0                         6.005502332313793E-7     -3.1144758343587815E-7   -324252.0332295187-95282.20522315029i             6682153.630118491
0                         6.005502332313793E-7     -2.954759124904485E-7    -380617.8689614564-114982.09714213986i            7957109.903861676
0                         6.005502332313793E-7     -2.7950424154501886E-7   -436052.9174154917-134392.87980292152i            9215521.582961166
0                         6.005502332313793E-7     -2.635325705995892E-7    -490557.178591625-153514.55320549506i             1.0455821444390895E7
0                         6.005502332313793E-7     -2.4756089965415953E-7   -544130.6524898598-172347.11734986035i            1.1677138790110879E7
0                         6.005502332313793E-7     -2.3158922870872991E-7   -596773.3391101914-190890.57223601756i            1.2878951756015886E7
0                         6.005502332313793E-7     -2.1561755776330025E-7   -648485.2384526272-209144.91786396768i            1.4060928738730794E7
0                         6.005502332313793E-7     -1.996458868178706E-7    -335978.5747618936-180018.30780567322i            1.4636000844074395E7
0                         6.005502332313793E-7     -1.8367421587244096E-7   -723320.8637871952-240283.5584963408i             1.5884924449523548E7
0                         6.005502332313793E-7     -1.677025449270113E-7    -774876.4898582299-244523.35510451967i            1.6864926903048836E7
0                         6.005502332313793E-7     -1.5173087398158168E-7   -964419.498634439-286591.735276605i               1.753552079271624E7
0                         6.005502332313793E-7     -1.3575920303615201E-7   -1033518.7707097568-309462.0585548319i            1.8194409251377225E7
0                         6.005502332313793E-7     -1.1978753209072235E-7   -1098383.0656883195-330701.777651703i             1.878965371836514E7
0                         6.005502332313793E-7     -1.0381586114529273E-7   -1159012.383570142-350310.89256722154i            1.932116344108091E7
0                         6.005502332313793E-7     -8.784419019986307E-8    -1215406.7243552208-368289.40330138104i           1.978886915639773E7
0                         6.005502332313793E-7     -7.187251925443345E-8    -1267566.0880435444-384637.3098541852i            2.0192718075460695E7
0                         6.005502332313793E-7     -5.590084830900378E-8    -1315490.4746351093-399354.6122256345i            2.053267036653403E7
0                         6.005502332313793E-7     -3.9929177363574116E-8   -1264315.7449282247-396678.7887517046i            2.0770574546840362E7
0                         6.005502332313793E-7     -2.39575064181445E-8     -1285417.5085231806-402468.2535546849i            2.0978412118636705E7
0                         6.005502332313793E-7     -7.985835472714834E-9    -1169298.655847717-377274.96041864716i            2.1044917642248325E7
0                         6.005502332313793E-7     7.985835472714834E-9     -1154499.406475192-372569.9899518094i             2.1025548387424484E7
0                         6.005502332313793E-7     2.3957506418144448E-8    -1134319.6060311534-366312.5142557288i            2.09396376078298E7
0                         6.005502332313793E-7     3.9929177363574116E-8    -1108759.2545155971-358502.5333304003i            2.0787189376412727E7
0                         6.005502332313793E-7     5.590084830900378E-8     -1083177.6279570526-349795.0822335291i            2.0505217275894117E7
0                         6.005502332313793E-7     7.18725192544334E-8      -1054762.5986199924-340747.82277089497i           2.0147113087963354E7
0                         6.005502332313793E-7     8.784419019986301E-8     -1004659.4147911426-333507.09570422256i           1.9700878426360782E7
0                         6.005502332313793E-7     1.0381586114529268E-7    -1020229.4913486696-335672.667610916i             1.9206465947301935E7
0                         6.005502332313793E-7     1.1978753209072235E-7    -1033219.3576461682-336886.51863400365i           1.864988513946919E7
0                         6.005502332313793E-7     1.3575920303615201E-7    -994961.038503224-330467.930547529i               1.7965014902795948E7
0                         6.005502332313793E-7     1.5173087398158168E-7    -956394.5914195627-318206.91734398855i            1.7267671880698808E7
0                         6.005502332313793E-7     1.6770254492701124E-7    -934718.0978099359-307259.7782816213i             1.6483432557315413E7
0                         6.005502332313793E-7     1.836742158724409E-7     -883433.5520055057-295050.4848820602i             1.5645641074576443E7
0                         6.005502332313793E-7     1.9964588681787058E-7    -783195.0426498665-270409.9805706208i             1.4713962696656318E7
0                         6.005502332313793E-7     2.1561755776330025E-7    -680325.8993756324-244931.55385874904i            1.3733773785956264E7
0                         6.005502332313793E-7     2.3158922870872991E-7    -574826.1221827934-218615.20474644698i            1.2705315318778696E7
0                         6.005502332313793E-7     2.475608996541595E-7     -544603.8364761698-201612.76672745522i            1.1587162092490867E7
0                         6.005502332313793E-7     2.6353257059958914E-7    -519453.4299136426-179039.34088899667i            1.0448767009212947E7
0                         6.005502332313793E-7     2.795042415450188E-7     -400810.2641009013-151686.617754283i              9234914.073000332
0                         6.005502332313793E-7     2.954759124904485E-7     -275419.1456715432-117067.64189020795i            7995621.448966081
0                         6.005502332313793E-7     3.1144758343587815E-7    -141304.34861410083-103046.87797764782i           6812415.921102307
0                         6.005502332313793E-7     3.274192543813078E-7     -120915.65571605973-87332.78321211622i            5527588.214920146
0                         6.005502332313793E-7     3.433909253267374E-7     -98920.94374075416-71103.51709801296i             4243360.601809058
0                         6.005502332313793E-7     3.5936259627216704E-7    -75320.21268818527-54359.07963533746i             2978466.799044648
0                         6.005502332313793E-7     3.753342672175967E-7     -50113.46255835192-37099.47082409085i             1804831.4973795353
0                         6.005502332313793E-7     3.913059381630264E-7     -23300.693351254457-19324.69066427233i            1128443.274105677
0                         6.159489571603891E-7     -3.913059381630264E-7    22736.805474470348+19754.948100775193i            1019994.4382855898
0                         6.159489571603891E-7     -3.753342672175967E-7    -89779.60249827104-11868.5388039471i              1664140.510110367
0                         6.159489571603891E-7     -3.593625962721671E-7    -148897.4440633892-32320.33724887966i             2854214.481572382
0                         6.159489571603891E-7     -3.4339092532673743E-7   -207084.4983506063-52483.02643560432i             4135422.8610093016
0                         6.159489571603891E-7     -3.2741925438130776E-7   -264340.7653599242-72356.60636412102i             5428390.856159016
0                         6.159489571603891E-7     -3.1144758343587815E-7   -320666.24509134085-91941.07703442984i            6714070.944094727
0                         6.159489571603891E-7     -2.954759124904485E-7    -376060.9375448575-111236.4384465306i             7985822.113988246
0                         6.159489571603891E-7     -2.7950424154501886E-7   -430524.84272047225-130242.69060042336i           9240751.578756005
0                         6.159489571603891E-7     -2.635325705995892E-7    -484057.96061818674-148959.83349610807i           1.0477402949459663E7
0                         6.159489571603891E-7     -2.4756089965415953E-7   -536660.2912380002-167387.86713358472i            1.1694964637060545E7
0                         6.159489571603891E-7     -2.3158922870872991E-7   -588331.8345799149-185526.79151285358i            1.2892949062214484E7
0                         6.159489571603891E-7     -2.1561755776330025E-7   -639072.5906439269-203376.60663391443i            1.4071045830770249E7
0                         6.159489571603891E-7     -1.996458868178706E-7    -868229.4726679199-230133.53496096362i            1.5301243875580689E7
0                         6.159489571603891E-7     -1.8367421587244096E-7   -773794.016102992-239642.63585443475i             1.5958330903277393E7
0                         6.159489571603891E-7     -1.677025449270113E-7    -937399.07211012-299342.04348685313i              1.6949445115598157E7
0                         6.159489571603891E-7     -1.5173087398158168E-7   -982971.0030954243-312335.8088631966i             1.766395184068918E7
0                         6.159489571603891E-7     -1.3575920303615201E-7   -1025492.4081477681-324429.8290718387i            1.831542343503362E7
0                         6.159489571603891E-7     -1.1978753209072235E-7   -1064963.2872671662-335624.10411278124i           1.8903757022195376E7
0                         6.159489571603891E-7     -1.0381586114529273E-7   -1101383.6404536031-345918.63398602244i           1.9428874427624304E7
0                         6.159489571603891E-7     -8.784419019986307E-8    -1134753.4677070891-355313.4186915633i            1.989071604295545E7
0                         6.159489571603891E-7     -7.187251925443345E-8    -1165072.7690276243-363808.4582294042i            2.0289236565548543E7
0                         6.159489571603891E-7     -5.590084830900378E-8    -1192341.544415196-371403.7525995432i             2.0624402006521784E7
0                         6.159489571603891E-7     -3.9929177363574116E-8   -1216559.7938698246-378099.3018019829i            2.0896187581763867E7
0                         6.159489571603891E-7     -2.39575064181445E-8     -1237727.5173914921-383895.1058367209i            2.1104576236920826E7
0                         6.159489571603891E-7     -7.985835472714834E-9    -1245963.0644718707-387678.24252596823i           2.123831186169294E7
0                         6.159489571603891E-7     7.985835472714834E-9     -1253255.051563004-392238.1649811204i             2.1223386869404588E7
0                         6.159489571603891E-7     2.3957506418144448E-8    -1219422.613369546-380928.1681957467i             2.112246656415026E7
0                         6.159489571603891E-7     3.9929177363574116E-8    -1194355.9184451255-373292.8547815137i            2.096948676905617E7
0                         6.159489571603891E-7     5.590084830900378E-8     -1169152.4382337586-364627.1089914081i            2.068774553534521E7
0                         6.159489571603891E-7     7.18725192544334E-8      -1140548.0669390443-355575.20555121475i           2.0330084620112374E7
0                         6.159489571603891E-7     8.784419019986301E-8     -1050955.0807874394-338896.9251855395i            1.9873571003510986E7
0                         6.159489571603891E-7     1.0381586114529268E-7    -1066417.4940309806-341073.85087778734i           1.937813474885732E7
0                         6.159489571603891E-7     1.1978753209072235E-7    -1079299.6970144834-342299.05568642716i           1.8820510808403574E7
0                         6.159489571603891E-7     1.3575920303615201E-7    -1116762.3409156138-348278.39301163633i           1.8208536066879142E7
0                         6.159489571603891E-7     1.5173087398158168E-7    -1010979.5941712167-322447.37191456073i           1.7464648318764973E7
0                         6.159489571603891E-7     1.6770254492701124E-7    -916266.6683450276-299644.42598803225i            1.6631858245806266E7
0                         6.159489571603891E-7     1.836742158724409E-7     -818923.1086002486-276003.55766107386i            1.5750290898818258E7
0                         6.159489571603891E-7     1.9964588681787058E-7    -718948.9149368536-251524.76693368307i            1.4820076136685353E7
0                         6.159489571603891E-7     2.1561755776330025E-7    -616344.0873548556-226208.0538058601i             1.3841392966054924E7
0                         6.159489571603891E-7     2.3158922870872991E-7    -511108.6258542482-200053.41827760416i            1.2814494159404479E7
0                         6.159489571603891E-7     2.475608996541595E-7     -577755.5294646109-188626.72713740985i            1.171862720871392E7
0                         6.159489571603891E-7     2.6353257059958914E-7    -581924.909033007-178576.91522317304i             1.0506696262846481E7
0                         6.159489571603891E-7     2.795042415450188E-7     -497413.2459935895-160755.54766075988i            9281597.71804734
0                         6.159489571603891E-7     2.954759124904485E-7     -411321.2004354175-142471.23514658216i            8034121.800732286
0                         6.159489571603891E-7     3.1144758343587815E-7    -372996.95998181915-122506.70336400147i           6901077.224559911
0                         6.159489571603891E-7     3.274192543813078E-7     -305198.62623363663-101636.20819863712i           5592812.207873907
0                         6.159489571603891E-7     3.433909253267374E-7     -92451.75014394172-69329.00608273485i             4222625.619716079
0                         6.159489571603891E-7     3.5936259627216704E-7    -70819.45433137217-53319.49143732054i             2952393.9494240554
0                         6.159489571603891E-7     3.753342672175967E-7     -47581.13944153872-36794.80544333471i             1765219.6339894456
0                         6.159489571603891E-7     3.913059381630264E-7     -22736.805474440494-19754.948100777063i           1066470.648964935
0                         6.313476810893989E-7     -3.913059381630264E-7    23154.226757847497+16577.283030545434i            1037289.4222859475
0                         6.313476810893989E-7     -3.753342672175967E-7    -55756.781834617024-4454.368833038425i            1671562.5893741704
0                         6.313476810893989E-7     -3.593625962721671E-7    -133818.0757130292-25370.34130013331i             2875016.324316095
0                         6.313476810893989E-7     -3.4339092532673743E-7   -211029.65487738897-46170.634370739324i           4162512.2982213004
0                         6.313476810893989E-7     -3.2741925438130776E-7   -287391.5193276971-66855.24804485646i             5460278.095815307
0                         6.313476810893989E-7     -3.1144758343587815E-7   -362903.6690639531-87424.18232248473i             6750603.575623194
0                         6.313476810893989E-7     -2.954759124904485E-7    -437566.1040861566-107877.437203624i              8027296.421142665
0                         6.313476810893989E-7     -2.7950424154501886E-7   -511378.82439430745-128215.01268827432i           9287652.951610163
0                         6.313476810893989E-7     -2.635325705995892E-7    -584341.829988406-148436.90877643568i             1.0530309538929753E7
0                         6.313476810893989E-7     -2.4756089965415953E-7   -656455.1208684522-168543.12546810828i            1.1754505241365967E7
0                         6.313476810893989E-7     -2.3158922870872991E-7   -727718.697034447-188533.66276329188i             1.2959782423175463E7
0                         6.313476810893989E-7     -2.1561755776330025E-7   -798132.558486389-208408.5206619865i              1.4145849515992783E7
0                         6.313476810893989E-7     -1.996458868178706E-7    -927553.3195782929-233407.365840916i              1.524354902740492E7
0                         6.313476810893989E-7     -1.8367421587244096E-7   -794843.0569153709-240643.55830027323i            1.6010525257039972E7
0                         6.313476810893989E-7     -1.677025449270113E-7    -951331.4697516654-270860.6468616844i             1.704305918890334E7
0                         6.313476810893989E-7     -1.5173087398158168E-7   -934753.3325500037-293711.9472911667i             1.7783998406895146E7
0                         6.313476810893989E-7     -1.3575920303615201E-7   -977340.697529071-305812.30673156737i             1.843611650134594E7
0                         6.313476810893989E-7     -1.1978753209072235E-7   -1016877.5365751772-317012.9210042679i            1.902507817057928E7
0                         6.313476810893989E-7     -1.0381586114529273E-7   -1053363.849688338-327313.7901092678i             1.95508078866009E7
0                         6.313476810893989E-7     -8.784419019986307E-8    -1086799.6368685355-336714.91404656647i           2.0013247989882357E7
0                         6.313476810893989E-7     -7.187251925443345E-8    -1117184.898115783-345216.2928161656i             2.041235460160983E7
0                         6.313476810893989E-7     -5.590084830900378E-8    -1144519.6334300786-352817.92641806294i           2.0748094749150034E7
0                         6.313476810893989E-7     -3.9929177363574116E-8   -1168803.842811413-359519.81485225994i            2.1020444337073147E7
0                         6.313476810893989E-7     -2.39575064181445E-8     -1190037.5262597925-365321.95811875607i           2.1229386725895416E7
0                         6.313476810893989E-7     -7.985835472714834E-9    -1197538.3470864445-369146.14901077666i           2.136195383185362E7
0                         6.313476810893989E-7     7.985835472714834E-9     -1204798.2027898324-373684.3048489437i            2.1346716284558833E7
0                         6.313476810893989E-7     2.3957506418144448E-8    -1207676.3768149153-377341.25341554475i           2.126548105494564E7
0                         6.313476810893989E-7     3.9929177363574116E-8    -1206172.869161712-380116.9947105816i             2.111824689216995E7
0                         6.313476810893989E-7     5.590084830900378E-8     -1255127.248510471-379459.13574928814i            2.087103865197303E7
0                         6.313476810893989E-7     7.18725192544334E-8      -1226333.5352581097-370402.5883315374i            2.05138182093707E7
0                         6.313476810893989E-7     8.784419019986301E-8     -1196062.953918213-360448.3112116391i             2.009096157045669E7
0                         6.313476810893989E-7     1.0381586114529268E-7    -1112605.4967132849-346475.03414465784i           1.9550846438371904E7
0                         6.313476810893989E-7     1.1978753209072235E-7    -1125380.03638279-347711.59273885004i             1.89921921666791E7
0                         6.313476810893989E-7     1.3575920303615201E-7    -1037758.4955968313-324880.3274675255i            1.8350269329444516E7
0                         6.313476810893989E-7     1.5173087398158168E-7    -945940.5193814922-303077.0175254782i             1.756773619211891E7
0                         6.313476810893989E-7     1.6770254492701124E-7    -851491.9092475502-280435.7851830004i             1.6736353267294565E7
0                         6.313476810893989E-7     1.836742158724409E-7     -754412.6651949966-256956.630440088i              1.585622224631708E7
0                         6.313476810893989E-7     1.9964588681787058E-7    -654702.7872238383-232639.55329674506i            1.4927480218476329E7
0                         6.313476810893989E-7     2.1561755776330025E-7    -552362.2753340732-207484.55375296995i            1.3950315619352335E7
0                         6.313476810893989E-7     2.3158922870872991E-7    -661980.8481785916-201675.2064138637i             1.289372764668023E7
0                         6.313476810893989E-7     2.475608996541595E-7     -623600.2906968655-185213.4274978433i             1.177591292221692E7
0                         6.313476810893989E-7     2.6353257059958914E-7    -595565.8895270252-177911.66485721729i            1.0544097651056353E7
0                         6.313476810893989E-7     2.795042415450188E-7     -510771.5984961898-160097.3115539492i             9318798.357691722
0                         6.313476810893989E-7     2.954759124904485E-7     -424396.9249465982-141820.01329891605i            8071110.181445254
0                         6.313476810893989E-7     3.1144758343587815E-7    -372217.81222341885-122213.2563843031i            6900358.179195195
0                         6.313476810893989E-7     3.274192543813078E-7     -304618.68291233294-101519.82817866918i           5590530.820608076
0                         6.313476810893989E-7     3.433909253267374E-7     -235912.75971023057-80609.51674047639i            4279560.9838439105
0                         6.313476810893989E-7     3.5936259627216704E-7    -166100.04261711147-59482.32206972459i            2982711.299210109
0                         6.313476810893989E-7     3.753342672175967E-7     -95180.53163297463-38138.24416641366i             1760833.8716977027
0                         6.313476810893989E-7     3.913059381630264E-7     -23154.226757820546-16577.283030543684i           1014003.7174316826
0                         6.467464050184085E-7     -3.913059381630264E-7    23371.101184933235+17169.170849500948i            1029312.8519223749
0                         6.467464050184085E-7     -3.753342672175967E-7    -55513.58298948512-3747.9853492649418i            1670389.500862564
0                         6.467464050184085E-7     -3.593625962721671E-7    -133548.55244985054-24549.462151541797i           2877117.9337297943
0                         6.467464050184085E-7     -3.4339092532673743E-7   -210733.80719616497-45235.25955732995i            4166290.776634494
0                         6.467464050184085E-7     -3.2741925438130776E-7   -287069.3472284266-65805.37756662912i             5465234.490225595
0                         6.467464050184085E-7     -3.1144758343587815E-7   -362555.17254663596-86259.81617943925i            6756530.720801159
0                         6.467464050184085E-7     -2.954759124904485E-7    -437191.2831507926-106598.5753957605i             8034090.364843769
0                         6.467464050184085E-7     -2.7950424154501886E-7   -510977.67904089775-126821.65521559292i           9295254.697953904
0                         6.467464050184085E-7     -2.635325705995892E-7    -583914.36021695-146929.05563893635i              1.0538682653701443E7
0                         6.467464050184085E-7     -2.4756089965415953E-7   -656001.3266789501-166920.77666579094i            1.1763625819068417E7
0                         6.467464050184085E-7     -2.3158922870872991E-7   -727238.5784268992-186796.81829615665i            1.2969634062998189E7
0                         6.467464050184085E-7     -2.1561755776330025E-7   -797626.1154607949-206557.18053003337i            1.4156420584860615E7
0                         6.467464050184085E-7     -1.996458868178706E-7    -745127.1963337212-220363.35500159746i            1.4948194783026183E7
0                         6.467464050184085E-7     -1.8367421587244096E-7   -827717.0843655927-242700.41887247982i            1.600784359583312E7
0                         6.467464050184085E-7     -1.677025449270113E-7    -860542.8357678334-252490.44518099455i            1.6943790366428882E7
0                         6.467464050184085E-7     -1.5173087398158168E-7   -969644.9415356722-276678.2552077747i             1.7862838949453097E7
0                         6.467464050184085E-7     -1.3575920303615201E-7   -944166.3190285843-281181.71543888305i            1.8548560550239094E7
0                         6.467464050184085E-7     -1.1978753209072235E-7   -968791.7858831901-298401.73789575463i            1.914505847151193E7
0                         6.467464050184085E-7     -1.0381586114529273E-7   -1005344.0589230666-308708.94623251236i           1.9671393666294213E7
0                         6.467464050184085E-7     -8.784419019986307E-8    -1038845.8060299847-318116.40940157033i           2.0134427626541205E7
0                         6.467464050184085E-7     -7.187251925443345E-8    -1069297.0272039436-326624.1274029267i            2.0534117688094232E7
0                         6.467464050184085E-7     -5.590084830900378E-8    -1096697.7224449492-334232.1002365817i            2.08704317440757E7
0                         6.467464050184085E-7     -3.9929177363574116E-8   -1121047.891753006-340940.3279025381i             2.114334628496243E7
0                         6.467464050184085E-7     -2.39575064181445E-8     -1142347.5351281045-346748.810400793i             2.1352845023677398E7
0                         6.467464050184085E-7     -7.985835472714834E-9    -1149113.6297010232-350614.0554955858i            2.1484153301521514E7
0                         6.467464050184085E-7     7.985835472714834E-9     -1156341.354016644-355130.44471676525i            2.1468604100284923E7
0                         6.467464050184085E-7     2.3957506418144448E-8    -1159187.3966539865-358765.62666638184i           2.1387067133068684E7
0                         6.467464050184085E-7     3.9929177363574116E-8    -1157651.757613031-361519.60134443344i            2.123954097026217E7
0                         6.467464050184085E-7     5.590084830900378E-8     -1160528.4842056427-363640.6968119603i            2.0969588161118105E7
0                         6.467464050184085E-7     7.18725192544334E-8      -1158590.8290533954-363851.2452858315i            2.0627377108921774E7
0                         6.467464050184085E-7     8.784419019986301E-8     -1281659.0802796143-375271.050014401i             2.0275875683175784E7
0                         6.467464050184085E-7     1.0381586114529268E-7    -1158793.4993955954-351876.21741152834i           1.9724599746453565E7
0                         6.467464050184085E-7     1.1978753209072235E-7    -1090423.1761273535-330714.7450526686i            1.9115855272326283E7
0                         6.467464050184085E-7     1.3575920303615201E-7    -972455.105114873-305348.259494397i               1.8453243569897957E7
0                         6.467464050184085E-7     1.5173087398158168E-7    -880901.4445917704-283706.6631363976i             1.7672094270296406E7
0                         6.467464050184085E-7     1.6770254492701124E-7    -786717.1501500607-261227.14437796676i            1.6842121026466046E7
0                         6.467464050184085E-7     1.836742158724409E-7     -689902.22178974-237909.70321910246i              1.596343146148275E7
0                         6.467464050184085E-7     1.9964588681787058E-7    -777724.5907540359-241461.78037347645i            1.5012616446389046E7
0                         6.467464050184085E-7     2.1561755776330025E-7    -735489.7217756379-224421.2502848371i             1.4012495565671746E7
0                         6.467464050184085E-7     2.3158922870872991E-7    -689472.6619758438-206232.04133349378i            1.2960844077898659E7
0                         6.467464050184085E-7     2.475608996541595E-7     -631395.4716810682-186841.79798421424i            1.1815198304748919E7
0                         6.467464050184085E-7     2.6353257059958914E-7    -546663.2143604336-164410.0618359332i             1.0613915775258068E7
0                         6.467464050184085E-7     2.795042415450188E-7     -524129.95099878917-159439.07544713825i           9355293.766882505
0                         6.467464050184085E-7     2.954759124904485E-7     -437472.64945777884-141168.79145125003i           8107375.447824797
0                         6.467464050184085E-7     3.1144758343587815E-7    -371438.6644650174-121919.80940460463i            6899902.298957553
0                         6.467464050184085E-7     3.274192543813078E-7     -304038.7395910298-101403.44815870146i            5588525.540413082
0                         6.467464050184085E-7     3.433909253267374E-7     -235532.02082602604-80670.20368023947i            4275681.960350319
0                         6.467464050184085E-7     3.5936259627216704E-7    -165918.50817000377-59720.07596921817i            2976245.884313018
0                         6.467464050184085E-7     3.753342672175967E-7     -95198.2016229651-38553.06502563799i              1749904.5792636275
0                         6.467464050184085E-7     3.913059381630264E-7     -23371.101184909225-17169.170849498736i           997777.5104207977
0                         6.621451289474183E-7     -3.913059381630264E-7    23587.975612018974+17761.058668456473i            1021473.0972692382
0                         6.621451289474183E-7     -3.753342672175967E-7    -55270.3841443531-3041.6018654914587i             1669243.9591622138
0                         6.621451289474183E-7     -3.593625962721671E-7    -133279.0291866727-23728.5830029504i              2879190.8175532813
0                         6.621451289474183E-7     -3.4339092532673743E-7   -210437.9595149404-44299.88474392051i             4170024.2071950114
0                         6.621451289474183E-7     -3.2741925438130776E-7   -286747.1751291555-64755.50708840159i             5470142.794388426
0                         6.621451289474183E-7     -3.1144758343587815E-7   -362206.67602931836-85095.4500363938i             6762412.292987805
0                         6.621451289474183E-7     -2.954759124904485E-7    -436816.46221543-105319.71358789726i              8040844.088370002
0                         6.621451289474183E-7     -2.7950424154501886E-7   -510576.53368748864-125428.29774291164i           9302823.243229179
0                         6.621451289474183E-7     -2.635325705995892E-7    -583486.8904454948-145421.20250143716i            1.0547030675796764E7
0                         6.621451289474183E-7     -2.4756089965415953E-7   -655547.5324894493-165298.42786347377i            1.1772730187060405E7
0                         6.621451289474183E-7     -2.3158922870872991E-7   -726758.4598193506-185059.9738290214i             1.2979478965862487E7
0                         6.621451289474183E-7     -2.1561755776330025E-7   -680657.3490567852-198170.44554424702i            1.3906374487922244E7
0                         6.621451289474183E-7     -1.996458868178706E-7    -764848.4646174212-220983.65037686136i            1.499904422813535E7
0                         6.621451289474183E-7     -1.8367421587244096E-7   -847097.085850672-243157.17195518565i             1.6057220437943406E7
0                         6.621451289474183E-7     -1.677025449270113E-7    -881663.0439732933-253430.63130919065i            1.6993061318602413E7
0                         6.621451289474183E-7     -1.5173087398158168E-7   -1008383.9195338599-276666.8461117442i            1.7933120957585745E7
0                         6.621451289474183E-7     -1.3575920303615201E-7   -982917.5297487807-281141.9759529659i             1.861908746017754E7
0                         6.621451289474183E-7     -1.1978753209072235E-7   -952385.7909488156-284319.8789730633i             1.9243433309408937E7
0                         6.621451289474183E-7     -1.0381586114529273E-7   -957324.2681577923-290104.1023557577i             1.9790633383451287E7
0                         6.621451289474183E-7     -8.784419019986307E-8    -990891.97519142-299517.9047565722i               2.0254256651392564E7
0                         6.621451289474183E-7     -7.187251925443345E-8    -1021409.1562921056-308031.9619896874i            2.06545275704913E7
0                         6.621451289474183E-7     -5.590084830900378E-8    -1048875.8114598216-315646.274055101i             2.099141475383422E7
0                         6.621451289474183E-7     -3.9929177363574116E-8   -1073291.9406945982-322360.84095281566i           2.1264895178052906E7
0                         6.621451289474183E-7     -2.39575064181445E-8     -1094657.5439964107-328175.6626828285i            2.147495284769269E7
0                         6.621451289474183E-7     -7.985835472714834E-9    -1100688.9123155978-332081.9619803947i            2.1604911631587822E7
0                         6.621451289474183E-7     7.985835472714834E-9     -1107884.505243476-336576.58458458935i            2.1589051676999763E7
0                         6.621451289474183E-7     2.3957506418144448E-8    -1110698.4164930515-340189.9999172182i            2.1507215496649783E7
0                         6.621451289474183E-7     3.9929177363574116E-8    -1109130.646064349-342922.2079782848i             2.1359401526982542E7
0                         6.621451289474183E-7     5.590084830900378E-8     -1112757.9520612173-345311.6244977398i            2.1086407887158837E7
0                         6.621451289474183E-7     7.18725192544334E-8      -1110744.4098003614-345487.00486156595i           2.0743819203973863E7
0                         6.621451289474183E-7     8.784419019986301E-8     -1106826.5707419575-345022.8104736862i            2.0336789640437596E7
0                         6.621451289474183E-7     1.0381586114529268E-7    -1132538.9970719307-331979.4652040935i            1.9858220411240198E7
0                         6.621451289474183E-7     1.1978753209072235E-7    -1022106.0852739103-311264.6401365285i            1.9224667921305846E7
0                         6.621451289474183E-7     1.3575920303615201E-7    -907151.7146329049-285816.1915212664i             1.8557486148107644E7
0                         6.621451289474183E-7     1.5173087398158168E-7    -815862.3698020405-264336.30874731543i            1.777772034983745E7
0                         6.621451289474183E-7     1.6770254492701124E-7    -876567.1034800746-275749.9693110676i             1.6932115526537664E7
0                         6.621451289474183E-7     1.836742158724409E-7     -842339.7327854242-261232.7143406386i             1.6033046455309296E7
0                         6.621451289474183E-7     1.9964588681787058E-7    -804330.171269374-245566.78050750378i             1.5082300538493684E7
0                         6.621451289474183E-7     2.1561755776330025E-7    -762538.418931935-228752.16781166615i             1.4079924404534366E7
0                         6.621451289474183E-7     2.3158922870872991E-7    -722606.5162782512-210043.11246397946i            1.3020396779646333E7
0                         6.621451289474183E-7     2.475608996541595E-7     -639190.6526652718-188470.16847058485i            1.1853251751813373E7
0                         6.621451289474183E-7     2.6353257059958914E-7    -554845.1256083689-166259.96184223864i            1.0653999458393926E7
0                         6.621451289474183E-7     2.795042415450188E-7     -537488.3035013899-158780.8393403275i             9391082.816099733
0                         6.621451289474183E-7     2.954759124904485E-7     -450548.3739689613-140517.56960358418i            8142916.499371537
0                         6.621451289474183E-7     3.1144758343587815E-7    -370659.5167066151-121626.36242490605i            6899706.73268673
0                         6.621451289474183E-7     3.274192543813078E-7     -303458.79626972636-101287.06813873361i           5586792.931286051
0                         6.621451289474183E-7     3.433909253267374E-7     -235151.2819418208-80730.89062000244i             4272100.614310071
0                         6.621451289474183E-7     3.5936259627216704E-7    -165736.9737228966-59957.82986871184i             2970128.142012011
0                         6.621451289474183E-7     3.753342672175967E-7     -95215.8716129555-38967.88588486228i              1739418.525676031
0                         6.621451289474183E-7     3.913059381630264E-7     -23587.975611997874-17761.05866845379i            982031.332104925
0                         6.775438528764281E-7     -3.913059381630264E-7    23804.850039104687+18352.946487411973i            1013767.8912671609
0                         6.775438528764281E-7     -3.753342672175967E-7    -55027.18529922119-2335.2183817179684i            1668122.7868891123
0                         6.775438528764281E-7     -3.593625962721671E-7    -133009.50592349458-22907.703854358944i           2881233.207389547
0                         6.775438528764281E-7     -3.4339092532673743E-7   -210142.11183371546-43364.509930511034i           4173711.4762391793
0                         6.775438528764281E-7     -3.2741925438130776E-7   -286425.00302988524-63705.636610174275i           5475002.218642748
0                         6.775438528764281E-7     -3.1144758343587815E-7   -361858.1795120018-83931.08389334848i             6768247.685488622
0                         6.775438528764281E-7     -2.954759124904485E-7    -436441.6412800661-104040.85178003383i            8047557.097865428
0                         6.775438528764281E-7     -2.7950424154501886E-7   -510175.38833407883-124034.94027023025i           9310358.167017052
0                         6.775438528764281E-7     -2.635325705995892E-7    -583059.4206740393-143913.3493639378i             1.0555353233978497E7
0                         6.775438528764281E-7     -2.4756089965415953E-7   -655093.7382999469-163676.0790611563i             1.178181800727139E7
0                         6.775438528764281E-7     -2.3158922870872991E-7   -712999.6156033303-181932.91353990597i            1.300004696193054E7
0                         6.775438528764281E-7     -2.1561755776330025E-7   -700719.884139103-198954.28321206893i             1.3957464195141748E7
0                         6.775438528764281E-7     -1.996458868178706E-7    -784569.7329011201-221603.945752125i              1.5048674540472684E7
0                         6.775438528764281E-7     -1.8367421587244096E-7   -866477.0873357572-243613.9250378907i             1.6105383764311643E7
0                         6.775438528764281E-7     -1.677025449270113E-7    -902783.252178761-254370.81743738626i             1.7041006053424794E7
0                         6.775438528764281E-7     -1.5173087398158168E-7   -945784.2081390031-264371.46902254946i            1.7866719964502867E7
0                         6.775438528764281E-7     -1.3575920303615201E-7   -1021668.7404689826-281102.2364670483i            1.868704919798772E7
0                         6.775438528764281E-7     -1.1978753209072235E-7   -991149.2343910169-284251.8090972593i             1.9311584693763103E7
0                         6.775438528764281E-7     -1.0381586114529273E-7   -955564.379298145-286104.15490634297i             1.9874466400648225E7
0                         6.775438528764281E-7     -8.784419019986307E-8    -914914.1751903854-286659.27389430185i            2.037568719297201E7
0                         6.775438528764281E-7     -7.187251925443345E-8    -973521.2853802713-289439.79657645i               2.0773586276311424E7
0                         6.775438528764281E-7     -5.590084830900378E-8    -1001053.9004747085-297060.4478736225i            2.1111045817590754E7
0                         6.775438528764281E-7     -3.9929177363574116E-8   -1025535.9896361935-303781.3540030938i            2.138509304244399E7
0                         6.775438528764281E-7     -2.39575064181445E-8     -1046967.5528647208-309602.51496486453i           2.1595712187767E7
0                         6.775438528764281E-7     -7.985835472714834E-9    -1052264.1949301604-313549.86846520146i           2.1724230457812313E7
0                         6.775438528764281E-7     7.985835472714834E-9     -1059427.6564702867-318022.7244524105i            2.1708060650640793E7
0                         6.775438528764281E-7     2.3957506418144448E-8    -1062209.4363321234-321614.373168056i             2.162592776211102E7
0                         6.775438528764281E-7     3.9929177363574116E-8    -1060609.534515674-324324.8146121369i             2.1477830138553295E7
0                         6.775438528764281E-7     5.590084830900378E-8     -1054627.9510209328-326154.0487846544i            2.1263768344734762E7
0                         6.775438528764281E-7     7.18725192544334E-8      -1062897.9905473255-327122.76443730056i           2.0858738927916817E7
0                         6.775438528764281E-7     8.784419019986301E-8     -1216973.8752867654-342064.420679595i             2.05185270687351E7
0                         6.775438528764281E-7     1.0381586114529268E-7    -1154854.1092844075-332093.43166497175i           1.9983237725886412E7
0                         6.775438528764281E-7     1.1978753209072235E-7    -1091997.510747889-321680.9934970089i             1.9391133888047103E7
0                         6.775438528764281E-7     1.3575920303615201E-7    -958508.38635671-304539.77322663675i              1.865157831591871E7
0                         6.775438528764281E-7     1.5173087398158168E-7    -932288.5139457965-292545.7933744169i             1.785376838280743E7
0                         6.775438528764281E-7     1.6770254492701124E-7    -902286.4507135004-279403.13465949334i            1.7004215303220853E7
0                         6.775438528764281E-7     1.836742158724409E-7     -868502.1966598034-265111.79708186537i            1.6102940537776465E7
0                         6.775438528764281E-7     1.9964588681787058E-7    -830935.7517847121-249671.7806415325i             1.5149973691637833E7
0                         6.775438528764281E-7     2.1561755776330025E-7    -789587.116088232-233083.08533849567i             1.4145356191274492E7
0                         6.775438528764281E-7     2.3158922870872991E-7    -730014.966998722-211449.9534304156i              1.3055182934694918E7
0                         6.775438528764281E-7     2.475608996541595E-7     -646985.8336494758-190098.53895695566i            1.1890076338061724E7
0                         6.775438528764281E-7     2.6353257059958914E-7    -563027.0368563082-168109.86184854398i            1.0692854524400424E7
0                         6.775438528764281E-7     2.795042415450188E-7     -478138.5766192154-145483.92210517992i            9463982.567017488
0                         6.775438528764281E-7     2.954759124904485E-7     -463624.09848014184-139866.34775591816i           8177732.407838796
0                         6.775438528764281E-7     3.1144758343587815E-7    -374821.15843753866-121147.14732655499i           6908676.3702596985
0                         6.775438528764281E-7     3.274192543813078E-7     -302878.85294842324-101170.68811876589i           5585329.66266849
0                         6.775438528764281E-7     3.433909253267374E-7     -234770.5430576153-80791.57755976531i             4268812.811910393
0                         6.775438528764281E-7     3.5936259627216704E-7    -165555.43927578873-60195.58376820535i            2964352.914695293
0                         6.775438528764281E-7     3.753342672175967E-7     -95233.5416029462-39382.70674408663i              1729370.7660223034
0                         6.775438528764281E-7     3.913059381630264E-7     -23804.850039086567-18352.94648740885i            966764.5159355775
0                         6.929425768054377E-7     -3.913059381630264E-7    24021.724466190433+18944.8343063675i              1006195.0408849922
0                         6.929425768054377E-7     -3.753342672175967E-7    -54783.986454089056-1628.8348979444781i           1667022.9164889029
0                         6.929425768054377E-7     -3.593625962721671E-7    -132739.98266031616-22086.82470576746i            2883243.4080392807
0                         6.929425768054377E-7     -3.4339092532673743E-7   -209846.26415249123-42429.13511710157i            4177351.520235346
0                         6.929425768054377E-7     -3.2741925438130776E-7   -286102.8309306145-62655.766131946875i            5479812.011201573
0                         6.929425768054377E-7     -3.1144758343587815E-7   -361509.6829946842-82766.71775030298i             6774036.322182284
0                         6.929425768054377E-7     -2.954759124904485E-7    -436066.8203447033-102761.98997217047i            8054228.925250978
0                         6.929425768054377E-7     -2.7950424154501886E-7   -509774.2429806695-122641.582797549i              9317859.071284963
0                         6.929425768054377E-7     -2.635325705995892E-7    -582631.9509025835-142405.49622643852i            1.0563649976862116E7
0                         6.929425768054377E-7     -2.4756089965415953E-7   -614779.6097995015-157194.151504695i              1.1833154126095984E7
0                         6.929425768054377E-7     -2.3158922870872991E-7   -635331.3429306435-176612.31737810446i            1.2883208617444212E7
0                         6.929425768054377E-7     -2.1561755776330025E-7   -720782.4192214223-199738.12087989136i            1.4007335792109359E7
0                         6.929425768054377E-7     -1.996458868178706E-7    -804291.0011848258-222224.24112738922i            1.5097090907040324E7
0                         6.929425768054377E-7     -1.8367421587244096E-7   -885857.0888208401-244070.67812059546i            1.61523388530211E7
0                         6.929425768054377E-7     -1.677025449270113E-7    -923903.4603842194-255311.00356558143i            1.7087628226954237E7
0                         6.929425768054377E-7     -1.5173087398158168E-7   -966975.5837375473-265250.9188331033i             1.791303644496163E7
0                         6.929425768054377E-7     -1.3575920303615201E-7   -1008255.5902248705-274466.9938861885i            1.8681690407986477E7
0                         6.929425768054377E-7     -1.1978753209072235E-7   -1029912.6778332237-284183.739221456i             1.937714246690488E7
0                         6.929425768054377E-7     -1.0381586114529273E-7   -994340.0554623716-286007.7546406551i             1.994017209067275E7
0                         6.929425768054377E-7     -8.784419019986307E-8    -953702.0840765983-286534.54323872563i            2.044153062585384E7
0                         6.929425768054377E-7     -7.187251925443345E-8    -907998.7636759477-285764.10501567216i            2.088121792940001E7
0                         6.929425768054377E-7     -5.590084830900378E-8    -953231.9894895791-278474.62169214064i            2.122932724455716E7
0                         6.929425768054377E-7     -3.9929177363574116E-8   -977780.0385777829-285201.8670533709i             2.150394217125809E7
0                         6.929425768054377E-7     -2.39575064181445E-8     -999277.5617330255-291029.3672468998i             2.171512529970356E7
0                         6.929425768054377E-7     -7.985835472714834E-9    -1003839.4775447343-295017.77495000977i           2.1842111684303597E7
0                         6.929425768054377E-7     7.985835472714834E-9     -1010970.8076971052-299468.86432023346i           2.182563292614237E7
0                         6.929425768054377E-7     2.3957506418144448E-8    -1013720.4561711894-303038.7464188917i            2.1743205817403127E7
0                         6.929425768054377E-7     3.9929177363574116E-8    -1012088.4229669864-305727.4212459875i            2.1594828657218397E7
0                         6.929425768054377E-7     5.590084830900378E-8     -1006074.7080844948-307534.88880151935i           2.138050222172465E7
0                         6.929425768054377E-7     7.18725192544334E-8      -1015051.5712942928-308758.52401303593i           2.0972139028157666E7
0                         6.929425768054377E-7     8.784419019986301E-8     -1134007.7400149247-316850.96397333127i           2.0588915583842874E7
0                         6.929425768054377E-7     1.0381586114529268E-7    -984157.9108695835-305493.8783218098i             2.0059470351485386E7
0                         6.929425768054377E-7     1.1978753209072235E-7    -1029669.6244692393-309101.6514972028i            1.9447195638180822E7
0                         6.929425768054377E-7     1.3575920303615201E-7    -1071557.1417263171-311630.684801411i             1.877704209704295E7
0                         6.929425768054377E-7     1.5173087398158168E-7    -957564.744538263-295973.04133004334i             1.7926034537449624E7
0                         6.929425768054377E-7     1.6770254492701124E-7    -928005.7979469197-283056.30000792i               1.707429025455889E7
0                         6.929425768054377E-7     1.836742158724409E-7     -894664.6605341788-268990.87982309214i            1.6170815550863843E7
0                         6.929425768054377E-7     1.9964588681787058E-7    -857541.3323000502-253776.780775561i              1.5215636769222565E7
0                         6.929425768054377E-7     2.1561755776330025E-7    -816635.8132445272-237414.00286532473i            1.4208790924026173E7
0                         6.929425768054377E-7     2.3158922870872991E-7    -737423.4177191937-212856.7943968524i             1.3088746163521964E7
0                         6.929425768054377E-7     2.475608996541595E-7     -654781.0146336815-191726.90944332664i            1.1925675456613805E7
0                         6.929425768054377E-7     2.6353257059958914E-7    -571208.9481042462-169959.76185484926i            1.0730484166916588E7
0                         6.929425768054377E-7     2.795042415450188E-7     -486707.21813088923-147555.35163142i              9503632.84726072
0                         6.929425768054377E-7     2.954759124904485E-7     -476699.8229913232-139215.12590825208i            8211822.412685956
0                         6.929425768054377E-7     3.1144758343587815E-7    -387614.2549573005-120502.93973803373i            6942448.612204172
0                         6.929425768054377E-7     3.274192543813078E-7     -302298.9096271199-101054.3080987981i             5584132.5112265395
0                         6.929425768054377E-7     3.433909253267374E-7     -234389.80417340936-80852.26449952807i            4265814.541794962
0                         6.929425768054377E-7     3.5936259627216704E-7    -165373.9048286815-60433.337667699016i            2958915.167442652
0                         6.929425768054377E-7     3.753342672175967E-7     -95251.21159293692-39797.52760331099i             1719756.389280536
0                         6.929425768054377E-7     3.913059381630264E-7     -24021.724466175256-18944.83430636391i            951976.5077417832
0                         7.083413007344475E-7     -3.913059381630264E-7    24238.598893276165+19536.722125323016i            998752.432906505
0                         7.083413007344475E-7     -3.753342672175967E-7    -54540.787608957035-922.451414170966i             1665941.3910279444
0                         7.083413007344475E-7     -3.593625962721671E-7    -132470.45939713775-21265.945557175946i           2885219.7970578694
0                         7.083413007344475E-7     -3.4339092532673743E-7   -209550.41647126642-41493.76030369211i            4180943.3254441223
0                         7.083413007344475E-7     -3.2741925438130776E-7   -285780.6588313435-61605.89565371943i             5484571.45791669
0                         7.083413007344475E-7     -3.1144758343587815E-7   -361161.18647736753-81602.35160725767i            6779777.657349616
0                         7.083413007344475E-7     -2.954759124904485E-7    -435691.99940933986-101483.12816430716i           8060859.12809335
0                         7.083413007344475E-7     -2.7950424154501886E-7   -509373.0976272591-121248.2253248675i             9325325.580281813
0                         7.083413007344475E-7     -2.635325705995892E-7    -519144.356224369-133187.2887047942i              1.064126475138782E7
0                         7.083413007344475E-7     -2.4756089965415953E-7   -568682.8409920426-153957.75287496726i            1.1776444854929784E7
0                         7.083413007344475E-7     -2.3158922870872991E-7   -655735.1448115853-177559.69733848615i            1.2933312091053104E7
0                         7.083413007344475E-7     -2.1561755776330025E-7   -740844.9543037447-200521.95854771428i            1.405599459865289E7
0                         7.083413007344475E-7     -1.996458868178706E-7    -824012.2694685229-222844.5365026528i             1.514429874072632E7
0                         7.083413007344475E-7     -1.8367421587244096E-7   -905237.0903059216-244527.43120330098i            1.6198091196711963E7
0                         7.083413007344475E-7     -1.677025449270113E-7    -945023.6685896826-256251.18969377712i            1.713293163252844E7
0                         7.083413007344475E-7     -1.5173087398158168E-7   -988166.9593360943-266130.3686436565i             1.7958036841358613E7
0                         7.083413007344475E-7     -1.3575920303615201E-7   -1029518.133216497-275285.70737909945i            1.872635087282513E7
0                         7.083413007344475E-7     -1.1978753209072235E-7   -1068676.1212754343-284115.6693456527i            1.944010955666619E7
0                         7.083413007344475E-7     -1.0381586114529273E-7   -1033115.7316265805-285911.35437496495i           2.000326198933634E7
0                         7.083413007344475E-7     -8.784419019986307E-8    -992489.9929628279-286409.8125831502i             2.050473724600595E7
0                         7.083413007344475E-7     -7.187251925443345E-8    -946798.9052841738-285611.04397020984i            2.0944535670272466E7
0                         7.083413007344475E-7     -5.590084830900378E-8    -896042.4685906221-283515.04853614455i            2.132266245602372E7
0                         7.083413007344475E-7     -3.9929177363574116E-8   -840220.682882173-280121.82628095266i             2.1639127302572627E7
0                         7.083413007344475E-7     -2.39575064181445E-8     -951587.5706013367-272456.2195289364i             2.183319469931946E7
0                         7.083413007344475E-7     -7.985835472714834E-9    -955414.7601593062-276485.68143481854i            2.195855747747559E7
0                         7.083413007344475E-7     7.985835472714834E-9     -962513.9589239247-280915.0041880554i             2.1941770671388775E7
0                         7.083413007344475E-7     2.3957506418144448E-8    -965231.4760102583-284463.1196697287i             2.1859051815871812E7
0                         7.083413007344475E-7     3.9929177363574116E-8    -963567.3114183107-287130.02787983883i            2.1710399204935934E7
0                         7.083413007344475E-7     5.590084830900378E-8     -957521.4651480673-288915.7288183854i             2.1495813896052998E7
0                         7.083413007344475E-7     7.18725192544334E-8      -1112655.536169339-301194.74749358743i            2.1132566895635985E7
0                         7.083413007344475E-7     8.784419019986301E-8     -952445.4979792223-295352.56371523207i            2.0652517384518426E7
0                         7.083413007344475E-7     1.0381586114529268E-7    -1001132.5919750775-299947.84789716033i           2.0098805507925656E7
0                         7.083413007344475E-7     1.1978753209072235E-7    -1046195.4896283685-303464.39220790373i           1.948698513216095E7
0                         7.083413007344475E-7     1.3575920303615201E-7    -1087634.1909391005-305902.1966474665i            1.881720885354395E7
0                         7.083413007344475E-7     1.5173087398158168E-7    -1125448.6959072682-307261.26121584553i           1.8089680018481154E7
0                         7.083413007344475E-7     1.6770254492701124E-7    -953725.1451803362-286709.465356346i              1.7142343033382878E7
0                         7.083413007344475E-7     1.836742158724409E-7     -920827.1244085617-272869.96256431984i            1.6236673590085214E7
0                         7.083413007344475E-7     1.9964588681787058E-7    -884146.9128153883-257881.7809095895i             1.5279291207066959E7
0                         7.083413007344475E-7     2.1561755776330025E-7    -826157.8778175185-234534.72816192845i            1.424971349977452E7
0                         7.083413007344475E-7     2.3158922870872991E-7    -744831.8684396624-214263.63536328851i            1.312109029859971E7
0                         7.083413007344475E-7     2.475608996541595E-7     -662576.1956178856-193355.27992969757i            1.1960052817636132E7
0                         7.083413007344475E-7     2.6353257059958914E-7    -579390.8593521835-171809.66186115443i            1.0766891932067309E7
0                         7.083413007344475E-7     2.795042415450188E-7     -495275.85964255827-149626.78115765957i           9542064.73003959
0                         7.083413007344475E-7     2.954759124904485E-7     -410231.1964890118-126806.6378192132i             8286331.727926726
0                         7.083413007344475E-7     3.1144758343587815E-7    -400407.35147706384-119858.73214951268i           6975475.23160821
0                         7.083413007344475E-7     3.274192543813078E-7     -301718.9663058155-100937.92807883011i            5583198.362537483
0                         7.083413007344475E-7     3.433909253267374E-7     -234009.06528920308-80912.95143929082i            4263101.918279911
0                         7.083413007344475E-7     3.5936259627216704E-7    -165192.3703815745-60671.09156719271i             2953809.995021332
0                         7.083413007344475E-7     3.753342672175967E-7     -95268.88158292757-40212.348462535316i            1710570.531828217
0                         7.083413007344475E-7     3.913059381630264E-7     -24238.59889326395-19536.72212531898i             937666.8777103561
0                         7.237400246634572E-7     -3.913059381630264E-7    24455.473320361885+20128.609944278513i            991438.0397780536
0                         7.237400246634572E-7     -3.753342672175967E-7    -54297.58876382501-216.06793039747572i            1664875.3649117749
0                         7.237400246634572E-7     -3.593625962721671E-7    -132200.9361339598-20445.066408584535i            2887160.82431687
0                         7.237400246634572E-7     -3.4339092532673743E-7   -209254.56879004242-40558.3854902827i             4184485.9275862277
0                         7.237400246634572E-7     -3.2741925438130776E-7   -285458.48673207266-60556.02517549196i            5489279.882048764
0                         7.237400246634572E-7     -3.1144758343587815E-7   -360812.6899600511-80437.98546421231i             6785471.175506077
0                         7.237400246634572E-7     -2.954759124904485E-7    -435317.17847397644-100204.26635644372i           8067447.289476255
0                         7.237400246634572E-7     -2.7950424154501886E-7   -426093.85487793665-109912.32514020457i           9424603.788991377
0                         7.237400246634572E-7     -2.635325705995892E-7    -511338.36232135934-134703.6927566997i            1.0654001454675738E7
0                         7.237400246634572E-7     -2.4756089965415953E-7   -589427.9096715978-155068.67512790655i            1.1826774139117287E7
0                         7.237400246634572E-7     -2.3158922870872991E-7   -676138.9466925224-178507.077298867i              1.2982205895363545E7
0                         7.237400246634572E-7     -2.1561755776330025E-7   -760907.4893860619-201305.79621553674i            1.4103446175541334E7
0                         7.237400246634572E-7     -1.996458868178706E-7    -843733.5377522247-223464.83187791656i            1.5190303681020562E7
0                         7.237400246634572E-7     -1.8367421587244096E-7   -924617.0917910045-244984.18428600687i            1.624264650355623E7
0                         7.237400246634572E-7     -1.677025449270113E-7    -966143.876795141-257191.3758219723i              1.7176920201817915E7
0                         7.237400246634572E-7     -1.5173087398158168E-7   -1009358.3349346372-267009.8184542097i            1.8001725111270513E7
0                         7.237400246634572E-7     -1.3575920303615201E-7   -1050780.6762081326-276104.4208720115i            1.876970347026892E7
0                         7.237400246634572E-7     -1.1978753209072235E-7   -1090410.9006156018-284475.18307537667i           1.9480473844766825E7
0                         7.237400246634572E-7     -1.0381586114529273E-7   -1071891.4077907987-285814.95410927583i           2.0063739971169196E7
0                         7.237400246634572E-7     -8.784419019986307E-8    -1031277.9018490463-286285.0819275732i            2.056531120938869E7
0                         7.237400246634572E-7     -7.187251925443345E-8    -985599.0468924127-285457.9829247496i             2.100520358176813E7
0                         7.237400246634572E-7     -5.590084830900378E-8    -934854.8429208542-283333.65710079507i            2.1383422243922196E7
0                         7.237400246634572E-7     -3.9929177363574116E-8   -879045.2899344191-279912.10445571714i            2.1699976811726186E7
0                         7.237400246634572E-7     -2.39575064181445E-8     -1033602.0029518139-292948.5061006709i            2.184147582061498E7
0                         7.237400246634572E-7     -7.985835472714834E-9    -1148534.388369877-303601.80896400847i            2.197455104385365E7
0                         7.237400246634572E-7     7.985835472714834E-9     -1159556.1453551855-306670.0566551166i            2.195586268098913E7
0                         7.237400246634572E-7     2.3957506418144448E-8    -1165587.7824889673-308365.62738556205i           2.1871493439734567E7
0                         7.237400246634572E-7     3.9929177363574116E-8    -1166629.2997712316-308688.52115534584i           2.1721440731193952E7
0                         7.237400246634572E-7     5.590084830900378E-8     -1162680.697201972-307638.73796446563i            2.1505705003237627E7
0                         7.237400246634572E-7     7.18725192544334E-8      -918006.5206389879-284314.96696676314i            2.1183682005743064E7
0                         7.237400246634572E-7     8.784419019986301E-8     -969868.9950310607-289897.762155227i              2.0688773609595243E7
0                         7.237400246634572E-7     1.0381586114529268E-7    -1018107.2730805646-294401.8174725098i            2.0135591077778798E7
0                         7.237400246634572E-7     1.1978753209072235E-7    -1062721.3547874987-297827.1329186066i            1.952423854245137E7
0                         7.237400246634572E-7     1.3575920303615201E-7    -1103711.2401518798-300173.70849352225i           1.8854856989616815E7
0                         7.237400246634572E-7     1.5173087398158168E-7    -1141076.929173693-301441.544197253i              1.81276349907909E7
0                         7.237400246634572E-7     1.6770254492701124E-7    -979444.492413763-290362.6307047729i              1.720837676306146E7
0                         7.237400246634572E-7     1.836742158724409E-7     -946989.5882829409-276749.0453055473i             1.6300517262138447E7
0                         7.237400246634572E-7     1.9964588681787058E-7    -910752.4933307245-261986.78104361705i            1.5340939003038023E7
0                         7.237400246634572E-7     2.1561755776330025E-7    -833179.5982742563-235720.03960843026i            1.4278812923605101E7
0                         7.237400246634572E-7     2.3158922870872991E-7    -752240.3191601335-215670.47632972524i            1.315221946322161E7
0                         7.237400246634572E-7     2.475608996541595E-7     -670371.3766020891-194983.6504160683i             1.1993212447421324E7
0                         7.237400246634572E-7     2.6353257059958914E-7    -587572.770600123-173659.5618674599i              1.0802081716340233E7
0                         7.237400246634572E-7     2.795042415450188E-7     -503844.5011542305-151698.21068389964i            9579281.916628698
0                         7.237400246634572E-7     2.954759124904485E-7     -419186.568264418-129099.59686538749i             8325567.7692113845
0                         7.237400246634572E-7     3.1144758343587815E-7    -333598.9719306823-105863.72041192377i            7042287.969468309
0                         7.237400246634572E-7     3.274192543813078E-7     -301139.02298451087-100821.54805886217i           5582524.21268276
0                         7.237400246634572E-7     3.433909253267374E-7     -233628.3264049989-80973.63837905398i             4260671.184419358
0                         7.237400246634572E-7     3.5936259627216704E-7    -165010.8359344661-60908.84546668618i             2949032.628655429
0                         7.237400246634572E-7     3.753342672175967E-7     -95286.55157291846-40627.16932175971i             1701808.3910980274
0                         7.237400246634572E-7     3.913059381630264E-7     -24455.47332035263-20128.60994427403i             923835.3325659407
0                         7.391387485924669E-7     -3.913059381630264E-7    24672.34774744762+20720.49776323403i              984249.9255103535
0                         7.391387485924669E-7     -3.753342672175967E-7    -54054.38991869305+490.3155533760146i             1663822.1045373443
0                         7.391387485924669E-7     -3.593625962721671E-7    -131931.41287078138-19624.187259993007i           2889065.0115712704
0                         7.391387485924669E-7     -3.4339092532673743E-7   -208958.72110881773-39623.010676873266i           4187978.4115182715
0                         7.391387485924669E-7     -3.2741925438130776E-7   -285136.31463280204-59506.154697264574i           5493936.644042888
0                         7.391387485924669E-7     -3.1144758343587815E-7   -360464.1934427337-79273.61932116686i             6791116.391237891
0                         7.391387485924669E-7     -2.954759124904485E-7    -335628.1057601981-87369.26081092493i             8183573.656839745
0                         7.391387485924669E-7     -2.7950424154501886E-7   -418926.22141946945-111758.13783624902i           9436937.549429266
0                         7.391387485924669E-7     -2.635325705995892E-7    -521860.7138014724-132265.0542481556i             1.068799219868249E7
0                         7.391387485924669E-7     -2.4756089965415953E-7   -610172.9783511559-156179.59738084686i            1.1875899390342692E7
0                         7.391387485924669E-7     -2.3158922870872991E-7   -696542.7485734599-179454.4572592481i             1.3029895752642576E7
0                         7.391387485924669E-7     -2.1561755776330025E-7   -780970.0244683833-202089.63388335877i            1.4149696325096883E7
0                         7.391387485924669E-7     -1.996458868178706E-7    -863454.8060359266-224085.12725318028i            1.5235111594966656E7
0                         7.391387485924669E-7     -1.8367421587244096E-7   -943997.0932760879-245440.93736871242i            1.6286010698435398E7
0                         7.391387485924669E-7     -1.677025449270113E-7    -987264.0850006056-258131.56195016875i            1.7219598006012782E7
0                         7.391387485924669E-7     -1.5173087398158168E-7   -1030549.71053318-267889.26826476294i             1.804410534661011E7
0                         7.391387485924669E-7     -1.3575920303615201E-7   -1072043.219199765-276923.134364924i              1.8811752305729363E7
0                         7.391387485924669E-7     -1.1978753209072235E-7   -1111744.6110003167-285233.16025064525i           1.952216361457298E7
0                         7.391387485924669E-7     -1.0381586114529273E-7   -1110667.0839550123-285718.5538435853i            2.0121610485773657E7
0                         7.391387485924669E-7     -8.784419019986307E-8    -1070065.810735281-286160.3512719999i             2.0623257213765223E7
0                         7.391387485924669E-7     -7.187251925443345E-8    -1024399.1885006324-285304.9218792857i            2.106322658144708E7
0                         7.391387485924669E-7     -5.590084830900378E-8    -973667.2172510978-283152.2656654469i             2.144152334290739E7
0                         7.391387485924669E-7     -3.9929177363574116E-8   -1066622.5153810848-294002.2678025537i            2.167617560350449E7
0                         7.391387485924669E-7     -2.39575064181445E-8     -1062155.3864840902-296514.0681046252i            2.1885079770408362E7
0                         7.391387485924669E-7     -7.985835472714834E-9    -1169739.1394850835-306267.59336914355i           2.20365533251848E7
0                         7.391387485924669E-7     7.985835472714834E-9     -1180778.3646070734-309350.1649613322i            2.2017479542423233E7
0                         7.391387485924669E-7     2.3957506418144448E-8    -1186827.4698775392-311060.0595928577i            2.193274063132862E7
0                         7.391387485924669E-7     3.9929177363574116E-8    -1187886.455296482-311397.27726372064i            2.178233427629378E7
0                         7.391387485924669E-7     5.590084830900378E-8     -1054385.8606380653-298259.58954167133i           2.1424391516220596E7
0                         7.391387485924669E-7     7.18725192544334E-8      -1049395.0446671494-293696.9110674368i            2.10655998660676E7
0                         7.391387485924669E-7     8.784419019986301E-8     -987292.4920829055-284442.96059522545i            2.0722482627877217E7
0                         7.391387485924669E-7     1.0381586114529268E-7    -1035081.9541860521-288855.78704785975i           2.0169839618569363E7
0                         7.391387485924669E-7     1.1978753209072235E-7    -1079247.219946633-292189.87362930947i            1.955896852198232E7
0                         7.391387485924669E-7     1.3575920303615201E-7    -1119788.2893646555-294445.2203395763i            1.8889999243999824E7
0                         7.391387485924669E-7     1.5173087398158168E-7    -1156705.1624401067-295621.82717865927i           1.816310628126247E7
0                         7.391387485924669E-7     1.6770254492701124E-7    -1189997.8391730017-295719.6941465619i            1.7378523126163974E7
0                         7.391387485924669E-7     1.836742158724409E-7     -973152.0521573201-280628.1280467748i             1.6362349677828737E7
0                         7.391387485924669E-7     1.9964588681787058E-7    -937358.0738460645-266091.7811776453i             1.5400582708039306E7
0                         7.391387485924669E-7     2.1561755776330025E-7    -840201.3187309913-236905.35105493176i            1.4306706498302052E7
0                         7.391387485924669E-7     2.3158922870872991E-7    -759648.7698806026-217077.31729616135i            1.318213807174087E7
0                         7.391387485924669E-7     2.475608996541595E-7     -678166.5575862922-196612.020902439i              1.2025158687952869E7
0                         7.391387485924669E-7     2.6353257059958914E-7    -595754.6818480607-175509.46187376554i            1.083605776508596E7
0                         7.391387485924669E-7     2.795042415450188E-7     -512413.14266590436-153769.64021013936i           9615288.503738914
0                         7.391387485924669E-7     2.954759124904485E-7     -428141.94003982487-131392.55591156194i           8363601.556071034
0                         7.391387485924669E-7     3.1144758343587815E-7    -342941.0739698225-108378.20897803265i            7082334.397303366
0                         7.391387485924669E-7     3.274192543813078E-7     -334479.709989554-99416.22862792171i              5751442.113259387
0                         7.391387485924669E-7     3.433909253267374E-7     -233247.58752079261-81034.32531881674i            4258518.714919463
0                         7.391387485924669E-7     3.5936259627216704E-7    -164829.30148735945-61146.59936617993i            2944578.442557363
0                         7.391387485924669E-7     3.753342672175967E-7     -95304.22156290885-41041.990180984016i            1693465.2393190763
0                         7.391387485924669E-7     3.913059381630264E-7     -24672.3477474413-20720.49776322909i              910481.7278411619
0                         7.545374725214766E-7     -3.913059381630264E-7    24889.222174533348+21312.385582189545i            977186.2516272577
0                         7.545374725214766E-7     -3.753342672175967E-7    -53811.191073561145+1196.6990371494903i           1662778.9888852616
0                         7.545374725214766E-7     -3.593625962721671E-7    -131661.8896076032-18803.30811140158i             2890930.9520337693
0                         7.545374725214766E-7     -3.4339092532673743E-7   -208662.87342759315-38687.63586346383i            4191419.910916734
0                         7.545374725214766E-7     -3.2741925438130776E-7   -284814.14253353165-58456.28421903719i            5498541.14130967
0                         7.545374725214766E-7     -3.1144758343587815E-7   -247747.108871161-65558.09571695607i              6918924.51424907
0                         7.545374725214766E-7     -2.954759124904485E-7    -329098.8327462862-89544.48215111031i             8195543.732374409
0                         7.545374725214766E-7     -2.7950424154501886E-7   -453033.55720119656-109148.83469923i              9517403.150276225
0                         7.545374725214766E-7     -2.635325705995892E-7    -542947.0492796447-133539.51879365306i            1.0737350280387517E7
0                         7.545374725214766E-7     -2.4756089965415953E-7   -630918.0470307115-157290.5196337861i             1.1923826504963592E7
0                         7.545374725214766E-7     -2.3158922870872991E-7   -716946.5504544033-180401.83721962993i            1.3076387645564618E7
0                         7.545374725214766E-7     -2.1561755776330025E-7   -801032.5595507086-202873.4715511824i             1.4194751092079895E7
0                         7.545374725214766E-7     -1.996458868178706E-7    -831115.8103335211-226615.88416839862i            1.5253501016286246E7
0                         7.545374725214766E-7     -1.8367421587244096E-7   -890963.488270157-233242.75513880892i             1.629472887483957E7
0                         7.545374725214766E-7     -1.677025449270113E-7    -952442.3632883308-240590.03348557273i            1.723766949426153E7
0                         7.545374725214766E-7     -1.5173087398158168E-7   -1007208.1414402872-247902.16389013885i           1.806633952371956E7
0                         7.545374725214766E-7     -1.3575920303615201E-7   -1093305.762191386-277741.847857835i              1.885250161671632E7
0                         7.545374725214766E-7     -1.1978753209072235E-7   -1133078.321385031-285991.1374259144i             1.956255948128548E7
0                         7.545374725214766E-7     -1.0381586114529273E-7   -1171058.7637126688-293516.5867795602i            2.0215081040169436E7
0                         7.545374725214766E-7     -8.784419019986307E-8    -1108853.7196214942-286035.6206164221i            2.067858049674101E7
0                         7.545374725214766E-7     -7.187251925443345E-8    -1063199.330108868-285151.86083382415i            2.111861010021838E7
0                         7.545374725214766E-7     -5.590084830900378E-8    -1095751.9977339832-294289.49256942933i           2.1445366512058605E7
0                         7.545374725214766E-7     -3.9929177363574116E-8   -1095343.8271974046-297617.0795154879i            2.1715608906215474E7
0                         7.545374725214766E-7     -2.39575064181445E-8     -1090708.770016361-300079.6301085786i             2.192415723181169E7
0                         7.545374725214766E-7     -7.985835472714834E-9    -1190943.8906002901-308933.37777427817i           2.209421251167216E7
0                         7.545374725214766E-7     7.985835472714834E-9     -1202000.5838589557-312030.27326754667i           2.207475342463268E7
0                         7.545374725214766E-7     2.3957506418144448E-8    -1208067.1572661027-313754.49180015246i           2.198964651828705E7
0                         7.545374725214766E-7     3.9929177363574116E-8    -1209143.6108217258-314106.03337209474i           2.1838889783314746E7
0                         7.545374725214766E-7     5.590084830900378E-8     -1077590.2713829651-299486.86826142546i           2.1446859212935917E7
0                         7.545374725214766E-7     7.18725192544334E-8      -1072868.97226704-295042.2708199752i              2.108952089149638E7
0                         7.545374725214766E-7     8.784419019986301E-8     -1004715.9891347587-278988.1590352239i            2.0753657398169365E7
0                         7.545374725214766E-7     1.0381586114529268E-7    -1052056.63529154-283309.756623207i               2.020156420579007E7
0                         7.545374725214766E-7     1.1978753209072235E-7    -1095773.0851057786-286552.6143400128i            1.959118826640918E7
0                         7.545374725214766E-7     1.3575920303615201E-7    -1135865.3385774377-288716.73218563106i           1.8922648929584138E7
0                         7.545374725214766E-7     1.5173087398158168E-7    -1172333.395706533-289802.11016006843i            1.8196107307714477E7
0                         7.545374725214766E-7     1.6770254492701124E-7    -1205177.2564930664-289808.7482633209i            1.7411779666150507E7
0                         7.545374725214766E-7     1.836742158724409E-7     -1234396.9209370385-288736.6464953914i            1.6569957067186018E7
0                         7.545374725214766E-7     1.9964588681787058E-7    -926459.1943304604-257059.90410531795i            1.5423347036501868E7
0                         7.545374725214766E-7     2.1561755776330025E-7    -847223.0391877282-238090.66250143357i            1.4333398973309672E7
0                         7.545374725214766E-7     2.3158922870872991E-7    -767057.2206010721-218484.15826259775i            1.3210850830193192E7
0                         7.545374725214766E-7     2.475608996541595E-7     -685961.7385704981-198240.39138881012i            1.2055896196940923E7
0                         7.545374725214766E-7     2.6353257059958914E-7    -603936.593095997-177359.3618800705i              1.0868824671618937E7
0                         7.545374725214766E-7     2.795042415450188E-7     -520981.78417757584-155841.06973637958i           9650088.981039308
0                         7.545374725214766E-7     2.954759124904485E-7     -437097.31181522994-133685.51495773636i           8400437.38385657
0                         7.545374725214766E-7     3.1144758343587815E-7    -352283.1760089617-110892.69754414141i            7121199.288405075
0                         7.545374725214766E-7     3.274192543813078E-7     -266539.3767587715-87462.6174955951i              5814978.241074536
0                         7.545374725214766E-7     3.433909253267374E-7     -232866.84863658715-81095.01225857966i            4256641.0189002305
0                         7.545374725214766E-7     3.5936259627216704E-7    -164647.76704025175-61384.353265673475i           2940442.960211108
0                         7.545374725214766E-7     3.753342672175967E-7     -95321.89155289956-41456.81104020835i             1685536.4372806286
0                         7.545374725214766E-7     3.913059381630264E-7     -24889.22217453002-21312.385582184153i            897606.0801112949
