% Model:              omc_unitcell_iso.mph
% Version:            COMSOL 6.2.0.658
% Date:               Jul 1 2026, 14:34
% Dimension:          3
% Nodes:              2500
% Expressions:        2
% Description:        Electric field, y-component, Electric field norm
% Length unit:        m
% X                       Y                        Z                        ewfd.Ey (V/m) @ lambda=3E-12                      ewfd.normE (V/m) @ lambda=3E-12
0                         0                        -4.455E-7                1.8632489213526025E7-5051350.9654982705i          1.930564576131936E7
0                         0                        -4.2731632653061225E-7   1.8528668794166084E7-5034118.091438841i           1.9200362294562463E7
0                         0                        -4.091326530612245E-7    1.831774314377388E7-4985488.658067009i            1.898406729447064E7
0                         0                        -3.9094897959183674E-7   1.806222024860815E7-4925539.704522697i            1.8721771862995762E7
0                         0                        -3.72765306122449E-7     1.7762100108668894E7-4854271.2308059i             1.8413477386213753E7
0                         0                        -3.545816326530612E-7    1.7417382723956153E7-4771683.236916631i           1.8059185526103813E7
0                         0                        -3.3639795918367346E-7   1.698255978230579E7-4666437.894679739i            1.7612012360445727E7
0                         0                        -3.1821428571428575E-7   1.6426707666040566E7-4530921.161521363i           1.7040128265875172E7
0                         0                        -3.0003061224489794E-7   1.5545850872917637E7-4321843.983231087i           1.6135421121817205E7
0                         0                        -2.8184693877551024E-7   1.4813011598996341E7-4144216.821994896i           1.5381802420383172E7
0                         0                        -2.636632653061224E-7    1.4016540294154683E7-3950649.9925126727i          1.4562659001054794E7
0                         0                        -2.454795918367347E-7    1.3156436958392676E7-3741143.4947844236i          1.367801111597474E7
0                         0                        -2.2729591836734696E-7   1.2232701591710275E7-3515697.3288101368i          1.272788733213937E7
0                         0                        -2.091122448979592E-7    1.139583578955504E7-3333697.9512182903i           1.187344159763548E7
0                         0                        -1.9092857142857144E-7   1.0036261098958524E7-2958764.332349387i           1.0463308426155232E7
0                         0                        -1.7274489795918368E-7   8732963.2236172-2595570.0631779074i               9110523.070489196
0                         0                        -1.5456122448979592E-7   7485942.163531101-2244115.1437038584i             7815074.078595397
0                         0                        -1.3637755102040816E-7   6295197.918700203-1904399.573927233i              6576948.728155146
0                         0                        -1.181938775510204E-7    5160730.489124512-1576423.3538480352i             5396132.853436506
0                         0                        -1.0001020408163265E-7   4082539.8748040292-1260186.4834662634i            4272610.654210838
0                         0                        -8.182653061224489E-8    3060626.075738755-955688.9627819179i              3206364.5097017884
0                         0                        -6.364285714285713E-8    2094989.0919286907-662930.7917949999i             2197374.9179441696
0                         0                        -4.545918367346937E-8    1576884.7074891208-503333.12256903655i            1655267.2331041133
0                         0                        -2.7275510204081612E-8   986802.4123134376-312442.59783331916i             1035084.2370978572
0                         0                        -9.091836734693906E-9    393986.4959180637-120922.631764149i               412125.7597367124
0                         0                        9.091836734693853E-9     -201563.0416970054+71226.77563847523i             213777.71947984296
0                         0                        2.7275510204081612E-8    -799846.2005317685+264005.6243745532i             842290.2790644707
0                         0                        4.5459183673469424E-8    -1547491.7257169145+488399.4176628756i            1622733.6911322665
0                         0                        6.364285714285713E-8     -2456065.033792139+760876.4280309911i             2571223.1309144646
0                         0                        8.182653061224494E-8     -3363362.928106474+1043929.8113374902i            3521647.2902833535
0                         0                        1.0001020408163265E-7    -4226320.713361777+1302149.5601281314i            4422372.6945083095
0                         0                        1.1819387755102046E-7    -5145272.798233526+1572185.9449387854i            5380111.598629244
0                         0                        1.3637755102040816E-7    -6120219.182721695+1854038.965769446i             6394884.153066891
0                         0                        1.5456122448979587E-7    -7151159.86682631+2147708.6226201192i             7466708.764146631
0                         0                        1.7274489795918368E-7    -8238094.850547361+2453194.9154908024i            8595601.90213605
0                         0                        1.909285714285714E-7     -9381024.133884838+2770497.8443814935i            9781578.20120313
0                         0                        2.091122448979592E-7     -1.0579947716838764E7+3099617.4092921983i         1.102465064185841E7
0                         0                        2.272959183673469E-7     -1.240505813771848E7+3553705.3132433835i          1.2904041570513858E7
0                         0                        2.454795918367347E-7     -1.3322204661013726E7+3777539.3618654404i         1.3847416389362263E7
0                         0                        2.636632653061224E-7     -1.4174614921919072E7+3985312.901711927i          1.4724212274659801E7
0                         0                        2.8184693877551024E-7    -1.4962288920434508E7+4177025.932782837i          1.5534401674403092E7
0                         0                        3.0003061224489794E-7    -1.568522665656004E7+4352678.455078175i           1.6277965014121493E7
0                         0                        3.1821428571428575E-7    -1.6218471843691712E7+4467284.962391772i          1.6822469018542804E7
0                         0                        3.3639795918367346E-7    -1.678900922077664E7+4607169.248256906i           1.7409676593705215E7
0                         0                        3.5458163265306127E-7    -1.7251388831430476E7+4719924.228587212i          1.788541588380904E7
0                         0                        3.72765306122449E-7      -1.7624795350148138E7+4810381.336188165i          1.8269460302213386E7
0                         0                        3.909489795918368E-7     -1.7959834786680635E7+4890724.400091072i          1.8613834927883886E7
0                         0                        4.091326530612245E-7     -1.8256507141028E7+4960953.420295939i             1.891853883968718E7
0                         0                        4.273163265306122E-7     -1.8514812413190197E7+5021068.396802758i          1.918357126660709E7
0                         0                        4.455E-7                 -1.859446331400749E7+5039137.366586291i           1.9265460881952025E7
0                         1.6530612244897957E-8    -4.455E-7                1.8168832777961966E7-4941529.06506495i            1.891120432545534E7
0                         1.6530612244897957E-8    -4.2731632653061225E-7   1.8182323302051615E7-4949525.915958546i           1.8944104165540542E7
0                         1.6530612244897957E-8    -4.091326530612245E-7    1.797253509966215E7-4901085.579603172i            1.8723027705079656E7
0                         1.6530612244897957E-8    -3.9094897959183674E-7   1.7718149652499184E7-4841325.72307532i            1.8456311006823227E7
0                         1.6530612244897957E-8    -3.72765306122449E-7     1.7419166960562713E7-4770246.346374989i           1.8143928992883388E7
0                         1.6530612244897957E-8    -3.545816326530612E-7    1.7075587023852713E7-4687847.449502178i           1.7785860303404294E7
0                         1.6530612244897957E-8    -3.3639795918367346E-7   1.6619075990939558E7-4576634.37866701i            1.7312998792651232E7
0                         1.6530612244897957E-8    -3.1821428571428575E-7   1.5999294381194923E7-4426558.792784862i           1.6664757009543575E7
0                         1.6530612244897957E-8    -3.0003061224489794E-7   1.5301381565668266E7-4257944.893057994i           1.5943159263870632E7
0                         1.6530612244897957E-8    -2.8184693877551024E-7   1.4573731023584725E7-4081416.121664565i           1.5186955092655985E7
0                         1.6530612244897957E-8    -2.636632653061224E-7    1.3782448450580804E7-3888947.6820251i             1.4365754758163663E7
0                         1.6530612244897957E-8    -2.454795918367347E-7    1.2927533846656522E7-3680539.574139607i           1.347956803723949E7
0                         1.6530612244897957E-8    -2.2729591836734696E-7   1.221200690879892E7-3513221.048870746i            1.2727096642657468E7
0                         1.6530612244897957E-8    -2.091122448979592E-7    1.0935897408444267E7-3185000.504621096i           1.1411910677642675E7
0                         1.6530612244897957E-8    -1.9092857142857144E-7   9721258.036140284-2864247.5931931264i             1.0164291219036246E7
0                         1.6530612244897957E-8    -1.7274489795918368E-7   8653216.935674854-2580078.8108100723i             9074300.641482238
0                         1.6530612244897957E-8    -1.5456122448979592E-7   7410969.415517248-2229587.328117068i              7780857.501782725
0                         1.6530612244897957E-8    -1.3637755102040816E-7   6224998.71061485-1890835.1951214902i              6545418.802967019
0                         1.6530612244897957E-8    -1.181938775510204E-7    5095304.820967656-1563822.4118233381i             5368510.720629588
0                         1.6530612244897957E-8    -1.0001020408163265E-7   4021887.746575675-1248548.9782226142i             4251171.211142028
0                         1.6530612244897957E-8    -8.182653061224489E-8    3004747.487438897-945014.894319315i               3195699.8664095225
0                         1.6530612244897957E-8    -6.364285714285713E-8    2206890.0166421076-701407.8196856667i             2337175.3988623996
0                         1.6530612244897957E-8    -4.545918367346937E-8    1565520.3889847691-500486.9848391172i             1662891.0614725032
0                         1.6530612244897957E-8    -2.7275510204081612E-8   976338.5538278129-309795.81782260415i             1037759.9323300056
0                         1.6530612244897957E-8    -9.091836734693906E-9    384423.0974511653-118475.20947263818i             419785.453904029
0                         1.6530612244897957E-8    9.091836734693853E-9     -210225.98014517632+73474.84021078158i            271035.2731814797
0                         1.6530612244897957E-8    2.7275510204081612E-8    -807608.6789612119+266054.33122765506i            882691.7655326402
0                         1.6530612244897957E-8    4.5459183673469424E-8    -1520209.453182327+488271.63862604933i            1636616.2624565666
0                         1.6530612244897957E-8    6.364285714285713E-8     -2409013.3877617246+753556.6208885197i            2559735.176563087
0                         1.6530612244897957E-8    8.182653061224494E-8     -3310279.901824198+1024308.411209691i             3488762.4516596384
0                         1.6530612244897957E-8    1.0001020408163265E-7    -4078881.6266843285+1265383.1883066879i           4291172.943516138
0                         1.6530612244897957E-8    1.1819387755102046E-7    -4992963.197871964+1534441.6224266475i            5246278.582674844
0                         1.6530612244897957E-8    1.3637755102040816E-7    -5963039.068676026+1815316.692566615i             6260121.148588926
0                         1.6530612244897957E-8    1.5456122448979587E-7    -6989109.239096527+2108008.398726594i             7331918.236020248
0                         1.6530612244897957E-8    1.7274489795918368E-7    -8071173.709133468+2412516.7409065836i            8461243.402272938
0                         1.6530612244897957E-8    1.909285714285714E-7     -9209232.47878684+2728841.719106583i              9647854.0469774
0                         1.6530612244897957E-8    2.091122448979592E-7     -1.1110831588695142E7+3231601.070605167i          1.1653420041681925E7
0                         1.6530612244897957E-8    2.272959183673469E-7     -1.2167237332582777E7+3502428.2895418443i         1.2681202046350282E7
0                         1.6530612244897957E-8    2.454795918367347E-7     -1.3004938387898367E7+3697334.79590753i           1.3563245382626977E7
0                         1.6530612244897957E-8    2.636632653061224E-7     -1.3854218149172477E7+3904479.0025688205i         1.44428839325097E7
0                         1.6530612244897957E-8    2.8184693877551024E-7    -1.4638761648056695E7+4095562.7004545406i         1.5256366243217824E7
0                         1.6530612244897957E-8    3.0003061224489794E-7    -1.5358568884550985E7+4270585.889564683i          1.600368474432868E7
0                         1.6530612244897957E-8    3.1821428571428575E-7    -1.6013639858655378E7+4429548.569899253i          1.6684846061152482E7
0                         1.6530612244897957E-8    3.3639795918367346E-7    -1.6581643805269107E7+4558456.185051657i          1.7273231642528366E7
0                         1.6530612244897957E-8    3.5458163265306127E-7    -1.7029793893133536E7+4666959.204726916i          1.7739253462722175E7
0                         1.6530612244897957E-8    3.72765306122449E-7      -1.740169329892854E7+4757191.967154019i           1.8126663716456812E7
0                         1.6530612244897957E-8    3.909489795918368E-7     -1.781704851397364E7+4868504.167673286i           1.8569128282318465E7
0                         1.6530612244897957E-8    4.091326530612245E-7     -1.807787412775565E7+4929043.405360356i           1.884243795720755E7
0                         1.6530612244897957E-8    4.273163265306122E-7     -1.816929698015129E7+4944019.464442631i           1.8942844859245926E7
0                         1.6530612244897957E-8    4.455E-7                 -1.816883277796196E7+4941529.065065008i           1.8911867067555975E7
0                         3.3061224489795914E-8    -4.455E-7                1.782255133001003E7-4863127.830097601i            1.8836351364814248E7
0                         3.3061224489795914E-8    -4.2731632653061225E-7   1.7751416816940237E7-4844018.8587670205i          1.8764978267109975E7
0                         3.3061224489795914E-8    -4.091326530612245E-7    1.7627327055550426E7-4816682.501139335i           1.8648879867290277E7
0                         3.3061224489795914E-8    -3.9094897959183674E-7   1.737407905639021E7-4757111.741627941i            1.8366667031668283E7
0                         3.3061224489795914E-8    -3.72765306122449E-7     1.7076233812456515E7-4686221.461944075i           1.803977757768173E7
0                         3.3061224489795914E-8    -3.545816326530612E-7    1.6733791323749283E7-4604011.6620877255i          1.766812341568827E7
0                         3.3061224489795914E-8    -3.3639795918367346E-7   1.6255592199573327E7-4486830.86265428i            1.7163593577839926E7
0                         3.3061224489795914E-8    -3.1821428571428575E-7   1.5690085147271853E7-4348662.445167814i           1.6549355805285046E7
0                         3.3061224489795914E-8    -3.0003061224489794E-7   1.5056912258418906E7-4194045.8028849033i          1.5871155612617481E7
0                         3.3061224489795914E-8    -2.8184693877551024E-7   1.4334450448173102E7-4018615.421334233i           1.5096568084469127E7
0                         3.3061224489795914E-8    -2.636632653061224E-7    1.3548356607006922E7-3827245.3715375285i          1.4258549926775604E7
0                         3.3061224489795914E-8    -2.454795918367347E-7    1.2821791917434493E7-3654480.8147214754i          1.346251474928425E7
0                         3.3061224489795914E-8    -2.2729591836734696E-7   1.1848300414688243E7-3421446.977756495i           1.242483040562173E7
0                         3.3061224489795914E-8    -2.091122448979592E-7    1.0656003807560757E7-3117148.4055885635i          1.1198790080538893E7
0                         3.3061224489795914E-8    -1.9092857142857144E-7   9262013.605390688-2745477.3881172575i             9775398.996685423
0                         3.3061224489795914E-8    -1.7274489795918368E-7   8174941.1804416-2442460.335666498i                8649743.300427254
0                         3.3061224489795914E-8    -1.5456122448979592E-7   7127219.902345294-2147816.498161571i              7571335.065146145
0                         3.3061224489795914E-8    -1.3637755102040816E-7   6154799.502529492-1877270.816315746i              6591143.883884066
0                         3.3061224489795914E-8    -1.181938775510204E-7    5029879.152810802-1551221.469798642i              5416568.142103394
0                         3.3061224489795914E-8    -1.0001020408163265E-7   3961235.6183473156-1236911.4729789637i            4308482.412093634
0                         3.3061224489795914E-8    -8.182653061224489E-8    2948868.8991390406-934340.8258567126i             3275916.752834585
0                         3.3061224489795914E-8    -6.364285714285713E-8    2277670.9838356636-722261.902072569i              2482016.820399615
0                         3.3061224489795914E-8    -4.545918367346937E-8    1554156.0704804175-497640.8471091979i             1708335.8506146048
0                         3.3061224489795914E-8    -2.7275510204081612E-8   965874.6953421878-307149.0378118891i              1067019.4390526381
0                         3.3061224489795914E-8    -9.091836734693906E-9    374859.69898426754-116027.78718112757i            460824.46503209794
0                         3.3061224489795914E-8    9.091836734693853E-9     -218888.91859334713+75722.90478308784i            387702.14825707197
0                         3.3061224489795914E-8    2.7275510204081612E-8    -843953.5745144344+275184.43486637715i            1000333.5808379081
0                         3.3061224489795914E-8    4.5459183673469424E-8    -1571940.022641267+502915.90441629954i            1776230.2702977587
0                         3.3061224489795914E-8    6.364285714285713E-8     -2304864.2939800755+731680.3842329981i            2568899.82379548
0                         3.3061224489795914E-8    8.182653061224494E-8     -3248570.205764035+1012968.911440576i             3501685.1253834316
0                         3.3061224489795914E-8    1.0001020408163265E-7    -4100750.078673512+1267689.2324264417i            4352563.651467296
0                         3.3061224489795914E-8    1.1819387755102046E-7    -4840653.597510401+1496697.2999145093i            5159112.419895867
0                         3.3061224489795914E-8    1.3637755102040816E-7    -5805858.9546303535+1776594.4193637837i           6179519.7673808625
0                         3.3061224489795914E-8    1.5456122448979587E-7    -6827058.611366742+2068308.1748330684i            7260785.9863157105
0                         3.3061224489795914E-8    1.7274489795918368E-7    -7904252.567719575+2371838.566322366i             8401062.868525311
0                         3.3061224489795914E-8    1.909285714285714E-7     -9321619.166786555+2761293.2326763263i            9827275.377138276
0                         3.3061224489795914E-8    2.091122448979592E-7     -1.0825909293458406E7+3160852.3035095828i         1.143230064756236E7
0                         3.3061224489795914E-8    2.272959183673469E-7     -1.1803553512770139E7+3409080.584192772i          1.237892316302287E7
0                         3.3061224489795914E-8    2.454795918367347E-7     -1.2756530500936374E7+3640890.036676719i          1.3406310074117277E7
0                         3.3061224489795914E-8    2.636632653061224E-7     -1.3533821376425898E7+3823645.103425718i          1.4257427128281575E7
0                         3.3061224489795914E-8    2.8184693877551024E-7    -1.431523437567887E7+4014099.468126241i           1.5087166711829666E7
0                         3.3061224489795914E-8    3.0003061224489794E-7    -1.5031911112541944E7+4188493.324051191i          1.5852113331978254E7
0                         3.3061224489795914E-8    3.1821428571428575E-7    -1.5683851587015104E7+4346826.671200567i          1.6552333565157657E7
0                         3.3061224489795914E-8    3.3639795918367346E-7    -1.6335232768875737E7+4509059.38926184i           1.724884358554007E7
0                         3.3061224489795914E-8    3.5458163265306127E-7    -1.6779214188964464E7+4617055.842800438i          1.7727897308748115E7
0                         3.3061224489795914E-8    3.72765306122449E-7      -1.7135244962433793E7+4701570.308845914i          1.8115449326683875E7
0                         3.3061224489795914E-8    3.909489795918368E-7     -1.7443270176680356E7+4773995.230214392i          1.845502391621552E7
0                         3.3061224489795914E-8    4.091326530612245E-7     -1.7657314885421272E7+4823015.27365919i           1.869961077154787E7
0                         3.3061224489795914E-8    4.273163265306122E-7     -1.7720881230329923E7+4836613.609984832i          1.873446554273978E7
0                         3.3061224489795914E-8    4.455E-7                 -1.7822551330010016E7+4863127.830097657i          1.8836783038204554E7
0                         4.959183673469387E-8     -4.455E-7                1.7476269882058095E7-4784726.59513025i            1.8938643846723337E7
0                         4.959183673469387E-8     -4.2731632653061225E-7   1.7405722734173737E7-4765745.4388380125i          1.8869517214925632E7
0                         4.959183673469387E-8     -4.091326530612245E-7    1.7279715177387584E7-4732988.10038478i            1.8726919083701834E7
0                         4.959183673469387E-8     -3.9094897959183674E-7   1.7030008460281264E7-4672897.760180569i           1.8446936225335263E7
0                         4.959183673469387E-8     -3.72765306122449E-7     1.6733300664350307E7-4602196.577513158i           1.8095575442555547E7
0                         4.959183673469387E-8     -3.545816326530612E-7    1.6365258300783878E7-4512228.91997673i            1.7688038169044457E7
0                         4.959183673469387E-8     -3.3639795918367346E-7   1.5888827945023445E7-4395639.964076205i           1.715156681522684E7
0                         4.959183673469387E-8     -3.1821428571428575E-7   1.5380875913348773E7-4270766.097550767i           1.6568600236656986E7
0                         4.959183673469387E-8     -3.0003061224489794E-7   1.4820621927375026E7-4132615.704163236i           1.5918744295215009E7
0                         4.959183673469387E-8     -2.8184693877551024E-7   1.4095169872761477E7-3955814.7210039i             1.5108235195492059E7
0                         4.959183673469387E-8     -2.636632653061224E-7    1.335399228624379E7-3778368.506061222i            1.4267729891458578E7
0                         4.959183673469387E-8     -2.454795918367347E-7    1.2486237435851466E7-3571765.5237664613i          1.3303172974826964E7
0                         4.959183673469387E-8     -2.2729591836734696E-7   1.1520984518520847E7-3338177.690972237i           1.2215959025266709E7
0                         4.959183673469387E-8     -2.091122448979592E-7    1.046877321970135E7-3075520.6250156485i           1.113335868731379E7
0                         4.959183673469387E-8     -1.9092857142857144E-7   8898367.237897491-2648119.3910653577i             9536572.816975461
0                         4.959183673469387E-8     -1.7274489795918368E-7   7754423.219846969-2333893.4112273003i             8346269.357455365
0                         4.959183673469387E-8     -1.5456122448979592E-7   6722412.263269806-2042877.2946531954i             7269789.4166202815
0                         4.959183673469387E-8     -1.3637755102040816E-7   5730047.523743171-1760302.6634997688i             6247694.5112373745
0                         4.959183673469387E-8     -1.181938775510204E-7    4777731.350921076-1486256.4339610417i             5286399.254449502
0                         4.959183673469387E-8     -1.0001020408163265E-7   3900583.4901189604-1225273.9677353145i            4439963.84714476
0                         4.959183673469387E-8     -8.182653061224489E-8    3126482.133361012-985846.699023123i               3538962.823842006
0                         4.959183673469387E-8     -6.364285714285713E-8    2348451.9510292206-743115.9844594714i             2668220.589343907
0                         4.959183673469387E-8     -4.545918367346937E-8    1580367.1955846937-502564.39726860984i            1814336.7435789027
0                         4.959183673469387E-8     -2.7275510204081612E-8   955410.8368565633-304502.25780117424i             1121014.630768474
0                         4.959183673469387E-8     -9.091836734693906E-9    365296.30051737005-113580.36488961703i            528615.7829380735
0                         4.959183673469387E-8     9.091836734693853E-9     -227551.85704151785+77970.96935539415i            527330.3171544664
0                         4.959183673469387E-8     2.7275510204081612E-8    -898807.1654445612+290437.0899485006i             1177000.471436757
0                         4.959183673469387E-8     4.5459183673469424E-8    -1623670.5921002075+517560.1702065499i            1955395.7841064227
0                         4.959183673469387E-8     6.364285714285713E-8     -2353471.841967828+745716.2607313751i             2750406.923939937
0                         4.959183673469387E-8     8.182653061224494E-8     -3175983.0551596065+996213.0712102199i            3551770.3374411575
0                         4.959183673469387E-8     1.0001020408163265E-7    -4038013.9636307224+1256145.435945181i            4398842.42337651
0                         4.959183673469387E-8     1.1819387755102046E-7    -4927495.244306331+1518563.7862463861i            5297432.528406404
0                         4.959183673469387E-8     1.3637755102040816E-7    -5648678.840584679+1737872.1461609516i            6152715.282554951
0                         4.959183673469387E-8     1.5456122448979587E-7    -6665007.983636958+2028607.950939543i             7252152.0751914475
0                         4.959183673469387E-8     1.7274489795918368E-7    -7737331.4263056815+2331160.391738147i            8413246.504138242
0                         4.959183673469387E-8     1.909285714285714E-7     -9379512.533520708+2774722.401695243i             1.0065588659456974E7
0                         4.959183673469387E-8     2.091122448979592E-7     -1.0602562750085264E7+3107741.697372594i          1.130962505547589E7
0                         4.959183673469387E-8     2.272959183673469E-7     -1.1473049987320332E7+3323646.3224867648i         1.2161504033889445E7
0                         4.959183673469387E-8     2.454795918367347E-7     -1.2398111674384676E7+3549341.558951757i          1.3208177343017193E7
0                         4.959183673469387E-8     2.636632653061224E-7     -1.3282673941638947E7+3760500.4950506105i         1.4215876376308814E7
0                         4.959183673469387E-8     2.8184693877551024E-7    -1.4031749777150877E7+3940066.958937318i          1.5050821215490624E7
0                         4.959183673469387E-8     3.0003061224489794E-7    -1.4705253340532893E7+4106400.7585376976i         1.581794469737958E7
0                         4.959183673469387E-8     3.1821428571428575E-7    -1.5354063315374825E7+4264104.77250188i           1.6551550482703408E7
0                         4.959183673469387E-8     3.3639795918367346E-7    -1.5992639218629431E7+4423163.020147415i          1.725773557899068E7
0                         4.959183673469387E-8     3.5458163265306127E-7    -1.6407047769187668E7+4522954.6273327395i         1.7723211900107473E7
0                         4.959183673469387E-8     3.72765306122449E-7      -1.676227258389876E7+4607265.232382619i           1.8138247125088844E7
0                         4.959183673469387E-8     3.909489795918368E-7     -1.709327373883973E7+4688507.977968315i           1.852637245276999E7
0                         4.959183673469387E-8     4.091326530612245E-7     -1.7229958436439928E7+4720901.574610949i          1.867301808628618E7
0                         4.959183673469387E-8     4.273163265306122E-7     -1.7375757557042047E7+4758447.395798313i          1.8836926785644807E7
0                         4.959183673469387E-8     4.455E-7                 -1.747626988205807E7+4784726.595130301i           1.8938874459643785E7
0                         6.612244897959183E-8     -4.455E-7                1.712998843410615E7-4706325.360162897i            1.9190907196624003E7
0                         6.612244897959183E-8     -4.2731632653061225E-7   1.7060028651407234E7-4687472.018909003i           1.912369445871831E7
0                         6.612244897959183E-8     -4.091326530612245E-7    1.693460845980653E7-4654842.495494117i            1.8978637126424234E7
0                         6.612244897959183E-8     -3.9094897959183674E-7   1.66859378641723E7-4588683.778733193i             1.868671289534014E7
0                         6.612244897959183E-8     -3.72765306122449E-7     1.6390367516244112E7-4518171.693082245i           1.8301794423644755E7
0                         6.612244897959183E-8     -3.545816326530612E-7    1.6002379261188012E7-4422701.738193191i           1.7853321744120054E7
0                         6.612244897959183E-8     -3.3639795918367346E-7   1.5575854137917059E7-4317018.049512843i           1.7335817059097767E7
0                         6.612244897959183E-8     -3.1821428571428575E-7   1.5071666679425703E7-4192869.7499337196i          1.6713119628753122E7
0                         6.612244897959183E-8     -3.0003061224489794E-7   1.4547179758348174E7-4056556.215874346i           1.6037828266744524E7
0                         6.612244897959183E-8     -2.8184693877551024E-7   1.3815159531006448E7-3884449.9601917863i          1.5197792661329502E7
0                         6.612244897959183E-8     -2.636632653061224E-7    1.3072253792491999E7-3708453.828996783i           1.4334507708623968E7
0                         6.612244897959183E-8     -2.454795918367347E-7    1.2169445814867664E7-3491361.550614259i           1.3229962468613198E7
0                         6.612244897959183E-8     -2.2729591836734696E-7   1.1227170478003617E7-3262725.259058576i           1.2097547202663273E7
0                         6.612244897959183E-8     -2.091122448979592E-7    1.0377530054571068E7-3060955.21923222i            1.1217372891881963E7
0                         6.612244897959183E-8     -1.9092857142857144E-7   8774936.604379531-2623977.0565122426i             9573006.62647889
0                         6.612244897959183E-8     -1.7274489795918368E-7   7356302.820647737-2231720.311349528i              8124605.681086487
0                         6.612244897959183E-8     -1.5456122448979592E-7   6339844.17631827-1944297.746471068i               7039695.326779971
0                         6.612244897959183E-8     -1.3637755102040816E-7   5362927.182995801-1665298.593816967i              6015975.320929061
0                         6.612244897959183E-8     -1.181938775510204E-7    4425951.343489758-1394809.2099258888i             5063556.582403844
0                         6.612244897959183E-8     -1.0001020408163265E-7   3723193.947710432-1170306.5219966813i             4360562.715698063
0                         6.612244897959183E-8     -8.182653061224489E-8    3196112.7371482514-1006503.8871041536i            3779723.241654988
0                         6.612244897959183E-8     -6.364285714285713E-8    2419232.9182227766-763970.0668463737i             2886623.0075033875
0                         6.612244897959183E-8     -4.545918367346937E-8    1652298.5261845668-523615.37396138435i            2004863.174223916
0                         6.612244897959183E-8     -2.7275510204081612E-8   944946.9783709382-301855.4777904591i              1196628.1736296178
0                         6.612244897959183E-8     -9.091836734693906E-9    355732.9020504723-111132.94259810638i             615336.0637691652
0                         6.612244897959183E-8     9.091836734693853E-9     -236214.79548968835+80219.03392770034i            677195.8567459604
0                         6.612244897959183E-8     2.7275510204081612E-8    -953660.7563746873+305689.74503062386i            1378777.1572917423
0                         6.612244897959183E-8     4.5459183673469424E-8    -1675401.1615591468+532204.4359968001i            2163239.335847263
0                         6.612244897959183E-8     6.364285714285713E-8     -2402079.3899555826+759752.137229753i             2968231.766893617
0                         6.612244897959183E-8     8.182653061224494E-8     -3074172.901924986+969782.4212719845i             3564509.756652165
0                         6.612244897959183E-8     1.0001020408163265E-7    -3769702.0020032306+1185618.9730492525i           4271089.723054228
0                         6.612244897959183E-8     1.1819387755102046E-7    -4863732.7102809185+1506815.6930529817i           5395937.461352774
0                         6.612244897959183E-8     1.3637755102040816E-7    -5491498.726539006+1699149.8729581202i            6178086.244035992
0                         6.612244897959183E-8     1.5456122448979587E-7    -6502957.3559071785+1988907.727046019i            7303363.067266976
0                         6.612244897959183E-8     1.7274489795918368E-7    -7938862.568211326+2392391.0514750434i            8740992.746008283
0                         6.612244897959183E-8     1.909285714285714E-7     -9193323.057680909+2732072.5344793047i            9998199.676436264
0                         6.612244897959183E-8     2.091122448979592E-7     -1.0445040437879173E7+3073403.020651247i          1.1285549123060996E7
0                         6.612244897959183E-8     2.272959183673469E-7     -1.1172772793925557E7+3245401.0521596405i         1.2024103316605508E7
0                         6.612244897959183E-8     2.454795918367347E-7     -1.2071978121346537E7+3465443.6760025565i         1.3105801170759354E7
0                         6.612244897959183E-8     2.636632653061224E-7     -1.2926220628458131E7+3673463.2593073603i         1.414785990742535E7
0                         6.612244897959183E-8     2.8184693877551024E-7    -1.3699426776747229E7+3856910.7702429616i         1.5083383085635632E7
0                         6.612244897959183E-8     3.0003061224489794E-7    -1.4365479066868313E7+4015861.8392559197i         1.5889496484365355E7
0                         6.612244897959183E-8     3.1821428571428575E-7    -1.5024275043734554E7+4181382.8738031937i         1.6673692472343333E7
0                         6.612244897959183E-8     3.3639795918367346E-7    -1.5650045668383121E7+4337266.651032988i          1.739716568632012E7
0                         6.612244897959183E-8     3.5458163265306127E-7    -1.603488134941087E7+4428853.411865038i           1.7852216231696244E7
0                         6.612244897959183E-8     3.72765306122449E-7      -1.6477173540406685E7+4540497.577370007i          1.8380280848529287E7
0                         6.612244897959183E-8     3.909489795918368E-7     -1.670092037849743E7+4595780.589777779i           1.8686948688490544E7
0                         6.612244897959183E-8     4.091326530612245E-7     -1.688599253781612E7+4642970.381205266i           1.8917492291132383E7
0                         6.612244897959183E-8     4.273163265306122E-7     -1.703063388375417E7+4680281.181611796i           1.908725377671753E7
0                         6.612244897959183E-8     4.455E-7                 -1.7129988434106123E7+4706325.360162947i          1.919098336512151E7
0                         8.265306122448978E-8     -4.455E-7                1.6783706986154202E7-4627924.125195546i           1.956457770868972E7
0                         8.265306122448978E-8     -4.2731632653061225E-7   1.671433456864073E7-4609198.598979994i            1.9498862848956544E7
0                         8.265306122448978E-8     -4.091326530612245E-7    1.6589501742225464E7-4576696.890603449i           1.9351920087746292E7
0                         8.265306122448978E-8     -3.9094897959183674E-7   1.6409208506908407E7-4530419.00006591i            1.9123784335177526E7
0                         8.265306122448978E-8     -3.72765306122449E-7     1.6047434368137915E7-4434146.80865133i            1.864566955449696E7
0                         8.265306122448978E-8     -3.545816326530612E-7    1.5711001261819651E7-4348542.340720201i           1.8241891657401856E7
0                         8.265306122448978E-8     -3.3639795918367346E-7   1.5262880330810675E7-4238396.13494948i            1.7643369260818038E7
0                         8.265306122448978E-8     -3.1821428571428575E-7   1.4791345757987676E7-4120082.333302053i           1.6979081501221195E7
0                         8.265306122448978E-8     -3.0003061224489794E-7   1.4080357797459207E7-3963225.9087845655i          1.6145254295091532E7
0                         8.265306122448978E-8     -2.8184693877551024E-7   1.3367238414046016E7-3782493.1209741854i          1.5294667193595156E7
0                         8.265306122448978E-8     -2.636632653061224E-7    1.2317832333798006E7-3523279.841212161i           1.3999390601002412E7
0                         8.265306122448978E-8     -2.454795918367347E-7    1.1434828428314358E7-3303591.073832267i           1.280971120192793E7
0                         8.265306122448978E-8     -2.2729591836734696E-7   1.0964385579136636E7-3194506.2680042074i          1.2069164963690776E7
0                         8.265306122448978E-8     -2.091122448979592E-7    1.038530544646368E7-3074228.3359653447i           1.1452322318914482E7
0                         8.265306122448978E-8     -1.9092857142857144E-7   8750101.10391574-2627584.821870338i               9757990.765563969
0                         8.265306122448978E-8     -1.7274489795918368E-7   7219754.049168624-2202604.7675409084i             8185123.668813398
0                         8.265306122448978E-8     -1.5456122448979592E-7   5979150.520973977-1851947.5451862952i             6888231.633504807
0                         8.265306122448978E-8     -1.3637755102040816E-7   4999953.314784192-1565459.7336222264i             5829203.39980996
0                         8.265306122448978E-8     -1.181938775510204E-7    4360663.628147084-1367661.3693118768i             5141594.223533792
0                         8.265306122448978E-8     -1.0001020408163265E-7   3730710.1408131993-1172826.2473267857i            4475730.121976465
0                         8.265306122448978E-8     -8.182653061224489E-8    3084857.287563539-970375.0605749689i              3700404.087108727
0                         8.265306122448978E-8     -6.364285714285713E-8    2490013.885416333-784824.1492332763i              3129465.104244975
0                         8.265306122448978E-8     -4.545918367346937E-8    1724229.8567844403-544666.350654159i              2221071.5551406587
0                         8.265306122448978E-8     -2.7275510204081612E-8   968391.2550398111-306687.67944783164i             1329244.0654670876
0                         8.265306122448978E-8     -9.091836734693906E-9    346169.5035835746-108685.52030659576i             714972.9212879485
0                         8.265306122448978E-8     9.091836734693853E-9     -244877.73393785922+82467.09850000664i            832903.5853577936
0                         8.265306122448978E-8     2.7275510204081612E-8    -1008514.3473048155+320942.4001127477i            1596749.4064161377
0                         8.265306122448978E-8     4.5459183673469424E-8    -1727131.7310180883+546848.7017870508i            2391492.3929893035
0                         8.265306122448978E-8     6.364285714285713E-8     -2402106.98419798+759422.75883666i                3126619.1634334074
0                         8.265306122448978E-8     8.182653061224494E-8     -2972362.7486903667+943351.7713337496i            3600140.4780466137
0                         8.265306122448978E-8     1.0001020408163265E-7    -3663875.0498812683+1158362.4519954354i           4314124.401083623
0                         8.265306122448978E-8     1.1819387755102046E-7    -4395876.455966885+1382081.848509481i             5081094.740888834
0                         8.265306122448978E-8     1.3637755102040816E-7    -5725726.445714613+1764979.6827639758i            6526181.497800139
0                         8.265306122448978E-8     1.5456122448979587E-7    -6640214.569222294+2032685.2574831916i            7584924.609509596
0                         8.265306122448978E-8     1.7274489795918368E-7    -7833793.811709559+2366703.202087263i             8729967.267043732
0                         8.265306122448978E-8     1.909285714285714E-7     -9076634.741921008+2709220.9298182423i            1.0021570733339513E7
0                         8.265306122448978E-8     2.091122448979592E-7     -1.035760766695553E7+3058974.6095492938i          1.1362861785949398E7
0                         8.265306122448978E-8     2.272959183673469E-7     -1.0900277933370274E7+3173748.2719504843i         1.1964193967568962E7
0                         8.265306122448978E-8     2.454795918367347E-7     -1.177537618388912E7+3388527.334770049i           1.3094704440477926E7
0                         8.265306122448978E-8     2.636632653061224E-7     -1.2606030996403575E7+3591453.773832717i          1.4190658607740682E7
0                         8.265306122448978E-8     2.8184693877551024E-7    -1.3391485857188296E7+3782323.5188857745i         1.5245861484394321E7
0                         8.265306122448978E-8     3.0003061224489794E-7    -1.4041808941059573E7+3934924.6051347815i         1.6093456745256614E7
0                         8.265306122448978E-8     3.1821428571428575E-7    -1.4681660632321384E7+4090484.235234568i          1.689925309728982E7
0                         8.265306122448978E-8     3.3639795918367346E-7    -1.5261096473216686E7+4238759.768661654i          1.756134642397017E7
0                         8.265306122448978E-8     3.5458163265306127E-7    -1.5809014290122135E7+4378984.07186427i           1.8223815078916624E7
0                         8.265306122448978E-8     3.72765306122449E-7      -1.6089138183350889E7+4448672.434605951i          1.863072767204144E7
0                         8.265306122448978E-8     3.909489795918368E-7     -1.6353256272332221E7+4516696.786318511i          1.9034395898617994E7
0                         8.265306122448978E-8     4.091326530612245E-7     -1.6542026639192311E7+4565039.187799586i          1.928029475259153E7
0                         8.265306122448978E-8     4.273163265306122E-7     -1.6685510210466288E7+4602114.967425277i          1.9457053898624595E7
0                         8.265306122448978E-8     4.455E-7                 -1.678370698615419E7+4627924.125195596i           1.9564559492743615E7
0                         9.918367346938774E-8     -4.455E-7                1.6036309194443626E7-4447894.206569409i           1.9657048212223954E7
0                         9.918367346938774E-8     -4.2731632653061225E-7   1.6015232967463112E7-4440402.409986116i           1.9634181455256186E7
0                         9.918367346938774E-8     -4.091326530612245E-7    1.5948075532076668E7-4420904.823889766i           1.9535895447174747E7
0                         9.918367346938774E-8     -3.9094897959183674E-7   1.583483688828431E7-4389401.448280361i            1.9362315289328534E7
0                         9.918367346938774E-8     -3.72765306122449E-7     1.5829522875479393E7-4392474.952553401i           1.9270655094812095E7
0                         9.918367346938774E-8     -3.545816326530612E-7    1.5173758203981174E7-4235446.040516016i           1.8387480987662837E7
0                         9.918367346938774E-8     -3.3639795918367346E-7   1.461169357258559E7-4095839.031457937i            1.7680830346748095E7
0                         9.918367346938774E-8     -3.1821428571428575E-7   1.4012410743713439E7-3945662.1033980767i          1.692240596402348E7
0                         9.918367346938774E-8     -3.0003061224489794E-7   1.3375909717364714E7-3784915.2563364324i          1.6112383572810186E7
0                         9.918367346938774E-8     -2.8184693877551024E-7   1.2669658292753605E7-3605261.7584299i             1.52214130056544E7
0                         9.918367346938774E-8     -2.636632653061224E-7    1.191236435482689E7-3415437.060238868i            1.4004876447842944E7
0                         9.918367346938774E-8     -2.454795918367347E-7    1.09142617970263E7-3164233.3480182113i            1.2729308603401192E7
0                         9.918367346938774E-8     -2.2729591836734696E-7   1.0004108404113747E7-2935935.1156311124i          1.142421862476293E7
0                         9.918367346938774E-8     -2.091122448979592E-7    9068003.043966193-2703565.020677216i              1.0123233188823631E7
0                         9.918367346938774E-8     -1.9092857142857144E-7   8504657.066511929-2572131.5105565353i             9720087.334598862
0                         9.918367346938774E-8     -1.7274489795918368E-7   7348342.335163456-2246939.68913697i               8513332.767046783
0                         9.918367346938774E-8     -1.5456122448979592E-7   6329607.150070371-1952815.6007950066i             7449072.5022962885
0                         9.918367346938774E-8     -1.3637755102040816E-7   5656964.406781684-1750839.938599632i              6682029.5023529595
0                         9.918367346938774E-8     -1.181938775510204E-7    4993926.353838484-1551445.117049531i              5936405.487551236
0                         9.918367346938774E-8     -1.0001020408163265E-7   3738226.333915966-1175345.9726568894i             4606537.066680799
0                         9.918367346938774E-8     -8.182653061224489E-8    3099272.3175660814-974785.7266299739i             3859631.09890715
0                         9.918367346938774E-8     -6.364285714285713E-8    2450359.447859085-769032.0730351955i              3163241.667214134
0                         9.918367346938774E-8     -4.545918367346937E-8    1796161.1873843158-565717.3273469341i             2455862.526947032
0                         9.918367346938774E-8     -2.7275510204081612E-8   1041472.9490460034-327935.5504464786i             1550822.7892092927
0                         9.918367346938774E-8     -9.091836734693906E-9    336606.1051166769-106238.09801508514i             823600.0402421997
0                         9.918367346938774E-8     9.091836734693853E-9     -352811.39920483687+111930.15307921886i           1134043.4296599736
0                         9.918367346938774E-8     2.7275510204081612E-8    -1063367.938234941+336195.05519487074i            1825847.813755496
0                         9.918367346938774E-8     4.5459183673469424E-8    -1778862.3004770286+561492.9675773013i            2634274.992668409
0                         9.918367346938774E-8     6.364285714285713E-8     -2330880.696331651+740873.7096297934i             3141236.1538628927
0                         9.918367346938774E-8     8.182653061224494E-8     -2869923.1997296563+917576.740941429i             3692925.71917252
0                         9.918367346938774E-8     1.0001020408163265E-7    -3558048.097759307+1131105.930941618i             4386634.758786449
0                         9.918367346938774E-8     1.1819387755102046E-7    -4286032.704957581+1353999.4563400818i            5170677.267113114
0                         9.918367346938774E-8     1.3637755102040816E-7    -5054506.417050561+1585601.697590902i             6005969.23085659
0                         9.918367346938774E-8     1.5456122448979587E-7    -6289708.157666892+1929924.1524875192i            7327164.693752906
0                         9.918367346938774E-8     1.7274489795918368E-7    -7600651.756055855+2301328.432679572i             8657415.881820362
0                         9.918367346938774E-8     1.909285714285714E-7     -8902231.632736983+2664607.7519122018i            1.003527151063651E7
0                         9.918367346938774E-8     2.091122448979592E-7     -9488838.584447093+2808785.8820715696i            1.0590500851316469E7
0                         9.918367346938774E-8     2.272959183673469E-7     -1.015124961988375E7+2970809.1361025837i          1.1553919856913505E7
0                         9.918367346938774E-8     2.454795918367347E-7     -1.1001023368521336E7+3188648.8447627034i         1.275951168069149E7
0                         9.918367346938774E-8     2.636632653061224E-7     -1.1815103560022518E7+3396787.8031503544i         1.3939716720750008E7
0                         9.918367346938774E-8     2.8184693877551024E-7    -1.2593505714114537E7+3595230.220202596i          1.5088259989036487E7
0                         9.918367346938774E-8     3.0003061224489794E-7    -1.3515272391688466E7+3822246.3271249216i         1.6150057626109531E7
0                         9.918367346938774E-8     3.1821428571428575E-7    -1.4401639255157994E7+4026146.090758339i          1.7254866089463968E7
0                         9.918367346938774E-8     3.3639795918367346E-7    -1.4792402738578193E7+4118520.7601913735i         1.7805977459331032E7
0                         9.918367346938774E-8     3.5458163265306127E-7    -1.5162057248187706E7+4213080.698342603i          1.836973076973288E7
0                         9.918367346938774E-8     3.72765306122449E-7      -1.5582814288662672E7+4327818.838515332i          1.895823697073945E7
0                         9.918367346938774E-8     3.909489795918368E-7     -1.5757194770998288E7+4373157.836746879i          1.923362676397192E7
0                         9.918367346938774E-8     4.091326530612245E-7     -1.5890904082740309E7+4408283.397499747i          1.944209988753791E7
0                         9.918367346938774E-8     4.273163265306122E-7     -1.5983942223888747E7+4433195.520773939i          1.9583304851367693E7
0                         9.918367346938774E-8     4.455E-7                 -1.6036309194443606E7+4447894.206569457i          1.965703721899483E7
0                         1.1571428571428571E-7    -4.455E-7                1.5314937049243176E7-4272225.713523967i           1.987133751779814E7
0                         1.1571428571428571E-7    -4.2731632653061225E-7   1.5291713457211297E7-4264259.654974457i           1.9849227260457844E7
0                         1.1571428571428571E-7    -4.091326530612245E-7    1.5381983576358322E7-4287445.295424977i           1.979984702523298E7
0                         1.1571428571428571E-7    -3.9094897959183674E-7   1.5215968966072436E7-4241330.876713475i           1.959482632128393E7
0                         1.1571428571428571E-7    -3.72765306122449E-7     1.4794742376444759E7-4144769.6245220285i          1.905767694945231E7
0                         1.1571428571428571E-7    -3.545816326530612E-7    1.4457835937013105E7-4061848.789747876i           1.888776911623754E7
0                         1.1571428571428571E-7    -3.3639795918367346E-7   1.3892693805283315E7-3914675.823171149i           1.7833042551239353E7
0                         1.1571428571428571E-7    -3.1821428571428575E-7   1.3300686820015043E7-3765925.173030614i           1.7026165169791494E7
0                         1.1571428571428571E-7    -3.0003061224489794E-7   1.267146163727022E7-3606604.6038882984i           1.6166951637315955E7
0                         1.1571428571428571E-7    -2.8184693877551024E-7   1.197031635905078E7-3429543.831323585i            1.519076430976857E7
0                         1.1571428571428571E-7    -2.636632653061224E-7    1.1248667018895807E7-3247217.352437457i           1.395999471516514E7
0                         1.1571428571428571E-7    -2.454795918367347E-7    1.0480888265578756E7-3052418.1190493745i          1.2680983927235859E7
0                         1.1571428571428571E-7    -2.2729591836734696E-7   9494052.550638005-2798759.1308248327i             1.1303381894349352E7
0                         1.1571428571428571E-7    -2.091122448979592E-7    8615149.076728588-2573911.882091709i              9939679.987042807
0                         1.1571428571428571E-7    -1.9092857142857144E-7   8328955.438452178-2525600.908303312i              9731657.748788884
0                         1.1571428571428571E-7    -1.7274489795918368E-7   7172272.000675082-2199600.9508945267i             8496971.394956505
0                         1.1571428571428571E-7    -1.5456122448979592E-7   6043235.827049786-1875167.4138039248i             7349064.007237779
0                         1.1571428571428571E-7    -1.3637755102040816E-7   5370930.836666267-1673514.6094624195i             6523892.492011043
0                         1.1571428571428571E-7    -1.181938775510204E-7    4708257.810319222-1474453.234822506i              5724323.084725779
0                         1.1571428571428571E-7    -1.0001020408163265E-7   3567244.5384112364-1143317.5894260567i            4762974.51319359
0                         1.1571428571428571E-7    -8.182653061224489E-8    2949939.842686105-946783.5165863326i              3845608.217008559
0                         1.1571428571428571E-7    -6.364285714285713E-8    2466794.2246490065-773831.3017570057i             3303023.942757767
0                         1.1571428571428571E-7    -4.545918367346937E-8    1868092.5179841896-586768.3040397085i             2704168.131682307
0                         1.1571428571428571E-7    -2.7275510204081612E-8   1114554.6430521968-349183.4214451261i             1792896.8271478869
0                         1.1571428571428571E-7    -9.091836734693906E-9    370962.19500746916-113777.66622333399i            1043827.1304506529
0                         1.1571428571428571E-7    9.091836734693853E-9     -410788.01160615013+127791.19745321525i           1377280.8046265203
0                         1.1571428571428571E-7    2.7275510204081612E-8    -1118221.5291650686+351447.71027699433i           2063200.364703103
0                         1.1571428571428571E-7    4.5459183673469424E-8    -1725691.542915476+546632.1269611664i             2604462.9560363283
0                         1.1571428571428571E-7    6.364285714285713E-8     -2259654.40846532+722324.6604229263i              3158247.2984596533
0                         1.1571428571428571E-7    8.182653061224494E-8     -2797163.458824307+898721.4982745566i             3743841.9628534154
0                         1.1571428571428571E-7    1.0001020408163265E-7    -3452221.1456373436+1103849.409887801i            4484625.488065553
0                         1.1571428571428571E-7    1.1819387755102046E-7    -4176188.953948277+1325917.0641706826i            5295584.399885931
0                         1.1571428571428571E-7    1.3637755102040816E-7    -4942892.250975953+1564209.902887809i             6141073.763521951
0                         1.1571428571428571E-7    1.5456122448979587E-7    -5917274.661154996+1847838.3834352912i            7223669.896726008
0                         1.1571428571428571E-7    1.7274489795918368E-7    -7104180.63437613+2178759.8724699677i             8415544.84855945
0                         1.1571428571428571E-7    1.909285714285714E-7     -8386613.564661283+2536540.639148857i             9801287.34486632
0                         1.1571428571428571E-7    2.091122448979592E-7     -8730168.33660453+2602967.6597689064i             1.0124720968975613E7
0                         1.1571428571428571E-7    2.272959183673469E-7     -9542681.402266772+2809742.6191735226i            1.1349410572539547E7
0                         1.1571428571428571E-7    2.454795918367347E-7     -1.0380396984965108E7+3025032.0594587103i         1.265089854664353E7
0                         1.1571428571428571E-7    2.636632653061224E-7     -1.1182424533568379E7+3230622.1396160666i         1.3927559599929266E7
0                         1.1571428571428571E-7    2.8184693877551024E-7    -1.2034944154479716E7+3442971.748047584i          1.5124321951801846E7
0                         1.1571428571428571E-7    3.0003061224489794E-7    -1.2844083111060709E7+3651285.789625931i          1.6220481735710781E7
0                         1.1571428571428571E-7    3.1821428571428575E-7    -1.3595074894230142E7+3844421.1321141906i         1.724652140807906E7
0                         1.1571428571428571E-7    3.3639795918367346E-7    -1.3957582650699392E7+3933522.323547368i          1.7842546446165413E7
0                         1.1571428571428571E-7    3.5458163265306127E-7    -1.4472543958643783E7+4056243.0367025966i         1.864276070807935E7
0                         1.1571428571428571E-7    3.72765306122449E-7      -1.4762155953635111E7+4130161.7057732753i         1.9052763261232514E7
0                         1.1571428571428571E-7    3.909489795918368E-7     -1.500693140134764E7+4192556.680394847i           1.938669588539768E7
0                         1.1571428571428571E-7    4.091326530612245E-7     -1.5206870301781384E7+4243427.960567317i          1.9644434273831464E7
0                         1.1571428571428571E-7    4.273163265306122E-7     -1.5262239736670233E7+4257433.656248044i          1.97894595179679E7
0                         1.1571428571428571E-7    4.455E-7                 -1.5314937049243135E7+4272225.713524006i          1.9871350164239272E7
0                         1.3224489795918366E-7    -4.455E-7                1.4639134060013011E7-4114619.4080567327i          2.01122839671234E7
0                         1.3224489795918366E-7    -4.2731632653061225E-7   1.4564000116962053E7-4092308.8343183873i          2.006845855127584E7
0                         1.3224489795918366E-7    -4.091326530612245E-7    1.4442584880245667E7-4057977.9205781436i          1.9944872823594593E7
0                         1.3224489795918366E-7    -3.9094897959183674E-7   1.4113052771685032E7-3984181.6009470834i          1.954806225964869E7
0                         1.3224489795918366E-7    -3.72765306122449E-7     1.3915206804948458E7-3923777.768918637i           1.9195901032286175E7
0                         1.3224489795918366E-7    -3.545816326530612E-7    1.3628725097524231E7-3848441.8520902894i          1.877558592348144E7
0                         1.3224489795918366E-7    -3.3639795918367346E-7   1.3173694037981031E7-3733512.6148843593i          1.806487749490788E7
0                         1.3224489795918366E-7    -3.1821428571428575E-7   1.258896289631666E7-3586188.2426631534i           1.720281247354373E7
0                         1.3224489795918366E-7    -3.0003061224489794E-7   1.1967013557175724E7-3428293.951440167i           1.6288083695068542E7
0                         1.3224489795918366E-7    -2.8184693877551024E-7   1.1293479803437168E7-3258681.3068967676i          1.5299433564193126E7
0                         1.3224489795918366E-7    -2.636632653061224E-7    1.0584969682964725E7-3078997.644636046i           1.3971682558168454E7
0                         1.3224489795918366E-7    -2.454795918367347E-7    9830330.149330204-2886841.2278733687i             1.2593604908814985E7
0                         1.3224489795918366E-7    -2.2729591836734696E-7   9118628.26615651-2701781.0133449426i              1.1257422313314376E7
0                         1.3224489795918366E-7    -2.091122448979592E-7    8275738.988984503-2484089.05760413i               9825859.68978119
0                         1.3224489795918366E-7    -1.9092857142857144E-7   8203634.213720245-2494007.164688231i              9782670.565973863
0                         1.3224489795918366E-7    -1.7274489795918368E-7   7047798.46383515-2167537.5716481656i              8519738.927743793
0                         1.3224489795918366E-7    -1.5456122448979592E-7   5970863.209699245-1856439.5678439913i             7341310.225198647
0                         1.3224489795918366E-7    -1.3637755102040816E-7   5097471.468352511-1600941.474865995i              6369845.481466778
0                         1.3224489795918366E-7    -1.181938775510204E-7    3930748.1268185563-1264403.5286763697i            5349474.099656909
0                         1.3224489795918366E-7    -1.0001020408163265E-7   3389810.9614616698-1094925.208945351i             4715537.110097028
0                         1.3224489795918366E-7    -8.182653061224489E-8    2803061.331921557-908156.5905007423i              3856019.345377087
0                         1.3224489795918366E-7    -6.364285714285713E-8    2194021.9447810207-710467.2071929405i             3120865.2155432734
0                         1.3224489795918366E-7    -4.545918367346937E-8    1585690.5027132593-512970.9854616942i             2419571.7626711274
0                         1.3224489795918366E-7    -2.7275510204081612E-8   1187636.3370583896-370431.2924437735i             2049082.9780864283
0                         1.3224489795918366E-7    -9.091836734693906E-9    309322.6007372065-101379.56958385717i             1446906.757748281
0                         1.3224489795918366E-7    9.091836734693853E-9     -468764.62400746316+143652.2418272116i            1628999.8079141555
0                         1.3224489795918366E-7    2.7275510204081612E-8    -1173075.120095195+366700.3653591177i             2307175.950359125
0                         1.3224489795918366E-7    4.5459183673469424E-8    -1655998.7080881654+528389.2712143053i            2590598.0166262165
0                         1.3224489795918366E-7    6.364285714285713E-8     -2188428.120598991+703775.6112160599i             3176706.7467691074
0                         1.3224489795918366E-7    8.182653061224494E-8     -2724403.7179189576+879866.255607684i             3801589.703804435
0                         1.3224489795918366E-7    1.0001020408163265E-7    -3346394.1935153813+1076592.8888339836i           4604171.83322654
0                         1.3224489795918366E-7    1.1819387755102046E-7    -4108981.7629783475+1315449.4634940666i           5471958.437695799
0                         1.3224489795918366E-7    1.3637755102040816E-7    -4855457.429712493+1538663.527108271i             6307116.87795237
0                         1.3224489795918366E-7    1.5456122448979587E-7    -5889855.73183218+1843393.066777381i              7642531.517177032
0                         1.3224489795918366E-7    1.7274489795918368E-7    -6840018.402106184+2119161.2652805173i            8386846.779792609
0                         1.3224489795918366E-7    1.909285714285714E-7     -7739075.203740017+2377790.699337997i             9418475.23971769
0                         1.3224489795918366E-7    2.091122448979592E-7     -7983506.816885101+2400242.623149839i             9738326.051828217
0                         1.3224489795918366E-7    2.272959183673469E-7     -8934066.196851091+2648664.103892563i             1.1190946861393819E7
0                         1.3224489795918366E-7    2.454795918367347E-7     -9759723.706680883+2861403.2968820315i            1.2597427269934235E7
0                         1.3224489795918366E-7    2.636632653061224E-7     -1.0535590220018879E7+3056942.672790484i          1.3971384627125658E7
0                         1.3224489795918366E-7    2.8184693877551024E-7    -1.1383315611931704E7+3276223.3120037587i         1.5194766606330818E7
0                         1.3224489795918366E-7    3.0003061224489794E-7    -1.217289383043295E7+3480325.2521269405i          1.635014902488292E7
0                         1.3224489795918366E-7    3.1821428571428575E-7    -1.2618958470653757E7+3598789.7887221584i         1.7141156597274266E7
0                         1.3224489795918366E-7    3.3639795918367346E-7    -1.312333417973034E7+3728190.1745038033i          1.793219086822274E7
0                         1.3224489795918366E-7    3.5458163265306127E-7    -1.3458122155148579E7+3816813.09107991i           1.856811148163378E7
0                         1.3224489795918366E-7    3.72765306122449E-7      -1.3751910096165694E7+3896014.6894191606i         1.9012222769570112E7
0                         1.3224489795918366E-7    3.909489795918368E-7     -1.4181238040935844E7+3996761.9275290854i         1.954127294473515E7
0                         1.3224489795918366E-7    4.091326530612245E-7     -1.4383560631238095E7+4048377.9108448434i         1.9814807955538344E7
0                         1.3224489795918366E-7    4.273163265306122E-7     -1.454104667426156E7+4088470.1997114965i          2.0010300871547304E7
0                         1.3224489795918366E-7    4.455E-7                 -1.463913406001298E7+4114619.408056772i           2.0112399428164657E7
0                         1.487755102040816E-7     -4.455E-7                1.3703099204092197E7-3885625.703271178i           2.029048272897579E7
0                         1.487755102040816E-7     -4.2731632653061225E-7   1.362628334094531E7-3863078.2945021917i           2.0252171957292363E7
0                         1.487755102040816E-7     -4.091326530612245E-7    1.3390905985024177E7-3812642.151100414i           2.000378885464477E7
0                         1.487755102040816E-7     -3.9094897959183674E-7   1.3240996580896098E7-3768919.212062756i           1.9760958232774947E7
0                         1.487755102040816E-7     -3.72765306122449E-7     1.3003847088428644E7-3703545.98927693i            1.9374147666887194E7
0                         1.487755102040816E-7     -3.545816326530612E-7    1.2726625066291725E7-3629072.959678944i           1.8947349382861584E7
0                         1.487755102040816E-7     -3.3639795918367346E-7   1.2396004347646346E7-3539391.3883193694i          1.8400619206479564E7
0                         1.487755102040816E-7     -3.1821428571428575E-7   1.187723897261827E7-3406451.312295693i            1.743155795272128E7
0                         1.487755102040816E-7     -3.0003061224489794E-7   1.1262565477081234E7-3249983.2989920345i          1.6456020608127834E7
0                         1.487755102040816E-7     -2.8184693877551024E-7   1.0616643247823559E7-3087818.782469951i           1.5448340882617533E7
0                         1.487755102040816E-7     -2.636632653061224E-7    9921272.347033644-2910777.9368346357i             1.4019556245234566E7
0                         1.487755102040816E-7     -2.454795918367347E-7    9362190.587911388-2759835.0492520193i             1.2661508772044426E7
0                         1.487755102040816E-7     -2.2729591836734696E-7   8350816.176286126-2493109.4003467066i             1.111623110647052E7
0                         1.487755102040816E-7     -2.091122448979592E-7    7427829.318434308-2247104.2600914645i             9503273.233695509
0                         1.487755102040816E-7     -1.9092857142857144E-7   7785666.386986103-2400637.910206039i              9744642.066139333
0                         1.487755102040816E-7     -1.7274489795918368E-7   6375876.041307172-1997052.9723686427i             8313982.316255733
0                         1.487755102040816E-7     -1.5456122448979592E-7   5003120.333595508-1597752.9472758372i             6957844.861694253
0                         1.487755102040816E-7     -1.3637755102040816E-7   4308451.346649878-1388793.5760604902i             6100162.405650263
0                         1.487755102040816E-7     -1.181938775510204E-7    3750595.520349778-1215459.2643348812i             5365008.238927019
0                         1.487755102040816E-7     -1.0001020408163265E-7   3212377.3845121046-1046532.8284646455i            4679879.411714344
0                         1.487755102040816E-7     -8.182653061224489E-8    2656182.821157008-869529.6644151517i              3878572.390742913
0                         1.487755102040816E-7     -6.364285714285713E-8    2049942.533721541-672366.4101579939i              3112762.1571976254
0                         1.487755102040816E-7     -4.545918367346937E-8    1444410.1913588499-475396.317477391i              2399655.892781813
0                         1.487755102040816E-7     -2.7275510204081612E-8   839585.794068936-278619.386373344i                1799408.8368338896
0                         1.487755102040816E-7     -9.091836734693906E-9    299249.99413219467-99739.82041025089i             1803004.8238922756
0                         1.487755102040816E-7     9.091836734693853E-9     -429033.19539692695+122955.63659907383i           1963450.984913704
0                         1.487755102040816E-7     2.7275510204081612E-8    -1227928.7110253216+381953.02044124104i           2556859.868166972
0                         1.487755102040816E-7     4.5459183673469424E-8    -1586305.8732608554+510146.4154674441i            2577482.572414284
0                         1.487755102040816E-7     6.364285714285713E-8     -2117201.83273266+685226.5620091929i              3195842.815866312
0                         1.487755102040816E-7     8.182653061224494E-8     -2651643.9770136103+861011.0129408119i            3864281.9572836105
0                         1.487755102040816E-7     1.0001020408163265E-7    -3323920.9290884095+1077284.4461029056i           4805892.801720359
0                         1.487755102040816E-7     1.1819387755102046E-7    -3851459.670172828+1241756.363866449i             5428747.267699433
0                         1.487755102040816E-7     1.3637755102040816E-7    -4879445.178440642+1550055.5765041132i            6811754.981505401
0                         1.487755102040816E-7     1.5456122448979587E-7    -5627184.0984339425+1775759.1230168056i           7534019.074539925
0                         1.487755102040816E-7     1.7274489795918368E-7    -6527632.959199234+2039603.4013449026i            8257605.700133609
0                         1.487755102040816E-7     1.909285714285714E-7     -7416349.955358623+2294765.7363392194i            9329652.224817112
0                         1.487755102040816E-7     2.091122448979592E-7     -7249096.76636481+2200642.098386116i              9430559.053337807
0                         1.487755102040816E-7     2.272959183673469E-7     -8301881.799546246+2477531.8906341633i            1.1064906979871418E7
0                         1.487755102040816E-7     2.454795918367347E-7     -9017210.588305987+2664159.1013536276i            1.2651358707992556E7
0                         1.487755102040816E-7     2.636632653061224E-7     -9903522.415550623+2894406.3382018236i            1.400568268542833E7
0                         1.487755102040816E-7     2.8184693877551024E-7    -1.073168706938369E7+3109474.875959931i           1.5295403779940486E7
0                         1.487755102040816E-7     3.0003061224489794E-7    -1.1345982061063709E7+3275264.8273927094i         1.6358139696951902E7
0                         1.487755102040816E-7     3.1821428571428575E-7    -1.1816662460754128E7+3400115.6747505856i         1.7235373250531487E7
0                         1.487755102040816E-7     3.3639795918367346E-7    -1.2289085708761297E7+3522858.0254602423i         1.8038753104857326E7
0                         1.487755102040816E-7     3.5458163265306127E-7    -1.2688576091654144E7+3626560.252930261i          1.8737223806912616E7
0                         1.487755102040816E-7     3.72765306122449E-7      -1.2980870641202258E7+3705431.0029697963i         1.9214874120966285E7
0                         1.487755102040816E-7     3.909489795918368E-7     -1.3243036966810081E7+3776497.965833657i          1.961142561892682E7
0                         1.487755102040816E-7     4.091326530612245E-7     -1.3560250960694816E7+3853327.8611223707i         2.000772591841052E7
0                         1.487755102040816E-7     4.273163265306122E-7     -1.3683774374178164E7+3884856.732359641i          2.0206837523116346E7
0                         1.487755102040816E-7     4.455E-7                 -1.370309920409217E7+3885625.7032712144i          2.0290458762179427E7
0                         1.6530612244897956E-7    -4.455E-7                1.2767064348171383E7-3656631.9984856234i          2.0482178575862255E7
0                         1.6530612244897956E-7    -4.2731632653061225E-7   1.2628302016462186E7-3630151.2749820235i          2.0385907283429474E7
0                         1.6530612244897956E-7    -4.091326530612245E-7    1.2520020359178348E7-3597487.2622283837i          2.0225114255222946E7
0                         1.6530612244897956E-7    -3.9094897959183674E-7   1.2368940390107164E7-3553656.823178428i           1.9960652615862396E7
0                         1.6530612244897956E-7    -3.72765306122449E-7     1.2114473524202503E7-3488651.165962045i           1.96008566620455E7
0                         1.6530612244897956E-7    -3.545816326530612E-7    1.1824525035059214E7-3409704.067267601i           1.912760420783697E7
0                         1.6530612244897956E-7    -3.3639795918367346E-7   1.1495872571094329E7-3320392.4701394853i          1.8559375644789953E7
0                         1.6530612244897956E-7    -3.1821428571428575E-7   1.1128516132307854E7-3220716.374577696i           1.789638143821652E7
0                         1.6530612244897956E-7    -3.0003061224489794E-7   1.055811739698674E7-3071672.646543902i            1.665275753139844E7
0                         1.6530612244897956E-7    -2.8184693877551024E-7   9939806.69220995-2916956.258043136i               1.5618135667745981E7
0                         1.6530612244897956E-7    -2.636632653061224E-7    9542524.046012476-2801374.5692621325i             1.4229096714774666E7
0                         1.6530612244897956E-7    -2.454795918367347E-7    8541389.77101688-2539136.725423727i               1.2611434066740884E7
0                         1.6530612244897956E-7    -2.2729591836734696E-7   7541508.7144568125-2271015.329383792i             1.0990413242737127E7
0                         1.6530612244897956E-7    -2.091122448979592E-7    6480551.132595226-1983699.5983282006i             9328145.705172185
0                         1.6530612244897956E-7    -1.9092857142857144E-7   5621729.011343129-1757889.2821802543i             7548341.251172389
0                         1.6530612244897956E-7    -1.7274489795918368E-7   6063410.235795242-1926229.6570813467i             8398922.884793954
0                         1.6530612244897956E-7    -1.5456122448979592E-7   5248824.917926039-1678718.782403372i              7299619.174334018
0                         1.6530612244897956E-7    -1.3637755102040816E-7   4363473.418995742-1406151.3660516832i             6309445.285670971
0                         1.6530612244897956E-7    -1.181938775510204E-7    3570442.9138810006-1166514.9999933934i            5399034.342676672
0                         1.6530612244897956E-7    -1.0001020408163265E-7   3034943.8075625384-998140.4479839398i             4654943.40448778
0                         1.6530612244897956E-7    -8.182653061224489E-8    2519082.3917065053-834173.7718298594i             3971091.2841417105
0                         1.6530612244897956E-7    -6.364285714285713E-8    1905863.1226620623-634265.613123047i              3115786.190345568
0                         1.6530612244897956E-7    -4.545918367346937E-8    1303129.880004441-437821.64949308825i             2398036.8568157223
0                         1.6530612244897956E-7    -2.7275510204081612E-8   420076.61974808516-164843.99257105018i            2120373.692754675
0                         1.6530612244897956E-7    -9.091836734693906E-9    -205404.94646834512+34446.8257425481i             1856850.3368857622
0                         1.6530612244897956E-7    9.091836734693853E-9     -293268.44088111934+105005.32650899146i           2193767.06882426
0                         1.6530612244897956E-7    2.7275510204081612E-8    -644791.0331811896+219104.21767390717i            2000395.3802075975
0                         1.6530612244897956E-7    4.5459183673469424E-8    -1295557.4467793165+429639.60483099363i           2446212.5895037823
0                         1.6530612244897956E-7    6.364285714285713E-8     -1891558.6728130495+624876.5065899956i            3113076.186779457
0                         1.6530612244897956E-7    8.182653061224494E-8     -2490594.276917113+820721.1566429023i             3853948.176938766
0                         1.6530612244897956E-7    1.0001020408163265E-7    -3130984.584357093+1023737.3124382112i            4786117.587095968
0                         1.6530612244897956E-7    1.1819387755102046E-7    -3916715.282866914+1266697.7646676607i            5979335.741911686
0                         1.6530612244897956E-7    1.3637755102040816E-7    -4623966.401847246+1483860.447901838i             6666139.282557164
0                         1.6530612244897956E-7    1.5456122448979587E-7    -5364411.428669792+1708065.4859114962i            7423311.834150793
0                         1.6530612244897956E-7    1.7274489795918368E-7    -6223547.659106961+1962919.2906025138i            8124850.652089188
0                         1.6530612244897956E-7    1.909285714285714E-7     -5742719.936821481+1785131.6850164407i            7580056.042974503
0                         1.6530612244897956E-7    2.091122448979592E-7     -6580750.838716152+2018172.735066193i             9193560.29698451
0                         1.6530612244897956E-7    2.272959183673469E-7     -7557082.180545077+2276565.7271826817i            1.0911627918964216E7
0                         1.6530612244897956E-7    2.454795918367347E-7     -8423680.347669616+2500631.8107540626i            1.2619291684075214E7
0                         1.6530612244897956E-7    2.636632653061224E-7     -9271454.611082358+2731870.003613163i             1.4045783440181538E7
0                         1.6530612244897956E-7    2.8184693877551024E-7    -1.0056750121888308E7+2946295.7691318127i         1.538005815759079E7
0                         1.6530612244897956E-7    3.0003061224489794E-7    -1.055025258616237E7+3077856.5223193i             1.6387121376763597E7
0                         1.6530612244897956E-7    3.1821428571428575E-7    -1.1014366450854493E7+3201441.560779012i          1.7317764615932494E7
0                         1.6530612244897956E-7    3.3639795918367346E-7    -1.1454837237792255E7+3317525.8764166804i         1.813444950663601E7
0                         1.6530612244897956E-7    3.5458163265306127E-7    -1.1905197824039098E7+3433293.494252573i          1.8834752123140704E7
0                         1.6530612244897956E-7    3.72765306122449E-7      -1.2209831186238825E7+3514847.316520431i          1.9392733325751983E7
0                         1.6530612244897956E-7    3.909489795918368E-7     -1.2470504120377641E7+3585583.431084575i          1.9822491339901075E7
0                         1.6530612244897956E-7    4.091326530612245E-7     -1.2639402211702056E7+3628298.9730643323i         2.015353037372955E7
0                         1.6530612244897956E-7    4.273163265306122E-7     -1.275056291436233E7+3656310.4150611297i          2.0391073020309743E7
0                         1.6530612244897956E-7    4.455E-7                 -1.2767064348171351E7+3656631.9984856555i         2.0481948334855694E7
0                         1.8183673469387754E-7    -4.455E-7                1.1831029492250578E7-3427638.29370007i            2.0662909903066076E7
0                         1.8183673469387754E-7    -4.2731632653061225E-7   1.1758586955559459E7-3415103.88612229i            2.0588824505638205E7
0                         1.8183673469387754E-7    -4.091326530612245E-7    1.1649134733332515E7-3382332.3733563544i          2.040730029443523E7
0                         1.8183673469387754E-7    -3.9094897959183674E-7   1.1442555249045966E7-3328238.8256560387i          2.0202598153110567E7
0                         1.8183673469387754E-7    -3.72765306122449E-7     1.1210405238289509E7-3268912.299319241i           1.97833764680648E7
0                         1.8183673469387754E-7    -3.545816326530612E-7    1.09224250038267E7-3190335.174856256i             1.9291063800143175E7
0                         1.8183673469387754E-7    -3.3639795918367346E-7   1.0595740794542313E7-3101393.5519596003i          1.8701964781777833E7
0                         1.8183673469387754E-7    -3.1821428571428575E-7   1.023035261043632E7-3002087.4306292697i           1.8016154729597423E7
0                         1.8183673469387754E-7    -3.0003061224489794E-7   9853669.31689225-2893361.994095768i               1.6862369560735893E7
0                         1.8183673469387754E-7    -2.8184693877551024E-7   9659628.640459782-2826399.5733752847i             1.5936764818228582E7
0                         1.8183673469387754E-7    -2.636632653061224E-7    8696330.260879405-2575498.0484430245i             1.4302149356211096E7
0                         1.8183673469387754E-7    -2.454795918367347E-7    7720588.954122368-2318438.4015954346i             1.2623908831363546E7
0                         1.8183673469387754E-7    -2.2729591836734696E-7   6849831.1694994075-2092718.6464626736i            1.1118652222233206E7
0                         1.8183673469387754E-7    -2.091122448979592E-7    5703624.2583027175-1774735.1077074818i            9152249.068511063
0                         1.8183673469387754E-7    -1.9092857142857144E-7   4724340.586363505-1503825.4840436755i             7295228.414771394
0                         1.8183673469387754E-7    -1.7274489795918368E-7   5800505.928648207-1870858.1163911794i             8552895.016127363
0                         1.8183673469387754E-7    -1.5456122448979592E-7   5343299.092468-1719119.8765418844i                7577859.352858902
0                         1.8183673469387754E-7    -1.3637755102040816E-7   4460486.835463928-1446788.120054895i              6544926.532445183
0                         1.8183673469387754E-7    -1.181938775510204E-7    3599625.8627452794-1179370.944603356i             5558187.711365117
0                         1.8183673469387754E-7    -1.0001020408163265E-7   2760809.2480377406-916890.4935960532i             4626493.82722632
0                         1.8183673469387754E-7    -8.182653061224489E-8    2183608.836334109-724258.0308453941i              3745712.718029111
0                         1.8183673469387754E-7    -6.364285714285713E-8    1513298.5653426284-526796.8194647322i             3080814.7923934087
0                         1.8183673469387754E-7    -4.545918367346937E-8    1388000.8497122265-465447.99736526655i            2913716.588646282
0                         1.8183673469387754E-7    -2.7275510204081612E-8   791451.6143032467-267196.82631911605i             2291828.56797827
0                         1.8183673469387754E-7    -9.091836734693906E-9    206226.48114330182-71466.15495511267i             1911355.0407885169
0                         1.8183673469387754E-7    9.091836734693853E-9     -242659.37118680077+80778.94200500828i            1822544.4630034452
0                         1.8183673469387754E-7    2.7275510204081612E-8    -492476.64488609+181033.80251882106i              2085587.8099524293
0                         1.8183673469387754E-7    4.5459183673469424E-8    -1085943.1768641172+372883.20400308596i           2472295.900306333
0                         1.8183673469387754E-7    6.364285714285713E-8     -1722650.9513917835+579491.2736787074i            3076032.1416519056
0                         1.8183673469387754E-7    8.182653061224494E-8     -2317881.2310510897+774570.6256510981i            3835798.009926815
0                         1.8183673469387754E-7    1.0001020408163265E-7    -2842581.8797872816+944680.1906218978i            4684932.30791949
0                         1.8183673469387754E-7    1.1819387755102046E-7    -3668385.6694635805+1201932.0870134446i           5782711.766126454
0                         1.8183673469387754E-7    1.3637755102040816E-7    -4368362.132921459+1417600.530352247i             6514245.265172868
0                         1.8183673469387754E-7    1.5456122448979587E-7    -5101528.372680913+1640310.6988360498i            7309021.398622939
0                         1.8183673469387754E-7    1.7274489795918368E-7    -5867657.4822637895+1870014.7878358702i           8161446.767234188
0                         1.8183673469387754E-7    1.909285714285714E-7     -5265508.243541408+1648785.4111287715i            7563206.1730683595
0                         1.8183673469387754E-7    2.091122448979592E-7     -6092755.9479707265+1879549.153709226i            9305933.03279299
0                         1.8183673469387754E-7    2.272959183673469E-7     -6650445.055029036+2030900.54789442i              1.1090639550991725E7
0                         1.8183673469387754E-7    2.454795918367347E-7     -7941167.082043731+2381966.0859981254i            1.2756556843974685E7
0                         1.8183673469387754E-7    2.636632653061224E-7     -8722556.717084844+2592880.3761101253i            1.4184343388557017E7
0                         1.8183673469387754E-7    2.8184693877551024E-7    -9267587.18198527+2750153.2729565697i             1.5316822462700417E7
0                         1.8183673469387754E-7    3.0003061224489794E-7    -9754523.11126104+2880448.2172458936i             1.6380341259044804E7
0                         1.8183673469387754E-7    3.1821428571428575E-7    -1.0212070440954857E7+3002767.4468074366i         1.736497201304605E7
0                         1.8183673469387754E-7    3.3639795918367346E-7    -1.0620588766823202E7+3112193.7273731157i         1.8196037923438985E7
0                         1.8183673469387754E-7    3.5458163265306127E-7    -1.1061701108012453E7+3226325.0446650153i         1.8930345487040658E7
0                         1.8183673469387754E-7    3.72765306122449E-7      -1.143879173127539E7+3324263.630071065i           1.9522478835504677E7
0                         1.8183673469387754E-7    3.909489795918368E-7     -1.160372598117939E7+3361722.2262420338i          1.9977482424037747E7
0                         1.8183673469387754E-7    4.091326530612245E-7     -1.173607201326685E7+3397434.7578675263i          2.0329560144896526E7
0                         1.8183673469387754E-7    4.273163265306122E-7     -1.1828900465262484E7+3422675.7540673465i         2.0575629118464217E7
0                         1.8183673469387754E-7    4.455E-7                 -1.1831029492250543E7+3427638.2937001i            2.0662428335134707E7
0                         1.9836734693877549E-7    -4.455E-7                1.096237341221204E7-3203557.262667623i            2.0751110413816705E7
0                         1.9836734693877549E-7    -4.2731632653061225E-7   1.0981099078709772E7-3206134.8996351482i          2.0809061740478154E7
0                         1.9836734693877549E-7    -4.091326530612245E-7    1.0778249107486688E7-3167177.4844843247i          2.0528315983117152E7
0                         1.9836734693877549E-7    -3.9094897959183674E-7   1.052438381038009E7-3106765.6060766424i           2.0351721373052534E7
0                         1.9836734693877549E-7    -3.72765306122449E-7     1.0306336952376507E7-3049173.4326764373i          1.9928217995035682E7
0                         1.9836734693877549E-7    -3.545816326530612E-7    1.0020324972594196E7-2970966.282444914i           1.941670937301145E7
0                         1.9836734693877549E-7    -3.3639795918367346E-7   9695609.017990291-2882394.6337797153i             1.8807212501031615E7
0                         1.9836734693877549E-7    -3.1821428571428575E-7   9275877.667262074-2755298.37429062i               1.729880913939816E7
0                         1.9836734693877549E-7    -3.0003061224489794E-7   8934824.872313928-2675238.1022161962i             1.6578609481337504E7
0                         1.9836734693877549E-7    -2.8184693877551024E-7   8208333.252978042-2469152.8841445404i             1.5092013855275845E7
0                         1.9836734693877549E-7    -2.636632653061224E-7    7538257.181006503-2284054.234324979i              1.380140154154278E7
0                         1.9836734693877549E-7    -2.454795918367347E-7    6866258.12428946-2095525.3185166707i              1.2486106764323564E7
0                         1.9836734693877549E-7    -2.2729591836734696E-7   6108777.316218079-1882309.9948340077i             1.091714868614814E7
0                         1.9836734693877549E-7    -2.091122448979592E-7    5317583.982337279-1663058.240478597i              9334633.298952654
0                         1.9836734693877549E-7    -1.9092857142857144E-7   4171824.9556996822-1342549.1792231444i            7273843.773167705
0                         1.9836734693877549E-7    -1.7274489795918368E-7   4770613.559190635-1579228.6289303014i             7465821.46118545
0                         1.9836734693877549E-7    -1.5456122448979592E-7   4320832.736806948-1432136.3563864199i             6753510.000433007
0                         1.9836734693877549E-7    -1.3637755102040816E-7   3862027.33594519-1280793.809654003i               6049273.687346551
0                         1.9836734693877549E-7    -1.181938775510204E-7    3393628.4930239026-1124910.517551398i             5352414.120874436
0                         1.9836734693877549E-7    -1.0001020408163265E-7   2915026.6972512077-964171.3839324818i             4662584.858108908
0                         1.9836734693877549E-7    -8.182653061224489E-8    2394807.6971952897-797452.338820791i              4251002.266740415
0                         1.9836734693877549E-7    -6.364285714285713E-8    1539568.692199667-531204.562477251i               3023327.4213661803
0                         1.9836734693877549E-7    -4.545918367346937E-8    1106662.6506639174-382630.78711490665i            2602229.9152014307
0                         1.9836734693877549E-7    -2.7275510204081612E-8   683311.351743155-236076.18655444813i              2286720.385065178
0                         1.9836734693877549E-7    -9.091836734693906E-9    342610.1429756118-111603.31207611857i             1924152.617986815
0                         1.9836734693877549E-7    9.091836734693853E-9     -164192.0620155388+57930.14815541636i             1942252.24877519
0                         1.9836734693877549E-7    2.7275510204081612E-8    -707138.0760703087+241467.76235874172i            2199495.662549782
0                         1.9836734693877549E-7    4.5459183673469424E-8    -1253615.0585261085+425737.3942827846i            2653289.5256721466
0                         1.9836734693877549E-7    6.364285714285713E-8     -1553743.2299705173+534106.040767419i             3052323.2257828927
0                         1.9836734693877549E-7    8.182653061224494E-8     -2206625.797955081+743500.4326221689i             4056637.3626375142
0                         1.9836734693877549E-7    1.0001020408163265E-7    -2760604.410410053+930008.1353112885i             4872942.639132614
0                         1.9836734693877549E-7    1.1819387755102046E-7    -3419906.174405605+1137096.539434593i             5582739.202220675
0                         1.9836734693877549E-7    1.3637755102040816E-7    -4112623.1901361863+1351274.404296021i            6356968.456590255
0                         1.9836734693877549E-7    1.5456122448979587E-7    -5052278.854781998+1642625.8861136506i            7327379.266121461
0                         1.9836734693877549E-7    1.7274489795918368E-7    -5715682.97988718+1844991.7761789532i             8148979.072724212
0                         1.9836734693877549E-7    1.909285714285714E-7     -4595637.589363403+1455876.4245273327i            7596913.702205172
0                         1.9836734693877549E-7    2.091122448979592E-7     -5436937.926090119+1694060.4371385742i            9506839.734210284
0                         1.9836734693877549E-7    2.272959183673469E-7     -6286114.335551719+1933785.386361951i             1.1319384488731522E7
0                         1.9836734693877549E-7    2.454795918367347E-7     -7063940.079537074+2147056.605986595i             1.2793022627386423E7
0                         1.9836734693877549E-7    2.636632653061224E-7     -7813547.918569045+2350507.2815406476i            1.4185740691955037E7
0                         1.9836734693877549E-7    2.8184693877551024E-7    -8384421.67213857+2507667.761924919i              1.5360601844425924E7
0                         1.9836734693877549E-7    3.0003061224489794E-7    -8931918.408775326+2658177.147505044i             1.6456334102906218E7
0                         1.9836734693877549E-7    3.1821428571428575E-7    -9456038.12847932+2802035.438281025i              1.7472409778557993E7
0                         1.9836734693877549E-7    3.3639795918367346E-7    -9954865.006795026+2932663.0148604275i            1.8389387314569194E7
0                         1.9836734693877549E-7    3.5458163265306127E-7    -1.0256997101023419E7+3011210.667473443i          1.9004855649825357E7
0                         1.9836734693877549E-7    3.72765306122449E-7      -1.0531611793008642E7+3083315.926549305i          1.9574254864072658E7
0                         1.9836734693877549E-7    3.909489795918368E-7     -1.0706694204727765E7+3132508.9933503014i         2.007430735480241E7
0                         1.9836734693877549E-7    4.091326530612245E-7     -1.0832741814831646E7+3166570.5426707184i         2.0451581843440082E7
0                         1.9836734693877549E-7    4.273163265306122E-7     -1.096487232804989E7+3202542.183613484i           2.0727297395417176E7
0                         1.9836734693877549E-7    4.455E-7                 -1.0962373412212024E7+3203557.2626676536i         2.075042731913281E7
0                         2.1489795918367344E-7    -4.455E-7                1.0068123611125657E7-2981311.500485849i           2.066973531379339E7
0                         2.1489795918367344E-7    -4.2731632653061225E-7   1.0068770356457716E7-3006616.862504805i           2.0755568763670515E7
0                         2.1489795918367344E-7    -4.091326530612245E-7    1.0059270531167753E7-2991990.2007207326i          2.075456583824662E7
0                         2.1489795918367344E-7    -3.9094897959183674E-7   1.0710707851217488E7-3053168.650860294i           2.0921798554616187E7
0                         2.1489795918367344E-7    -3.72765306122449E-7     1.0404817895826224E7-2976832.557997146i           2.0541839561283354E7
0                         2.1489795918367344E-7    -3.545816326530612E-7    8917139.911664952-2677250.619650381i              1.873737634324767E7
0                         2.1489795918367344E-7    -3.3639795918367346E-7   8675295.20901951-2605677.5851566102i              1.8164585738790307E7
0                         2.1489795918367344E-7    -3.1821428571428575E-7   8400728.856100442-2524967.052319155i              1.750706836799729E7
0                         2.1489795918367344E-7    -3.0003061224489794E-7   8105048.286497956-2451639.2337087723i             1.6846111845326535E7
0                         2.1489795918367344E-7    -2.8184693877551024E-7   7576583.915357904-2313549.354333671i              1.5453250719016325E7
0                         2.1489795918367344E-7    -2.636632653061224E-7    6953851.431798967-2128996.8046879075i             1.410661825156611E7
0                         2.1489795918367344E-7    -2.454795918367347E-7    6294462.889853165-1943117.903275079i              1.2726970066324996E7
0                         2.1489795918367344E-7    -2.2729591836734696E-7   5562861.866859623-1736825.2852445364i             1.1131827835876007E7
0                         2.1489795918367344E-7    -2.091122448979592E-7    4751752.441229925-1502528.5135359317i             9473289.871616833
0                         2.1489795918367344E-7    -1.9092857142857144E-7   4056419.1629593335-1297894.0917590875i            7886857.366061818
0                         2.1489795918367344E-7    -1.7274489795918368E-7   3084065.4797759256-1010305.6884547952i            5616046.548924293
0                         2.1489795918367344E-7    -1.5456122448979592E-7   4333123.872765327-1434438.2607222705i             6747852.417117714
0                         2.1489795918367344E-7    -1.3637755102040816E-7   3865606.8766384055-1280164.8844949026i            5986402.383910948
0                         2.1489795918367344E-7    -1.181938775510204E-7    3388474.8839327483-1121301.187161584i             5226255.442213154
0                         2.1489795918367344E-7    -1.0001020408163265E-7   2609573.1724059563-885777.5352639119i             4563634.385223408
0                         2.1489795918367344E-7    -8.182653061224489E-8    1979707.350129167-680513.2762167364i              3962572.972323498
0                         2.1489795918367344E-7    -6.364285714285713E-8    1811227.9377838625-609750.586684476i              3700542.770336347
0                         2.1489795918367344E-7    -4.545918367346937E-8    1043089.1530186515-365614.8516853205i             2645722.529167881
0                         2.1489795918367344E-7    -2.7275510204081612E-8   625265.1521816006-220230.65523751383i             2310137.9005604032
0                         2.1489795918367344E-7    -9.091836734693906E-9    273448.5396321009-91730.3861197046i               1977683.5681993123
0                         2.1489795918367344E-7    9.091836734693853E-9     -168648.7604969174+62124.292164479266i            2016523.152151891
0                         2.1489795918367344E-7    2.7275510204081612E-8    -615600.4568270077+217107.0845966104i             2234425.0772479
0                         2.1489795918367344E-7    4.5459183673469424E-8    -1067406.5493581716+373217.99117668957i           2593006.011780753
0                         2.1489795918367344E-7    6.364285714285713E-8     -1524067.038090404+530457.0119047149i             3048535.9000125425
0                         2.1489795918367344E-7    8.182653061224494E-8     -1984274.9181701913+676532.6707513494i            4079526.9091191078
0                         2.1489795918367344E-7    1.0001020408163265E-7    -2400206.608681365+835288.5513048463i             4569205.3571105385
0                         2.1489795918367344E-7    1.1819387755102046E-7    -3072706.736672763+1048144.9338861636i            5319153.8128150785
0                         2.1489795918367344E-7    1.3637755102040816E-7    -3753316.7555141146+1260767.5853872108i           6117025.965975508
0                         2.1489795918367344E-7    1.5456122448979587E-7    -4440937.522295795+1473011.3201290038i            6955197.819801868
0                         2.1489795918367344E-7    1.7274489795918368E-7    -3141427.2856851467+1034189.6312575045i           5820287.475539889
0                         2.1489795918367344E-7    1.909285714285714E-7     -4058504.497393923+1298799.8762383536i            7799654.74075618
0                         2.1489795918367344E-7    2.091122448979592E-7     -4886226.236627951+1533901.6451620327i            9812608.90220819
0                         2.1489795918367344E-7    2.272959183673469E-7     -5719912.97142472+1770027.2508823664i             1.1637992050004037E7
0                         2.1489795918367344E-7    2.454795918367347E-7     -6046044.02858101+1878323.271433854i              1.2371238816961715E7
0                         2.1489795918367344E-7    2.636632653061224E-7     -6972005.85116952+2120516.704020889i              1.4260587482313968E7
0                         2.1489795918367344E-7    2.8184693877551024E-7    -7468714.880069193+2264051.4431735384i            1.5402747691449769E7
0                         2.1489795918367344E-7    3.0003061224489794E-7    -8009513.6231523715+2413317.6045717625i           1.6542332334751057E7
0                         2.1489795918367344E-7    3.1821428571428575E-7    -8526935.349302793+2555932.6711658416i            1.7600430910657797E7
0                         2.1489795918367344E-7    3.3639795918367346E-7    -8975357.995593457+2674510.424235642i             1.851280421242647E7
0                         2.1489795918367344E-7    3.5458163265306127E-7    -9214070.253936352+2747414.3308617664i            1.9059319750475828E7
0                         2.1489795918367344E-7    3.72765306122449E-7      -9439134.259230917+2808266.8477880484i            1.9613510322208893E7
0                         2.1489795918367344E-7    3.909489795918368E-7     -9735446.851760743+2915163.230123107i             2.01541562170292E7
0                         2.1489795918367344E-7    4.091326530612245E-7     -9891160.322782427+2956434.526936193i             2.0602084901419647E7
0                         2.1489795918367344E-7    4.273163265306122E-7     -9979613.985768206+2987537.7146414346i            2.067707492580008E7
0                         2.1489795918367344E-7    4.455E-7                 -1.0068123611125661E7+2981311.500485881i          2.0669146293893263E7
0                         2.3142857142857141E-7    -4.455E-7                8971076.703675412-2720354.352950134i              2.0628004216272186E7
0                         2.3142857142857141E-7    -4.2731632653061225E-7   8993884.866561096-2714818.219156149i              2.074659573591149E7
0                         2.3142857142857141E-7    -4.091326530612245E-7    8978470.680777712-2699070.8489832254i             2.0750604252219457E7
0                         2.3142857142857141E-7    -3.9094897959183674E-7   8780029.553533401-2648492.687790063i              2.027831802661236E7
0                         2.3142857142857141E-7    -3.72765306122449E-7     8237803.116586749-2506711.3746997667i             1.9416337615327522E7
0                         2.3142857142857141E-7    -3.545816326530612E-7    8033117.076311064-2445156.991592759i              1.890520142546515E7
0                         2.3142857142857141E-7    -3.3639795918367346E-7   7795709.385761749-2374465.110142065i              1.8308822449725658E7
0                         2.3142857142857141E-7    -3.1821428571428575E-7   7555704.26628121-2316096.3245833996i              1.7647876023318432E7
0                         2.3142857142857141E-7    -3.0003061224489794E-7   7275271.700681984-2228040.36520135i               1.7049075318677306E7
0                         2.3142857142857141E-7    -2.8184693877551024E-7   6824324.330495983-2104442.332199119i              1.5679627581203425E7
0                         2.3142857142857141E-7    -2.636632653061224E-7    6288984.145796068-1959870.5720068899i             1.433985131029408E7
0                         2.3142857142857141E-7    -2.454795918367347E-7    5742676.097826857-1810744.516311549i              1.293256080013875E7
0                         2.3142857142857141E-7    -2.2729591836734696E-7   5016946.4175011655-1591340.5756550634i            1.1299486126081055E7
0                         2.3142857142857141E-7    -2.091122448979592E-7    4131687.4977213438-1335059.0936594326i            9673557.29293439
0                         2.3142857142857141E-7    -1.9092857142857144E-7   3252941.4692145595-1084859.7276367433i            7695669.7742682835
0                         2.3142857142857141E-7    -1.7274489795918368E-7   2868525.962913944-946478.8989221294i              6030530.097850344
0                         2.3142857142857141E-7    -1.5456122448979592E-7   4352011.098381046-1439420.5510337374i             6699610.794649314
0                         2.3142857142857141E-7    -1.3637755102040816E-7   3756409.049059363-1264279.150273053i              5907934.67745232
0                         2.3142857142857141E-7    -1.181938775510204E-7    3009127.7222996983-1027729.3654629545i            5172220.93057317
0                         2.3142857142857141E-7    -1.0001020408163265E-7   2243315.7541003283-782249.3396399921i             4506314.27982455
0                         2.3142857142857141E-7    -8.182653061224489E-8    1757357.821882348-619637.8939066704i              3815208.867540384
0                         2.3142857142857141E-7    -6.364285714285713E-8    1503083.3265101053-523700.7473400518i             3452129.002823382
0                         2.3142857142857141E-7    -4.545918367346937E-8    1245710.8130848967-425888.2269713826i             3153758.9503412065
0                         2.3142857142857141E-7    -2.7275510204081612E-8   637760.0921530746-223813.59415825878i             2182990.115596568
0                         2.3142857142857141E-7    -9.091836734693906E-9    204286.93628858996-71857.46016329073i             2041513.4737995146
0                         2.3142857142857141E-7    9.091836734693853E-9     -234040.6157769682+81226.78797962528i             2103758.2077885605
0                         2.3142857142857141E-7    2.7275510204081612E-8    -680314.7538184164+236658.48319149012i            2347648.06191652
0                         2.3142857142857141E-7    4.5459183673469424E-8    -1055339.8727771747+369682.1305921966i            2682385.731337712
0                         2.3142857142857141E-7    6.364285714285713E-8     -1435587.3629020571+503924.6595032152i            3102444.276711577
0                         2.3142857142857141E-7    8.182653061224494E-8     -1796462.0304808542+631978.7804023604i            4010733.866705558
0                         2.3142857142857141E-7    1.0001020408163265E-7    -2279054.076817529+789247.2454838736i             4508722.205833707
0                         2.3142857142857141E-7    1.1819387755102046E-7    -2641542.7729805+919105.6295065945i               5109958.166537608
0                         2.3142857142857141E-7    1.3637755102040816E-7    -3054469.2594463564+1066764.3098144599i           5694224.3906817725
0                         2.3142857142857141E-7    1.5456122448979587E-7    -3778226.9349980187+1290222.9155125201i           6570317.620594362
0                         2.3142857142857141E-7    1.7274489795918368E-7    -2588205.654981424+870281.1264578244i             6007415.130583646
0                         2.3142857142857141E-7    1.909285714285714E-7     -3521367.8186679194+1141722.1334286921i           8025220.580198784
0                         2.3142857142857141E-7    2.091122448979592E-7     -4075453.962050591+1311109.2240257186i            9783020.841830334
0                         2.3142857142857141E-7    2.272959183673469E-7     -4906912.529933127+1553472.1384179462i            1.1332912358031135E7
0                         2.3142857142857141E-7    2.454795918367347E-7     -5594314.822401982+1753264.8959061077i            1.2685906735261034E7
0                         2.3142857142857141E-7    2.636632653061224E-7     -6200022.7904176265+1926318.9437838644i           1.428728087509721E7
0                         2.3142857142857141E-7    2.8184693877551024E-7    -6705013.244169338+2064705.6899896555i            1.5451659534717437E7
0                         2.3142857142857141E-7    3.0003061224489794E-7    -7099983.245672432+2180836.299280171i             1.6526518107421467E7
0                         2.3142857142857141E-7    3.1821428571428575E-7    -7473091.684102723+2290775.1362056653i            1.7526375152111106E7
0                         2.3142857142857141E-7    3.3639795918367346E-7    -7799256.896810021+2396374.727071607i             1.8453663538798094E7
0                         2.3142857142857141E-7    3.5458163265306127E-7    -8040322.552320101+2462589.434676063i             1.900630075385269E7
0                         2.3142857142857141E-7    3.72765306122449E-7      -8460048.073752904+2571739.012789439i             1.9706124338353667E7
0                         2.3142857142857141E-7    3.909489795918368E-7     -8666188.617741322+2624106.898325131i             2.0180937088238925E7
0                         2.3142857142857141E-7    4.091326530612245E-7     -8819749.31418474+2664950.154302333i              2.0603695381933983E7
0                         2.3142857142857141E-7    4.273163265306122E-7     -8909422.916767769+2696456.5608446025i            2.067128321328542E7
0                         2.3142857142857141E-7    4.455E-7                 -8971076.703675408+2720354.352950159i             2.06274571639226E7
0                         2.4795918367346934E-7    -4.455E-7                7902105.57427221-2429676.417990331i               2.0508634055521455E7
0                         2.4795918367346934E-7    -4.2731632653061225E-7   7918999.376664475-2423019.575807494i              2.063385242174253E7
0                         2.4795918367346934E-7    -4.091326530612245E-7    7897670.830387675-2406151.497245718i              2.0643870151393585E7
0                         2.4795918367346934E-7    -3.9094897959183674E-7   7552250.045329696-2330771.4364637863i             2.0011567477809455E7
0                         2.4795918367346934E-7    -3.72765306122449E-7     7349343.269136745-2273736.593599069i              1.949997166040937E7
0                         2.4795918367346934E-7    -3.545816326530612E-7    7149094.24095718-2213063.363535137i               1.8965624690397266E7
0                         2.4795918367346934E-7    -3.3639795918367346E-7   6916123.562503992-2143252.635127521i              1.83459586002282E7
0                         2.4795918367346934E-7    -3.1821428571428575E-7   6720992.648139467-2091546.183168148i              1.7768098003396634E7
0                         2.4795918367346934E-7    -3.0003061224489794E-7   6445495.114866012-2004441.4966939257i             1.716963388292981E7
0                         2.4795918367346934E-7    -2.8184693877551024E-7   6097802.904212769-1900931.5601352442i             1.6041228442306839E7
0                         2.4795918367346934E-7    -2.636632653061224E-7    5550008.559306515-1753508.8913896168i             1.4456734748742575E7
0                         2.4795918367346934E-7    -2.454795918367347E-7    5016984.509709664-1607128.177211552i              1.30084547209103E7
0                         2.4795918367346934E-7    -2.2729591836734696E-7   4603812.001693277-1483289.9745773221i             1.1495685325502118E7
0                         2.4795918367346934E-7    -2.091122448979592E-7    3953861.085475572-1285298.9884830879i             1.0042148807571389E7
0                         2.4795918367346934E-7    -1.9092857142857144E-7   3027131.495685005-1010986.0770929224i             8239103.200576371
0                         2.4795918367346934E-7    -1.7274489795918368E-7   2406584.7496214793-817250.9478741349i             6529988.404992647
0                         2.4795918367346934E-7    -1.5456122448979592E-7   1758885.4095028979-615407.3859720381i             4799039.44576966
0                         2.4795918367346934E-7    -1.3637755102040816E-7   3410107.7639095206-1168370.547765026i             5866139.376495329
0                         2.4795918367346934E-7    -1.181938775510204E-7    2648304.6281312928-927062.1033872406i             5134029.600101639
0                         2.4795918367346934E-7    -1.0001020408163265E-7   2039896.2056634696-727614.9972321864i             4310301.8302255375
0                         2.4795918367346934E-7    -8.182653061224489E-8    1535063.73769491-558776.1361996742i               3672257.050113897
0                         2.4795918367346934E-7    -6.364285714285713E-8    1194938.7152363511-437650.90799562866i            3214077.7076276466
0                         2.4795918367346934E-7    -4.545918367346937E-8    899940.6031348861-330299.0466964287i              2906029.062740675
0                         2.4795918367346934E-7    -2.7275510204081612E-8   516985.6391829009-187253.98414449592i             2268793.6605026997
0                         2.4795918367346934E-7    -9.091836734693906E-9    163522.7812644605-59168.71491345823i              2109171.0645207595
0                         2.4795918367346934E-7    9.091836734693853E-9     -195162.44782010722+70135.43582789291i            2131503.4468367295
0                         2.4795918367346934E-7    2.7275510204081612E-8    -559070.0480707992+200658.46807955636i            2334872.0186972376
0                         2.4795918367346934E-7    4.5459183673469424E-8    -928200.0194876187+332400.3818415336i             2682138.741730704
0                         2.4795918367346934E-7    6.364285714285713E-8     -1302552.3620705619+465361.1771138227i            3128985.2873029513
0                         2.4795918367346934E-7    8.182653061224494E-8     -1694735.6135763011+603396.0478394701i            3869045.703695879
0                         2.4795918367346934E-7    1.0001020408163265E-7    -2194198.743679577+766998.2731320243i             4363895.125761089
0                         2.4795918367346934E-7    1.1819387755102046E-7    -2568524.989856321+900491.5106793437i             5025537.47771113
0                         2.4795918367346934E-7    1.3637755102040816E-7    -2918944.09815102+1025676.4906562596i             5687353.742919328
0                         2.4795918367346934E-7    1.5456122448979587E-7    -1220493.6864240472+457486.3074385715i            4511063.898210843
0                         2.4795918367346934E-7    1.7274489795918368E-7    -1918938.5003749984+684612.2785807559i            6030172.443535453
0                         2.4795918367346934E-7    1.909285714285714E-7     -3030725.9588497756+1005188.942863154i            8248628.139281425
0                         2.4795918367346934E-7    2.091122448979592E-7     -3782751.8680774537+1229096.6185746526i           1.0106539751865651E7
0                         2.4795918367346934E-7    2.272959183673469E-7     -4472543.177820822+1432224.2697036027i            1.1535704575594481E7
0                         2.4795918367346934E-7    2.454795918367347E-7     -5189163.347853765+1636825.3306724352i            1.316113934621144E7
0                         2.4795918367346934E-7    2.636632653061224E-7     -5561902.156608516+1755868.6616551355i            1.4283875477360204E7
0                         2.4795918367346934E-7    2.8184693877551024E-7    -6013941.306799867+1885117.495311613i             1.5428723984008811E7
0                         2.4795918367346934E-7    3.0003061224489794E-7    -6401663.542509554+1999793.3056108519i            1.6551856028564442E7
0                         2.4795918367346934E-7    3.1821428571428575E-7    -6713562.433676994+2094733.2893525963i            1.7603515885330684E7
0                         2.4795918367346934E-7    3.3639795918367346E-7    -7016121.915805404+2178789.473497303i             1.8572024862994105E7
0                         2.4795918367346934E-7    3.5458163265306127E-7    -7253134.862679858+2244232.307500853i             1.913510303923776E7
0                         2.4795918367346934E-7    3.72765306122449E-7      -7363653.064038961+2276497.2769769174i            1.9611294040385455E7
0                         2.4795918367346934E-7    3.909489795918368E-7     -7596930.383721908+2333050.5665271566i            2.0121013423199892E7
0                         2.4795918367346934E-7    4.091326530612245E-7     -7748338.305587038+2373465.781668469i             2.0501241614533253E7
0                         2.4795918367346934E-7    4.273163265306122E-7     -7839231.847767322+2405375.40704777i              2.0561156194514334E7
0                         2.4795918367346934E-7    4.455E-7                 -7902105.574272211+2429676.4179903553i            2.050837257973846E7
0                         2.644897959183673E-7     -4.455E-7                6833134.444869008-2138998.4830305288i             2.0271869490797263E7
0                         2.644897959183673E-7     -4.2731632653061225E-7   6844113.886767856-2131220.9324588394i             2.040420828807399E7
0                         2.644897959183673E-7     -4.091326530612245E-7    6756865.164143698-2117506.1624669777i             2.023440905864259E7
0                         2.644897959183673E-7     -3.9094897959183674E-7   6661101.309395075-2093646.5528443267i             1.999682849002151E7
0                         2.644897959183673E-7     -3.72765306122449E-7     6506404.092795672-2054682.9193938773i             1.9479953094652433E7
0                         2.644897959183673E-7     -3.545816326530612E-7    6265071.405603299-1980969.735477516i              1.8905091040791012E7
0                         2.644897959183673E-7     -3.3639795918367346E-7   6036537.739246233-1912040.160112977i              1.8262363225714654E7
0                         2.644897959183673E-7     -3.1821428571428575E-7   5886281.029997724-1866996.0417528958i             1.7791223987845052E7
0                         2.644897959183673E-7     -3.0003061224489794E-7   5615718.529050037-1780842.6281865016i             1.719418470508725E7
0                         2.644897959183673E-7     -2.8184693877551024E-7   5274883.754119285-1680785.6667174406i             1.5914637667444248E7
0                         2.644897959183673E-7     -2.636632653061224E-7    4811032.972816957-1547147.2107723425i             1.4492238525437297E7
0                         2.644897959183673E-7     -2.454795918367347E-7    4291292.921592466-1403511.8381115543i             1.3005229154080393E7
0                         2.644897959183673E-7     -2.2729591836734696E-7   3917614.8606433026-1279685.1333041722i            1.1583338979138022E7
0                         2.644897959183673E-7     -2.091122448979592E-7    3562603.0059500486-1165965.6573256655i            1.0367288550028197E7
0                         2.644897959183673E-7     -1.9092857142857144E-7   2799385.7733716904-936458.7001294554i             8725272.078864282
0                         2.644897959183673E-7     -1.7274489795918368E-7   2179862.763280782-742601.7625359544i              6962919.412720023
0                         2.644897959183673E-7     -1.5456122448979592E-7   1507974.6593234623-534870.5491292236i             5162790.071022824
0                         2.644897959183673E-7     -1.3637755102040816E-7   556743.4080709188-242884.84345678554i             3656509.546085682
0                         2.644897959183673E-7     -1.181938775510204E-7    2278978.452889437-824592.2377313194i              5130710.4624093175
0                         2.644897959183673E-7     -1.0001020408163265E-7   1810166.9163063616-665277.8589020115i             4193505.385377145
0                         2.644897959183673E-7     -8.182653061224489E-8    1328893.036381412-503825.6243859664i              3548813.4559830925
0                         2.644897959183673E-7     -6.364285714285713E-8    1021345.5224929991-390391.76410378504i            3042708.0632605534
0                         2.644897959183673E-7     -4.545918367346937E-8    847979.6865747848-310541.0069679509i              2720456.7988653234
0                         2.644897959183673E-7     -2.7275510204081612E-8   585560.4264855571-208731.0299617359i              2419733.35938411
0                         2.644897959183673E-7     -9.091836734693906E-9    272977.1919281996-92605.26274793284i              2165952.8858022066
0                         2.644897959183673E-7     9.091836734693853E-9     -79812.8896144284+35417.15435468839i              2145988.420842211
0                         2.644897959183673E-7     2.7275510204081612E-8    -437825.3423231816+164658.4529676226i             2335559.6248991
0                         2.644897959183673E-7     4.5459183673469424E-8    -801060.1661980622+295118.63309087034i            2694651.094548851
0                         2.644897959183673E-7     6.364285714285713E-8     -1175430.1939490954+429758.12018899294i           3174956.5619664215
0                         2.644897959183673E-7     8.182653061224494E-8     -1596255.0550187775+575640.9028698643i            3725158.8295880016
0                         2.644897959183673E-7     1.0001020408163265E-7    -1953022.3291184104+704268.5168352678i            4353889.232683554
0                         2.644897959183673E-7     1.1819387755102046E-7    -2491450.180947501+881782.7585654753i             4900402.807782737
0                         2.644897959183673E-7     1.3637755102040816E-7    -814241.3873348557+301340.2750207923i             3766996.32930642
0                         2.644897959183673E-7     1.5456122448979587E-7    -1525612.4501745824+538328.8569644679i            5301906.429982875
0                         2.644897959183673E-7     1.7274489795918368E-7    -2188574.7430883534+749729.2543260661i            6983802.703032697
0                         2.644897959183673E-7     1.909285714285714E-7     -2444589.91793141+850424.7947677756i              8470308.503686754
0                         2.644897959183673E-7     2.091122448979592E-7     -3365742.370031876+1111659.256673713i             1.0186430957675125E7
0                         2.644897959183673E-7     2.272959183673469E-7     -4038173.825708518+1310976.4009892594i            1.1642056785267252E7
0                         2.644897959183673E-7     2.454795918367347E-7     -4558543.891824465+1467876.80786609i              1.3016692925330112E7
0                         2.644897959183673E-7     2.636632653061224E-7     -4923781.522799405+1585418.379526407i             1.4168446354444413E7
0                         2.644897959183673E-7     2.8184693877551024E-7    -5322869.369430396+1705529.3006335704i            1.5280044049629416E7
0                         2.644897959183673E-7     3.0003061224489794E-7    -5718571.918878004+1821193.568939209i             1.6457374821574816E7
0                         2.644897959183673E-7     3.1821428571428575E-7    -5978294.76284538+1893581.402043989i              1.7541137338024613E7
0                         2.644897959183673E-7     3.3639795918367346E-7    -6232986.934800799+1961204.2199230024i            1.8567497200696994E7
0                         2.644897959183673E-7     3.5458163265306127E-7    -6465947.173039605+2025875.1803256427i            1.914059736719431E7
0                         2.644897959183673E-7     3.72765306122449E-7      -6578061.0262577+2058836.5155098469i              1.9632819033463847E7
0                         2.644897959183673E-7     3.909489795918368E-7     -6666942.43925526+2083348.819489955i              2.0056886598206017E7
0                         2.644897959183673E-7     4.091326530612245E-7     -6676927.296989353+2081981.4090346084i            2.02815784281005E7
0                         2.644897959183673E-7     4.273163265306122E-7     -6769040.7787668705+2114294.2532509346i           2.0333583975611974E7
0                         2.644897959183673E-7     4.455E-7                 -6833134.444869004+2138998.4830305497i            2.027203322384375E7
0                         2.810204081632653E-7     -4.455E-7                5764163.3154658-1848320.548070725i                1.9907963977361854E7
0                         2.810204081632653E-7     -4.2731632653061225E-7   5795266.196966962-1866964.444212409i              1.9960667975377455E7
0                         2.810204081632653E-7     -4.091326530612245E-7    5864084.300326075-1879931.609853061i              1.989463929414579E7
0                         2.810204081632653E-7     -3.9094897959183674E-7   5769952.573460463-1856521.6692248697i             1.9846433392844383E7
0                         2.810204081632653E-7     -3.72765306122449E-7     5623099.8095767265-1819272.7715123682i            1.9317526733544968E7
0                         2.810204081632653E-7     -3.545816326530612E-7    5381048.5702494085-1748876.1074198931i            1.871349125908418E7
0                         2.810204081632653E-7     -3.3639795918367346E-7   5288291.299822703-1718882.023395447i              1.820264459248488E7
0                         2.810204081632653E-7     -3.1821428571428575E-7   5051569.411855981-1642445.900337644i              1.7707304194261488E7
0                         2.810204081632653E-7     -3.0003061224489794E-7   4785941.943234063-1557243.7596790774i             1.7112545826162893E7
0                         2.810204081632653E-7     -2.8184693877551024E-7   4460389.847262287-1460126.6574303275i             1.5662617388286147E7
0                         2.810204081632653E-7     -2.636632653061224E-7    4072057.3863274-1340785.5301550683i               1.4436942228633318E7
0                         2.810204081632653E-7     -2.454795918367347E-7    3750385.7204560325-1231346.1797148525i            1.2887460911803339E7
0                         2.810204081632653E-7     -2.2729591836734696E-7   3231417.7195933233-1076080.2920310204i            1.1609412215662217E7
0                         2.810204081632653E-7     -2.091122448979592E-7    2704998.20810303-917019.0339899315i               1.0282977186175194E7
0                         2.810204081632653E-7     -1.9092857142857144E-7   2569831.4197537466-861311.8118582745i             9144600.455631655
0                         2.810204081632653E-7     -1.7274489795918368E-7   1951571.294033383-667393.9895461921i              7329596.416657919
0                         2.810204081632653E-7     -1.5456122448979592E-7   1182415.561974666-430584.0877978707i              5682837.709572155
0                         2.810204081632653E-7     -1.3637755102040816E-7   236463.91884643026-138263.09165126825i            4259171.037928809
0                         2.810204081632653E-7     -1.181938775510204E-7    -748077.9672532136+169586.6031932094i             3131670.7481876956
0                         2.810204081632653E-7     -1.0001020408163265E-7   1698534.0628517824-631926.0579783503i             4116426.2777152974
0                         2.810204081632653E-7     -8.182653061224489E-8    1362877.6909426614-509899.2363077068i             3499780.526705259
0                         2.810204081632653E-7     -6.364285714285713E-8    1004640.9416879364-379582.3753362023i             2918283.9541606256
0                         2.810204081632653E-7     -4.545918367346937E-8    748449.2908881693-277237.9084443199i              2635994.615005975
0                         2.810204081632653E-7     -2.7275510204081612E-8   461094.5647981282-171368.293816947i               2347173.7197812437
0                         2.810204081632653E-7     -9.091836734693906E-9    176065.70774153143-65116.912058833856i            2190292.171799311
0                         2.810204081632653E-7     9.091836734693853E-9     35536.6685912502+698.8728814839851i               2178253.757947291
0                         2.810204081632653E-7     2.7275510204081612E-8    -316580.63657556416+128658.43785568888i           2349702.280536447
0                         2.810204081632653E-7     4.5459183673469424E-8    -673920.3129085051+257836.88434020677i            2718883.516612565
0                         2.810204081632653E-7     6.364285714285713E-8     -1104002.314806021+407792.9973169805i             3241891.4230828146
0                         2.810204081632653E-7     8.182653061224494E-8     -1500761.3295774132+548651.0797202713i            3581791.463328466
0                         2.810204081632653E-7     1.0001020408163265E-7    -1851224.616562968+675627.4988910025i             4230897.064360758
0                         2.810204081632653E-7     1.1819387755102046E-7    -521347.52532097045+167538.74172854866i           2952281.94349867
0                         2.810204081632653E-7     1.3637755102040816E-7    -694679.4438897246+270889.6317716917i             4418370.036687448
0                         2.810204081632653E-7     1.5456122448979587E-7    -1275965.7990030604+460015.63783808495i           5904338.8860390205
0                         2.810204081632653E-7     1.7274489795918368E-7    -1745525.071671793+612221.594689251i              7459074.8217113
0                         2.810204081632653E-7     1.909285714285714E-7     -2381856.2881676042+823098.6277690371i            8930135.384270756
0                         2.810204081632653E-7     2.091122448979592E-7     -2770671.0802372154+952703.3940006972i            1.0198686297625802E7
0                         2.810204081632653E-7     2.272959183673469E-7     -3330263.5662341192+1117497.6345537538i           1.166782917330547E7
0                         2.810204081632653E-7     2.454795918367347E-7     -3771995.1169626676+1252592.3900620185i           1.2902432291614547E7
0                         2.810204081632653E-7     2.636632653061224E-7     -4171020.2498563486+1376640.2027020159i           1.4075412320075838E7
0                         2.810204081632653E-7     2.8184693877551024E-7    -4559865.507376968+1496527.1134954588i            1.516871813799401E7
0                         2.810204081632653E-7     3.0003061224489794E-7    -4991608.04567715+1621890.6015011903i             1.621275226244783E7
0                         2.810204081632653E-7     3.1821428571428575E-7    -5243027.092013768+1692429.5147353837i            1.7326843481715605E7
0                         2.810204081632653E-7     3.3639795918367346E-7    -5474678.48760972+1756776.599504792i              1.8340495993233986E7
0                         2.810204081632653E-7     3.5458163265306127E-7    -5678759.48339936+1807518.0531504333i             1.90132788893105E7
0                         2.810204081632653E-7     3.72765306122449E-7      -5792468.988476436+1841175.7540427754i            1.95208204567241E7
0                         2.810204081632653E-7     3.909489795918368E-7     -5842828.322013247+1865929.501551073i             1.9845218079800032E7
0                         2.810204081632653E-7     4.091326530612245E-7     -5874382.852743028+1878417.7457090206i            2.0036620449114636E7
0                         2.810204081632653E-7     4.273163265306122E-7     -5882093.693149178+1883690.0052091992i            2.0110426978674352E7
0                         2.810204081632653E-7     4.455E-7                 -5764163.315465803+1848320.548070746i             1.99086410114066E7
0                         2.975510204081632E-7     -4.455E-7                5253322.595540502-1704231.3853335408i             1.974882219917741E7
0                         2.975510204081632E-7     -4.2731632653061225E-7   5244499.148002187-1702458.6878147281i             1.978461712044949E7
0                         2.975510204081632E-7     -4.091326530612245E-7    4971303.43650846-1642357.0572391462i              1.9387522968576036E7
0                         2.975510204081632E-7     -3.9094897959183674E-7   4878803.837525853-1619396.7856054134i             1.955276969774079E7
0                         2.975510204081632E-7     -3.72765306122449E-7     4739795.526357789-1583862.6236308604i             1.901200422694418E7
0                         2.975510204081632E-7     -3.545816326530612E-7    4497025.734895527-1516782.4793622713i             1.8383535280915044E7
0                         2.975510204081632E-7     -3.3639795918367346E-7   4448644.649355191-1493380.6090723667i             1.8001780151173875E7
0                         2.975510204081632E-7     -3.1821428571428575E-7   4216857.793714242-1417895.7589223925i             1.7509058436127998E7
0                         2.975510204081632E-7     -3.0003061224489794E-7   3956165.357418095-1333644.891171655i              1.6917333166612405E7
0                         2.975510204081632E-7     -2.8184693877551024E-7   3645895.940405287-1239467.6481432144i             1.5280166311499901E7
0                         2.975510204081632E-7     -2.636632653061224E-7    3283619.864422258-1129884.1108004092i             1.4051967226685151E7
0                         2.975510204081632E-7     -2.454795918367347E-7    3053472.0049657943-1025574.6900527442i            1.2845623664082428E7
0                         2.975510204081632E-7     -2.2729591836734696E-7   2698587.0182159115-937160.7489807755i             1.165737311959128E7
0                         2.975510204081632E-7     -2.091122448979592E-7    2384746.054377159-831789.6215045635i              1.045816329625161E7
0                         2.975510204081632E-7     -1.9092857142857144E-7   2010087.8641496103-703748.4505122806i             9138192.094018364
0                         2.975510204081632E-7     -1.7274489795918368E-7   1755554.717599906-604580.934192409i               7633398.783077695
0                         2.975510204081632E-7     -1.5456122448979592E-7   880371.74375515-335526.88909661165i               6217311.993136938
0                         2.975510204081632E-7     -1.3637755102040816E-7   549961.7461156159-221592.57214323845i             4930070.342829108
0                         2.975510204081632E-7     -1.181938775510204E-7    232309.3394002859-109568.30763302259i             3669580.8188779093
0                         2.975510204081632E-7     -1.0001020408163265E-7   27526.675189932856-24699.39139065871i             2742002.0563425296
0                         2.975510204081632E-7     -8.182653061224489E-8    1399674.8170979938-516691.8743265825i             3442641.9969350933
0                         2.975510204081632E-7     -6.364285714285713E-8    1050209.8631190853-387702.35371586203i            2845556.750679274
0                         2.975510204081632E-7     -4.545918367346937E-8    618014.403539317-238537.61786419616i              2557855.839177771
0                         2.975510204081632E-7     -2.7275510204081612E-8   341340.42760481825-135450.6262085671i             2288173.496272475
0                         2.975510204081632E-7     -9.091836734693906E-9    71834.42023018349-34310.175804351325i             2195744.354719581
0                         2.975510204081632E-7     9.091836734693853E-9     -277150.56294706673+90240.16539244249i            2035453.5846536574
0                         2.975510204081632E-7     2.7275510204081612E-8    -195335.93082794617+92658.42274375481i            2377410.0030049067
0                         2.975510204081632E-7     4.5459183673469424E-8    -592047.2420592093+235340.44386044802i            2682710.409258748
0                         2.975510204081632E-7     6.364285714285713E-8     -1051646.151014762+392431.40548824833i            3352665.3989337836
0                         2.975510204081632E-7     8.182653061224494E-8     -1408022.000564449+522370.53106743575i            3442689.1403562445
0                         2.975510204081632E-7     1.0001020408163265E-7    277005.9114022688-55216.582976222504i             2614497.25043106
0                         2.975510204081632E-7     1.1819387755102046E-7    -139209.52759305664+84721.40990699812i            3641049.9706125674
0                         2.975510204081632E-7     1.3637755102040816E-7    -787711.4889782625+296521.8400139455i             5180711.934641067
0                         2.975510204081632E-7     1.5456122448979587E-7    -1009897.0831983767+385235.1026712111i            6444806.992955413
0                         2.975510204081632E-7     1.7274489795918368E-7    -1564202.778119958+564132.4730724066i             7942286.821486971
0                         2.975510204081632E-7     1.909285714285714E-7     -2009826.839352538+703298.8693976732i             9222694.845910573
0                         2.975510204081632E-7     2.091122448979592E-7     -2496219.03487255+852023.9188938629i              1.0491088681197338E7
0                         2.975510204081632E-7     2.272959183673469E-7     -2996733.521986435+1002955.41415786i              1.1690979748165775E7
0                         2.975510204081632E-7     2.454795918367347E-7     -2988569.4067650237+1019568.960912233i            1.2735482087333407E7
0                         2.975510204081632E-7     2.636632653061224E-7     -3382616.2800378166+1142739.7929361295i           1.391870262783612E7
0                         2.975510204081632E-7     2.8184693877551024E-7    -3760892.257162331+1259092.105194783i             1.5020877014628632E7
0                         2.975510204081632E-7     3.0003061224489794E-7    -4087311.343062155+1354627.5478942231i            1.6018404034916338E7
0                         2.975510204081632E-7     3.1821428571428575E-7    -4507759.421182156+1491277.6274267773i            1.6953340939927377E7
0                         2.975510204081632E-7     3.3639795918367346E-7    -4731107.019147343+1553775.7923255952i            1.7995612541279554E7
0                         2.975510204081632E-7     3.5458163265306127E-7    -4891571.793759112+1589160.925975223i             1.8746109443528093E7
0                         2.975510204081632E-7     3.72765306122449E-7      -5006876.950695171+1623514.9925757046i            1.926825007299125E7
0                         2.975510204081632E-7     3.909489795918368E-7     -5001118.857988541+1640732.098533404i             1.9383739309513148E7
0                         2.975510204081632E-7     4.091326530612245E-7     -5032250.666054615+1653254.797186147i             1.958067571484046E7
0                         2.975510204081632E-7     4.273163265306122E-7     -5258538.747554909+1706401.7940241992i            1.9855482187607594E7
0                         2.975510204081632E-7     4.455E-7                 -5253322.595540503+1704231.3853335578i            1.9748276861088306E7
0                         3.140816326530612E-7     -4.455E-7                4720565.351814854-1565165.4406432058i             1.925776085815429E7
0                         3.140816326530612E-7     -4.2731632653061225E-7   4065636.443001776-1392051.386356132i              1.9379522174686912E7
0                         3.140816326530612E-7     -4.091326530612245E-7    4303074.077204676-1461536.8939589737i             1.8826747901530888E7
0                         3.140816326530612E-7     -3.9094897959183674E-7   4804507.32370268-1612291.724587311i               1.9449280331668742E7
0                         3.140816326530612E-7     -3.72765306122449E-7     4657981.322423703-1571968.1731820493i             1.8883674039792493E7
0                         3.140816326530612E-7     -3.545816326530612E-7    4414159.159913445-1505542.7948310613i             1.829271818550003E7
0                         3.140816326530612E-7     -3.3639795918367346E-7   4329369.984401036-1479102.7300056692i             1.787798267226164E7
0                         3.140816326530612E-7     -3.1821428571428575E-7   4223597.446677722-1445573.8075642881i             1.7364133760374226E7
0                         3.140816326530612E-7     -3.0003061224489794E-7   3126388.771602122-1110046.022664231i              1.6603546862186154E7
0                         3.140816326530612E-7     -2.8184693877551024E-7   3553360.311827004-1194675.0843202192i             1.5327288998575926E7
0                         3.140816326530612E-7     -2.636632653061224E-7    3116260.267970913-1088953.7891955103i             1.453935491709523E7
0                         3.140816326530612E-7     -2.454795918367347E-7    2707606.1330239507-957593.7673556033i             1.2903258496176276E7
0                         3.140816326530612E-7     -2.2729591836734696E-7   2411265.3763184487-857926.1467093037i             1.1741157215134691E7
0                         3.140816326530612E-7     -2.091122448979592E-7    2107669.3732095417-754853.1854636342i             1.0531065734299315E7
0                         3.140816326530612E-7     -1.9092857142857144E-7   1715978.3100107145-625684.1584017668i             9255594.491626468
0                         3.140816326530612E-7     -1.7274489795918368E-7   1027293.5129405768-412900.59971537715i            8113925.900695639
0                         3.140816326530612E-7     -1.5456122448979592E-7   854546.1070474642-341088.9414429489i              6891510.689776915
0                         3.140816326530612E-7     -1.3637755102040816E-7   494783.90417149314-213832.88817647492i            5492531.483900059
0                         3.140816326530612E-7     -1.181938775510204E-7    186723.50227295817-104007.71686119036i            4200181.88385528
0                         3.140816326530612E-7     -1.0001020408163265E-7   -9164.738891606277-22047.2211013555i              3189754.851097008
0                         3.140816326530612E-7     -8.182653061224489E-8    -183896.4707214696+55637.69968770338i             2349976.720206023
0                         3.140816326530612E-7     -6.364285714285713E-8    1099814.567218784-396837.7674003729i              2788064.1682552244
0                         3.140816326530612E-7     -4.545918367346937E-8    492425.0188214074-201303.98408650188i             2490002.686399043
0                         3.140816326530612E-7     -2.7275510204081612E-8   273443.57160166994-118581.67090021177i            2232483.789679392
0                         3.140816326530612E-7     -9.091836734693906E-9    93274.50919649303-40273.72158170703i              2116759.0516737006
0                         3.140816326530612E-7     9.091836734693853E-9     -90619.011599135+41075.69632425135i               2097642.035045709
0                         3.140816326530612E-7     2.7275510204081612E-8    -686474.6219497476+232041.44806772924i            2258928.8420138694
0                         3.140816326530612E-7     4.5459183673469424E-8    -733596.5235393471+264531.4017560326i             2592816.1006429144
0                         3.140816326530612E-7     6.364285714285713E-8     -999294.8438781757+377027.7018806288i             3478478.8136930936
0                         3.140816326530612E-7     8.182653061224494E-8     536441.975781638-152783.25497015013i              2295734.589341852
0                         3.140816326530612E-7     1.0001020408163265E-7    140593.09329761227-17219.58248318854i             3156216.24666316
0                         3.140816326530612E-7     1.1819387755102046E-7    -239241.612981583+112017.10824692712i             4314635.608280853
0                         3.140816326530612E-7     1.3637755102040816E-7    -289699.4438653509+160864.32810686133i            5339392.872875935
0                         3.140816326530612E-7     1.5456122448979587E-7    -1006443.7918727156+376687.8822807261i            7052363.190507711
0                         3.140816326530612E-7     1.7274489795918368E-7    -1441453.4685648256+523080.9788559203i            8267370.178887588
0                         3.140816326530612E-7     1.909285714285714E-7     -1766475.6563058794+630675.959570525i             9409947.156384947
0                         3.140816326530612E-7     2.091122448979592E-7     -2079449.5427737045+734743.0731725544i            1.0655355249735713E7
0                         3.140816326530612E-7     2.272959183673469E-7     -2441079.29349701+848381.3075831343i              1.1701492681696055E7
0                         3.140816326530612E-7     2.454795918367347E-7     -2715014.30107056+930136.6924349068i              1.2730907741496272E7
0                         3.140816326530612E-7     2.636632653061224E-7     -2830010.7576549402+974582.8905588897i            1.3782143022405894E7
0                         3.140816326530612E-7     2.8184693877551024E-7    -2961919.006947688+1021657.0968941033i            1.4766070406234702E7
0                         3.140816326530612E-7     3.0003061224489794E-7    -3279598.007383927+1115409.0960899186i            1.5760814884179138E7
0                         3.140816326530612E-7     3.1821428571428575E-7    -3577450.065344885+1202647.4614402775i            1.6665718829846827E7
0                         3.140816326530612E-7     3.3639795918367346E-7    -3987535.5506849745+1350774.985146401i            1.748585623867899E7
0                         3.140816326530612E-7     3.5458163265306127E-7    -4182811.7002787394+1405232.401709848i            1.845437778923126E7
0                         3.140816326530612E-7     3.72765306122449E-7      -4104856.618237862+1395761.5577104348i            1.8429803625225067E7
0                         3.140816326530612E-7     3.909489795918368E-7     -4159409.393963835+1415534.695515735i             1.8750223552396387E7
0                         3.140816326530612E-7     4.091326530612245E-7     -4714664.552035732+1563446.4017308664i            1.936669731819677E7
0                         3.140816326530612E-7     4.273163265306122E-7     -4726164.199239174+1567375.3959271035i            1.9370288714506257E7
0                         3.140816326530612E-7     4.455E-7                 -4720565.351814838+1565165.440643218i             1.925717393690062E7
0                         3.306122448979591E-7     -4.455E-7                3463006.9295792007-1208378.2555107423i            1.9038005406640124E7
0                         3.306122448979591E-7     -4.2731632653061225E-7   3496129.7274126993-1214957.1225509i               1.915882845553614E7
0                         3.306122448979591E-7     -4.091326530612245E-7    3631400.9454670893-1251566.0261617727i            1.8641499089078102E7
0                         3.306122448979591E-7     -3.9094897959183674E-7   3499449.069541233-1208540.766209104i              1.840332854880178E7
0                         3.306122448979591E-7     -3.72765306122449E-7     4010287.8224512953-1344878.102191534i             1.8925098978528347E7
0                         3.306122448979591E-7     -3.545816326530612E-7    3741597.2339328267-1271815.2985096585i            1.8300427129808642E7
0                         3.306122448979591E-7     -3.3639795918367346E-7   3657398.6557698958-1245693.6881566765i            1.7885549845992055E7
0                         3.306122448979591E-7     -3.1821428571428575E-7   3552216.715396053-1212483.2201877036i             1.737152744728112E7
0                         3.306122448979591E-7     -3.0003061224489794E-7   3128707.6351936753-1091680.6695307342i            1.5996267860563552E7
0                         3.306122448979591E-7     -2.8184693877551024E-7   2487391.216337958-888487.7496206996i              1.4837027449355021E7
0                         3.306122448979591E-7     -2.636632653061224E-7    2636619.877967377-928243.4795028777i              1.3460715459983965E7
0                         3.306122448979591E-7     -2.454795918367347E-7    2506637.7030791286-892218.1905677128i             1.2864896700254688E7
0                         3.306122448979591E-7     -2.2729591836734696E-7   2162976.5336292097-788239.5143703965i             1.1717839739980021E7
0                         3.306122448979591E-7     -2.091122448979592E-7    1814548.829328538-681171.3162842202i              1.0523310258274337E7
0                         3.306122448979591E-7     -1.9092857142857144E-7   1483598.3164578592-574709.0679304323i             9324950.571991483
0                         3.306122448979591E-7     -1.7274489795918368E-7   1276199.9239488384-503706.41397741786i            8167419.416281284
0                         3.306122448979591E-7     -1.5456122448979592E-7   1067146.9876338893-431329.2015004051i             6983510.95387322
0                         3.306122448979591E-7     -1.3637755102040816E-7   639012.5748380078-267079.66324588493i             5846118.817395251
0                         3.306122448979591E-7     -1.181938775510204E-7    198994.86685148824-124101.63980562126i            4625568.584038017
0                         3.306122448979591E-7     -1.0001020408163265E-7   120717.79389281105-73398.27526571648i             3563838.9248112836
0                         3.306122448979591E-7     -8.182653061224489E-8    -356244.3318032888+83503.47259546327i             2969387.504476217
0                         3.306122448979591E-7     -6.364285714285713E-8    -232111.28533528652+45073.22341254403i            2291909.695702754
0                         3.306122448979591E-7     -4.545918367346937E-8    -419492.6248830528+130075.1316182917i             2095965.1185315847
0                         3.306122448979591E-7     -2.7275510204081612E-8   290842.3373638649-123320.23434335919i             2171444.818406409
0                         3.306122448979591E-7     -9.091836734693906E-9    114017.96810307304-46082.24107693821i             2039760.7052896721
0                         3.306122448979591E-7     9.091836734693853E-9     -66425.83967334243+34169.24873315611i             2021416.4780820422
0                         3.306122448979591E-7     2.7275510204081612E-8    -238601.29409247404+111583.13314794743i           2160965.1963058296
0                         3.306122448979591E-7     4.5459183673469424E-8    327660.66716493224-101776.33496935546i            2135029.391413927
0                         3.306122448979591E-7     6.364285714285713E-8     152049.54262671844-55918.27745889289i             2689115.176322707
0                         3.306122448979591E-7     8.182653061224494E-8     -480.34800479793194+16106.668612921745i           2977577.735975416
0                         3.306122448979591E-7     1.0001020408163265E-7    -250027.62972288663+88254.3488770359i             3769036.0055264286
0                         3.306122448979591E-7     1.1819387755102046E-7    -384264.4978955808+151308.22370930476i            4715462.947915018
0                         3.306122448979591E-7     1.3637755102040816E-7    -626240.7457584596+222113.14159905573i            5829023.171023849
0                         3.306122448979591E-7     1.5456122448979587E-7    -757275.2593664606+275726.81664718175i            6953865.011493176
0                         3.306122448979591E-7     1.7274489795918368E-7    -889526.6502540959+328487.8959444715i             8048732.749436497
0                         3.306122448979591E-7     1.909285714285714E-7     -1393565.5262968177+522359.9220827258i            9352638.03884356
0                         3.306122448979591E-7     2.091122448979592E-7     -1669620.6529760724+620736.2723011053i            1.064937606141984E7
0                         3.306122448979591E-7     2.272959183673469E-7     -1908790.9627747047+702530.0605574051i            1.1634233769431572E7
0                         3.306122448979591E-7     2.454795918367347E-7     -2247855.159560588+809224.5017713672i             1.2615610196444133E7
0                         3.306122448979591E-7     2.636632653061224E-7     -2524053.586051857+892931.2167725767i             1.3586941826894837E7
0                         3.306122448979591E-7     2.8184693877551024E-7    -2734321.3080861466+959660.836075935i             1.4607246130093275E7
0                         3.306122448979591E-7     3.0003061224489794E-7    -2837464.6388003733+1003350.2931993692i           1.5505101809041962E7
0                         3.306122448979591E-7     3.1821428571428575E-7    -2926666.234115449+1041780.3325832142i            1.6317574580332305E7
0                         3.306122448979591E-7     3.3639795918367346E-7    -3001926.094031399+1074950.9542274782i            1.7044507617903788E7
0                         3.306122448979591E-7     3.5458163265306127E-7    -3060462.2811480393+1067931.7250075764i           1.8140690439859357E7
0                         3.306122448979591E-7     3.72765306122449E-7      -4109143.3116595447+1398263.8065806478i           1.832901234005446E7
0                         3.306122448979591E-7     3.909489795918368E-7     -3380925.7912745285+1173827.4553787026i           1.8685422547165688E7
0                         3.306122448979591E-7     4.091326530612245E-7     -3429335.615737811+1192572.6148612457i            1.8919081413199168E7
0                         3.306122448979591E-7     4.273163265306122E-7     -3456695.9951726883+1204089.5482385908i           1.90361652180135E7
0                         3.306122448979591E-7     4.455E-7                 -3463006.929579172+1208378.2555107435i            1.9036654663915765E7
0                         3.471428571428571E-7     -4.455E-7                2894076.4293525615-1031393.0979216916i            1.8630364550043453E7
0                         3.471428571428571E-7     -4.2731632653061225E-7   2926623.0118236146-1037862.8587456662i            1.875338226821778E7
0                         3.471428571428571E-7     -4.091326530612245E-7    2959727.8137294985-1041595.1583645706i            1.8291079989327304E7
0                         3.471428571428571E-7     -3.9094897959183674E-7   2828639.9278075546-998363.0015635026i             1.8068416950780075E7
0                         3.471428571428571E-7     -3.72765306122449E-7     2675275.7102473076-947845.9378910256i             1.774514136852084E7
0                         3.471428571428571E-7     -3.545816326530612E-7    3206658.1443044143-1072966.709717877i             1.817540835583222E7
0                         3.471428571428571E-7     -3.3639795918367346E-7   2985427.3271387517-1012284.6463076817i            1.777035723680134E7
0                         3.471428571428571E-7     -3.1821428571428575E-7   2560237.1053711046-911488.3083312993i             1.6436814305734118E7
0                         3.471428571428571E-7     -3.0003061224489794E-7   2437706.8254214497-873591.5530291505i             1.5527838575377377E7
0                         3.471428571428571E-7     -2.8184693877551024E-7   2155913.8487356566-785069.0712318699i             1.4594496776468435E7
0                         3.471428571428571E-7     -2.636632653061224E-7    2238841.158500808-811452.9316868541i              1.3364743563877122E7
0                         3.471428571428571E-7     -2.454795918367347E-7    1891565.9855547422-688289.7624388392i             1.2447116895427447E7
0                         3.471428571428571E-7     -2.2729591836734696E-7   1711816.2554942789-626436.0333149238i             1.1681485926589288E7
0                         3.471428571428571E-7     -2.091122448979592E-7    1372245.3765408348-521740.36201544007i            1.0496889886147123E7
0                         3.471428571428571E-7     -1.9092857142857144E-7   1156980.6059047545-448810.8318832803i             9327401.611522188
0                         3.471428571428571E-7     -1.7274489795918368E-7   954773.0342193006-379426.5569247358i              8182271.878033497
0                         3.471428571428571E-7     -1.5456122448979592E-7   750910.9187279237-308667.7234421943i              7010385.574396232
0                         3.471428571428571E-7     -1.3637755102040816E-7   558496.1166241769-245098.39550477706i             6005903.027770977
0                         3.471428571428571E-7     -1.181938775510204E-7    249600.09578454788-128217.91214600163i            4972318.956844806
0                         3.471428571428571E-7     -1.0001020408163265E-7   -59440.07543013152-26663.85287655529i             3882707.230204627
0                         3.471428571428571E-7     -8.182653061224489E-8    -102765.97444357013+6260.946950487094i            3110388.525530231
0                         3.471428571428571E-7     -6.364285714285713E-8    -77257.60241716838+17056.637476403877i            2734416.203588926
0                         3.471428571428571E-7     -4.545918367346937E-8    -93623.32250192808+26352.159093805574i            2154105.003685231
0                         3.471428571428571E-7     -2.7275510204081612E-8   -208012.315458517+64088.646800123155i             1717230.744792062
0                         3.471428571428571E-7     -9.091836734693906E-9    -68097.13806367613+20499.01494351463i             1710022.4367313301
0                         3.471428571428571E-7     9.091836734693853E-9     52502.57266820929-17079.73453839493i              1716597.68463433
0                         3.471428571428571E-7     2.7275510204081612E-8    169529.72824266079-54057.865564403706i            1757074.6264361795
0                         3.471428571428571E-7     4.5459183673469424E-8    103882.11067767444-38634.86915191445i             2135540.601493919
0                         3.471428571428571E-7     6.364285714285713E-8     98619.3803426109-25469.6439105158i                2654805.235047701
0                         3.471428571428571E-7     8.182653061224494E-8     87904.56079374737-10790.344089502956i             3333639.586685364
0                         3.471428571428571E-7     1.0001020408163265E-7    120353.72943393106+6360.817122148583i             4238343.970143804
0                         3.471428571428571E-7     1.1819387755102046E-7    139455.53156080795+21287.200817111414i            5277754.601489973
0                         3.471428571428571E-7     1.3637755102040816E-7    -541864.5542861978+223813.72416664998i            5927154.825673001
0                         3.471428571428571E-7     1.5456122448979587E-7    -686426.5396979082+278346.67244504584i            7088325.187094708
0                         3.471428571428571E-7     1.7274489795918368E-7    -808664.0272524422+329133.03431058343i            8176730.827521954
0                         3.471428571428571E-7     1.909285714285714E-7     -1031077.7889548969+404759.8613356041i            9267389.515547343
0                         3.471428571428571E-7     2.091122448979592E-7     -1146891.3730322686+461359.49913008715i           1.0477690936983833E7
0                         3.471428571428571E-7     2.272959183673469E-7     -1672359.5154205728+664254.234716991i             1.1468803605841648E7
0                         3.471428571428571E-7     2.454795918367347E-7     -1940369.856112969+742649.4315964316i             1.2455041351667227E7
0                         3.471428571428571E-7     2.636632653061224E-7     -2170684.685073564+807089.2473785115i             1.3392359651041899E7
0                         3.471428571428571E-7     2.8184693877551024E-7    -2326378.03262851+858667.550092885i               1.43376749369055E7
0                         3.471428571428571E-7     3.0003061224489794E-7    -2518801.3295874055+914544.8840766083i            1.52280981844346E7
0                         3.471428571428571E-7     3.1821428571428575E-7    -2695433.9728639107+964774.1964372816i            1.603254452337347E7
0                         3.471428571428571E-7     3.3639795918367346E-7    -2777375.7342358585+979227.6020084489i            1.6438444691863712E7
0                         3.471428571428571E-7     3.5458163265306127E-7    -3144115.6952950815+1096215.7924588886i           1.7370536391897704E7
0                         3.471428571428571E-7     3.72765306122449E-7      -2976202.962101133+1035467.2256282005i            1.8143142597373303E7
0                         3.471428571428571E-7     3.909489795918368E-7     -2811734.268781936+996609.2691515163i             1.8284630500923164E7
0                         3.471428571428571E-7     4.091326530612245E-7     -2860231.1006671973+1015432.1048467685i           1.851612809364075E7
0                         3.471428571428571E-7     4.273163265306122E-7     -2887678.48752406+1027026.7144368257i             1.863108038021473E7
0                         3.471428571428571E-7     4.455E-7                 -2894076.4293525303+1031393.0979216907i           1.862946380186148E7
0                         3.6367346938775507E-7    -4.455E-7                2325145.9291259144-854407.9403326381i             1.8036341309088536E7
0                         3.6367346938775507E-7    -4.2731632653061225E-7   2396002.246271629-867778.4373454251i              1.787988186853778E7
0                         3.6367346938775507E-7    -4.091326530612245E-7    2288054.681991905-831624.2905673673i              1.7773331243170854E7
0                         3.6367346938775507E-7    -3.9094897959183674E-7   2157830.786073876-788185.2369179006i              1.7566447581282996E7
0                         3.6367346938775507E-7    -3.72765306122449E-7     2005330.5585175431-737461.2763970247i             1.7259445994132496E7
0                         3.6367346938775507E-7    -3.545816326530612E-7    1830553.9993229052-679452.4090047388i             1.685261038547136E7
0                         3.6367346938775507E-7    -3.3639795918367346E-7   1955053.0691863012-720150.9106890941i             1.6621554832893942E7
0                         3.6367346938775507E-7    -3.1821428571428575E-7   1861145.9896167463-691041.8389519282i             1.5808307826969936E7
0                         3.6367346938775507E-7    -3.0003061224489794E-7   1713748.743597174-646889.8268655252i              1.4979297434894305E7
0                         3.6367346938775507E-7    -2.8184693877551024E-7   1819007.754981096-674220.6591025493i              1.4074670137940934E7
0                         3.6367346938775507E-7    -2.636632653061224E-7    1678287.867239584-630644.4821589792i              1.321749498691636E7
0                         3.6367346938775507E-7    -2.454795918367347E-7    1451994.1421104243-554479.6613510777i             1.2288352435008055E7
0                         3.6367346938775507E-7    -2.2729591836734696E-7   1158402.870069731-448861.33960771863i             1.1304202537270624E7
0                         3.6367346938775507E-7    -2.091122448979592E-7    1025725.1024076146-389303.93327620666i            1.0331419298779348E7
0                         3.6367346938775507E-7    -1.9092857142857144E-7   830362.8953516507-322912.59583612834i             9228271.53408959
0                         3.6367346938775507E-7    -1.7274489795918368E-7   633346.1444897633-255146.699872053i               8097503.632155963
0                         3.6367346938775507E-7    -1.5456122448979592E-7   444904.73314533086-189953.98349236033i            6988552.578741227
0                         3.6367346938775507E-7    -1.3637755102040816E-7   288216.2102660368-142568.77844676594i             5890403.849540366
0                         3.6367346938775507E-7    -1.181938775510204E-7    300205.324717609-132334.18448638206i              5253177.658770055
0                         3.6367346938775507E-7    -1.0001020408163265E-7   100633.61318417598-64768.55293419206i             4174745.7869181763
0                         3.6367346938775507E-7    -8.182653061224489E-8    19798.094102080446-25953.877264085924i            3346984.8326529018
0                         3.6367346938775507E-7    -6.364285714285713E-8    -14021.042268230347-8418.783610914252i            2693168.190126907
0                         3.6367346938775507E-7    -4.545918367346937E-8    -27289.351460820384+178.75851124960536i           2058838.372290779
0                         3.6367346938775507E-7    -2.7275510204081612E-8   -36963.609665135504+10731.160153573204i           1599746.0578763653
0                         3.6367346938775507E-7    -9.091836734693906E-9    -50483.127801370516+14267.894242087801i           1323630.4407820415
0                         3.6367346938775507E-7    9.091836734693853E-9     53553.6219645284-18529.197967558197i              1349449.8285481103
0                         3.6367346938775507E-7    2.7275510204081612E-8    74975.26156762632-25780.112402256113i             1579514.1005942363
0                         3.6367346938775507E-7    4.5459183673469424E-8    44726.292862131784-7158.101673353707i             2037952.4906826275
0                         3.6367346938775507E-7    6.364285714285713E-8     45189.2180585029+4978.989637861399i               2639975.4877794106
0                         3.6367346938775507E-7    8.182653061224494E-8     40200.05404107488+18630.15552869039i              3367808.678131748
0                         3.6367346938775507E-7    1.0001020408163265E-7    -117318.70608461741+82014.77992577899i            4127908.952437717
0                         3.6367346938775507E-7    1.1819387755102046E-7    -152639.2848592726+106653.04786270097i            5146831.802338984
0                         3.6367346938775507E-7    1.3637755102040816E-7    -286573.67486248293+162814.2232885516i            6184147.660950788
0                         3.6367346938775507E-7    1.5456122448979587E-7    -411576.5166417054+214010.42489346772i            7233577.054884376
0                         3.6367346938775507E-7    1.7274489795918368E-7    -574888.8808076826+273317.49549073866i            8281868.233743379
0                         3.6367346938775507E-7    1.909285714285714E-7     -841241.8657518527+377737.2213596436i             9242736.10184114
0                         3.6367346938775507E-7    2.091122448979592E-7     -1209363.7782551348+492053.2014550592i            1.0233976486287033E7
0                         3.6367346938775507E-7    2.272959183673469E-7     -1230185.3887850659+494010.54679098376i           1.1230278285580061E7
0                         3.6367346938775507E-7    2.454795918367347E-7     -1339398.808570817+524287.58557365113i            1.2236212071595505E7
0                         3.6367346938775507E-7    2.636632653061224E-7     -1512097.1127268272+573844.317905997i             1.3136559928068537E7
0                         3.6367346938775507E-7    2.8184693877551024E-7    -1664524.989286026+619833.8008866464i             1.4001817036041431E7
0                         3.6367346938775507E-7    3.0003061224489794E-7    -1751306.0681577185+655765.004895262i             1.4856844002780847E7
0                         3.6367346938775507E-7    3.1821428571428575E-7    -1918726.147212511+703467.5814478211i             1.5649901612123804E7
0                         3.6367346938775507E-7    3.3639795918367346E-7    -2133679.9475698937+777563.9101422776i            1.6242022562146608E7
0                         3.6367346938775507E-7    3.5458163265306127E-7    -2367608.8814509204+853500.2140090088i            1.697118863762413E7
0                         3.6367346938775507E-7    3.72765306122449E-7      -2406488.610375452+867137.3376255132i             1.7556951601186175E7
0                         3.6367346938775507E-7    3.909489795918368E-7     -2486614.674170181+891991.5693027335i             1.8001599790680896E7
0                         3.6367346938775507E-7    4.091326530612245E-7     -2291126.585596576+838291.5948322886i             1.7926909525359754E7
0                         3.6367346938775507E-7    4.273163265306122E-7     -2318660.9798754323+849963.8806350607i            1.8039582121584672E7
0                         3.6367346938775507E-7    4.455E-7                 -2325145.929125887+854407.9403326368i             1.8035840881585367E7
0                         3.80204081632653E-7      -4.455E-7                1756215.4288992626-677422.7827435832i             1.7255467765518587E7
0                         3.80204081632653E-7      -4.2731632653061225E-7   1723465.1245301259-658014.4663966226i             1.7178692296906453E7
0                         3.80204081632653E-7      -4.091326530612245E-7    1616381.550254319-621653.4227701669i              1.7087663856462777E7
0                         3.80204081632653E-7      -3.9094897959183674E-7   1487021.6443402015-578007.4722723i                1.6896895121694468E7
0                         3.80204081632653E-7      -3.72765306122449E-7     1600147.422929647-630519.6368238534i              1.709906921291961E7
0                         3.80204081632653E-7      -3.545816326530612E-7    1536897.829824049-610722.1617190316i              1.6618679140859999E7
0                         3.80204081632653E-7      -3.3639795918367346E-7   1247871.6474498007-497347.08843193256i            1.5831747867967479E7
0                         3.80204081632653E-7      -3.1821428571428575E-7   1244784.1785997795-499163.9940338775i             1.5103310297723748E7
0                         3.80204081632653E-7      -3.0003061224489794E-7   1375280.018717736-541223.7214263859i              1.4417613192690892E7
0                         3.80204081632653E-7      -2.8184693877551024E-7   1249801.6446895618-491322.7569675755i             1.3768799811668856E7
0                         3.80204081632653E-7      -2.636632653061224E-7    1117734.5759783653-449836.0326311056i             1.2945659826373369E7
0                         3.80204081632653E-7      -2.454795918367347E-7    1012422.2986661082-420669.5602633167i             1.2001643995128369E7
0                         3.80204081632653E-7      -2.2729591836734696E-7   726752.8724002573-316341.6319598432i              1.10469656319843E7
0                         3.80204081632653E-7      -2.091122448979592E-7    798385.4842711971-335957.6533905796i              1.015115966033481E7
0                         3.80204081632653E-7      -1.9092857142857144E-7   708463.6339866738-294796.9859519013i              9162679.970642215
0                         3.80204081632653E-7      -1.7274489795918368E-7   574739.1134707702-237253.27247638977i             8177732.940682828
0                         3.80204081632653E-7      -1.5456122448979592E-7   447296.32708160556-196045.65467893926i            7186350.018302855
0                         3.80204081632653E-7      -1.3637755102040816E-7   316030.646378509-152507.33608902647i              6166668.283945038
0                         3.80204081632653E-7      -1.181938775510204E-7    250844.14514327748-124920.24174467419i            5208029.104249971
0                         3.80204081632653E-7      -1.0001020408163265E-7   105034.17256573855-67043.38756693242i             4243495.387902156
0                         3.80204081632653E-7      -8.182653061224489E-8    61583.10560782254-41880.37650704026i              3386739.308658078
0                         3.80204081632653E-7      -6.364285714285713E-8    49215.51788070751-33894.204698232264i             2653310.635798892
0                         3.80204081632653E-7      -4.545918367346937E-8    39044.61958028743-25994.642071306356i             1979335.5877331349
0                         3.80204081632653E-7      -2.7275510204081612E-8   31070.41070656205-18181.688626261952i             1455135.7958238136
0                         3.80204081632653E-7      -9.091836734693906E-9    -9145.672136885943+2862.73077335579i              1064820.251933076
0                         3.80204081632653E-7      9.091836734693853E-9     52876.68566819676-16938.80489862185i              1040750.2457692054
0                         3.80204081632653E-7      2.7275510204081612E-8    9529.654881817813+5708.292809488208i              1440147.9913724174
0                         3.80204081632653E-7      4.5459183673469424E-8    -14429.52495341131+24318.665805207333i            1966731.922430116
0                         3.80204081632653E-7      6.364285714285713E-8     -60226.95053506555+49542.394375411444i            2632605.9336800207
0                         3.80204081632653E-7      8.182653061224494E-8     -96418.23985980736+66031.6601381338i              3379339.400552711
0                         3.80204081632653E-7      1.0001020408163265E-7    -134444.3927456116+82231.94940557907i             4153525.431237391
0                         3.80204081632653E-7      1.1819387755102046E-7    -170240.6269065913+105835.84734030311i            5173231.340326466
0                         3.80204081632653E-7      1.3637755102040816E-7    -290782.2087210811+157181.52045743697i            6178612.159947813
0                         3.80204081632653E-7      1.5456122448979587E-7    -396578.27221321606+204097.26653186776i           7150351.993145432
0                         3.80204081632653E-7      1.7274489795918368E-7    -555869.5602043169+262339.4923354422i             8180470.208739218
0                         3.80204081632653E-7      1.909285714285714E-7     -700138.5995516079+312425.7065664639i             9187776.450401831
0                         3.80204081632653E-7      2.091122448979592E-7     -944911.6587828416+395255.4431115119i             1.005404065604228E7
0                         3.80204081632653E-7      2.272959183673469E-7     -956744.2564533488+394371.3804009273i             1.1031041874631837E7
0                         3.80204081632653E-7      2.454795918367347E-7     -960880.808451801+389745.8368778959i              1.1964345547860866E7
0                         3.80204081632653E-7      2.636632653061224E-7     -1095016.9281156696+442448.7949721464i            1.2906939368984858E7
0                         3.80204081632653E-7      2.8184693877551024E-7    -1215088.3329665377+480581.88836629107i           1.3747927454854488E7
0                         3.80204081632653E-7      3.0003061224489794E-7    -1318881.9290279527+512746.08131021145i           1.4518599546492089E7
0                         3.80204081632653E-7      3.1821428571428575E-7    -1259316.242314578+495953.23892708076i            1.5315989299054034E7
0                         3.80204081632653E-7      3.3639795918367346E-7    -1489984.1609039302+575900.2182761054i            1.5893716189946922E7
0                         3.80204081632653E-7      3.5458163265306127E-7    -1591102.067606764+610784.6355591309i             1.6423004980646262E7
0                         3.80204081632653E-7      3.72765306122449E-7      -1632825.5300841385+625813.9989269318i            1.6973743377671104E7
0                         3.80204081632653E-7      3.909489795918368E-7     -1708653.4400709001+649868.1176428077i            1.740196999398064E7
0                         3.80204081632653E-7      4.091326530612245E-7     -1803103.652605209+690569.2266592971i             1.7926772562821906E7
0                         3.80204081632653E-7      4.273163265306122E-7     -1453138.4151062402+552862.2323071202i            1.7964420131503407E7
0                         3.80204081632653E-7      4.455E-7                 -1756215.4288992435+677422.7827435827i            1.7255318762027472E7
0                         3.9673469387755097E-7    -4.455E-7                613645.4748713938-298488.8275770026i              1.742500220674057E7
0                         3.9673469387755097E-7    -4.2731632653061225E-7   1050928.0027886238-448250.4954478199i             1.6310534573691713E7
0                         3.9673469387755097E-7    -4.091326530612245E-7    944708.418516727-411682.5549729643i               1.62352490719911E7
0                         3.9673469387755097E-7    -3.9094897959183674E-7   1305938.6096566836-548622.4370993683i             1.6790107649281338E7
0                         3.9673469387755097E-7    -3.72765306122449E-7     1261155.3982017948-535184.2470179539i             1.6413580273307703E7
0                         3.9673469387755097E-7    -3.545816326530612E-7    1202531.1093924562-516419.9317343312i             1.594928736879201E7
0                         3.9673469387755097E-7    -3.3639795918367346E-7   1211812.7978922913-516152.86598985066i            1.5377511503843687E7
0                         3.9673469387755097E-7    -3.1821428571428575E-7   899324.0964431921-391250.46154442313i             1.4371523664049136E7
0                         3.9673469387755097E-7    -3.0003061224489794E-7   787344.577344358-341745.3237768593i               1.4060047598307513E7
0                         3.9673469387755097E-7    -2.8184693877551024E-7   680595.534398024-308424.85483260034i              1.3336624087139346E7
0                         3.9673469387755097E-7    -2.636632653061224E-7    557181.2847171435-269027.5831032314i              1.254869685060916E7
0                         3.9673469387755097E-7    -2.454795918367347E-7    417101.8283017172-223553.50858875312i             1.1696727131602988E7
0                         3.9673469387755097E-7    -2.2729591836734696E-7   701409.8591034124-329375.40832451405i             1.0816012909521965E7
0                         3.9673469387755097E-7    -2.091122448979592E-7    662558.9028638272-299233.95720936405i             9880877.676936695
0                         3.9673469387755097E-7    -1.9092857142857144E-7   564584.0241254093-253107.6704389057i              8954563.10431049
0                         3.9673469387755097E-7    -1.7274489795918368E-7   451308.51828414877-216485.59193226031i            8030005.7562138485
0                         3.9673469387755097E-7    -1.5456122448979592E-7   334210.1181289584-177532.81263315352i             7075590.129809611
0                         3.9673469387755097E-7    -1.3637755102040816E-7   213288.823659836-136249.3325415848i               6092268.928037468
0                         3.9673469387755097E-7    -1.181938775510204E-7    191278.30372207094-111839.06042371009i            5168337.399307314
0                         3.9673469387755097E-7    -1.0001020408163265E-7   109434.73194730084-69318.22219967277i             4273525.884424676
0                         3.9673469387755097E-7    -8.182653061224489E-8    121722.25486459094-66657.81809912084i             3349293.5938159926
0                         3.9673469387755097E-7    -6.364285714285713E-8    112452.07802964526-59369.62578555045i             2610528.980469755
0                         3.9673469387755097E-7    -4.545918367346937E-8    105378.5906213948-52168.042653862125i             1910235.6154960254
0                         3.9673469387755097E-7    -2.7275510204081612E-8   100501.7926398392-45053.06870405555i              1316879.2578756846
0                         3.9673469387755097E-7    -9.091836734693906E-9    88925.97592878275-34978.438274547516i             808433.8877085309
0                         3.9673469387755097E-7    9.091836734693853E-9     -38674.724032390855+18004.20185262431i            799844.373028511
0                         3.9673469387755097E-7    2.7275510204081612E-8    -52239.111663246236+35525.11233705981i            1321657.3654964042
0                         3.9673469387755097E-7    4.5459183673469424E-8    -48914.56819761044+35791.86978318123i             1915237.2345265686
0                         3.9673469387755097E-7    6.364285714285713E-8     -81298.20837287948+51633.262645857234i            2619155.4642299577
0                         3.9673469387755097E-7    8.182653061224494E-8     -115516.7121092116+67185.67901325674i             3366207.0381469224
0                         3.9673469387755097E-7    1.0001020408163265E-7    -151570.07940660627+82449.11888537946i            4129804.669569104
0                         3.9673469387755097E-7    1.1819387755102046E-7    -187841.9689539104+105018.64681790551i            5135190.970637952
0                         3.9673469387755097E-7    1.3637755102040816E-7    -294990.74257967965+151548.81762632186i           6103999.259198358
0                         3.9673469387755097E-7    1.5456122448979587E-7    -381580.02778472804+194184.10817026655i           6988196.640611145
0                         3.9673469387755097E-7    1.7274489795918368E-7    -403725.94407949876+195709.85925600585i           8084741.662054177
0                         3.9673469387755097E-7    1.909285714285714E-7     -471862.34450871265+214749.14960328303i           9006981.52685454
0                         3.9673469387755097E-7    2.091122448979592E-7     -531504.862036162+230159.45607530704i             9888666.810780868
0                         3.9673469387755097E-7    2.272959183673469E-7     -683303.124121632+294732.214010871i               1.0712511642142458E7
0                         3.9673469387755097E-7    2.454795918367347E-7     -746747.3823742536+334154.5710782396i             1.1655563156567713E7
0                         3.9673469387755097E-7    2.636632653061224E-7     -765424.0106237093+353367.92287882743i            1.2478252558878636E7
0                         3.9673469387755097E-7    2.8184693877551024E-7    -830266.6267960367+374025.19250832323i            1.3247189117519027E7
0                         3.9673469387755097E-7    3.0003061224489794E-7    -927974.8963382336+405101.31211944914i            1.3981970469062855E7
0                         3.9673469387755097E-7    3.1821428571428575E-7    -1009405.3570909792+430208.5312803504i            1.4646746261926576E7
0                         3.9673469387755097E-7    3.3639795918367346E-7    -846288.3742379785+374236.5264099372i             1.5393417723318728E7
0                         3.9673469387755097E-7    3.5458163265306127E-7    -814595.2537625995+368069.05710924976i            1.5726682946245693E7
0                         3.9673469387755097E-7    3.72765306122449E-7      -859162.4497928205+384490.66022834944i            1.6240199097727077E7
0                         3.9673469387755097E-7    3.909489795918368E-7     -930692.2059716191+407744.66598288226i            1.6651309198640576E7
0                         3.9673469387755097E-7    4.091326530612245E-7     -981945.301089895+424399.0267439059i              1.697425782664365E7
0                         3.9673469387755097E-7    4.273163265306122E-7     -1062266.467224977+457281.8450675573i             1.7485657548458707E7
0                         3.9673469387755097E-7    4.455E-7                 -613645.4748713766+298488.82757699874i            1.7423579477200184E7
0                         4.1326530612244895E-7    -4.455E-7                4102770.3894762998-2038953.1621125347i            1.7664951058344275E7
0                         4.1326530612244895E-7    -4.2731632653061225E-7   4136158.3668916733-2046657.9670783626i            1.7733600555950444E7
0                         4.1326530612244895E-7    -4.091326530612245E-7    3949059.899016397-1975270.6691806538i             1.69573305764909E7
0                         4.1326530612244895E-7    -3.9094897959183674E-7   3859787.314393097-1936943.0847863387i             1.666552438162752E7
0                         4.1326530612244895E-7    -3.72765306122449E-7     3756895.7939373353-1893644.626289296i             1.6286220238710733E7
0                         4.1326530612244895E-7    -3.545816326530612E-7    3640385.337649115-1845375.293689527i              1.5819427471616514E7
0                         4.1326530612244895E-7    -3.3639795918367346E-7   3386806.9549631034-1753266.006309364i             1.5306633224276299E7
0                         4.1326530612244895E-7    -3.1821428571428575E-7   3266338.521751408-1688334.021471187i              1.4761143509512374E7
0                         4.1326530612244895E-7    -3.0003061224489794E-7   3557358.992625396-1773620.826232594i              1.4164642080638485E7
0                         4.1326530612244895E-7    -2.8184693877551024E-7   3308392.298391057-1674735.9682948007i             1.3428763872646736E7
0                         4.1326530612244895E-7    -2.636632653061224E-7    3044622.131625671-1570399.2322479198i             1.2627419060941435E7
0                         4.1326530612244895E-7    -2.454795918367347E-7    2458163.464804398-1326061.1474901438i             1.1609236208872678E7
0                         4.1326530612244895E-7    -2.2729591836734696E-7   2656753.9546072716-1330306.788931517i             1.0803713376153437E7
0                         4.1326530612244895E-7    -2.091122448979592E-7    2054363.259103362-1119066.6672910885i             9967908.01930511
0                         4.1326530612244895E-7    -1.9092857142857144E-7   1820551.6972709834-1016883.4081003394i            9037311.339462599
0                         4.1326530612244895E-7    -1.7274489795918368E-7   1631746.7412853248-915149.9878541718i             8130432.161550775
0                         4.1326530612244895E-7    -1.5456122448979592E-7   1438692.83361889-811129.875822173i                7192868.4857646385
0                         4.1326530612244895E-7    -1.3637755102040816E-7   1241389.9742716784-704823.0720043416i             6225090.649127739
0                         4.1326530612244895E-7    -1.181938775510204E-7    832743.8109092452-530566.8459344672i              5326550.761419714
0                         4.1326530612244895E-7    -1.0001020408163265E-7   669120.2034284112-434725.045631845i               4387832.722768266
0                         4.1326530612244895E-7    -8.182653061224489E-8    510683.67742930684-346791.97656455205i            3398916.1618600385
0                         4.1326530612244895E-7    -6.364285714285713E-8    407224.90638837987-276592.37882636726i            2658209.189385118
0                         4.1326530612244895E-7    -4.545918367346937E-8    303642.63103842916-205773.11871624467i            1940134.166365193
0                         4.1326530612244895E-7    -2.7275510204081612E-8   199936.8513794532-134334.1962341835i              1288710.7510348938
0                         4.1326530612244895E-7    -9.091836734693906E-9    176635.82770343186-80950.97093647868i             794706.1194166248
0                         4.1326530612244895E-7    9.091836734693853E-9     -157826.5891340766+74296.30385888374i             792649.0190346973
0                         4.1326530612244895E-7    2.7275510204081612E-8    -333483.45212318085+171782.74127266437i           1307897.6859623953
0                         4.1326530612244895E-7    4.5459183673469424E-8    -282299.6656736855+195628.01795721304i            1926305.9333241258
0                         4.1326530612244895E-7    6.364285714285713E-8     -338808.3383447004+249394.77435270965i            2641154.7445748276
0                         4.1326530612244895E-7    8.182653061224494E-8     -394464.2705442724+302414.09686090506i            3381737.0763603733
0                         4.1326530612244895E-7    1.0001020408163265E-7    -728378.9965067519+441051.2752852638i             4519673.241139005
0                         4.1326530612244895E-7    1.1819387755102046E-7    -1113627.0515638958+608000.1297818469i            5286540.099184115
0                         4.1326530612244895E-7    1.3637755102040816E-7    -1321696.6319973287+721887.2777551832i            6251613.710658877
0                         4.1326530612244895E-7    1.5456122448979587E-7    -1502539.8638253412+829275.9725986461i            7162356.654915172
0                         4.1326530612244895E-7    1.7274489795918368E-7    -1751095.538860158+973265.0122075756i             8256785.138375293
0                         4.1326530612244895E-7    1.909285714285714E-7     -1933268.9867582046+1054623.465789014i            9162547.197779939
0                         4.1326530612244895E-7    2.091122448979592E-7     -2106061.5236420617+1132257.7593583409i           1.0026879874278804E7
0                         4.1326530612244895E-7    2.272959183673469E-7     -2269473.1495117284+1206167.8929155548i           1.0849661312199164E7
0                         4.1326530612244895E-7    2.454795918367347E-7     -2598051.4349089917+1368298.664669118i            1.1716248457130171E7
0                         4.1326530612244895E-7    2.636632653061224E-7     -2794075.2150383396+1466041.9231474104i           1.2533255233420094E7
0                         4.1326530612244895E-7    2.8184693877551024E-7    -2958703.271641831+1548469.0998951728i            1.3238698576935485E7
0                         4.1326530612244895E-7    3.0003061224489794E-7    -3123656.4775493783+1622577.106177711i            1.3959912011405773E7
0                         4.1326530612244895E-7    3.1821428571428575E-7    -3275807.745566579+1691487.0687661185i            1.4610924013880016E7
0                         4.1326530612244895E-7    3.3639795918367346E-7    -3422371.477768791+1760529.890153993i             1.5205103423736041E7
0                         4.1326530612244895E-7    3.5458163265306127E-7    -3513701.4615791775+1806569.8840957927i           1.5632947417776247E7
0                         4.1326530612244895E-7    3.72765306122449E-7      -3613217.0620445265+1843871.824308557i            1.6123261516410813E7
0                         4.1326530612244895E-7    3.909489795918368E-7     -3749861.6819107546+1898967.7818409298i           1.654433337467272E7
0                         4.1326530612244895E-7    4.091326530612245E-7     -3872244.363441961+1948947.2381194364i            1.68775632290818E7
0                         4.1326530612244895E-7    4.273163265306122E-7     -3980365.10663815+1993810.1931440781i             1.712298060286552E7
0                         4.1326530612244895E-7    4.455E-7                 -4102770.389476305+2038953.162112551i             1.766611069588135E7
0                         4.2979591836734687E-7    -4.455E-7                3884831.083308357-1963079.3297217197i             1.7543452220844015E7
0                         4.2979591836734687E-7    -4.2731632653061225E-7   3688229.73007946-1891860.7945880482i              1.663788515691488E7
0                         4.2979591836734687E-7    -4.091326530612245E-7    3614893.4914312284-1859106.9032577197i            1.6441001459727136E7
0                         4.2979591836734687E-7    -3.9094897959183674E-7   3527938.31695054-1821382.1378246648i              1.6156678395877248E7
0                         4.2979591836734687E-7    -3.72765306122449E-7     3427364.206637389-1778686.4982888806i             1.5784906095797684E7
0                         4.2979591836734687E-7    -3.545816326530612E-7    3293157.0762223927-1732896.6636318252i            1.5364717328187192E7
0                         4.2979591836734687E-7    -3.3639795918367346E-7   3232482.815337308-1691893.1397337776i             1.493417014324712E7
0                         4.2979591836734687E-7    -3.1821428571428575E-7   3079011.3675913834-1617099.2525030586i            1.442079744633886E7
0                         4.2979591836734687E-7    -3.0003061224489794E-7   2865113.191575681-1526896.4409386846i             1.3407788426337317E7
0                         4.2979591836734687E-7    -2.8184693877551024E-7   2591411.1524839327-1417564.1335735444i            1.3118081820003062E7
0                         4.2979591836734687E-7    -2.636632653061224E-7    2480138.224679063-1353445.9141862635i             1.2253506391005289E7
0                         4.2979591836734687E-7    -2.454795918367347E-7    2447501.900988212-1305349.5639660575i             1.1552007765546901E7
0                         4.2979591836734687E-7    -2.2729591836734696E-7   2124888.5375148915-1191816.6141700689i            1.0750940339016048E7
0                         4.2979591836734687E-7    -2.091122448979592E-7    1975465.140152912-1110194.3866580345i             9902139.13262453
0                         4.2979591836734687E-7    -1.9092857142857144E-7   1734518.7490116092-980505.3213083153i             8976659.373118551
0                         4.2979591836734687E-7    -1.7274489795918368E-7   1547778.6017396422-879505.8165978857i             8108297.55443953
0                         4.2979591836734687E-7    -1.5456122448979592E-7   1356789.502786899-776219.6201016252i              7209178.139113373
0                         4.2979591836734687E-7    -1.3637755102040816E-7   1161551.4521533817-670646.7318195335i             6279704.0186859565
0                         4.2979591836734687E-7    -1.181938775510204E-7    865300.4274576418-540122.5718316828i              5385473.344405875
0                         4.2979591836734687E-7    -1.0001020408163265E-7   699850.7849738322-446149.9431025999i              4480524.537811173
0                         4.2979591836734687E-7    -8.182653061224489E-8    527372.245932315-351186.0072115189i               3449807.7863445175
0                         4.2979591836734687E-7    -6.364285714285713E-8    431083.4131978963-282710.71133132186i             2731110.653580107
0                         4.2979591836734687E-7    -4.545918367346937E-8    334671.0761544524-213615.75307918648i             2026057.2122448478
0                         4.2979591836734687E-7    -2.7275510204081612E-8   257585.729264856-146143.70483619778i              1357236.5481229222
0                         4.2979591836734687E-7    -9.091836734693906E-9    53896.387555488094-39244.65224594122i             758487.3771374662
0                         4.2979591836734687E-7    9.091836734693853E-9     -56950.48407472734+39934.56712642877i             756565.5895795817
0                         4.2979591836734687E-7    2.7275510204081612E-8    -243535.68731346753+139096.26239518178i           1302431.829681789
0                         4.2979591836734687E-7    4.5459183673469424E-8    -293221.6642147524+195770.12567979016i            1969990.418648246
0                         4.2979591836734687E-7    6.364285714285713E-8     -339915.96924361726+247214.49803185137i           2679353.8193945284
0                         4.2979591836734687E-7    8.182653061224494E-8     -557498.4978128198+349428.6088795618i             3637802.257914311
0                         4.2979591836734687E-7    1.0001020408163265E-7    -736792.222951408+450245.8197447929i              4562942.466334846
0                         4.2979591836734687E-7    1.1819387755102046E-7    -890341.7293177098+556171.5066209014i             5483061.963583643
0                         4.2979591836734687E-7    1.3637755102040816E-7    -1242634.1588819022+727639.7954958882i            6213583.04898164
0                         4.2979591836734687E-7    1.5456122448979587E-7    -1425648.355583981+795466.7797925981i             7180585.362174035
0                         4.2979591836734687E-7    1.7274489795918368E-7    -1580788.5606600116+888394.8873792595i            8116910.77204292
0                         4.2979591836734687E-7    1.909285714285714E-7     -1851039.1956530614+1027888.9930957297i           9189357.128890205
0                         4.2979591836734687E-7    2.091122448979592E-7     -2014285.7835418903+1103414.5179608928i           1.0017367243778234E7
0                         4.2979591836734687E-7    2.272959183673469E-7     -2230442.86016333+1208066.1288561276i             1.0875918283523876E7
0                         4.2979591836734687E-7    2.454795918367347E-7     -2356579.75021071+1265391.013084386i              1.155547131844197E7
0                         4.2979591836734687E-7    2.636632653061224E-7     -2599780.4860245385+1387439.7550038109i           1.2309500183893196E7
0                         4.2979591836734687E-7    2.8184693877551024E-7    -2763860.734043726+1474106.5283136712i            1.2982297240873825E7
0                         4.2979591836734687E-7    3.0003061224489794E-7    -2924510.923499139+1547228.6043730672i            1.367546197035601E7
0                         4.2979591836734687E-7    3.1821428571428575E-7    -3072359.1750642103+1615152.6367383352i           1.429851495682431E7
0                         4.2979591836734687E-7    3.3639795918367346E-7    -3184493.8243771344+1674382.8686158166i           1.4810777088641385E7
0                         4.2979591836734687E-7    3.5458163265306127E-7    -3239649.8501757104+1708321.256808021i            1.5266311397878997E7
0                         4.2979591836734687E-7    3.72765306122449E-7      -3326296.830898502+1752862.1994088057i            1.5689093203493742E7
0                         4.2979591836734687E-7    3.909489795918368E-7     -3434253.3000236093+1788421.1806834792i           1.6077044682022216E7
0                         4.2979591836734687E-7    4.091326530612245E-7     -3554411.69221258+1837826.661712943i              1.6403212977944732E7
0                         4.2979591836734687E-7    4.273163265306122E-7     -3660308.1460665315+1882115.6414885416i           1.6641643139492514E7
0                         4.2979591836734687E-7    4.455E-7                 -3884831.0833083615+1963079.3297217353i           1.75443122580296E7
0                         4.4632653061224485E-7    -4.455E-7                3350056.125946128-1772116.8092015476i             1.5876153503216641E7
0                         4.4632653061224485E-7    -4.2731632653061225E-7   3351745.91235168-1775094.2097038552i              1.6139415567064807E7
0                         4.4632653061224485E-7    -4.091326530612245E-7    3280727.08384606-1742943.1373347854i              1.5949973635705398E7
0                         4.4632653061224485E-7    -3.9094897959183674E-7   3196089.319507981-1705821.19086299i               1.5673179030489648E7
0                         4.4632653061224485E-7    -3.72765306122449E-7     3119792.7767109927-1684255.544268615i             1.5345138211132072E7
0                         4.4632653061224485E-7    -3.545816326530612E-7    3070535.8628653795-1647780.5444814567i            1.49932442466026E7
0                         4.4632653061224485E-7    -3.3639795918367346E-7   3012705.464188471-1607517.4093999672i             1.4577786281529825E7
0                         4.4632653061224485E-7    -3.1821428571428575E-7   2891684.2134313565-1545864.4835349293i            1.4095115824301396E7
0                         4.4632653061224485E-7    -3.0003061224489794E-7   2673349.6348908655-1454359.6123616975i            1.3274841913232299E7
0                         4.4632653061224485E-7    -2.8184693877551024E-7   2483392.6731488323-1373878.3311393363i            1.2800868810372548E7
0                         4.4632653061224485E-7    -2.636632653061224E-7    2327774.9315234795-1289222.3058780115i            1.2073900535650847E7
0                         4.4632653061224485E-7    -2.454795918367347E-7    2147350.3792062905-1219219.594755399i             1.1432444382953022E7
0                         4.4632653061224485E-7    -2.2729591836734696E-7   2005591.7960298907-1140567.598056169i             1.0652740217324302E7
0                         4.4632653061224485E-7    -2.091122448979592E-7    1859200.55470197-1059725.4974652096i              9833501.152283601
0                         4.4632653061224485E-7    -1.9092857142857144E-7   1726097.7939058081-980567.4321651291i             8955310.030867048
0                         4.4632653061224485E-7    -1.7274489795918368E-7   1557994.6307620965-897627.4093993348i             7967424.271373527
0                         4.4632653061224485E-7    -1.5456122448979592E-7   1354725.858564613-799294.7092007322i              7120697.525949337
0                         4.4632653061224485E-7    -1.3637755102040816E-7   1148088.4054346278-698658.7047926331i             6244428.514327165
0                         4.4632653061224485E-7    -1.181938775510204E-7    891056.3167839643-550393.045324609i               5446480.100913999
0                         4.4632653061224485E-7    -1.0001020408163265E-7   730581.366519253-457574.8405733551i               4573083.914516896
0                         4.4632653061224485E-7    -8.182653061224489E-8    544060.8144353237-355580.03785848565i             3507789.781355204
0                         4.4632653061224485E-7    -6.364285714285713E-8    454941.9200074128-288829.04383627634i             2813883.6406750465
0                         4.4632653061224485E-7    -4.545918367346937E-8    365699.5212704759-221458.38744212815i             2127857.537383967
0                         4.4632653061224485E-7    -2.7275510204081612E-8   169865.99570647493-115220.58946177622i            1379770.4084472624
0                         4.4632653061224485E-7    -9.091836734693906E-9    31188.004846299213-25418.513222764712i            700072.6606933697
0                         4.4632653061224485E-7    9.091836734693853E-9     -33756.33991775375+27843.798930763547i            631702.1188443229
0                         4.4632653061224485E-7    2.7275510204081612E-8    -153587.92250375418+106409.78351769922i           1310275.262228849
0                         4.4632653061224485E-7    4.5459183673469424E-8    -326943.109881026+202656.1001835857i              2061713.6998255763
0                         4.4632653061224485E-7    6.364285714285713E-8     -396807.96417593583+259412.1911912486i            2806672.029649589
0                         4.4632653061224485E-7    8.182653061224494E-8     -568266.6766768191+359216.89161549695i            3712321.1140945433
0                         4.4632653061224485E-7    1.0001020408163265E-7    -745205.4493960649+459440.36420432245i            4606655.016592192
0                         4.4632653061224485E-7    1.1819387755102046E-7    -880627.7225080004+547283.5429518474i             5518156.088841678
0                         4.4632653061224485E-7    1.3637755102040816E-7    -1000582.8290326362+616799.1516264828i            6424362.971968727
0                         4.4632653061224485E-7    1.5456122448979587E-7    -1315489.3698658096+784165.3487834802i            7200846.585739034
0                         4.4632653061224485E-7    1.7274489795918368E-7    -1502462.546793455+854027.9253707144i             8112909.176329932
0                         4.4632653061224485E-7    1.909285714285714E-7     -1640902.6256895238+941996.871860442i             8983993.781099036
0                         4.4632653061224485E-7    2.091122448979592E-7     -1922510.0434417187+1074571.2765634456i           1.0016058431645086E7
0                         4.4632653061224485E-7    2.272959183673469E-7     -2106990.337929544+1167322.3592795657i            1.080008705564515E7
0                         4.4632653061224485E-7    2.454795918367347E-7     -2227401.700198563+1223410.1879354229i            1.1450534529210363E7
0                         4.4632653061224485E-7    2.636632653061224E-7     -2405485.757010728+1308837.5868602088i            1.2104209594940638E7
0                         4.4632653061224485E-7    2.8184693877551024E-7    -2587488.2155882204+1402231.091450942i            1.2797699328539716E7
0                         4.4632653061224485E-7    3.0003061224489794E-7    -2725365.369448901+1471880.1025684245i            1.3407950412839737E7
0                         4.4632653061224485E-7    3.1821428571428575E-7    -2868910.604561843+1538818.2047105527i            1.4003036995700303E7
0                         4.4632653061224485E-7    3.3639795918367346E-7    -2927335.836722249+1581162.9890963687i            1.4445858940510668E7
0                         4.4632653061224485E-7    3.5458163265306127E-7    -3020952.1401457135+1629054.6187610128i           1.4918430609729262E7
0                         4.4632653061224485E-7    3.72765306122449E-7      -3104642.8838710934+1672875.0179776154i           1.5326726475689212E7
0                         4.4632653061224485E-7    3.909489795918368E-7     -3118644.918136464+1677874.5795260284i            1.5635091869201249E7
0                         4.4632653061224485E-7    4.091326530612245E-7     -3236579.020983199+1726706.0853064498i            1.5954128769418722E7
0                         4.4632653061224485E-7    4.273163265306122E-7     -3340251.1854949137+1770421.0898330053i           1.6185549270565853E7
0                         4.4632653061224485E-7    4.455E-7                 -3350056.1259461334+1772116.8092015625i           1.587736698793198E7
0                         4.6285714285714283E-7    -4.455E-7                3080876.9319249727-1670281.06588865i              1.5554505746937765E7
0                         4.6285714285714283E-7    -4.2731632653061225E-7   3015262.0946239005-1658327.624819662i             1.5667029333223369E7
0                         4.6285714285714283E-7    -4.091326530612245E-7    2946560.6762608923-1626779.3714118523i            1.5485021499458622E7
0                         4.6285714285714283E-7    -3.9094897959183674E-7   2932167.2679519523-1630345.5119779608i            1.5255245358930275E7
0                         4.6285714285714283E-7    -3.72765306122449E-7     2894327.7011458045-1598399.0363016897i            1.4982044459650325E7
0                         4.6285714285714283E-7    -3.545816326530612E-7    2847914.649508364-1562664.4253310878i             1.464525061481553E7
0                         4.6285714285714283E-7    -3.3639795918367346E-7   2792928.1130396333-1523141.6790661563i            1.4244897704253988E7
0                         4.6285714285714283E-7    -3.1821428571428575E-7   2729368.0917396117-1479830.7975068933i            1.378103683620753E7
0                         4.6285714285714283E-7    -3.0003061224489794E-7   2481586.0782060553-1381822.7837847134i            1.3159047268630702E7
0                         4.6285714285714283E-7    -2.8184693877551024E-7   2330121.627107729-1309332.2631490328i             1.2609571197691223E7
0                         4.6285714285714283E-7    -2.636632653061224E-7    2175411.638367899-1224998.697569761i              1.190929421957444E7
0                         4.6285714285714283E-7    -2.454795918367347E-7    2025021.4816872338-1167190.451720427i             1.1316544219792338E7
0                         4.6285714285714283E-7    -2.2729591836734696E-7   1943608.8079869063-1102552.6699603389i            1.0483724651890602E7
0                         4.6285714285714283E-7    -2.091122448979592E-7    1781184.6963813168-1023873.2954671464i            9727431.329216525
0                         4.6285714285714283E-7    -1.9092857142857144E-7   1614531.890345227-943008.5180654234i              8934380.690455325
0                         4.6285714285714283E-7    -1.7274489795918368E-7   1349638.9927617277-816456.2378504974i             8019893.874657403
0                         4.6285714285714283E-7    -1.5456122448979592E-7   1214369.639062338-744771.6639615805i              7204966.650156768
0                         4.6285714285714283E-7    -1.3637755102040816E-7   1030801.0141725094-635723.0116312903i             6312387.013961287
0                         4.6285714285714283E-7    -1.181938775510204E-7    968117.1573974998-585241.8210884071i              5353419.792907516
0                         4.6285714285714283E-7    -1.0001020408163265E-7   761311.948064673-468999.73804411i                 4665018.617014149
0                         4.6285714285714283E-7    -8.182653061224489E-8    560749.3829383327-359974.068505453i               3571042.7856348716
0                         4.6285714285714283E-7    -6.364285714285713E-8    478800.42681692785-294947.3763412302i             2903886.351964363
0                         4.6285714285714283E-7    -4.545918367346937E-8    276824.9822781556-188959.0814720031i              2132236.4896491934
0                         4.6285714285714283E-7    -2.7275510204081612E-8   95951.7784208986-80675.5236165576i                1400511.4795875538
0                         4.6285714285714283E-7    -9.091836734693906E-9    37503.66174616243-29145.397410477184i             578194.2258265729
0                         4.6285714285714283E-7    9.091836734693853E-9     -19833.79205568169+22235.92057410207i             519570.4958682332
0                         4.6285714285714283E-7    2.7275510204081612E-8    -63640.15769404033+73723.30464021665i             1330293.701135638
0                         4.6285714285714283E-7    4.5459183673469424E-8    -232939.0968218277+168904.4332793668i             2057671.642035922
0                         4.6285714285714283E-7    6.364285714285713E-8     -409931.09545927984+269794.21220359i              2912360.013723444
0                         4.6285714285714283E-7    8.182653061224494E-8     -579034.8555408206+369005.17435143294i            3786982.4976499015
0                         4.6285714285714283E-7    1.0001020408163265E-7    -755265.3660411137+468899.3755754561i             4662035.815790267
0                         4.6285714285714283E-7    1.1819387755102046E-7    -870913.7156982888+538395.5792827936i             5559305.493973217
0                         4.6285714285714283E-7    1.3637755102040816E-7    -983062.7281504184+605974.2103035044i             6437792.356629352
0                         4.6285714285714283E-7    1.5456122448979587E-7    -1202693.0529745752+731355.7742693331i            7218355.40915244
0                         4.6285714285714283E-7    1.7274489795918368E-7    -1376381.4045253885+837347.8083725948i            8106240.615446963
0                         4.6285714285714283E-7    1.909285714285714E-7     -1561142.1061977716+907072.1406493997i            8957265.429050934
0                         4.6285714285714283E-7    2.091122448979592E-7     -1682882.0589138751+990081.9260421941i            9763084.488833629
0                         4.6285714285714283E-7    2.272959183673469E-7     -1983537.8156957552+1126578.589703003i            1.0736426096226107E7
0                         4.6285714285714283E-7    2.454795918367347E-7     -2098223.6501864144+1181429.362786458i            1.1357825554075493E7
0                         4.6285714285714283E-7    2.636632653061224E-7     -2207585.198963813+1233457.9190198584i            1.1931947004212E7
0                         4.6285714285714283E-7    2.8184693877551024E-7    -2388392.8665081286+1322458.8186721758i           1.2579012899198174E7
0                         4.6285714285714283E-7    3.0003061224489794E-7    -2526219.8153986614+1396531.600763781i            1.3157697669630297E7
0                         4.6285714285714283E-7    3.1821428571428575E-7    -2613140.20903376+1453636.4720977582i             1.364308132862618E7
0                         4.6285714285714283E-7    3.3639795918367346E-7    -2711594.363689662+1502616.8944335422i            1.4136824396581812E7
0                         4.6285714285714283E-7    3.5458163265306127E-7    -2802254.4301157184+1549787.9807140052i           1.4594856915682884E7
0                         4.6285714285714283E-7    3.72765306122449E-7      -2882988.9368436844+1592887.8365464248i           1.4988651359651994E7
0                         4.6285714285714283E-7    3.909489795918368E-7     -2953797.883873564+1631916.4619308033i            1.5318190524719214E7
0                         4.6285714285714283E-7    4.091326530612245E-7     -2918746.349753818+1615585.5088999565i            1.5531034405225186E7
0                         4.6285714285714283E-7    4.273163265306122E-7     -3020194.2249232954+1658726.5381774683i           1.5755428348883033E7
0                         4.6285714285714283E-7    4.455E-7                 -3080876.9319249825+1670281.0658886663i           1.5554982774055963E7
0                         4.793877551020408E-7     -4.455E-7                2811697.7379038166-1568445.3225757515i            1.5255877868452128E7
0                         4.793877551020408E-7     -4.2731632653061225E-7   2678778.276896122-1541561.0399354687i             1.5221547371895479E7
0                         4.793877551020408E-7     -4.091326530612245E-7    2612394.268675725-1510615.6054889192i             1.5046956131985364E7
0                         4.793877551020408E-7     -3.9094897959183674E-7   2703858.330178586-1543748.6151944748i             1.4900905904843915E7
0                         4.793877551020408E-7     -3.72765306122449E-7     2668862.625580614-1512542.5283347624i             1.4642747464057354E7
0                         4.793877551020408E-7     -3.545816326530612E-7    2625293.436151351-1477548.3061807193i             1.4321032981412131E7
0                         4.793877551020408E-7     -3.3639795918367346E-7   2573150.761890797-1438765.9487323451i             1.3935792987149563E7
0                         4.793877551020408E-7     -3.1821428571428575E-7   2509450.995577785-1409144.397699138i              1.338693244349216E7
0                         4.793877551020408E-7     -3.0003061224489794E-7   2289822.521521244-1309285.9552077283i             1.3060697227950556E7
0                         4.793877551020408E-7     -2.8184693877551024E-7   2176850.5810666247-1244786.1951587289i            1.2433340097197114E7
0                         4.793877551020408E-7     -2.636632653061224E-7    2116525.3139104475-1209662.468260804i             1.1768911401373805E7
0                         4.793877551020408E-7     -2.454795918367347E-7    1969478.523774747-1136887.3565498292i             1.111294512877197E7
0                         4.793877551020408E-7     -2.2729591836734696E-7   1818203.039208545-1061926.8419303223i             1.0420224925973823E7
0                         4.793877551020408E-7     -2.091122448979592E-7    1662698.8602118439-984780.9244022855i             9690758.342417376
0                         4.793877551020408E-7     -1.9092857142857144E-7   1502965.9867846463-905449.6039657185i             8924563.183536049
0                         4.793877551020408E-7     -1.7274489795918368E-7   1317760.1349577275-805100.1348504238i             8085128.799501903
0                         4.793877551020408E-7     -1.5456122448979592E-7   1098454.9087067526-699542.9290600826i             7298789.812657914
0                         4.793877551020408E-7     -1.3637755102040816E-7   1003990.1257129512-621626.8407067691i             6429448.175016916
0                         4.793877551020408E-7     -1.181938775510204E-7    949024.9656031723-572958.81361039i                5496224.4658720605
0                         4.793877551020408E-7     -1.0001020408163265E-7   792042.5296100932-480424.6355148646i              4755932.674361271
0                         4.793877551020408E-7     -8.182653061224489E-8    643252.0179452598-389648.26122625306i             3929275.408697347
0                         4.793877551020408E-7     -6.364285714285713E-8    374773.34727053-260460.12827662184i               2867210.9575417186
0                         4.793877551020408E-7     -4.545918367346937E-8    187231.4882540848-157442.3918823467i              2141325.734921098
0                         4.793877551020408E-7     -2.7275510204081612E-8   94660.5443585534-82521.41363532128i               1321890.1586233636
0                         4.793877551020408E-7     -9.091836734693906E-9    43819.318646025524-32872.281598189555i            488181.12236906315
0                         4.793877551020408E-7     9.091836734693853E-9     -5911.244193610022+16628.042217440754i            445271.77868954523
0                         4.793877551020408E-7     2.7275510204081612E-8    -54531.14416035343+65979.55781156971i             1276505.8863989601
0                         4.793877551020408E-7     4.5459183673469424E-8    -139903.59907560307+140186.89867121523i           2075434.7553607656
0                         4.793877551020408E-7     6.364285714285713E-8     -423054.2267426234+280176.2332159316i             3017757.8790297927
0                         4.793877551020408E-7     8.182653061224494E-8     -642015.860514197+392471.59082028735i             3847669.764914355
0                         4.793877551020408E-7     1.0001020408163265E-7    -753357.4533039099+461948.3895603267i             4735970.288082034
0                         4.793877551020408E-7     1.1819387755102046E-7    -861199.7088885764+529507.6156137391i             5605608.497379433
0                         4.793877551020408E-7     1.3637755102040816E-7    -965542.6272681989+595149.2689805257i             6456058.307697255
0                         4.793877551020408E-7     1.5456122448979587E-7    -1066386.2084427772+658873.3496606849i            7287054.659626951
0                         4.793877551020408E-7     1.7274489795918368E-7    -1258335.2179423196+783135.923380316i             8097359.963230852
0                         4.793877551020408E-7     1.909285714285714E-7     -1481381.5867060223+872147.4094383586i            8939469.560851594
0                         4.793877551020408E-7     2.091122448979592E-7     -1601687.0337969316+954599.4256286555i            9713487.110161506
0                         4.793877551020408E-7     2.272959183673469E-7     -1757447.463341339+1035674.3743589927i            1.046134880933224E7
0                         4.793877551020408E-7     2.454795918367347E-7     -1904845.9803091804+1111524.5999746197i           1.117200726551758E7
0                         4.793877551020408E-7     2.636632653061224E-7     -2072681.6211733068+1190240.038298494i            1.1822500526114175E7
0                         4.793877551020408E-7     2.8184693877551024E-7    -2189297.5174280396+1242686.5458934114i           1.237934981073667E7
0                         4.793877551020408E-7     3.0003061224489794E-7    -2327074.2613484203+1321183.098959136i            1.2925033103016153E7
0                         4.793877551020408E-7     3.1821428571428575E-7    -2398223.5015303465+1373549.026426395i            1.3344835371074418E7
0                         4.793877551020408E-7     3.3639795918367346E-7    -2495852.8906570757+1424070.7997707166i           1.3852425249754824E7
0                         4.793877551020408E-7     3.5458163265306127E-7    -2583556.720085719+1470521.342666996i             1.429588222700786E7
0                         4.793877551020408E-7     3.72765306122449E-7      -2661334.9898162778+1512900.6551152358i           1.4675168847096011E7
0                         4.793877551020408E-7     3.909489795918368E-7     -2729187.699848745+1551208.7371154313i            1.4990263282757657E7
0                         4.793877551020408E-7     4.091326530612245E-7     -2787114.850183126+1585445.5886675857i            1.524115647153565E7
0                         4.793877551020408E-7     4.273163265306122E-7     -2700137.2643516785+1547031.9865219323i           1.5352034343373382E7
0                         4.793877551020408E-7     4.455E-7                 -2811697.7379038297+1568445.3225757682i           1.5255767367637137E7
0                         4.959183673469387E-7     -4.455E-7                2542518.5438826606-1466609.579262853i             1.4980686354196964E7
0                         4.959183673469387E-7     -4.2731632653061225E-7   2408832.3602350075-1429393.7275116919i            1.4984829443514207E7
0                         4.959183673469387E-7     -4.091326530612245E-7    2499127.749963714-1483829.2811598112i             1.4750406560631614E7
0                         4.959183673469387E-7     -3.9094897959183674E-7   2475549.392405213-1457151.7184109883i             1.4570727449449312E7
0                         4.959183673469387E-7     -3.72765306122449E-7     2443397.5500154244-1426686.0203678366i            1.4327547639865825E7
0                         4.959183673469387E-7     -3.545816326530612E-7    2402672.2227943386-1392432.1870303513i            1.402087879753874E7
0                         4.959183673469387E-7     -3.3639795918367346E-7   2301148.8296893584-1350185.0486649722i            1.3788751427131778E7
0                         4.959183673469387E-7     -3.1821428571428575E-7   2165397.134124563-1286831.4927248522i             1.3366118343323758E7
0                         4.959183673469387E-7     -3.0003061224489794E-7   2098058.9648364317-1236749.1266307442i            1.298005551929342E7
0                         4.959183673469387E-7     -2.8184693877551024E-7   2103585.2175526554-1236246.1935841076i            1.2227318614358202E7
0                         4.959183673469387E-7     -2.636632653061224E-7    1977279.6799143017-1165969.7263004768i            1.1663170572854107E7
0                         4.959183673469387E-7     -2.454795918367347E-7    1837152.8223874897-1094728.0715546552i            1.1033887016963582E7
0                         4.959183673469387E-7     -2.2729591836734696E-7   1692797.270430182-1021301.0139003063i             1.0367886172969315E7
0                         4.959183673469387E-7     -2.091122448979592E-7    1544213.0240423759-945688.5533374266i             9665180.528638473
0                         4.959183673469387E-7     -1.9092857142857144E-7   1391400.083224064-867890.6898660124i              8925795.276864383
0                         4.959183673469387E-7     -1.7274489795918368E-7   1246094.8876537355-760780.0227229369i             8096446.253757847
0                         4.959183673469387E-7     -1.5456122448979592E-7   1105526.0022475775-687262.0587585511i             7283426.381004545
0                         4.959183673469387E-7     -1.3637755102040816E-7   967774.5983143648-609094.293101579i               6445814.012269061
0                         4.959183673469387E-7     -1.181938775510204E-7    910490.0137880414-532474.549067869i               5624636.608703013
0                         4.959183673469387E-7     -1.0001020408163265E-7   822773.111155514-491849.5329856199i               4845516.615376275
0                         4.959183673469387E-7     -8.182653061224489E-8    678957.2917097778-402227.5826748372i              4050068.4413015656
0                         4.959183673469387E-7     -6.364285714285713E-8    283306.09278077004-228349.86447173075i            2849532.8993787463
0                         4.959183673469387E-7     -4.545918367346937E-8    137714.3079194185-132284.24974376877i             2088041.431689444
0                         4.959183673469387E-7     -2.7275510204081612E-8   93369.31029620743-84367.3036540846i               1259483.1802982092
0                         4.959183673469387E-7     -9.091836734693906E-9    72867.5261680044-43344.53818378097i               447745.8396550992
0                         4.959183673469387E-7     9.091836734693853E-9     -82599.48704089798+49558.34451408041i             461688.37872434244
0                         4.959183673469387E-7     2.7275510204081612E-8    -238786.88873569478+142865.76035090012i           1345769.0411473166
0                         4.959183673469387E-7     4.5459183673469424E-8    -404790.72888561146+241941.13722386514i           2201405.110785857
0                         4.959183673469387E-7     6.364285714285713E-8     -361923.14715953567+266506.4300876511i            3046745.6327646747
0                         4.959183673469387E-7     8.182653061224494E-8     -647914.0418494996+387457.58245908143i            3953840.575438235
0                         4.959183673469387E-7     1.0001020408163265E-7    -751449.5405667057+454997.40354519675i            4814621.241971166
0                         4.959183673469387E-7     1.1819387755102046E-7    -851485.7020788665+520619.65194468555i            5656293.081974856
0                         4.959183673469387E-7     1.3637755102040816E-7    -948022.52638598+584324.327657547i                6478537.691982921
0                         4.959183673469387E-7     1.5456122448979587E-7    -1041060.013488048+646111.4306837812i             7281191.0886079585
0                         4.959183673469387E-7     1.7274489795918368E-7    -1140289.031359246+728924.0383880348i             8092692.44573533
0                         4.959183673469387E-7     1.909285714285714E-7     -1302014.2065857337+831572.9787928197i            8893902.23967745
0                         4.959183673469387E-7     2.091122448979592E-7     -1528131.7798305075+921626.4224446225i            9668137.37615435
0                         4.959183673469387E-7     2.272959183673469E-7     -1679723.9660957225+999853.3648320319i            1.0393412390199305E7
0                         4.959183673469387E-7     2.454795918367347E-7     -1826330.529955469+1075392.6774323296i            1.1077830659255898E7
0                         4.959183673469387E-7     2.636632653061224E-7     -1967951.4714097315+1148244.360245512i            1.1721356603157064E7
0                         4.959183673469387E-7     2.8184693877551024E-7    -2030364.2508902177+1193754.3858156716i           1.2194588263230057E7
0                         4.959183673469387E-7     3.0003061224489794E-7    -2038598.9132001135+1230552.1008974807i           1.2571755362042084E7
0                         4.959183673469387E-7     3.1821428571428575E-7    -2185438.265495174+1295723.4751477519i            1.3100056765919037E7
0                         4.959183673469387E-7     3.3639795918367346E-7    -2280111.4176244913+1345524.70510789i             1.3592933500146268E7
0                         4.959183673469387E-7     3.5458163265306127E-7    -2364859.0100557227+1391254.7046199876i           1.4021787825734193E7
0                         4.959183673469387E-7     3.72765306122449E-7      -2439681.0427888697+1432913.473684046i            1.4386571635024574E7
0                         4.959183673469387E-7     3.909489795918368E-7     -2504577.515823927+1470501.0123000592i            1.4687256389185742E7
0                         4.959183673469387E-7     4.091326530612245E-7     -2559548.4291608976+1504017.3204680323i           1.492382950129887E7
0                         4.959183673469387E-7     4.273163265306122E-7     -2380080.3037800603+1435337.4348663965i           1.4976136102041483E7
0                         4.959183673469387E-7     4.455E-7                 -2542518.543882677+1466609.579262871i             1.4980139016707525E7
0                         5.124489795918367E-7     -4.455E-7                2273339.3498615045-1364773.8359499555i            1.4729322020173734E7
0                         5.124489795918367E-7     -4.2731632653061225E-7   2429471.6576916226-1416437.4886729363i            1.4757761566873008E7
0                         5.124489795918367E-7     -4.091326530612245E-7    2387503.548066204-1396502.6035180998i             1.4646515203771586E7
0                         5.124489795918367E-7     -3.9094897959183674E-7   2247240.4546318455-1370554.8216275035i            1.426501570341925E7
0                         5.124489795918367E-7     -3.72765306122449E-7     2217932.4744502334-1340829.512400909i             1.403673264123642E7
0                         5.124489795918367E-7     -3.545816326530612E-7    2180051.0094373254-1307316.0678799825i            1.374506034256122E7
0                         5.124489795918367E-7     -3.3639795918367346E-7   1953786.775867071-1227092.5849315785i             1.378165228648673E7
0                         5.124489795918367E-7     -3.1821428571428575E-7   1821343.2726713372-1164518.5877505662i            1.3375965609873397E7
0                         5.124489795918367E-7     -3.0003061224489794E-7   2104955.6724996855-1265239.260073612i             1.2690189345021859E7
0                         5.124489795918367E-7     -2.8184693877551024E-7   1943132.3839788553-1172922.4510268667i            1.2141153607492555E7
0                         5.124489795918367E-7     -2.636632653061224E-7    1838034.0459181604-1122276.98434015i              1.156885898645267E7
0                         5.124489795918367E-7     -2.454795918367347E-7    1614377.9900517901-1002085.4151997343i            1.0924386904397467E7
0                         5.124489795918367E-7     -2.2729591836734696E-7   1519577.5672777928-941787.4052177323i             1.0252029134325208E7
0                         5.124489795918367E-7     -2.091122448979592E-7    1420649.1348460503-879531.3123408452i             9538492.521693245
0                         5.124489795918367E-7     -1.9092857142857144E-7   1317592.6927565667-815317.136569073i              8783819.44917319
0                         5.124489795918367E-7     -1.7274489795918368E-7   1194017.3575335809-745863.947890383i              8004974.332389958
0                         5.124489795918367E-7     -1.5456122448979592E-7   1063562.3519046549-670653.9686501125i             7213376.4610443
0                         5.124489795918367E-7     -1.3637755102040816E-7   928229.0879263068-593157.0977707984i              6396636.101046602
0                         5.124489795918367E-7     -1.181938775510204E-7    788017.565598547-513373.33525244717i              5554823.433332555
0                         5.124489795918367E-7     -1.0001020408163265E-7   691749.964148015-435954.9937457269i               4811903.00902769
0                         5.124489795918367E-7     -8.182653061224489E-8    704081.7205723817-423136.2853246157i              3904623.6378261847
0                         5.124489795918367E-7     -6.364285714285713E-8    539490.2326601989-322390.1692088942i              3017720.969772135
0                         5.124489795918367E-7     -4.545918367346937E-8    386567.00596207235-230793.41899559723i            2156756.997917562
0                         5.124489795918367E-7     -2.7275510204081612E-8   232923.39077805195-138792.13564334222i            1294763.6488214943
0                         5.124489795918367E-7     -9.091836734693906E-9    78559.38710813742-46386.31915212919i              436713.9582839318
0                         5.124489795918367E-7     9.091836734693853E-9     -76525.00504767243+46424.030478042405i            451867.29098606284
0                         5.124489795918367E-7     2.7275510204081612E-8    -232329.7856893774+139638.91324717234i            1313961.4164355674
0                         5.124489795918367E-7     4.5459183673469424E-8    -407252.15377841215+242997.25920087812i           2172589.1472944934
0                         5.124489795918367E-7     6.364285714285713E-8     -486687.9819170757+307067.4384479346i             3098638.472366605
0                         5.124489795918367E-7     8.182653061224494E-8     -580069.8734414284+377886.13202733063i            3943162.675219959
0                         5.124489795918367E-7     1.0001020408163265E-7    -711836.6009410552+455844.2547136634i             4801544.93815482
0                         5.124489795918367E-7     1.1819387755102046E-7    -840049.3786427495+531922.4467491386i             5639084.6895899
0                         5.124489795918367E-7     1.3637755102040816E-7    -964708.206546518+606120.7081337596i              6455584.867715917
0                         5.124489795918367E-7     1.5456122448979587E-7    -1085813.0846523526+678439.0388675213i            7250945.092837039
0                         5.124489795918367E-7     1.7274489795918368E-7    -1222604.5889657415+752746.3397715993i            8100324.997508487
0                         5.124489795918367E-7     1.909285714285714E-7     -1355642.1529655936+836553.9467282993i            8870912.08269971
0                         5.124489795918367E-7     2.091122448979592E-7     -1438188.3135473472+899595.03999211i              9611140.069216238
0                         5.124489795918367E-7     2.272959183673469E-7     -1477878.5591546586+917386.455461361i             1.0282795228331812E7
0                         5.124489795918367E-7     2.454795918367347E-7     -1584980.8706456241+982506.318127723i             1.09358617257622E7
0                         5.124489795918367E-7     2.636632653061224E-7     -1685613.1759948381+1044935.3920233498i           1.1546993954473464E7
0                         5.124489795918367E-7     2.8184693877551024E-7    -1779775.47520229+1104673.6771482406i             1.2116171491028478E7
0                         5.124489795918367E-7     3.0003061224489794E-7    -2163481.468709614+1260022.5593215441i            1.2917643513809716E7
0                         5.124489795918367E-7     3.1821428571428575E-7    -2167713.1992724026+1270210.9608295974i           1.3216893215070505E7
0                         5.124489795918367E-7     3.3639795918367346E-7    -2225654.790815029+1300794.431413778i             1.3621913901164433E7
0                         5.124489795918367E-7     3.5458163265306127E-7    -2277384.260940501+1327924.0834843905i            1.396946960639556E7
0                         5.124489795918367E-7     3.72765306122449E-7      -2322901.6096488214+1351599.917041435i            1.4259507166499289E7
0                         5.124489795918367E-7     3.909489795918368E-7     -2362206.836939986+1371821.9320849085i            1.4491990874453977E7
0                         5.124489795918367E-7     4.091326530612245E-7     -2395299.942814001+1388590.1286148136i            1.4666899353879355E7
0                         5.124489795918367E-7     4.273163265306122E-7     -2422180.927270861+1401904.5066311504i            1.4784223600064194E7
0                         5.124489795918367E-7     4.455E-7                 -2273339.3498615264+1364773.8359499746i           1.4728489138038142E7
0                         5.289795918367346E-7     -4.455E-7                2004160.1558403473-1262938.0926370567i            1.450214121131833E7
0                         5.289795918367346E-7     -4.2731632653061225E-7   2264001.412657955-1329629.3845317843i             1.4498146365690332E7
0                         5.289795918367346E-7     -4.091326530612245E-7    2220925.2541641835-1309404.6194143626i            1.4395820297356058E7
0                         5.289795918367346E-7     -3.9094897959183674E-7   2176907.557912708-1352637.8060216806i             1.4236473237589242E7
0                         5.289795918367346E-7     -3.72765306122449E-7     2156025.73280932-1337759.5604756887i              1.4014050608651625E7
0                         5.289795918367346E-7     -3.545816326530612E-7    2124759.3424561517-1321738.6824951645i            1.3735459136578117E7
0                         5.289795918367346E-7     -3.3639795918367346E-7   2091093.5224242168-1310033.5813331297i            1.3379064387505146E7
0                         5.289795918367346E-7     -3.1821428571428575E-7   2049832.7727219597-1294473.518884119i             1.2968358580013879E7
0                         5.289795918367346E-7     -3.0003061224489794E-7   2000977.0933493832-1275058.495148136i             1.2503398950535836E7
0                         5.289795918367346E-7     -2.8184693877551024E-7   1750818.888230883-1101952.0559839185i             1.1984213368903331E7
0                         5.289795918367346E-7     -2.636632653061224E-7    1656502.9190381148-1045837.4906761016i            1.1367872858005615E7
0                         5.289795918367346E-7     -2.454795918367347E-7    1568402.673418965-988088.1049470302i              1.0753205353280671E7
0                         5.289795918367346E-7     -2.2729591836734696E-7   1476174.4181420743-928380.6363230739i             1.009741345236556E7
0                         5.289795918367346E-7     -2.091122448979592E-7    1379818.153207441-866715.0848042329i              9400524.21555137
0                         5.289795918367346E-7     -1.9092857142857144E-7   1279333.8786150669-803091.4503905082i             8662587.619457439
0                         5.289795918367346E-7     -1.7274489795918368E-7   1149635.5672357872-728584.9630042829i             7917921.517482706
0                         5.289795918367346E-7     -1.5456122448979592E-7   1021598.7015617322-654045.8785416735i             7147110.19029198
0                         5.289795918367346E-7     -1.3637755102040816E-7   924413.4280596653-583218.1270247939i              6428646.270274141
0                         5.289795918367346E-7     -1.181938775510204E-7    764704.9467014786-490150.93049493333i             5607713.176337757
0                         5.289795918367346E-7     -1.0001020408163265E-7   645828.4083034119-422825.5914602845i              4758912.677659441
0                         5.289795918367346E-7     -8.182653061224489E-8    543279.8470230743-354780.9476238742i              3894845.636670559
0                         5.289795918367346E-7     -6.364285714285713E-8    391792.5929614822-266313.44881899434i             3076854.2318084193
0                         5.289795918367346E-7     -4.545918367346937E-8    284346.7468290264-193390.03886960435i             2196997.371054093
0                         5.289795918367346E-7     -2.7275510204081612E-8   176188.2259891859-120267.29653201092i             1315989.3221910538
0                         5.289795918367346E-7     -9.091836734693906E-9    67317.03044196028-46945.22180621445i              439827.5379041138
0                         5.289795918367346E-7     9.091836734693853E-9     -70450.52305444735+43289.716442004436i            443534.0566198463
0                         5.289795918367346E-7     2.7275510204081612E-8    -225872.6826430602+136412.0661434447i             1282893.062279867
0                         5.289795918367346E-7     4.5459183673469424E-8    -314858.40899655654+204187.9620541762i            2168582.9761971887
0                         5.289795918367346E-7     6.364285714285713E-8     -444876.3052984677+287501.1982222724i             3068895.195190111
0                         5.289795918367346E-7     8.182653061224494E-8     -541228.9812376277+361184.84191059816i            3911678.8267032243
0                         5.289795918367346E-7     1.0001020408163265E-7    -671349.1355067462+438769.65259223455i            4750197.590106634
0                         5.289795918367346E-7     1.1819387755102046E-7    -797915.3399779365+514474.532623015i              5567800.549293074
0                         5.289795918367346E-7     1.3637755102040816E-7    -920927.5946511949+588299.4820029379i             6364332.124811281
0                         5.289795918367346E-7     1.5456122448979587E-7    -1040385.8995265259+660244.5007320051i            7139713.405136667
0                         5.289795918367346E-7     1.7274489795918368E-7    -1180840.4025428493+740101.2478124008i            7985712.780909272
0                         5.289795918367346E-7     1.909285714285714E-7     -1313097.5804342388+823903.494348561i             8737256.490033263
0                         5.289795918367346E-7     2.091122448979592E-7     -1397889.2954745917+884722.0631468559i            9474402.603725575
0                         5.289795918367346E-7     2.272959183673469E-7     -1477899.3618782489+928312.6219711751i            1.0166499560994243E7
0                         5.289795918367346E-7     2.454795918367347E-7     -1581117.61318126+992397.8600157513i              1.0802893092996899E7
0                         5.289795918367346E-7     2.636632653061224E-7     -1677865.8583425065+1053792.3092895888i           1.1397405773539327E7
0                         5.289795918367346E-7     2.8184693877551024E-7    -1849857.5586416805+1125788.515810068i            1.2137824904108768E7
0                         5.289795918367346E-7     3.0003061224489794E-7    -1901380.4615150867+1159782.9028003884i           1.262846137972823E7
0                         5.289795918367346E-7     3.1821428571428575E-7    -2047434.8212633422+1256817.3438379657i           1.291135103511837E7
0                         5.289795918367346E-7     3.3639795918367346E-7    -2086976.091866892+1283890.3469863865i            1.3322228755345093E7
0                         5.289795918367346E-7     3.5458163265306127E-7    -2120808.402972105+1307824.2756894217i            1.3674460647058824E7
0                         5.289795918367346E-7     3.72765306122449E-7      -2148931.754578972+1328619.1299470665i            1.3967960747009713E7
0                         5.289795918367346E-7     3.909489795918368E-7     -2171346.1466874955+1346274.9097593229i           1.4202670148809757E7
0                         5.289795918367346E-7     4.091326530612245E-7     -2188051.579297675+1360791.6151261912i            1.4378551834672196E7
0                         5.289795918367346E-7     4.273163265306122E-7     -2227813.9700828623+1301332.2581910775i           1.448992170507297E7
0                         5.289795918367346E-7     4.455E-7                 -2004160.1558403743+1262938.0926370777i           1.450117335135033E7
0                         5.455102040816326E-7     -4.455E-7                2110892.5242381203-1338081.982889057i             1.4224375390242957E7
0                         5.455102040816326E-7     -4.2731632653061225E-7   2107922.5230843653-1331662.580363363i             1.4180021757004812E7
0                         5.455102040816326E-7     -4.091326530612245E-7    2099082.944063973-1322432.3878150228i             1.4077432427025983E7
0                         5.455102040816326E-7     -3.9094897959183674E-7   2065645.8401709925-1290544.4946695687i            1.3986567263681356E7
0                         5.455102040816326E-7     -3.72765306122449E-7     2046480.0566639341-1286282.4212307977i            1.3744135499699518E7
0                         5.455102040816326E-7     -3.545816326530612E-7    2019719.3434865559-1278165.3865050538i            1.344743703535805E7
0                         5.455102040816326E-7     -3.3639795918367346E-7   1985363.7006388663-1266193.39049234i              1.3096496088625034E7
0                         5.455102040816326E-7     -3.1821428571428575E-7   1943413.1281208498-1250366.4331926482i            1.2691355790751396E7
0                         5.455102040816326E-7     -3.0003061224489794E-7   1783219.2340976947-1135000.6557141866i            1.2269377217016272E7
0                         5.455102040816326E-7     -2.8184693877551024E-7   1698105.0904563118-1086849.1293415595i            1.1780534252659751E7
0                         5.455102040816326E-7     -2.636632653061224E-7    1607955.4349081782-1031249.6390653497i            1.1184598547084732E7
0                         5.455102040816326E-7     -2.454795918367347E-7    1522427.3567861365-974090.7946943246i             1.0586297488773977E7
0                         5.455102040816326E-7     -2.2729591836734696E-7   1432771.2690063547-914973.8674284149i             9946960.615325177
0                         5.455102040816326E-7     -2.091122448979592E-7    1338987.171568831-853898.857267621i               9266619.013810609
0                         5.455102040816326E-7     -1.9092857142857144E-7   1225994.2443077625-782887.2761640914i             8559666.290852373
0                         5.455102040816326E-7     -1.7274489795918368E-7   1105253.7769379932-711305.978118183i              7834660.883372108
0                         5.455102040816326E-7     -1.5456122448979592E-7   983586.6818222099-631677.9285338044i              7120944.275262884
0                         5.455102040816326E-7     -1.3637755102040816E-7   830014.5676832579-541260.5998023261i              6343087.387899063
0                         5.455102040816326E-7     -1.181938775510204E-7    735100.8502446816-486222.3857629779i              5531906.508089785
0                         5.455102040816326E-7     -1.0001020408163265E-7   628020.234354091-417737.20638136443i              4673520.684422201
0                         5.455102040816326E-7     -8.182653061224489E-8    526100.8952562663-348474.46277997486i             3823766.398868192
0                         5.455102040816326E-7     -6.364285714285713E-8    402898.51314439066-271297.5959323884i             3039034.8434879817
0                         5.455102040816326E-7     -4.545918367346937E-8    270214.77120988345-187184.31374654607i            2158857.743707104
0                         5.455102040816326E-7     -2.7275510204081612E-8   166493.94738418545-115144.54371976477i            1297374.2798658353
0                         5.455102040816326E-7     -9.091836734693906E-9    62060.44885110244-42905.441304780274i             442202.1234535164
0                         5.455102040816326E-7     9.091836734693853E-9     -43085.72438936576+29532.993498408003i            457015.36381588323
0                         5.455102040816326E-7     2.7275510204081612E-8    -129033.00114773112+99819.16059009853i            1331585.7448711563
0                         5.455102040816326E-7     4.5459183673469424E-8    -239029.4943304566+169209.4915220294i             2215493.459424559
0                         5.455102040816326E-7     6.364285714285713E-8     -403064.6286798626+267934.95799661154i            3040185.7356666913
0                         5.455102040816326E-7     8.182653061224494E-8     -531158.8541205273+350839.7200499528i             3913132.0886154356
0                         5.455102040816326E-7     1.0001020408163265E-7    -630861.6700724373+421695.050470805i              4700341.530005679
0                         5.455102040816326E-7     1.1819387755102046E-7    -755781.3013131218+497026.6184968906i             5498035.857264015
0                         5.455102040816326E-7     1.3637755102040816E-7    -877146.9827558751+570478.2558721177i             6274665.920241083
0                         5.455102040816326E-7     1.5456122448979587E-7    -994958.7144006989+642049.9625964889i             7030162.129036168
0                         5.455102040816326E-7     1.7274489795918368E-7    -1139076.21611996+727456.1558532041i              7872364.507583752
0                         5.455102040816326E-7     1.909285714285714E-7     -1224264.7531774116+783549.1883560475i            8610101.852408607
0                         5.455102040816326E-7     2.091122448979592E-7     -1357590.2774018343+869849.0863016001i            9342050.799477145
0                         5.455102040816326E-7     2.272959183673469E-7     -1485848.3921611898+953783.9680478671i            1.0042234475776669E7
0                         5.455102040816326E-7     2.454795918367347E-7     -1577254.355716887+1002289.401903776i             1.067624593900878E7
0                         5.455102040816326E-7     2.636632653061224E-7     -1711448.8322992767+1059608.566038325i            1.1345274278789176E7
0                         5.455102040816326E-7     2.8184693877551024E-7    -1762329.0564673657+1091255.5839900493i           1.1885485548480704E7
0                         5.455102040816326E-7     3.0003061224489794E-7    -1813378.5511805927+1125354.7177685879i           1.2357943399474597E7
0                         5.455102040816326E-7     3.1821428571428575E-7    -1869312.1661438283+1157055.7941165997i           1.2755272518249778E7
0                         5.455102040816326E-7     3.3639795918367346E-7    -1930939.6515846157+1215740.266143054i            1.3201762216617972E7
0                         5.455102040816326E-7     3.5458163265306127E-7    -2028036.5975587498+1265702.207484877i            1.3359433909442453E7
0                         5.455102040816326E-7     3.72765306122449E-7      -2056025.701891309+1286456.3114564905i            1.3649848596070664E7
0                         5.455102040816326E-7     3.909489795918368E-7     -2078305.8467255237+1304071.3409827144i           1.3881590105412114E7
0                         5.455102040816326E-7     4.091326530612245E-7     -2094877.0320613936+1318547.2960635498i           1.405461530666904E7
0                         5.455102040816326E-7     4.273163265306122E-7     -2105739.257898924+1329884.176698998i             1.416890320470618E7
0                         5.455102040816326E-7     4.455E-7                 -2110892.524238108+1338081.982889057i             1.422445272713025E7
0                         5.620408163265306E-7     -4.455E-7                2017449.4824532184-1295756.1632543488i            1.3901682298330758E7
0                         5.620408163265306E-7     -4.2731632653061225E-7   2014782.571649177-1289363.2336810112i             1.3860328356597984E7
0                         5.620408163265306E-7     -4.091326530612245E-7    1974246.1634854064-1248178.9953832964i            1.387822879690045E7
0                         5.620408163265306E-7     -3.9094897959183674E-7   1961985.486832911-1247504.9883808205i             1.3695181522071086E7
0                         5.620408163265306E-7     -3.72765306122449E-7     1942129.8805100988-1242976.0200913714i            1.3457983766076332E7
0                         5.620408163265306E-7     -3.545816326530612E-7    1914679.3445169656-1234592.0905149477i            1.3166643766419843E7
0                         5.620408163265306E-7     -3.3639795918367346E-7   1879633.878853513-1222353.199651549i              1.2821189257035011E7
0                         5.620408163265306E-7     -3.1821428571428575E-7   1750074.3202930903-1126535.0696981696i            1.2449673066884942E7
0                         5.620408163265306E-7     -3.0003061224489794E-7   1713638.419191785-1109400.4263833966i             1.2049464276462989E7
0                         5.620408163265306E-7     -2.8184693877551024E-7   1645391.2926817418-1071746.2026992007i            1.158107836112205E7
0                         5.620408163265306E-7     -2.636632653061224E-7    1559407.9507782413-1016661.7874545973i            1.1005727037014324E7
0                         5.620408163265306E-7     -2.454795918367347E-7    1476452.0401533085-960093.4844416187i             1.0423656490293989E7
0                         5.620408163265306E-7     -2.2729591836734696E-7   1389368.1198706347-901567.0985337554i             9800649.587693844
0                         5.620408163265306E-7     -2.091122448979592E-7    1292638.3831205787-833560.9081295365i             9138981.343532685
0                         5.620408163265306E-7     -1.9092857142857144E-7   1177922.948066006-762605.4553791493i              8466879.043781143
0                         5.620408163265306E-7     -1.7274489795918368E-7   1035114.574013067-677051.4626010008i              7753231.951291467
0                         5.620408163265306E-7     -1.5456122448979592E-7   887678.82709335-589284.0016679054i                7018268.755091457
0                         5.620408163265306E-7     -1.3637755102040816E-7   816810.1099783529-546500.2431525615i              6245254.097261864
0                         5.620408163265306E-7     -1.181938775510204E-7    715434.4224898893-480664.3413857753i              5430627.136197401
0                         5.620408163265306E-7     -1.0001020408163265E-7   610212.0604047694-412648.8213024442i              4588847.505996674
0                         5.620408163265306E-7     -8.182653061224489E-8    508921.94348945806-342167.9779360749i             3753629.8620144506
0                         5.620408163265306E-7     -6.364285714285713E-8    390412.7468104149-266688.835632316i               2982647.5813689907
0                         5.620408163265306E-7     -4.545918367346937E-8    256082.79559074098-180978.58862348786i            2122795.353704354
0                         5.620408163265306E-7     -2.7275510204081612E-8   156799.66877918493-110021.79090751865i            1281535.4586504581
0                         5.620408163265306E-7     -9.091836734693906E-9    56803.867260244646-38865.66080334614i             451154.1857206629
0                         5.620408163265306E-7     9.091836734693853E-9     -44607.731641351245+40046.505882028636i           460369.5604738391
0                         5.620408163265306E-7     2.7275510204081612E-8    -151408.6020320604+108995.91525028134i            1311594.8213216367
0                         5.620408163265306E-7     4.5459183673469424E-8    -257626.79528967285+177433.3064630653i            2173995.5370215606
0                         5.620408163265306E-7     6.364285714285713E-8     -363262.31141418865+245358.6795203808i            3035630.4707938493
0                         5.620408163265306E-7     8.182653061224494E-8     -488389.76536998287+331161.9449581714i            3865244.927295068
0                         5.620408163265306E-7     1.0001020408163265E-7    -590374.2046381305+404620.44834937714i            4651936.757064492
0                         5.620408163265306E-7     1.1819387755102046E-7    -713647.2626483088+479578.7043707661i             5429770.61646182
0                         5.620408163265306E-7     1.3637755102040816E-7    -833366.3708605531+552657.029741297i              6186583.461776236
0                         5.620408163265306E-7     1.5456122448979587E-7    -949531.5292748716+623855.4244609724i             6922304.376196535
0                         5.620408163265306E-7     1.7274489795918368E-7    -1052182.7373554748+681835.0139037999i            7755721.304994499
0                         5.620408163265306E-7     1.909285714285714E-7     -1187270.7030748073+769588.0697797127i            8500711.597748548
0                         5.620408163265306E-7     2.091122448979592E-7     -1317291.2593290773+854976.1094563432i            9214084.754985798
0                         5.620408163265306E-7     2.272959183673469E-7     -1442244.4061182814+937999.1329336908i            9895755.929417714
0                         5.620408163265306E-7     2.454795918367347E-7     -1564112.3858797774+1000554.6951393163i           1.054208413668895E7
0                         5.620408163265306E-7     2.636632653061224E-7     -1625852.4380882832+1025405.4933349453i           1.1115483119561624E7
0                         5.620408163265306E-7     2.8184693877551024E-7    -1674800.554293055+1056722.6521700313i            1.1640390698585125E7
0                         5.620408163265306E-7     3.0003061224489794E-7    -1725376.640846098+1090926.5327367892i            1.209497218287922E7
0                         5.620408163265306E-7     3.1821428571428575E-7    -1780005.4896643136+1122281.41923249i             1.2480982934272742E7
0                         5.620408163265306E-7     3.3639795918367346E-7    -1846022.1455514373+1184010.1304398593i           1.291129014842865E7
0                         5.620408163265306E-7     3.5458163265306127E-7    -1884586.6109668582+1200593.851837406i            1.3231189012083635E7
0                         5.620408163265306E-7     3.72765306122449E-7      -1915692.088714717+1213424.7996271676i            1.350024073722018E7
0                         5.620408163265306E-7     3.909489795918368E-7     -1985265.5467635533+1261867.772206107i            1.3567091965289803E7
0                         5.620408163265306E-7     4.091326530612245E-7     -2001702.4848251129+1276302.977000909i            1.3737258517248737E7
0                         5.620408163265306E-7     4.273163265306122E-7     -2012430.4633883354+1287599.107350325i            1.3848814989134854E7
0                         5.620408163265306E-7     4.455E-7                 -2017449.4824532054+1295756.163254349i            1.3901760811971614E7
0                         5.785714285714285E-7     -4.455E-7                1924006.440668318-1253430.3436196423i             1.3585713817262756E7
0                         5.785714285714285E-7     -4.2731632653061225E-7   1876631.2027610168-1202492.3245114135i            1.3713050556705257E7
0                         5.785714285714285E-7     -4.091326530612245E-7    1871275.632963083-1205406.38394523i               1.3589075493538026E7
0                         5.785714285714285E-7     -3.9094897959183674E-7   1858325.1334948316-1204465.4820920737i            1.3411107917392401E7
0                         5.785714285714285E-7     -3.72765306122449E-7     1837779.7043562653-1199669.6189519446i            1.3179135437171917E7
0                         5.785714285714285E-7     -3.545816326530612E-7    1809639.3455473753-1191018.7945248405i            1.2893167042031001E7
0                         5.785714285714285E-7     -3.3639795918367346E-7   1710283.8050200902-1115011.5637554263i            1.2573293204805814E7
0                         5.785714285714285E-7     -3.1821428571428575E-7   1679619.2913382165-1100781.501191179i             1.2226105169998368E7
0                         5.785714285714285E-7     -3.0003061224489794E-7   1644057.6042858746-1083800.1970526064i            1.183564093830774E7
0                         5.785714285714285E-7     -2.8184693877551024E-7   1603598.7438630636-1064067.6513397084i            1.1401928988540715E7
0                         5.785714285714285E-7     -2.636632653061224E-7    1523464.073459481-1013998.5456837271i             1.0890898997486075E7
0                         5.785714285714285E-7     -2.454795918367347E-7    1431882.7198215588-950416.4644365832i             1.0288013396278292E7
0                         5.785714285714285E-7     -2.2729591836734696E-7   1337421.1717657915-885216.600435381i              9648254.004350495
0                         5.785714285714285E-7     -2.091122448979592E-7    1215669.111465945-802242.8542061505i              8996937.682044158
0                         5.785714285714285E-7     -1.9092857142857144E-7   1078997.1046322403-719338.729226385i              8325947.145993766
0                         5.785714285714285E-7     -1.7274489795918368E-7   982780.2719941065-664666.1694644497i              7643140.875041988
0                         5.785714285714285E-7     -1.5456122448979592E-7   890956.1875044266-603659.1636290362i              6899312.262297931
0                         5.785714285714285E-7     -1.3637755102040816E-7   795285.428418091-540472.539477078i                6128256.654180196
0                         5.785714285714285E-7     -1.181938775510204E-7    695767.994735098-475106.2970085739i               5330050.205808486
0                         5.785714285714285E-7     -1.0001020408163265E-7   599186.1037224822-408966.5824975543i              4527658.4991188105
0                         5.785714285714285E-7     -8.182653061224489E-8    482214.1202332118-332821.1404338762i              3744213.9652465726
0                         5.785714285714285E-7     -6.364285714285713E-8    377926.980476439-262080.07533224358i              2927784.2516345554
0                         5.785714285714285E-7     -4.545918367346937E-8    273857.11446960235-191032.311371931i              2108124.609083877
0                         5.785714285714285E-7     -2.7275510204081612E-8   147105.39017418513-104899.03809527258i            1267541.4074253654
0                         5.785714285714285E-7     -9.091836734693906E-9    32843.61514789946-18332.287543217084i             458553.37933258177
0                         5.785714285714285E-7     9.091836734693853E-9     -70761.63245079335+50176.200261357386i            470644.160742898
0                         5.785714285714285E-7     2.7275510204081612E-8    -173784.20291638968+118172.66991046356i           1294234.4544096533
0                         5.785714285714285E-7     4.5459183673469424E-8    -276224.0962488892+185657.12140410123i            2134561.4582180176
0                         5.785714285714285E-7     6.364285714285713E-8     -378081.3124482916+252629.5547422701i             2975055.6210835315
0                         5.785714285714285E-7     8.182653061224494E-8     -479355.8515145964+319089.9699249699i             3813715.164364846
0                         5.785714285714285E-7     1.0001020408163265E-7    -585325.9117849935+415901.7712716522i             4550714.531791312
0                         5.785714285714285E-7     1.1819387755102046E-7    -676368.8551958653+477169.38250788883i            5356461.886294665
0                         5.785714285714285E-7     1.3637755102040816E-7    -763448.0958685987+536337.8094826783i             6142552.470826466
0                         5.785714285714285E-7     1.5456122448979587E-7    -846563.6338031972+593407.0521960226i             6908961.452430851
0                         5.785714285714285E-7     1.7274489795918368E-7    -1018493.6552230217+668785.7535963858i            7669083.146255986
0                         5.785714285714285E-7     1.909285714285714E-7     -1150276.6529722014+755626.9512033782i            8395569.44214391
0                         5.785714285714285E-7     2.091122448979592E-7     -1276992.2412563202+840103.1326110886i            9090514.981278962
0                         5.785714285714285E-7     2.272959183673469E-7     -1364142.2495219149+892282.9311005827i            9686762.548277728
0                         5.785714285714285E-7     2.454795918367347E-7     -1441730.751088526+945066.2111787335i             1.0300933838701593E7
0                         5.785714285714285E-7     2.636632653061224E-7     -1516025.3583979658+996132.2320047936i            1.0879765247298563E7
0                         5.785714285714285E-7     2.8184693877551024E-7    -1587272.0521187412+1022189.720350013i            1.1402563908629388E7
0                         5.785714285714285E-7     3.0003061224489794E-7    -1637374.7305115997+1056498.3477049896i           1.1839589667215202E7
0                         5.785714285714285E-7     3.1821428571428575E-7    -1690698.8131847982+1087507.0443483796i           1.221433393483931E7
0                         5.785714285714285E-7     3.3639795918367346E-7    -1739893.005820039+1116320.5991546398i            1.255112336725114E7
0                         5.785714285714285E-7     3.5458163265306127E-7    -1799630.329172877+1168918.2961412803i            1.294113850733099E7
0                         5.785714285714285E-7     3.72765306122449E-7      -1830697.0311599318+1181803.8239381125i           1.3203969109187176E7
0                         5.785714285714285E-7     3.909489795918368E-7     -1854304.7454794291+1190936.578127164i            1.3416055218010418E7
0                         5.785714285714285E-7     4.091326530612245E-7     -1870453.4721313664+1196316.5587084321i           1.3577397442181103E7
0                         5.785714285714285E-7     4.273163265306122E-7     -1919121.6688777432+1245314.0380016498i           1.353541477319306E7
0                         5.785714285714285E-7     4.455E-7                 -1924006.4406683107+1253430.3436196449i           1.3585794415878989E7
0                         5.951020408163264E-7     -4.455E-7                1831889.8988130572-1235755.7115825631i            1.3245540634170316E7
0                         5.951020408163264E-7     -4.2731632653061225E-7   1774350.4950544506-1159986.6079240271i            1.3426448882266345E7
0                         5.951020408163264E-7     -4.091326530612245E-7    1768305.102440761-1162633.7725071637i             1.330735144938622E7
0                         5.951020408163264E-7     -3.9094897959183674E-7   1754664.7801567512-1161425.9758033247i            1.3134432808271904E7
0                         5.951020408163264E-7     -3.72765306122449E-7     1733429.5282024264-1156363.2178125158i            1.2907677514679762E7
0                         5.951020408163264E-7     -3.545816326530612E-7    1663847.6882786914-1100430.1378859556i            1.2640532648504265E7
0                         5.951020408163264E-7     -3.3639795918367346E-7   1638954.5620162545-1089104.6560722361i            1.2346222757954475E7
0                         5.951020408163264E-7     -3.1821428571428575E-7   1609164.2623833448-1075027.9326841896i            1.2008675452364612E7
0                         5.951020408163264E-7     -3.0003061224489794E-7   1574476.7893799667-1058199.9677218169i            1.1627909365590136E7
0                         5.951020408163264E-7     -2.8184693877551024E-7   1529739.0628657332-1012222.1748637344i            1.1189207405067932E7
0                         5.951020408163264E-7     -2.636632653061224E-7    1437884.033577983-979141.2484483365i              1.0661091750639604E7
0                         5.951020408163264E-7     -2.454795918367347E-7    1348440.1311483346-916065.7461765116i             1.0075427132061807E7
0                         5.951020408163264E-7     -2.2729591836734696E-7   1256116.0343008405-851372.4611506287i             9452992.923306687
0                         5.951020408163264E-7     -2.091122448979592E-7    1115234.2736797254-758539.7284099535i             8839650.742569342
0                         5.951020408163264E-7     -1.9092857142857144E-7   1043658.2389104546-716056.8754129888i             8195082.489073683
0                         5.951020408163264E-7     -1.7274489795918368E-7   957539.0828229042-657699.1471924039i              7494565.114682746
0                         5.951020408163264E-7     -1.5456122448979592E-7   867573.2521386949-597161.8006552721i              6766857.249772741
0                         5.951020408163264E-7     -1.3637755102040816E-7   773760.7468578292-534444.8358015948i              6012016.189474339
0                         5.951020408163264E-7     -1.181938775510204E-7    676101.5669803068-469548.2526313724i              5230144.3286567135
0                         5.951020408163264E-7     -1.0001020408163265E-7   580142.3789355323-402315.7376046624i              4441251.810031298
0                         5.951020408163264E-7     -8.182653061224489E-8    467388.63524646894-327702.8049765666i             3672549.4746152856
0                         5.951020408163264E-7     -6.364285714285713E-8    365441.2141424643-257471.3150321718i              2874291.135211589
0                         5.951020408163264E-7     -4.545918367346937E-8    263711.0667883944-186933.1262290965i              2073046.748220234
0                         5.951020408163264E-7     -2.7275510204081612E-8   103321.03922002083-75317.21968563777i             1252814.7217724796
0                         5.951020408163264E-7     -9.091836734693906E-9    2911.414413344115-7249.653444741329i              455726.3241393493
0                         5.951020408163264E-7     9.091836734693853E-9     -96915.53326023591+60305.89464068634i             484160.5733900929
0                         5.951020408163264E-7     2.7275510204081612E-8    -196159.8038007192+127349.42457064596i            1278857.2050181946
0                         5.951020408163264E-7     4.5459183673469424E-8    -294821.3972081054+193880.9363451369i             2096827.4487041633
0                         5.951020408163264E-7     6.364285714285713E-8     -392900.3134823948+259900.4299641592i             2916144.057261713
0                         5.951020408163264E-7     8.182653061224494E-8     -490396.55262358626+325407.90542771254i           3734034.5477483147
0                         5.951020408163264E-7     1.0001020408163265E-7    -579511.65612134+391375.39776106866i              4477162.826578586
0                         5.951020408163264E-7     1.1819387755102046E-7    -663928.8709927725+475318.15489935176i            5273017.775531614
0                         5.951020408163264E-7     1.3637755102040816E-7    -746647.4126828928+533462.0683618877i             6041994.417619123
0                         5.951020408163264E-7     1.5456122448979587E-7    -883004.1895536334+592555.3388766812i             6772121.820597923
0                         5.951020408163264E-7     1.7274489795918368E-7    -984804.5730905668+655736.4932889728i             7586541.905601585
0                         5.951020408163264E-7     1.909285714285714E-7     -1113282.6028695956+741665.832627044i             8294683.183896529
0                         5.951020408163264E-7     2.091122448979592E-7     -1161628.7269398975+782280.9622621089i            8834980.429141553
0                         5.951020408163264E-7     2.272959183673469E-7     -1242135.8687471717+836787.9743661748i            9467193.433665609
0                         5.951020408163264E-7     2.454795918367347E-7     -1319349.116297274+889577.7272181513i             1.006415057947594E7
0                         5.951020408163264E-7     2.636632653061224E-7     -1393268.4695902052+940650.2208180346i            1.062582258677812E7
0                         5.951020408163264E-7     2.8184693877551024E-7    -1463893.9286259636+990005.4551658267i            1.1152194836611893E7
0                         5.951020408163264E-7     3.0003061224489794E-7    -1549372.8201771092+1022070.1626731924i           1.1591836539465617E7
0                         5.951020408163264E-7     3.1821428571428575E-7    -1601392.1367052812+1052732.6694642687i           1.1955373982392913E7
0                         5.951020408163264E-7     3.3639795918367346E-7    -1649281.5631955038+1081200.0344182202i           1.2280987693224465E7
0                         5.951020408163264E-7     3.5458163265306127E-7    -1714674.0473788963+1137242.7404451552i           1.2657913578797419E7
0                         5.951020408163264E-7     3.72765306122449E-7      -1745701.9736051485+1150182.8482490578i           1.291454800807737E7
0                         5.951020408163264E-7     3.909489795918368E-7     -1769270.912163841+1159370.1824451787i            1.3120570699962359E7
0                         5.951020408163264E-7     4.091326530612245E-7     -1785380.8630549726+1164804.7430335165i           1.327598271208522E7
0                         5.951020408163264E-7     4.273163265306122E-7     -1794031.8262785466+1166486.530014073i            1.3380801671696547E7
0                         5.951020408163264E-7     4.455E-7                 -1831889.898813051+1235755.7115825685i            1.3245491839515451E7
0                         6.116326530612245E-7     -4.455E-7                1732567.5482031985-1203188.1811256013i            1.2962338137000823E7
0                         6.116326530612245E-7     -4.2731632653061225E-7   1721289.8020511547-1191209.7221559596i            1.2935823471026955E7
0                         6.116326530612245E-7     -4.091326530612245E-7    1665334.5719184382-1119861.161069098i             1.3033145178460505E7
0                         6.116326530612245E-7     -3.9094897959183674E-7   1651004.4268186747-1118386.46951458i              1.2865243732781358E7
0                         6.116326530612245E-7     -3.72765306122449E-7     1610765.9700688948-1082790.7920897608i            1.2651802878862163E7
0                         6.116326530612245E-7     -3.545816326530612E-7    1591644.2312258882-1074369.8910265658i            1.2410169135514442E7
0                         6.116326530612245E-7     -3.3639795918367346E-7   1567625.3190124156-1063197.7483890462i            1.212536179224459E7
0                         6.116326530612245E-7     -3.1821428571428575E-7   1538709.2334284722-1049274.3641771995i            1.1797388882544527E7
0                         6.116326530612245E-7     -3.0003061224489794E-7   1490944.8896319019-1004614.3945871405i            1.1344802838981135E7
0                         6.116326530612245E-7     -2.8184693877551024E-7   1424945.868903087-966693.9570246462i              1.0909858825058758E7
0                         6.116326530612245E-7     -2.636632653061224E-7    1360432.0259241674-911337.58013611i               1.042535254634089E7
0                         6.116326530612245E-7     -2.454795918367347E-7    1264997.5424751088-881715.02791644i               9867802.851374352
0                         6.116326530612245E-7     -2.2729591836734696E-7   1143826.0811555255-794654.4601517086i             9295024.496514205
0                         6.116326530612245E-7     -2.091122448979592E-7    1096973.0236192036-764328.6444484178i             8689084.213601325
0                         6.116326530612245E-7     -1.9092857142857144E-7   1016558.7959337813-708620.1938426608i             8031607.781768834
0                         6.116326530612245E-7     -1.7274489795918368E-7   932297.8936517002-650732.1249203568i              7346989.217381309
0                         6.116326530612245E-7     -1.5456122448979592E-7   844190.3167729628-590664.4376815074i              6635270.237698678
0                         6.116326530612245E-7     -1.3637755102040816E-7   752236.0652975679-528417.1321261121i              5896524.414272178
0                         6.116326530612245E-7     -1.181938775510204E-7    656435.1392255151-463990.2082541706i              5130883.144354447
0                         6.116326530612245E-7     -1.0001020408163265E-7   561098.6541485824-395664.8927117706i              4355700.1344524985
0                         6.116326530612245E-7     -8.182653061224489E-8    452563.15025972587-322584.46951925673i            3602227.8606890226
0                         6.116326530612245E-7     -6.364285714285713E-8    352955.44780848746-252862.55473209877i            2822022.1159656625
0                         6.116326530612245E-7     -4.545918367346937E-8    253565.01910718644-182833.94108626165i            2039103.2829052699
0                         6.116326530612245E-7     -2.7275510204081612E-8   140558.7032291859-102716.10479225323i             1240687.4963084625
0                         6.116326530612245E-7     -9.091836734693906E-9    54435.02201862809-35630.06964861571i              464693.23215803056
0                         6.116326530612245E-7     9.091836734693853E-9     -31368.054076282104+31188.78319830903i            467623.480835642
0                         6.116326530612245E-7     2.7275510204081612E-8    -116850.52505554415+97740.45374852064i            1235461.0790626784
0                         6.116326530612245E-7     4.5459183673469424E-8    -313418.69816732174+202104.75128617283i           2060471.9940797617
0                         6.116326530612245E-7     6.364285714285713E-8     -407719.3145164973+267171.3051860481i             2858684.915505792
0                         6.116326530612245E-7     8.182653061224494E-8     -501437.2537325773+331725.8409304553i             3655926.4654229074
0                         6.116326530612245E-7     1.0001020408163265E-7    -580299.0360598133+393991.12676766823i            4405639.936683744
0                         6.116326530612245E-7     1.1819387755102046E-7    -651488.8867896807+473466.9272908155i             5190085.856741236
0                         6.116326530612245E-7     1.3637755102040816E-7    -772076.3546778458+524862.5952470745i             5933146.321157154
0                         6.116326530612245E-7     1.5456122448979587E-7    -876816.245393725+593550.7743812435i              6655526.017261217
0                         6.116326530612245E-7     1.7274489795918368E-7    -951115.490958115+642687.2329815605i              7508104.518415541
0                         6.116326530612245E-7     1.909285714285714E-7     -956571.8181337276+670548.7886238983i             7987078.350885123
0                         6.116326530612245E-7     2.091122448979592E-7     -1039997.6001816676+726779.5327538799i            8637148.168861607
0                         6.116326530612245E-7     2.272959183673469E-7     -1120129.4879724295+781293.017631769i             9252100.904214213
0                         6.116326530612245E-7     2.454795918367347E-7     -1437019.6874972624+960132.2073119464i            9933422.924733305
0                         6.116326530612245E-7     2.636632653061224E-7     -1478204.7699379993+1002303.5660313363i           1.0451905604809735E7
0                         6.116326530612245E-7     2.8184693877551024E-7    -1518130.17464498+1043367.9792081852i             1.09386406497061E7
0                         6.116326530612245E-7     3.0003061224489794E-7    -1552649.6167900765+1083401.3070763508i           1.1388583199506572E7
0                         6.116326530612245E-7     3.1821428571428575E-7    -1512085.460225766+1017958.2945801602i            1.17041505461371E7
0                         6.116326530612245E-7     3.3639795918367346E-7    -1558670.1205709658+1046079.4696817984i           1.2018669120874919E7
0                         6.116326530612245E-7     3.5458163265306127E-7    -1601124.89087822+1072005.5029463114i             1.2295295077557852E7
0                         6.116326530612245E-7     3.72765306122449E-7      -1660706.9160503629+1118561.8725600028i           1.2632042000473293E7
0                         6.116326530612245E-7     3.909489795918368E-7     -1684237.0788482488+1127803.7867631924i           1.2832048662393149E7
0                         6.116326530612245E-7     4.091326530612245E-7     -1700308.253978577+1133292.9273586003i            1.2981598044737889E7
0                         6.116326530612245E-7     4.273163265306122E-7     -1708920.441441347+1135029.2943462254i            1.3080712149142684E7
0                         6.116326530612245E-7     4.455E-7                 -1732567.5482031933+1203188.181125606i            1.2962184204340741E7
0                         6.281632653061224E-7     -4.455E-7                1633245.1975933409-1170620.650668639i             1.268665761825271E7
0                         6.281632653061224E-7     -4.2731632653061225E-7   1622479.5454923206-1158779.3706471291i            1.2662067336744046E7
0                         6.281632653061224E-7     -4.091326530612245E-7    1602795.6862452864-1142259.1787388106i            1.2587526945234634E7
0                         6.281632653061224E-7     -3.9094897959183674E-7   1551038.6503907014-1062093.5263668401i            1.2607647049346669E7
0                         6.281632653061224E-7     -3.72765306122449E-7     1537688.2989671268-1056577.2060541706i            1.2418419373576438E7
0                         6.281632653061224E-7     -3.545816326530612E-7    1519440.774173088-1048309.6441671767i             1.2186111676682334E7
0                         6.281632653061224E-7     -3.3639795918367346E-7   1496296.0760085762-1037290.840705856i             1.1910719118087074E7
0                         6.281632653061224E-7     -3.1821428571428575E-7   1468254.204473597-1023520.7956702097i             1.1592247199375495E7
0                         6.281632653061224E-7     -3.0003061224489794E-7   1385420.6329186223-958903.5816709367i             1.1061861553205037E7
0                         6.281632653061224E-7     -2.8184693877551024E-7   1320152.674940444-921165.7391855584i              1.0637196671781799E7
0                         6.281632653061224E-7     -2.636632653061224E-7    1252625.4242189706-866163.4431258754i             1.017058254482041E7
0                         6.281632653061224E-7     -2.454795918367347E-7    1186440.3690194488-821505.7895075211i             9645187.008213777
0                         6.281632653061224E-7     -2.2729591836734696E-7   1142724.6261203578-809481.4765707403i             9125896.625505712
0                         6.281632653061224E-7     -2.091122448979592E-7    1068015.3268370605-756422.3035798087i             8511148.457347807
0                         6.281632653061224E-7     -1.9092857142857144E-7   989459.3529571088-701183.512272333i               7869321.364279785
0                         6.281632653061224E-7     -1.7274489795918368E-7   907056.7044804962-643765.1026483094i              7200443.265997968
0                         6.281632653061224E-7     -1.5456122448979592E-7   820807.3814072299-584167.0747077421i              6504565.533948356
0                         6.281632653061224E-7     -1.3637755102040816E-7   730711.3837373059-522389.4284506287i              5781778.956864277
0                         6.281632653061224E-7     -1.181938775510204E-7    636768.711470723-458432.16387696844i              5032245.854081659
0                         6.281632653061224E-7     -1.0001020408163265E-7   542054.929361633-389014.0478188789i               4270964.247045932
0                         6.281632653061224E-7     -8.182653061224489E-8    437737.6652729819-317466.13406194653i             3533151.238672666
0                         6.281632653061224E-7     -6.364285714285713E-8    340469.6814745122-248253.7944320267i              2770840.1006433014
0                         6.281632653061224E-7     -4.545918367346937E-8    222800.36358998486-166220.2698487215i             2006037.7065924862
0                         6.281632653061224E-7     -2.7275510204081612E-8   137012.80994849122-104066.21475645345i            1222437.1240938462
0                         6.281632653061224E-7     -9.091836734693906E-9    52110.57788611762-37156.7405610164i               473551.1439765697
0                         6.281632653061224E-7     9.091836734693853E-9     -32471.049060608042+29485.551337707846i           479092.86506635154
0                         6.281632653061224E-7     2.7275510204081612E-8    -116732.07089168548+95860.66093971897i            1220449.0800166738
0                         6.281632653061224E-7     4.5459183673469424E-8    -200672.48760711512+161968.5882450173i            1995887.964881775
0                         6.281632653061224E-7     6.364285714285713E-8     -284292.2992068962+227809.33325360218i            2773316.2637525084
0                         6.281632653061224E-7     8.182653061224494E-8     -374895.2568359921+297434.0318100769i             3535136.453932406
0                         6.281632653061224E-7     1.0001020408163265E-7    -525147.5554763429+357604.8395255987i             4335968.024718795
0                         6.281632653061224E-7     1.1819387755102046E-7    -624718.6540991787+424475.1913826858i             5093683.770988512
0                         6.281632653061224E-7     1.3637755102040816E-7    -714994.018857599+511549.1504682484i              5830128.017743192
0                         6.281632653061224E-7     1.5456122448979587E-7    -812862.0378752898+578229.8598148602i             6541119.317419616
0                         6.281632653061224E-7     1.7274489795918368E-7    -1003501.9745004165+693690.6723530698i            7371353.576047032
0                         6.281632653061224E-7     1.909285714285714E-7     -1069803.9439345228+727791.3046925865i            7991112.559008463
0                         6.281632653061224E-7     2.091122448979592E-7     -1274803.8937352356+815363.802427819i             8542021.10437199
0                         6.281632653061224E-7     2.272959183673469E-7     -1319236.182057714+860144.6920352848i             9113109.171216838
0                         6.281632653061224E-7     2.454795918367347E-7     -1362408.7926464495+903818.6361002168i            9652618.969919555
0                         6.281632653061224E-7     2.636632653061224E-7     -1404321.7255014202+946385.6346226023i            1.0160470091354597E7
0                         6.281632653061224E-7     2.8184693877551024E-7    -1444974.9806226392+987845.6876024478i            1.0636610899846777E7
0                         6.281632653061224E-7     3.0003061224489794E-7    -1480276.3778080703+1028235.0513603548i           1.1075305567412999E7
0                         6.281632653061224E-7     3.1821428571428575E-7    -1512963.9719858305+1065708.0268655017i           1.1468314995972745E7
0                         6.281632653061224E-7     3.3639795918367346E-7    -1468058.6779464313+1010958.9049453788i           1.1764223615026075E7
0                         6.281632653061224E-7     3.5458163265306127E-7    -1509208.682108665+1036538.7483575809i            1.2029900455690034E7
0                         6.281632653061224E-7     3.72765306122449E-7      -1575711.8584955784+1086940.896870948i            1.2356516144297197E7
0                         6.281632653061224E-7     3.909489795918368E-7     -1599203.2455326598+1096237.3910812067i           1.2550558045346417E7
0                         6.281632653061224E-7     4.091326530612245E-7     -1615235.6449021837+1101781.1116836835i           1.2694317717702951E7
0                         6.281632653061224E-7     4.273163265306122E-7     -1639108.4338095228+1165543.0807955712i           1.2648086138913298E7
0                         6.281632653061224E-7     4.455E-7                 -1633245.197593337+1170620.6506686434i            1.268637027829954E7
0                         6.446938775510203E-7     -4.455E-7                1533922.8469834828-1138053.1202116765i            1.2418565817269647E7
0                         6.446938775510203E-7     -4.2731632653061225E-7   1523669.288933479-1126349.0191382966i             1.239582784657571E7
0                         6.446938775510203E-7     -4.091326530612245E-7    1574263.8790162439-1140079.0354703143i            1.229899737535804E7
0                         6.446938775510203E-7     -3.9094897959183674E-7   1553235.4608150953-1117407.6471103127i            1.2163254768302174E7
0                         6.446938775510203E-7     -3.72765306122449E-7     1464610.6278653624-1030363.6200185805i            1.219146720915599E7
0                         6.446938775510203E-7     -3.545816326530612E-7    1447237.3171202838-1022249.3973077852i            1.1968374082721869E7
0                         6.446938775510203E-7     -3.3639795918367346E-7   1424966.8330047396-1011383.9330226651i            1.1702300400123794E7
0                         6.446938775510203E-7     -3.1821428571428575E-7   1340169.5566440932-948147.9822173885i             1.11618488705834E7
0                         6.446938775510203E-7     -3.0003061224489794E-7   1279896.3762053438-913192.768754733i              1.0785740764348535E7
0                         6.446938775510203E-7     -2.8184693877551024E-7   1215359.4809778002-875637.521346471i              1.0371319548811715E7
0                         6.446938775510203E-7     -2.636632653061224E-7    1246563.4638332315-889227.8168303573i             9962573.575840166
0                         6.446938775510203E-7     -2.454795918367347E-7    1183169.800502961-823161.0535841528i              9487517.398953674
0                         6.446938775510203E-7     -2.2729591836734696E-7   1111908.6755327422-801105.4764038483i             8934020.23567568
0                         6.446938775510203E-7     -2.091122448979592E-7    1039057.6300549158-748515.9627111984i             8334639.851324221
0                         6.446938775510203E-7     -1.9092857142857144E-7   962359.9099804342-693746.8307020043i              7708277.170515499
0                         6.446938775510203E-7     -1.7274489795918368E-7   881815.5153092938-636798.0803762635i              7054965.032700461
0                         6.446938775510203E-7     -1.5456122448979592E-7   797424.4460414976-577669.7117339773i              6374764.490587571
0                         6.446938775510203E-7     -1.3637755102040816E-7   709186.7021770433-516361.72477514495i             5667783.968710921
0                         6.446938775510203E-7     -1.181938775510204E-7    617102.2837159315-452874.11949976685i             4934217.806847652
0                         6.446938775510203E-7     -1.0001020408163265E-7   523011.20457468287-382363.20292598684i            4187010.421167444
0                         6.446938775510203E-7     -8.182653061224489E-8    422912.1802862396-312347.79860463704i             3465229.9411543296
0                         6.446938775510203E-7     -6.364285714285713E-8    327983.91514053714-243645.03413195474i            2720618.470179298
0                         6.446938775510203E-7     -4.545918367346937E-8    216874.05191520602-165689.0841189232i             1965710.8675573259
0                         6.446938775510203E-7     -2.7275510204081612E-8   136435.2765287528-105440.5779538184i              1205183.2356543457
0                         6.446938775510203E-7     -9.091836734693906E-9    49786.13375360717-38683.411473416985i             483857.3643037663
0                         6.446938775510203E-7     9.091836734693853E-9     -33574.04404493394+27782.319477106605i            491942.62792752136
0                         6.446938775510203E-7     2.7275510204081612E-8    -116613.61672782704+93980.86813091724i            1206575.4250702218
0                         6.446938775510203E-7     4.5459183673469424E-8    -199332.58429507204+159912.23448801498i           1963525.1258338918
0                         6.446938775510203E-7     6.364285714285713E-8     -281730.94674666843+225576.41854839923i           2724115.443201519
0                         6.446938775510203E-7     8.182653061224494E-8     -376644.2581384573+296303.49065261637i            3463099.606821754
0                         6.446938775510203E-7     1.0001020408163265E-7    -466344.37577687344+366657.1927686898i            4204408.191477135
0                         6.446938775510203E-7     1.1819387755102046E-7    -614799.2540708187+425264.248808366i              4982997.174324253
0                         6.446938775510203E-7     1.3637755102040816E-7    -699838.6335920622+508689.05974115565i            5707456.991887586
0                         6.446938775510203E-7     1.5456122448979587E-7    -874558.8503698523+634668.7735923248i             6540348.1778384335
0                         6.446938775510203E-7     1.7274489795918368E-7    -944464.1955308518+671187.4614847074i             7177133.454377332
0                         6.446938775510203E-7     1.909285714285714E-7     -1009950.8895090627+705229.4067863203i            7784507.259476886
0                         6.446938775510203E-7     2.091122448979592E-7     -1071018.932304476+736794.6094971597i             8362416.794770587
0                         6.446938775510203E-7     2.272959183673469E-7     -1127668.3239170946+765883.0696172263i            8910832.023303986
0                         6.446938775510203E-7     2.454795918367347E-7     -1179899.0643469235+792494.7871465236i            9429737.756120969
0                         6.446938775510203E-7     2.636632653061224E-7     -1227711.1535939556+816629.7620850476i            9919129.095993312
0                         6.446938775510203E-7     2.8184693877551024E-7    -1371819.7866002852+932323.3959967039i            1.0338165126622343E7
0                         6.446938775510203E-7     3.0003061224489794E-7    -1407903.1388260657+973068.7956443587i            1.076563856709822E7
0                         6.446938775510203E-7     3.1821428571428575E-7    -1441028.4635844086+1010672.473772719i            1.1150722274179548E7
0                         6.446938775510203E-7     3.3639795918367346E-7    -1473971.3765865238+1046604.7707763482i           1.1498790351989875E7
0                         6.446938775510203E-7     3.5458163265306127E-7    -1506731.8778324183+1080865.686655254i            1.1809803713802706E7
0                         6.446938775510203E-7     3.72765306122449E-7      -1453007.8213183694+1024110.5054916127i           1.198961758155796E7
0                         6.446938775510203E-7     3.909489795918368E-7     -1514169.4122170703+1064670.995399221i            1.2276168272911882E7
0                         6.446938775510203E-7     4.091326530612245E-7     -1539894.3702433994+1123932.2190707587i           1.2301335580240257E7
0                         6.446938775510203E-7     4.273163265306122E-7     -1540182.8977807278+1133080.068469358i            1.2380757223918844E7
0                         6.446938775510203E-7     4.455E-7                 -1533922.8469834828+1138053.1202116834i           1.2418111116577722E7
0                         6.612244897959182E-7     -4.455E-7                1434600.4963736278-1105485.5897547156i            1.2158128771558115E7
0                         6.612244897959182E-7     -4.2731632653061225E-7   1560361.434052418-1163462.7358581396i             1.2088729353184404E7
0                         6.612244897959182E-7     -4.091326530612245E-7    1548016.5591937285-1145008.4324032688i            1.200029372681828E7
0                         6.612244897959182E-7     -3.9094897959183674E-7   1529364.757432785-1123048.2729681935i             1.1871287490374897E7
0                         6.612244897959182E-7     -3.72765306122449E-7     1504406.0287695932-1097582.2575529127i            1.1701711770778446E7
0                         6.612244897959182E-7     -3.545816326530612E-7    1473140.373204143-1068610.3861574258i             1.1491578675201083E7
0                         6.612244897959182E-7     -3.3639795918367346E-7   1289192.6400794974-934427.1586640002i             1.1210311377449606E7
0                         6.612244897959182E-7     -3.1821428571428575E-7   1301904.1952736254-953977.4387119401i             1.0911035415517548E7
0                         6.612244897959182E-7     -3.0003061224489794E-7   1259336.3010274458-920332.1099377885i             1.0537962312376752E7
0                         6.612244897959182E-7     -2.8184693877551024E-7   1212477.109805387-884427.0532536083i              1.012505708610136E7
0                         6.612244897959182E-7     -2.636632653061224E-7    1184283.1861180991-874086.491654167i              9692697.99189911
0                         6.612244897959182E-7     -2.454795918367347E-7    1128189.8240197788-795717.2906341681i             9239183.57747991
0                         6.612244897959182E-7     -2.2729591836734696E-7   1079113.1805109885-763061.7063765265i             8718133.289443282
0                         6.612244897959182E-7     -2.091122448979592E-7    1010099.9332727726-740609.6218425891i             8159638.814048548
0                         6.612244897959182E-7     -1.9092857142857144E-7   935260.4670037611-686310.1491316764i              7548538.405017472
0                         6.612244897959182E-7     -1.7274489795918368E-7   856574.3261380915-629831.058104217i               6910600.736722405
0                         6.612244897959182E-7     -1.5456122448979592E-7   774041.5106757642-571172.3487602118i              6245896.210278869
0                         6.612244897959182E-7     -1.3637755102040816E-7   687662.0206167807-510334.02109966136i             5554550.792599805
0                         6.612244897959182E-7     -1.181938775510204E-7    600780.9632047684-446490.1905270442i              4846957.932724082
0                         6.612244897959182E-7     -1.0001020408163265E-7   500892.5155423688-375115.9536040932i              4122377.056698516
0                         6.612244897959182E-7     -8.182653061224489E-8    408086.6952994974-307229.463147328i               3398383.671000783
0                         6.612244897959182E-7     -6.364285714285713E-8    289393.5652742416-224628.4898430482i              2670955.38827959
0                         6.612244897959182E-7     -4.545918367346937E-8    210947.74024042723-165157.89838912475i            1926214.2628478152
0                         6.612244897959182E-7     -2.7275510204081612E-8   131912.28774951285-105194.49597211657i            1185157.9148459411
0                         6.612244897959182E-7     -9.091836734693906E-9    47461.68962109682-40210.08238581769i              495068.2337948626
0                         6.612244897959182E-7     9.091836734693853E-9     -34677.03902925992+26079.08761650535i             505614.1045114049
0                         6.612244897959182E-7     2.7275510204081612E-8    -116495.16256396848+92101.07532211544i            1193683.5259367998
0                         6.612244897959182E-7     4.5459183673469424E-8    -197992.68098302925+157855.88073101273i           1932123.7887184662
0                         6.612244897959182E-7     6.364285714285713E-8     -290603.43875123456+225150.50494548405i           2660687.7377974875
0                         6.612244897959182E-7     8.182653061224494E-8     -378393.259440923+295172.94949515635i             3391489.1902804053
0                         6.612244897959182E-7     1.0001020408163265E-7    -465946.8407555215+364919.9199250183i             4117474.0971946917
0                         6.612244897959182E-7     1.1819387755102046E-7    -553264.1826950315+434391.4162350709i             4837920.323604605
0                         6.612244897959182E-7     1.3637755102040816E-7    -742827.6259682829+573287.5063166155i             5707254.993597582
0                         6.612244897959182E-7     1.5456122448979587E-7    -816336.3468561827+612224.2497618671i             6360874.625777535
0                         6.612244897959182E-7     1.7274489795918368E-7    -885426.4165612883+648684.250616347i              6985261.215157432
0                         6.612244897959182E-7     1.909285714285714E-7     -950097.8350836015+682667.5088800541i             7580315.080159183
0                         6.612244897959182E-7     2.091122448979592E-7     -1010350.6024231203+714174.0245529907i            8145978.76488313
0                         6.612244897959182E-7     2.272959183673469E-7     -1066184.7185798474+743203.7976351562i            8682220.627363455
0                         6.612244897959182E-7     2.454795918367347E-7     -1117600.1835537767+769756.828126546i             9189025.882085828
0                         6.612244897959182E-7     2.636632653061224E-7     -1164596.997344912+793833.1160271633i             9666391.4744267
0                         6.612244897959182E-7     2.8184693877551024E-7    -1149137.6472719861+875192.2187095792i            1.0132858879657546E7
0                         6.612244897959182E-7     3.0003061224489794E-7    -1204205.8206291457+902978.8544034486i            1.0536810224363236E7
0                         6.612244897959182E-7     3.1821428571428575E-7    -1245444.343688637+932430.8205749625i             1.0904384136320546E7
0                         6.612244897959182E-7     3.3639795918367346E-7    -1282810.175023574+959451.9364306384i             1.123679560102624E7
0                         6.612244897959182E-7     3.5458163265306127E-7    -1316303.3146339771+984042.2019704906i            1.1534032043919314E7
0                         6.612244897959182E-7     3.72765306122449E-7      -1345923.7625198346+1006201.617194514i            1.1796087103577984E7
0                         6.612244897959182E-7     3.909489795918368E-7     -1434925.357504825+1078355.5959511674i            1.1922305240758376E7
0                         6.612244897959182E-7     4.091326530612245E-7     -1441365.648795668+1091573.7248752946i            1.2042620926029831E7
0                         6.612244897959182E-7     4.273163265306122E-7     -1441257.3617519322+1100617.0561431441i           1.2121001689014785E7
0                         6.612244897959182E-7     4.455E-7                 -1434600.4963736257+1105485.5897547211i           1.2157466602057576E7
0                         6.777551020408163E-7     -4.455E-7                1500126.7383695913-1019071.5831401154i            1.1861019511137571E7
0                         6.777551020408163E-7     -4.2731632653061225E-7   1401675.6179376976-1076332.2952144546i            1.1825097200004466E7
0                         6.777551020408163E-7     -4.091326530612245E-7    1390084.6333269114-1061378.2432042272i            1.1740741034619855E7
0                         6.777551020408163E-7     -3.9094897959183674E-7   1373403.0286943954-1043341.9859314421i            1.1615353774054224E7
0                         6.777551020408163E-7     -3.72765306122449E-7     1351630.8040401458-1022223.5233960977i            1.1448930217525115E7
0                         6.777551020408163E-7     -3.545816326530612E-7    1324767.9593641656-998022.8555981946i             1.124147947771299E7
0                         6.777551020408163E-7     -3.3639795918367346E-7   1292501.0514252663-970241.8204757813i             1.0957260893538998E7
0                         6.777551020408163E-7     -3.1821428571428575E-7   1255014.5724186352-939036.2633469271i             1.063068305038877E7
0                         6.777551020408163E-7     -3.0003061224489794E-7   1213236.796436124-905570.9783080439i              1.0264364357065458E7
0                         6.777551020408163E-7     -2.8184693877551024E-7   1167167.7234777317-869845.9653591332i             9858335.942636829
0                         6.777551020408163E-7     -2.636632653061224E-7    1142284.2765728766-857571.4340804985i             9427967.283129575
0                         6.777551020408163E-7     -2.454795918367347E-7    1063736.5442750813-788893.470195303i              8994693.579381922
0                         6.777551020408163E-7     -2.2729591836734696E-7   1024301.2732146038-735513.5789367575i             8485349.853015844
0                         6.777551020408163E-7     -2.091122448979592E-7    973625.1070619819-701277.9049028645i              7951309.535427752
0                         6.777551020408163E-7     -1.9092857142857144E-7   908161.0240270868-678873.4675613478i              7390178.443731267
0                         6.777551020408163E-7     -1.7274489795918368E-7   831333.136966887-622864.0358321699i               6767405.877503364
0                         6.777551020408163E-7     -1.5456122448979592E-7   750658.5753100321-564674.9857864473i              6117998.324612339
0                         6.777551020408163E-7     -1.3637755102040816E-7   666137.3390565182-504306.3174241776i              5442098.699990561
0                         6.777551020408163E-7     -1.181938775510204E-7    579872.4653976763-439494.9855851598i              4747614.973344723
0                         6.777551020408163E-7     -1.0001020408163265E-7   483727.311902859-369488.0429895465i               4039414.480939527
0                         6.777551020408163E-7     -8.182653061224489E-8    358516.80538510036-282504.8771078959i             3339174.312932952
0                         6.777551020408163E-7     -6.364285714285713E-8    282063.9307039237-223812.20036515323i             2614745.6364253983
0                         6.777551020408163E-7     -4.545918367346937E-8    205021.42856564847-164626.71265932638i            1887462.0002552564
0                         6.777551020408163E-7     -2.7275510204081612E-8   127389.29897027247-104948.4139904145i             1165873.9675579818
0                         6.777551020408163E-7     -9.091836734693906E-9    45137.245488586304-41736.7532982184i              506710.7742066508
0                         6.777551020408163E-7     9.091836734693853E-9     -35780.03401358586+24375.855755904136i            519630.35289572936
0                         6.777551020408163E-7     2.7275510204081612E-8    -116376.70840011007+90221.28251331372i            1181620.0684679362
0                         6.777551020408163E-7     4.5459183673469424E-8    -208619.45263656013+154935.50849096666i           1887045.5971824983
0                         6.777551020408163E-7     6.364285714285713E-8     -294498.9763775184+224626.69547423575i            2604856.838010132
0                         6.777551020408163E-7     8.182653061224494E-8     -380142.2607433875+294042.4083376955i             3320253.402824799
0                         6.777551020408163E-7     1.0001020408163265E-7    -465549.3057341683+363182.6470813459i             4031096.879702623
0                         6.777551020408163E-7     1.1819387755102046E-7    -550720.1113498615+432047.4117051879i             4736549.147186082
0                         6.777551020408163E-7     1.3637755102040816E-7    -656239.8101466402+516709.4582624866i             5496503.857055776
0                         6.777551020408163E-7     1.5456122448979587E-7    -758113.8433425128+589779.7259314093i             6183799.19816429
0                         6.777551020408163E-7     1.7274489795918368E-7    -826388.6375917247+626181.0397479862i             6795828.176825261
0                         6.777551020408163E-7     1.909285714285714E-7     -890244.7806581408+660105.6109737884i             7378632.776079761
0                         6.777551020408163E-7     2.091122448979592E-7     -949682.2725417623+691553.4396088189i             7932145.640546714
0                         6.777551020408163E-7     2.272959183673469E-7     -1004701.1132425927+720524.5256530801i            8456330.29657825
0                         6.777551020408163E-7     2.454795918367347E-7     -1055301.3027606308+747018.8691065684i            8951170.410434373
0                         6.777551020408163E-7     2.636632653061224E-7     -1053826.809317715+819700.5046760952i             9439299.046338724
0                         6.777551020408163E-7     2.8184693877551024E-7    -1115567.7351793954+860202.925259458i             9878533.998043729
0                         6.777551020408163E-7     3.0003061224489794E-7    -1159606.8620948254+891826.2179525037i            1.0271720939215774E7
0                         6.777551020408163E-7     3.1821428571428575E-7    -1199773.2972857105+921018.6603297188i            1.0629839116559967E7
0                         6.777551020408163E-7     3.3639795918367346E-7    -1236067.0407520665+947780.252391116i             1.0952866313266449E7
0                         6.777551020408163E-7     3.5458163265306127E-7    -1268488.092493862+972110.9941366713i             1.1240789692364221E7
0                         6.777551020408163E-7     3.72765306122449E-7      -1352534.5186910515+995096.3560733894i            1.139878959647404E7
0                         6.777551020408163E-7     3.909489795918368E-7     -1373816.0403266859+1018402.7566980327i           1.1600818924674913E7
0                         6.777551020408163E-7     4.091326530612245E-7     -1423555.539548258+984290.0039735553i             1.1746597039517747E7
0                         6.777551020408163E-7     4.273163265306122E-7     -1433426.0261297761+978717.2749255265i            1.1831589087029207E7
0                         6.777551020408163E-7     4.455E-7                 -1500126.7383695953+1019071.5831401272i           1.1862548943071356E7
0                         6.942857142857142E-7     -4.455E-7                1428431.3558550745-1007385.7789062398i            1.155848011186782E7
0                         6.942857142857142E-7     -4.2731632653061225E-7   1432043.1424484835-1000352.523742903i             1.1512065508671211E7
0                         6.942857142857142E-7     -4.091326530612245E-7    1339164.6371757258-1045441.481751696i             1.1440560368355904E7
0                         6.942857142857142E-7     -3.9094897959183674E-7   1323302.4752308335-1027619.1439818i               1.1320465710938657E7
0                         6.942857142857142E-7     -3.72765306122449E-7     1302349.6932642085-1006714.6009493445i            1.1159483704505067E7
0                         6.942857142857142E-7     -3.545816326530612E-7    1276306.291275853-982727.8526543317i              1.0957622749264752E7
0                         6.942857142857142E-7     -3.3639795918367346E-7   1244821.3103066091-955120.6013754995i             1.06727643961128E7
0                         6.942857142857142E-7     -3.1821428571428575E-7   1208124.9495636462-924095.0879819148i             1.035274822528075E7
0                         6.942857142857142E-7     -3.0003061224489794E-7   1167137.291844801-890809.8466782995i              9993126.172649754
0                         6.942857142857142E-7     -2.8184693877551024E-7   1142856.1157920766-887383.3994226371i             9630371.175648114
0                         6.942857142857142E-7     -2.636632653061224E-7    1072526.586694485-812232.3090358861i              9229238.497931696
0                         6.942857142857142E-7     -2.454795918367347E-7    1018418.135970192-771724.0589507215i              8753730.095882133
0                         6.942857142857142E-7     -2.2729591836734696E-7   961624.7037038987-728795.2958092547i              8255443.478709037
0                         6.942857142857142E-7     -2.091122448979592E-7    918981.2689523934-673625.4129733096i              7733950.171902289
0                         6.942857142857142E-7     -1.9092857142857144E-7   866705.580155944-637809.6491631691i               7186900.9840061255
0                         6.942857142857142E-7     -1.7274489795918368E-7   806091.9477956842-615897.0135601234i              6625446.149713668
0                         6.942857142857142E-7     -1.5456122448979592E-7   727275.6399442996-558177.6228126823i              5991117.851348312
0                         6.942857142857142E-7     -1.3637755102040816E-7   644612.6574962559-498278.61374869436i             5330455.705112222
0                         6.942857142857142E-7     -1.181938775510204E-7    558963.9675905847-432499.78064327606i             4649233.479598473
0                         6.942857142857142E-7     -1.0001020408163265E-7   466562.1082633461-363860.13237499766i             3957665.7389515024
0                         6.942857142857142E-7     -8.182653061224489E-8    349783.84791924426-281403.48388190474i            3267168.364046895
0                         6.942857142857142E-7     -6.364285714285713E-8    274734.2961336066-222995.91088725853i             2559331.213047196
0                         6.942857142857142E-7     -4.545918367346937E-8    199095.11689086937-164095.52692952796i            1849371.0865213433
0                         6.942857142857142E-7     -2.7275510204081612E-8   122866.31019103232-104702.33200871258i            1147162.4224188572
0                         6.942857142857142E-7     -9.091836734693906E-9    42812.801356075885-43263.424210619036i            518381.46424581186
0                         6.942857142857142E-7     9.091836734693853E-9     -36883.02899791187+22672.623895302968i            533591.2632416061
0                         6.942857142857142E-7     2.7275510204081612E-8    -130692.29979443285+85658.5012890634i             1151540.4722287587
0                         6.942857142857142E-7     4.5459183673469424E-8    -214661.5265866618+155018.43070593034i            1847062.2037646102
0                         6.942857142857142E-7     6.364285714285713E-8     -298394.5140038021+224102.88600298783i            2549144.0377188344
0                         6.942857142857142E-7     8.182653061224494E-8     -381891.2620458534+292911.86718023574i            3249351.3447582833
0                         6.942857142857142E-7     1.0001020408163265E-7    -465151.7707128157+361445.374237674i              3945261.0102114324
0                         6.942857142857142E-7     1.1819387755102046E-7    -573338.8964816836+458000.5550187946i             4705356.459856751
0                         6.942857142857142E-7     1.3637755102040816E-7    -623119.5853984494+499368.66932591086i            5345331.0769729195
0                         6.942857142857142E-7     1.5456122448979587E-7    -672037.8759348025+540201.6605103586i             5968056.266081586
0                         6.942857142857142E-7     1.7274489795918368E-7    -767350.858622158+603677.8288796227i              6608936.03618755
0                         6.942857142857142E-7     1.909285714285714E-7     -830391.7262326786+637543.7130675223i             7179567.749146906
0                         6.942857142857142E-7     2.091122448979592E-7     -889013.9426604081+668932.8546646507i             7721032.710432655
0                         6.942857142857142E-7     2.272959183673469E-7     -887153.1665800177+704673.3748009307i             8256337.660692625
0                         6.942857142857142E-7     2.454795918367347E-7     -958573.257924316+762828.5428782827i              8739964.103484951
0                         6.942857142857142E-7     2.636632653061224E-7     -1027419.393765111+818878.8400605018i             9197755.598640695
0                         6.942857142857142E-7     2.8184693877551024E-7    -1072040.8645136766+849309.8126028057i            9626150.587780861
0                         6.942857142857142E-7     3.0003061224489794E-7    -1115007.9035605108+880673.5815015612i            1.000990349715096E7
0                         6.942857142857142E-7     3.1821428571428575E-7    -1154102.2508828025+909606.5000844898i            1.0358673275294377E7
0                         6.942857142857142E-7     3.3639795918367346E-7    -1189323.9064805503+936108.5683515887i            1.0672435885510415E7
0                         6.942857142857142E-7     3.5458163265306127E-7    -1267525.5771332257+958395.4769590285i            1.0874263466734024E7
0                         6.942857142857142E-7     3.72765306122449E-7      -1292442.3991972154+984142.8307269485i            1.110019197091824E7
0                         6.942857142857142E-7     3.909489795918368E-7     -1312286.834013747+1007126.6152227903i            1.1294080789496984E7
0                         6.942857142857142E-7     4.091326530612245E-7     -1354619.9965646595+979038.7483375601i            1.1434926807437418E7
0                         6.942857142857142E-7     4.273163265306122E-7     -1417022.0336372608+1003702.4134394058i           1.1498794123347973E7
0                         6.942857142857142E-7     4.455E-7                 -1428431.3558550824+1007385.7789062512i           1.1560231331277763E7
0                         7.108163265306121E-7     -4.455E-7                1356735.97334056-995699.974672364i                1.1259115746236995E7
0                         7.108163265306121E-7     -4.2731632653061225E-7   1360811.9021332206-988804.5667693737i             1.1214261702136427E7
0                         7.108163265306121E-7     -4.091326530612245E-7    1288244.6410245392-1029504.7202991638i            1.1143107743999528E7
0                         7.108163265306121E-7     -3.9094897959183674E-7   1273201.921767272-1011896.3020321578i             1.1028184866602473E7
0                         7.108163265306121E-7     -3.72765306122449E-7     1253068.5824882719-991205.6785025925i             1.0872545864861194E7
0                         7.108163265306121E-7     -3.545816326530612E-7    1227844.62318754-967432.8497104679i               1.067619777758588E7
0                         7.108163265306121E-7     -3.3639795918367346E-7   1197141.5691879534-939999.3822752195i             1.0390916083795145E7
0                         7.108163265306121E-7     -3.1821428571428575E-7   1161235.326708657-909153.912616902i               1.007737926750076E7
0                         7.108163265306121E-7     -3.0003061224489794E-7   1121037.7872534795-876048.7150485555i             9724392.422799762
0                         7.108163265306121E-7     -2.8184693877551024E-7   1100032.4010556682-870760.4438420219i             9362255.660759639
0                         7.108163265306121E-7     -2.636632653061224E-7    1026184.5198159772-794771.1079179761i             8981111.331407916
0                         7.108163265306121E-7     -2.454795918367347E-7    973099.7276653028-754554.6477061406i              8516242.610407408
0                         7.108163265306121E-7     -2.2729591836734696E-7   917329.9539726279-711917.6744380022i              8028637.528685903
0                         7.108163265306121E-7     -2.091122448979592E-7    858875.1987379526-666860.1881135603i              7518321.350622613
0                         7.108163265306121E-7     -1.9092857142857144E-7   812229.8112331531-610052.7927438307i              6984867.328695828
0                         7.108163265306121E-7     -1.7274489795918368E-7   758354.5997928749-572656.9391574399i              6424839.390736887
0                         7.108163265306121E-7     -1.5456122448979592E-7   703892.7045785649-551680.2598389159i              5865312.137732816
0                         7.108163265306121E-7     -1.3637755102040816E-7   623087.9759359941-492250.9100732112i              5219659.463824713
0                         7.108163265306121E-7     -1.181938775510204E-7    538055.4697834937-425504.5757013924i              4551828.842253356
0                         7.108163265306121E-7     -1.0001020408163265E-7   414107.4918863873-337931.74893937836i             3882967.579473263
0                         7.108163265306121E-7     -8.182653061224489E-8    341050.89045338804-280302.09065591334i            3196109.883651588
0                         7.108163265306121E-7     -6.364285714285713E-8    267404.66156328935-222179.6214093638i             2504675.940150971
0                         7.108163265306121E-7     -4.545918367346937E-8    193168.80521609064-163564.34119972948i            1811862.0599591471
0                         7.108163265306121E-7     -2.7275510204081612E-8   118343.32141179219-104456.25002701051i            1128860.1731874458
0                         7.108163265306121E-7     -9.091836734693906E-9    40488.3572235655-44790.095123019724i              529740.622881949
0                         7.108163265306121E-7     9.091836734693853E-9     -56821.980224851985+17319.48333977352i            518396.34351115284
0                         7.108163265306121E-7     2.7275510204081612E-8    -138880.9100683523+86348.15519023853i             1128206.1476309325
0                         7.108163265306121E-7     4.5459183673469424E-8    -220703.60053676332+155101.35292089375i           1806856.6815381355
0                         7.108163265306121E-7     6.364285714285713E-8     -302290.0516300849+223579.07653173903i            2493489.195689661
0                         7.108163265306121E-7     8.182653061224494E-8     -383640.2633483193+291781.3260227759i             3178754.2859870307
0                         7.108163265306121E-7     1.0001020408163265E-7    -490622.4177529477+398450.4430226363i             3928302.703625006
0                         7.108163265306121E-7     1.1819387755102046E-7    -540742.0883918101+440506.7232673216i             4570493.126065114
0                         7.108163265306121E-7     1.3637755102040816E-7    -589999.3606502601+482027.88038933696i            5195926.689383428
0                         7.108163265306121E-7     1.5456122448979587E-7    -638394.2345282983+523013.9143886839i             5804177.823526523
0                         7.108163265306121E-7     1.7274489795918368E-7    -685926.7100259229+563464.8252653605i             6395001.646940254
0                         7.108163265306121E-7     1.909285714285714E-7     -770538.6718072193+614981.815161257i              6983239.190515768
0                         7.108163265306121E-7     2.091122448979592E-7     -790698.5672761728+644678.6059090551i             7534892.320356047
0                         7.108163265306121E-7     2.272959183673469E-7     -863376.9930917877+704576.3333161396i             8034816.927795426
0                         7.108163265306121E-7     2.454795918367347E-7     -933481.4634039006+762369.1898280922i             8509063.99908443
0                         7.108163265306121E-7     2.636632653061224E-7     -982746.3509451754+804881.6045258588i             8967721.56890995
0                         7.108163265306121E-7     2.8184693877551024E-7    -1028513.9938479548+838416.6999461518i            9376985.403687896
0                         7.108163265306121E-7     3.0003061224489794E-7    -1070408.9450261896+869520.9450506163i            9751407.838828856
0                         7.108163265306121E-7     3.1821428571428575E-7    -1108431.2044798867+898194.3398392554i            1.0090945975750664E7
0                         7.108163265306121E-7     3.3639795918367346E-7    -1180318.421966145+919576.2608301991i             1.03374541697637E7
0                         7.108163265306121E-7     3.5458163265306127E-7    -1208870.544458491+947764.5677413926i             1.0587271183042483E7
0                         7.108163265306121E-7     3.72765306122449E-7      -1232350.2797033794+973189.3053805075i            1.08051402008253E7
0                         7.108163265306121E-7     3.909489795918368E-7     -1250757.6277008113+995850.4737475468i            1.099107598487482E7
0                         7.108163265306121E-7     4.091326530612245E-7     -1264092.5884507927+1015748.0728425148i           1.1145101025119597E7
0                         7.108163265306121E-7     4.273163265306122E-7     -1345571.029678383+992152.0238861262i             1.1201880544975325E7
0                         7.108163265306121E-7     4.455E-7                 -1356735.9733405653+995699.9746723749i            1.126109960250952E7
0                         7.273469387755101E-7     -4.455E-7                1226403.526473278-1005673.6776066585i             1.0918209545439193E7
0                         7.273469387755101E-7     -4.2731632653061225E-7   1289580.6618179553-977256.6097958446i             1.0919719911155393E7
0                         7.273469387755101E-7     -4.091326530612245E-7    1288696.6270392237-967134.1751824026i             1.0844070631267147E7
0                         7.273469387755101E-7     -3.9094897959183674E-7   1223101.3683037092-996173.4600825151i             1.0738697363349961E7
0                         7.273469387755101E-7     -3.72765306122449E-7     1203787.4717123327-975696.756055838i              1.058829307561102E7
0                         7.273469387755101E-7     -3.545816326530612E-7    1179382.9550992267-952137.8467666046i             1.0397373503816618E7
0                         7.273469387755101E-7     -3.3639795918367346E-7   1149461.8280692957-924878.1631749377i             1.0111887463044241E7
0                         7.273469387755101E-7     -3.1821428571428575E-7   1114345.7038536677-894212.7372518897i             9804741.644558566
0                         7.273469387755101E-7     -3.0003061224489794E-7   1074938.2826621563-861287.583418811i              9458324.801611494
0                         7.273469387755101E-7     -2.8184693877551024E-7   1057208.6863192564-854137.4882614041i             9097453.346900694
0                         7.273469387755101E-7     -2.636632653061224E-7    979842.4529374698-777309.9068000659i              8736679.960628295
0                         7.273469387755101E-7     -2.454795918367347E-7    927781.3193604135-737385.2364615593i              8282307.432565467
0                         7.273469387755101E-7     -2.2729591836734696E-7   873035.2042413572-695040.0530667502i              7805251.452661961
0                         7.273469387755101E-7     -2.091122448979592E-7    815604.1075803002-650274.3566156367i              7305541.229941285
0                         7.273469387755101E-7     -1.9092857142857144E-7   755488.029377244-603088.147108221i                6783219.847278749
0                         7.273469387755101E-7     -1.7274489795918368E-7   692686.9696321867-553481.4245445011i              6238351.380651457
0                         7.273469387755101E-7     -1.5456122448979592E-7   648572.1659727722-505819.7748856768i              5665185.597977869
0                         7.273469387755101E-7     -1.3637755102040816E-7   601563.2943757332-486223.2063977286i              5109758.265549408
0                         7.273469387755101E-7     -1.181938775510204E-7    517146.97197640064-418509.37075950764i            4455425.776431975
0                         7.273469387755101E-7     -1.0001020408163265E-7   403971.2115249927-336545.25196529087i             3797022.283818182
0                         7.273469387755101E-7     -8.182653061224489E-8    332317.93298753205-279200.6974299221i             3125997.699317968
0                         7.273469387755101E-7     -6.364285714285713E-8    260075.02699297157-221363.33193146868i            2450748.0376859596
0                         7.273469387755101E-7     -4.545918367346937E-8    187242.49354131139-163033.15546993085i            1774859.6485081997
0                         7.273469387755101E-7     -2.7275510204081612E-8   113820.33263255161-104210.16804530838i            1110811.1977880117
0                         7.273469387755101E-7     -9.091836734693906E-9    38163.91309105503-46316.76603542028i              540504.8272852474
0                         7.273469387755101E-7     9.091836734693853E-9     -67157.12682259042+18615.868927161355i            516432.743831046
0                         7.273469387755101E-7     2.7275510204081612E-8    -147069.5203422713+87037.80909141342i             1104115.6628194337
0                         7.273469387755101E-7     4.5459183673469424E-8    -226745.67448686413+155184.2751358564i            1766342.2783987226
0                         7.273469387755101E-7     6.364285714285713E-8     -306185.5892563688+223055.26706049102i            2437847.4454503213
0                         7.273469387755101E-7     8.182653061224494E-8     -385389.2646507846+290650.78486531554i            3108447.0840117726
0                         7.273469387755101E-7     1.0001020408163265E-7    -458549.02632138925+380803.5684562632i            3809759.1042825724
0                         7.273469387755101E-7     1.1819387755102046E-7    -508145.2803019363+423012.8915158471i             4437385.120621369
0                         7.273469387755101E-7     1.3637755102040816E-7    -556879.1359020704+464687.09145276214i            5048378.615451355
0                         7.273469387755101E-7     1.5456122448979587E-7    -604750.5931217928+505826.16826700803i            5642284.580594981
0                         7.273469387755101E-7     1.7274489795918368E-7    -633223.3614441103+525288.0132016427i             6227664.286989946
0                         7.273469387755101E-7     1.909285714285714E-7     -694301.2545332022+583303.5892528531i             6807860.541697022
0                         7.273469387755101E-7     2.091122448979592E-7     -768238.0148201314+644943.8759896657i             7323902.550343596
0                         7.273469387755101E-7     2.272959183673469E-7     -839600.8196035584+704479.2918313475i             7814490.040065033
0                         7.273469387755101E-7     2.454795918367347E-7     -908389.6688834821+761909.8367778995i             8279498.158292703
0                         7.273469387755101E-7     2.636632653061224E-7     -940291.5681480549+794248.0156634988i             8731157.21758255
0                         7.273469387755101E-7     2.8184693877551024E-7    -984987.123182233+827523.5872894991i              9131085.596862806
0                         7.273469387755101E-7     3.0003061224489794E-7    -1025809.986491878+858368.3085996783i             9496290.185545007
0                         7.273469387755101E-7     3.1821428571428575E-7    -1090913.0531898057+878638.707686896i             9788288.967929345
0                         7.273469387755101E-7     3.3639795918367346E-7    -1123100.476110507+909267.9677413609i             1.0061953764451182E7
0                         7.273469387755101E-7     3.5458163265306127E-7    -1150215.5117837535+937133.6585237517i            1.0303779009659998E7
0                         7.273469387755101E-7     3.72765306122449E-7      -1172258.1602095417+962235.780034066i             1.0513775476663595E7
0                         7.273469387755101E-7     3.909489795918368E-7     -1224846.0246705445+1024115.3948494806i           1.0705255840823825E7
0                         7.273469387755101E-7     4.091326530612245E-7     -1253769.643965168+1076722.9306334998i            1.0875298228282597E7
0                         7.273469387755101E-7     4.273163265306122E-7     -1280278.5648984988+1126648.1792117597i           1.1020107165243521E7
0                         7.273469387755101E-7     4.455E-7                 -1226403.5264732752+1005673.6776066608i           1.091858149417136E7
0                         7.438775510204081E-7     -4.455E-7                1171684.732629851-983906.0548245052i              1.0603288202340804E7
0                         7.438775510204081E-7     -4.2731632653061225E-7   1169303.8283514997-978454.9337260223i             1.0577868463265274E7
0                         7.438775510204081E-7     -4.091326530612245E-7    1217929.528923211-955724.0654692184i              1.0554498100033004E7
0                         7.438775510204081E-7     -3.9094897959183674E-7   1212085.5305730805-942374.6041453248i             1.0448184476858929E7
0                         7.438775510204081E-7     -3.72765306122449E-7     1154506.3609363951-960187.8336090852i             1.0306921752304142E7
0                         7.438775510204081E-7     -3.545816326530612E-7    1130921.2870109135-936842.8438227408i             1.0121338202926837E7
0                         7.438775510204081E-7     -3.3639795918367346E-7   1101782.086950639-909756.9440746573i              9835869.580516746
0                         7.438775510204081E-7     -3.1821428571428575E-7   1067456.080998677-879271.5618868766i              9535019.978073651
0                         7.438775510204081E-7     -3.0003061224489794E-7   1028838.778070835-846526.4517890669i              9195104.06612729
0                         7.438775510204081E-7     -2.8184693877551024E-7   981852.8795204007-797061.0730910299i              8917431.932261974
0                         7.438775510204081E-7     -2.636632653061224E-7    933500.3860589631-759848.7056821559i              8496041.228300914
0                         7.438775510204081E-7     -2.454795918367347E-7    882462.9110555251-720215.8252169787i              8052009.703812914
0                         7.438775510204081E-7     -2.2729591836734696E-7   828740.4545100868-678162.4316954976i              7585359.636548369
0                         7.438775510204081E-7     -2.091122448979592E-7    772333.0164226487-633688.525117714i               7096124.926592006
0                         7.438775510204081E-7     -1.9092857142857144E-7   713240.5967932097-586794.1054836262i              6584356.378248692
0                         7.438775510204081E-7     -1.7274489795918368E-7   651463.195621771-537479.1727932354i               6050130.428361961
0                         7.438775510204081E-7     -1.5456122448979592E-7   587000.8129083319-485743.7270465412i              5493564.213926117
0                         7.438775510204081E-7     -1.3637755102040816E-7   540685.51258859-438297.9509881294i                4929242.143948127
0                         7.438775510204081E-7     -1.181938775510204E-7    466717.6750639833-393532.8085940827i              4389423.38803207
0                         7.438775510204081E-7     -1.0001020408163265E-7   393834.9311635983-335158.75499120326i             3712274.0901260255
0                         7.438775510204081E-7     -8.182653061224489E-8    323584.9755216758-278099.3042039308i              3056836.3488477427
0                         7.438775510204081E-7     -6.364285714285713E-8    252745.39242265455-220547.04245357402i            2397520.7236485346
0                         7.438775510204081E-7     -4.545918367346937E-8    192009.61680060026-161140.62789704997i            1730289.162795197
0                         7.438775510204081E-7     -2.7275510204081612E-8   104079.07641448511-91607.83597773843i             1103740.2691751458
0                         7.438775510204081E-7     -9.091836734693906E-9    18309.974198317537-21053.39983876827i             537874.0719024293
0                         7.438775510204081E-7     9.091836734693853E-9     -76358.08207877033+48891.616259665316i            499738.0903466945
0                         7.438775510204081E-7     2.7275510204081612E-8    -169395.51518620172+117889.76015086558i           1054052.7242099468
0                         7.438775510204081E-7     4.5459183673469424E-8    -232787.74843696528+155267.19735082i              1725453.3079631592
0                         7.438775510204081E-7     6.364285714285713E-8     -310081.12688265217+222531.4575892424i            2382190.98773223
0                         7.438775510204081E-7     8.182653061224494E-8     -376540.39918718865+320259.20489273866i           3064352.1249958104
0                         7.438775510204081E-7     1.0001020408163265E-7    -426475.6348898303+363156.69388989004i            3692996.3111763373
0                         7.438775510204081E-7     1.1819387755102046E-7    -465767.2957983378+366663.1620998353i             4312903.370776092
0                         7.438775510204081E-7     1.3637755102040816E-7    -517077.8235586032+420695.8908773715i             4909411.783589605
0                         7.438775510204081E-7     1.5456122448979587E-7    -567417.035914321+474320.4654880736i              5491161.341413016
0                         7.438775510204081E-7     1.7274489795918368E-7    -616784.9328654896+527536.8859319387i             6057900.053571959
0                         7.438775510204081E-7     1.909285714285714E-7     -673156.3231093464+583931.1708988617i             6607392.386473017
0                         7.438775510204081E-7     2.091122448979592E-7     -745777.4623640899+645209.1460702759i             7114110.421226703
0                         7.438775510204081E-7     2.272959183673469E-7     -815824.6461153287+704382.2503465554i             7595497.582015366
0                         7.438775510204081E-7     2.454795918367347E-7     -883297.8743630667+761450.4837277073i             8051416.47813644
0                         7.438775510204081E-7     2.636632653061224E-7     -897836.7853509332+783614.4268011388i             8497804.7486482
0                         7.438775510204081E-7     2.8184693877551024E-7    -941460.2525165146+816630.4746328499i             8888504.55948037
0                         7.438775510204081E-7     3.0003061224489794E-7    -999309.4708042108+835582.8175291219i             9226748.591064934
0                         7.438775510204081E-7     3.1821428571428575E-7    -1035132.1941532679+868653.0307268612i            9524182.573776923
0                         7.438775510204081E-7     3.3639795918367346E-7    -1065882.5302548707+898959.6746525243i            9789907.779550504
0                         7.438775510204081E-7     3.5458163265306127E-7    -1091560.479109017+926502.7493061128i             1.002392675625143E7
0                         7.438775510204081E-7     3.72765306122449E-7      -1147259.9078753553+966058.6195221469i            1.0239675701649128E7
0                         7.438775510204081E-7     3.909489795918368E-7     -1177536.3794644424+1020859.2648517732i           1.0431426140754996E7
0                         7.438775510204081E-7     4.091326530612245E-7     -1205398.1526922425+1072977.6229756465i           1.0597988399798008E7
0                         7.438775510204081E-7     4.273163265306122E-7     -1110282.4846748752+1006464.7744015632i           1.0521726739328798E7
0                         7.438775510204081E-7     4.455E-7                 -1171684.732629852+983906.0548245123i             1.0603606129063813E7
0                         7.60408163265306E-7      -4.455E-7                1116965.9387864228-962138.4320423502i             1.029251961625628E7
0                         7.60408163265306E-7      -4.2731632653061225E-7   1114870.951319928-956719.0262637954i              1.02680630763286E7
0                         7.60408163265306E-7      -4.091326530612245E-7    1110442.1414917447-948690.1234744436i             1.0214921573606472E7
0                         7.60408163265306E-7      -3.9094897959183674E-7   1141782.5746563226-931102.3416924877i             1.0163786413564567E7
0                         7.60408163265306E-7      -3.72765306122449E-7     1130978.6127347948-914525.8536581402i             1.0027000361586092E7
0                         7.60408163265306E-7      -3.545816326530612E-7    1082459.6189225994-921547.8408788763i             9848301.703571388
0                         7.60408163265306E-7      -3.3639795918367346E-7   1054102.3458319828-894635.7249743766i             9563075.289419245
0                         7.60408163265306E-7      -3.1821428571428575E-7   1020566.458143688-864330.3865218638i              9268420.296577115
0                         7.60408163265306E-7      -3.0003061224489794E-7   1007778.5895455492-865318.9621708847i             8976489.06227855
0                         7.60408163265306E-7      -2.8184693877551024E-7   934487.1540682758-779308.0820997912i              8670595.104977364
0                         7.60408163265306E-7      -2.636632653061224E-7    887158.3191804555-742387.5045642458i              8259302.609725492
0                         7.60408163265306E-7      -2.454795918367347E-7    837144.5027506363-703046.4139723976i              7825444.325953237
0                         7.60408163265306E-7      -2.2729591836734696E-7   784445.7047788163-661284.8103242458i              7369045.468865783
0                         7.60408163265306E-7      -2.091122448979592E-7    729061.9252649964-617102.6936197905i              6890145.383512916
0                         7.60408163265306E-7      -1.9092857142857144E-7   670993.1642091759-570500.063859032i               6388803.978281946
0                         7.60408163265306E-7      -1.7274489795918368E-7   610239.4216113555-521476.9210419702i              5865112.414376723
0                         7.60408163265306E-7      -1.5456122448979592E-7   546800.6974715363-470033.2651686052i              5319211.6694344655
0                         7.60408163265306E-7      -1.3637755102040816E-7   562731.1973270507-491650.995339559i               4754561.633382605
0                         7.60408163265306E-7      -1.181938775510204E-7    320586.04286830185-292199.4027916296i             4114028.745559174
0                         7.60408163265306E-7      -1.0001020408163265E-7   383698.6508022037-333772.2580171156i              3628760.5811562254
0                         7.60408163265306E-7      -8.182653061224489E-8    352824.38648085395-297863.8800422303i             2936682.970819447
0                         7.60408163265306E-7      -6.364285714285713E-8    269743.2959068849-230015.09848188976i             2312549.247923953
0                         7.60408163265306E-7      -4.545918367346937E-8    185581.11672723552-161629.67192294568i            1688463.6246786541
0                         7.60408163265306E-7      -2.7275510204081612E-8   100337.84894190688-92707.6003653988i              1076372.0967198873
0                         7.60408163265306E-7      -9.091836734693906E-9    14013.49255089648-23248.88380924723i              544562.7075800899
0                         7.60408163265306E-7      9.091836734693853E-9     -72608.7194839225+46267.2273704923i               494808.38137099496
0                         7.60408163265306E-7      2.7275510204081612E-8    -162601.07133289304+114337.79297764793i           1039932.7673952966
0                         7.60408163265306E-7      4.5459183673469424E-8    -250962.80001220643+181461.48637756958i           1662990.203900056
0                         7.60408163265306E-7      6.364285714285713E-8     -337693.90552186285+247638.30757025708i           2297278.9214567766
0                         7.60408163265306E-7      8.182653061224494E-8     -354100.51731411676+310409.10000867845i           2913144.0865715877
0                         7.60408163265306E-7      1.0001020408163265E-7    -402230.2969189314+314802.2997557552i             3578124.6329526342
0                         7.60408163265306E-7      1.1819387755102046E-7    -453216.3218677378+369160.3957326276i             4177549.7263386175
0                         7.60408163265306E-7      1.3637755102040816E-7    -503231.03141199634+423110.33754266624i           4762908.750587495
0                         7.60408163265306E-7      1.5456122448979587E-7    -552274.425551707+476652.1251858692i              5333681.85295596
0                         7.60408163265306E-7      1.7274489795918368E-7    -600346.5042868694+529785.7586622366i             5889570.591583807
0                         7.60408163265306E-7      1.909285714285714E-7     -652011.3916854919+584558.7525448725i             6408145.438371795
0                         7.60408163265306E-7      2.091122448979592E-7     -723316.9099080466+645474.4161508834i             6905668.599197576
0                         7.60408163265306E-7      2.272959183673469E-7     -792048.4726271001+704285.2088617657i             7378000.364677326
0                         7.60408163265306E-7      2.454795918367347E-7     -808957.9315322819+737793.4635855277i             7851780.352564258
0                         7.60408163265306E-7      2.636632653061224E-7     -855382.0025538094+772980.8379387767i             8267715.207372949
0                         7.60408163265306E-7      2.8184693877551024E-7    -905507.6748093613+790408.5903568761i             8652883.92857098
0                         7.60408163265306E-7      3.0003061224489794E-7    -944965.6985867741+825919.756697888i              8973958.697997844
0                         7.60408163265306E-7      3.1821428571428575E-7    -979351.3351167333+858667.353766825i              9263486.53865766
0                         7.60408163265306E-7      3.3639795918367346E-7    -1035338.7626076685+846621.8702283464i            9520741.779348478
0                         7.60408163265306E-7      3.5458163265306127E-7    -1069382.7848525215+906297.9123093449i            9759321.308668973
0                         7.60408163265306E-7      3.72765306122449E-7      -1101012.1087360792+963291.6671845834i            9972788.984761797
0                         7.60408163265306E-7      3.909489795918368E-7     -1033583.0236748126+948324.72456321i              1.0008464182266196E7
0                         7.60408163265306E-7      4.091326530612245E-7     -1052237.7003601054+969957.7998643394i            1.013761745108259E7
0                         7.60408163265306E-7      4.273163265306122E-7     -1068775.3139721528+989245.4316910785i            1.024112973184072E7
0                         7.60408163265306E-7      4.455E-7                 -1116965.9387864205+962138.4320423548i            1.0292787754565137E7
0                         7.76938775510204E-7      -4.455E-7                1062247.1449429933-940370.8092601972i             9986076.47464103
0                         7.76938775510204E-7      -4.2731632653061225E-7   1060438.0742883554-934983.1188015696i             9962534.824610567
0                         7.76938775510204E-7      -4.091326530612245E-7    1056295.1812720268-926985.9313321429i             9910380.185656663
0                         7.76938775510204E-7      -3.9094897959183674E-7   1049818.4658940053-916379.2468519161i             9829603.186663842
0                         7.76938775510204E-7      -3.72765306122449E-7     1041007.928154293-903163.0653608905i              9720199.532020183
0                         7.76938775510204E-7      -3.545816326530612E-7    1033997.9508342865-906252.837935013i              9578497.857483177
0                         7.76938775510204E-7      -3.3639795918367346E-7   1006422.6047133259-879514.5058740956i             9293741.771291062
0                         7.76938775510204E-7      -3.1821428571428575E-7   973676.8352886981-849389.2111568514i              9005172.54823981
0                         7.76938775510204E-7      -3.0003061224489794E-7   964130.069617954-848588.1085833197i               8713575.163642058
0                         7.76938775510204E-7      -2.8184693877551024E-7   887121.4286161496-761555.0911085529i              8427972.801128605
0                         7.76938775510204E-7      -2.636632653061224E-7    840816.2523019481-724926.3034463361i              8026583.290892175
0                         7.76938775510204E-7      -2.454795918367347E-7    791826.0944457466-685877.0027278163i              7602716.978833682
0                         7.76938775510204E-7      -2.2729591836734696E-7   740150.9550475457-644407.1889529937i              7156402.311297357
0                         7.76938775510204E-7      -2.091122448979592E-7    685790.8341073439-600516.8621218672i              6687684.842760778
0                         7.76938775510204E-7      -1.9092857142857144E-7   628879.578271802-587888.343610175i                6204903.198036877
0                         7.76938775510204E-7      -1.7274489795918368E-7   581406.9728913801-509431.30323932983i             5719510.7391567165
0                         7.76938775510204E-7      -1.5456122448979592E-7   526230.8259813769-453565.6587434468i              5210128.670052808
0                         7.76938775510204E-7      -1.3637755102040816E-7   422846.10924952297-372130.6530107799i             4677200.918332912
0                         7.76938775510204E-7      -1.181938775510204E-7    356897.9040049726-320150.17809797963i             4153820.947517085
0                         7.76938775510204E-7      -1.0001020408163265E-7   345946.188254391-298789.2374474858i               3442729.693055319
0                         7.76938775510204E-7      -8.182653061224489E-8    300402.69507056486-253066.15301194103i            2848386.874402716
0                         7.76938775510204E-7      -6.364285714285713E-8    260627.52323273598-229893.42214602226i            2256785.5627083234
0                         7.76938775510204E-7      -4.545918367346937E-8    179152.61665387146-162118.7159488422i             1646010.6032449086
0                         7.76938775510204E-7      -2.7275510204081612E-8   96596.62146932777-93807.36475305841i              1047525.1909331337
0                         7.76938775510204E-7      -9.091836734693906E-9    12959.537679104134-24959.368558671675i            531057.9441745137
0                         7.76938775510204E-7      9.091836734693853E-9     -68859.35688907461+43642.83848131907i             485975.383139999
0                         7.76938775510204E-7      2.7275510204081612E-8    -155806.627479584+110785.82580443018i             1024152.0384285955
0                         7.76938775510204E-7      4.5459183673469424E-8    -160725.0861299507+181609.50958306383i            1630270.1436770593
0                         7.76938775510204E-7      6.364285714285713E-8     -238229.075428447+236865.527321635i               2231122.9409332136
0                         7.76938775510204E-7      8.182653061224494E-8     -313421.04874174274+290443.1732573111i            2831288.204335951
0                         7.76938775510204E-7      1.0001020408163265E-7    -386301.0060698376+342342.44739009213i            3427404.304977659
0                         7.76938775510204E-7      1.1819387755102046E-7    -440665.3479371381+371657.6293654194i             4043338.182250809
0                         7.76938775510204E-7      1.3637755102040816E-7    -489384.2392653888+425524.78420795966i            4617657.31504999
0                         7.76938775510204E-7      1.5456122448979587E-7    -537131.8151890923+478983.7848836638i             5177586.13739195
0                         7.76938775510204E-7      1.7274489795918368E-7    -583908.0757082489+532034.6313925339i             5722773.448833179
0                         7.76938775510204E-7      1.909285714285714E-7     -630866.4602616355+585186.3341908805i             6210289.134914988
0                         7.76938775510204E-7      2.091122448979592E-7     -700856.3574520049+645739.6862314931i             6698752.6319113495
0                         7.76938775510204E-7      2.272959183673469E-7     -768272.2991388692+704188.1673769734i             7162182.197910718
0                         7.76938775510204E-7      2.454795918367347E-7     -767575.2366037592+727419.3985174613i             7634176.307606437
0                         7.76938775510204E-7      2.636632653061224E-7     -809507.665205251+743116.0261701574i              8066841.22568541
0                         7.76938775510204E-7      2.8184693877551024E-7    -852600.989411023+781068.1456544437i              8411360.082344487
0                         7.76938775510204E-7      3.0003061224489794E-7    -890621.926369335+816256.6958666537i              8724538.77404145
0                         7.76938775510204E-7      3.1821428571428575E-7    -955817.7810627231+782964.1215844704i             9003993.975361118
0                         7.76938775510204E-7      3.3639795918367346E-7    -991214.6556020407+844833.2732110731i             9264195.066114051
0                         7.76938775510204E-7      3.5458163265306127E-7    -950983.8799303584+881457.559653268i              9411020.109311173
0                         7.76938775510204E-7      3.72765306122449E-7      -973230.5403749942+907617.8571966846i             9587507.860006798
0                         7.76938775510204E-7      3.909489795918368E-7     -993360.137746385+931432.7112657122i              9738403.961577348
0                         7.76938775510204E-7      4.091326530612245E-7     -1011372.6720445289+952902.1218603462i            9863714.102598276
0                         7.76938775510204E-7      4.273163265306122E-7     -1072545.7335835993+945462.8910239381i            9972826.516139915
0                         7.76938775510204E-7      4.455E-7                 -1062247.1449429914+940370.8092602001i            9986300.384666407
0                         7.934693877551019E-7     -4.455E-7                1007528.3510995638-918603.1864780416i             9684151.881708916
0                         7.934693877551019E-7     -4.2731632653061225E-7   1006005.1972567844-913247.2113393437i             9661472.334729413
0                         7.934693877551019E-7     -4.091326530612245E-7    1002148.2210523107-905281.7391898435i             9610269.873285519
0                         7.934693877551019E-7     -3.9094897959183674E-7   995957.4224861464-894706.7700295454i              9530532.677502792
0                         7.934693877551019E-7     -3.72765306122449E-7     987432.8015582883-881522.3038584469i              9422255.694061814
0                         7.934693877551019E-7     -3.545816326530612E-7    976574.3582687406-865728.3406765492i              9285440.771444587
0                         7.934693877551019E-7     -3.3639795918367346E-7   958742.8635946696-864393.2867738152i              9028133.33029902
0                         7.934693877551019E-7     -3.1821428571428575E-7   926787.2124337094-834448.0357918388i              8745533.39247054
0                         7.934693877551019E-7     -3.0003061224489794E-7   882352.2393626075-777718.5848498985i              8559020.921251878
0                         7.934693877551019E-7     -2.8184693877551024E-7   839755.7031640236-743802.1001173134i              8189712.952727218
0                         7.934693877551019E-7     -2.636632653061224E-7    794474.1854234398-707465.1023284255i              7798015.339993686
0                         7.934693877551019E-7     -2.454795918367347E-7    703769.3162690978-683153.496946645i               7373327.778141598
0                         7.934693877551019E-7     -2.2729591836734696E-7   676518.2803627793-649649.937759765i               6943150.315726584
0                         7.934693877551019E-7     -2.091122448979592E-7    656519.105901941-606632.2414077024i               6494672.129720537
0                         7.934693877551019E-7     -1.9092857142857144E-7   606395.59684517-554619.677013144i                 6035523.726353799
0                         7.934693877551019E-7     -1.7274489795918368E-7   554323.0443965687-500846.0690666578i              5555605.389953113
0                         7.934693877551019E-7     -1.5456122448979592E-7   500301.4485561368-445311.41756824264i             5055097.173752866
0                         7.934693877551019E-7     -1.3637755102040816E-7   408484.16546380095-372819.1965413175i             4543780.502417643
0                         7.934693877551019E-7     -1.181938775510204E-7    370792.61358858127-337609.20643965504i            3934331.606881729
0                         7.934693877551019E-7     -1.0001020408163265E-7   326965.1122584513-292844.47797139164i             3356884.5401611044
0                         7.934693877551019E-7     -8.182653061224489E-8    282375.35333584354-247199.2711149895i             2774802.685038077
0                         7.934693877551019E-7     -6.364285714285713E-8    237023.33682075824-200673.58587044885i            2189270.1689556865
0                         7.934693877551019E-7     -4.545918367346937E-8    190909.0627131944-153267.42223776926i             1603244.21930324
0                         7.934693877551019E-7     -2.7275510204081612E-8   144032.53101315274-104980.78021695116i            1026555.8576348362
0                         7.934693877551019E-7     -9.091836734693906E-9    11905.582807309576-26669.853308094316i            514153.1787361895
0                         7.934693877551019E-7     9.091836734693853E-9     34972.47605225933+48247.91248842154i              513678.4264382881
0                         7.934693877551019E-7     2.7275510204081612E-8    -45424.061980949074+106322.8036971449i            1004550.9045669718
0                         7.934693877551019E-7     4.5459183673469424E-8    -123508.58402895783+162719.32310297427i           1578508.5048796828
0                         7.934693877551019E-7     6.364285714285713E-8     -199281.0900917643+217437.47070590674i            2164718.375156678
0                         7.934693877551019E-7     8.182653061224494E-8     -272741.5801693695+270477.2465059445i             2750786.6163949524
0                         7.934693877551019E-7     1.0001020408163265E-7    -343890.05426177406+321838.65050308674i           3333050.0346543863
0                         7.934693877551019E-7     1.1819387755102046E-7    -412726.51236897794+371521.68269733427i           3910060.873638767
0                         7.934693877551019E-7     1.3637755102040816E-7    -475537.44711878157+427939.23087325296i           4473751.125604304
0                         7.934693877551019E-7     1.5456122448979587E-7    -521989.2048264785+481315.44458145904i            5022976.51232732
0                         7.934693877551019E-7     1.7274489795918368E-7    -567469.6471296273+534283.50412283i               5557621.094256557
0                         7.934693877551019E-7     1.909285714285714E-7     -609721.5288377792+585813.9158368893i             6014019.4862470655
0                         7.934693877551019E-7     2.091122448979592E-7     -678395.8049959623+646004.9563121033i             6493564.229068671
0                         7.934693877551019E-7     2.272959183673469E-7     -678039.9546663628+679946.1563688988i             6988331.650687237
0                         7.934693877551019E-7     2.454795918367347E-7     -711309.4419918892+693705.1249689681i             7468901.105891336
0                         7.934693877551019E-7     2.636632653061224E-7     -758038.0666260154+734098.1975965267i             7836569.743226609
0                         7.934693877551019E-7     2.8184693877551024E-7    -799694.3040126865+771727.7009520107i             8173172.227527225
0                         7.934693877551019E-7     3.0003061224489794E-7    -876005.7932901327+717602.4410551228i             8472616.759224037
0                         7.934693877551019E-7     3.1821428571428575E-7    -912755.5201239204+781664.702227341i              8754364.375064407
0                         7.934693877551019E-7     3.3639795918367346E-7    -888323.6976454938+836550.7994574441i             8953296.115072971
0                         7.934693877551019E-7     3.5458163265306127E-7    -912045.2787762274+864892.8757687586i             9151451.361233037
0                         7.934693877551019E-7     3.72765306122449E-7      -933649.7968337144+890889.5086056811i             9324084.235562129
0                         7.934693877551019E-7     3.909489795918368E-7     -953137.2518179571+914540.697968214i              9471198.709884856
0                         7.934693877551019E-7     4.091326530612245E-7     -970507.6437289554+935846.4438563563i             9592803.593030343
0                         7.934693877551019E-7     4.273163265306122E-7     -1017794.471432524+923634.8733030721i             9671945.082052063
0                         7.934693877551019E-7     4.455E-7                 -1007528.3510995647+918603.1864780474i            9684338.527302677
0                         8.1E-7                   -4.455E-7                952809.5572561352-896835.563695888i               9386961.779248158
0                         8.1E-7                   -4.2731632653061225E-7   951572.3202252109-891511.303877116i               9365086.623002429
0                         8.1E-7                   -4.091326530612245E-7    948001.2608325949-883577.5470475447i              9314798.983709114
0                         8.1E-7                   -3.9094897959183674E-7   942096.3790782853-873034.2932071722i              9236084.373097392
0                         8.1E-7                   -3.72765306122449E-7     933857.6749622861-859881.5423560014i              9128937.233683717
0                         8.1E-7                   -3.545816326530612E-7    923285.1484845924-844119.2944940298i              8993361.153951248
0                         8.1E-7                   -3.3639795918367346E-7   910378.7996452077-825747.5496212593i              8829369.538826851
0                         8.1E-7                   -3.1821428571428575E-7   1039663.1682152387-790033.2365693566i             8619428.566458374
0                         8.1E-7                   -3.0003061224489794E-7   833962.8553368619-759673.8039853298i              8315943.455403469
0                         8.1E-7                   -2.8184693877551024E-7   748435.2573931848-735905.7156012284i              7940671.8442079965
0                         8.1E-7                   -2.636632653061224E-7    762338.6888786068-741863.4741197936i              7542196.820820792
0                         8.1E-7                   -2.454795918367347E-7    719216.8610668981-695465.0333784888i              7154056.44573241
0                         8.1E-7                   -2.2729591836734696E-7   674145.9898633581-647305.5490852548i              6745000.580960239
0                         8.1E-7                   -2.091122448979592E-7    627126.0752679881-597385.0212400928i              6315086.262380104
0                         8.1E-7                   -1.9092857142857144E-7   578157.1172807879-545703.4498430035i              5864401.333742309
0                         8.1E-7                   -1.7274489795918368E-7   527239.1159017577-492260.8348939852i              5393080.113894622
0                         8.1E-7                   -1.5456122448979592E-7   431945.5293015643-417749.8965284432i              4890769.929312568
0                         8.1E-7                   -1.3637755102040816E-7   394122.2216780794-373507.7400718566i              4411982.283268499
0                         8.1E-7                   -1.181938775510204E-7    350857.8033314231-331586.5693844183i              3837928.52323741
0                         8.1E-7                   -1.0001020408163265E-7   307984.0362625118-286899.7184952975i              3272344.7260217797
0                         8.1E-7                   -8.182653061224489E-8    264348.011601122-241332.38921803786i              2702347.7379561462
0                         8.1E-7                   -6.364285714285713E-8    219949.72934725485-194884.58155263972i            2129301.1502406998
0                         8.1E-7                   -4.545918367346937E-8    174789.18950090982-147556.2954991031i             1556626.0171453082
0                         8.1E-7                   -2.7275510204081612E-8   128866.39206208625-99347.53105742746i             995749.5620577168
0                         8.1E-7                   -9.091836734693906E-9    109275.5072602218-79353.92972816204i              543588.8556412759
0                         8.1E-7                   9.091836734693853E-9     52536.240464204144-52464.60165551323i             503861.3225871405
0                         8.1E-7                   2.7275510204081612E-8    -22798.004952281422+21492.87223036465i            962736.6190743392
0                         8.1E-7                   4.5459183673469424E-8    -97295.75752519944+95202.89686153951i             1521431.9610928004
0                         8.1E-7                   6.364285714285713E-8     -160333.10475508103+198009.41409017926i           2099507.6613180637
0                         8.1E-7                   8.182653061224494E-8     -232062.11159699596+250511.31975457794i           2671671.865570855
0                         8.1E-7                   1.0001020408163265E-7    -301479.1024537102+301334.85361608124i            3240302.516642822
0                         8.1E-7                   1.1819387755102046E-7    -368584.0773252241+350480.01567468967i            3803827.7470413665
0                         8.1E-7                   1.3637755102040816E-7    -433377.0362115365+397946.80593040364i            4361509.372893274
0                         8.1E-7                   1.5456122448979587E-7    -495857.9791126484+443735.22438322194i            4912957.193452697
0                         8.1E-7                   1.7274489795918368E-7    -551031.2185510064+536532.376853128i              5394242.892059071
0                         8.1E-7                   1.909285714285714E-7     -588576.5974139245+586441.4974829002i             5819563.086409953
0                         8.1E-7                   2.091122448979592E-7     -655935.2525399197+646270.2263927114i             6290335.0394982705
0                         8.1E-7                   2.272959183673469E-7     -610913.0051692676+642175.8867533042i             6859540.871156032
0                         8.1E-7                   2.454795918367347E-7     -661276.9302317491+685009.9125241362i             7249919.623842465
0                         8.1E-7                   2.636632653061224E-7     -755385.5218003616+581599.1707167318i             7598939.012311766
0                         8.1E-7                   2.8184693877551024E-7    -795902.7992899027+650536.8286403129i             7926819.550808457
0                         8.1E-7                   3.0003061224489794E-7    -797517.1721716078+756756.6266466195i             8235442.82342864
0                         8.1E-7                   3.1821428571428575E-7    -824830.7370616812+789625.9252002188i             8480631.6005398
0                         8.1E-7                   3.3639795918367346E-7    -850027.2388785107+820149.7802794294i             8700394.165939335
0                         8.1E-7                   3.5458163265306127E-7    -873106.6776220953+848328.1918842486i             8894722.51995789
0                         8.1E-7                   3.72765306122449E-7      -894069.0532924344+874161.1600146769i             9063616.213382142
0                         8.1E-7                   3.909489795918368E-7     -912914.3658895283+897648.684670715i              9207081.53823246
0                         8.1E-7                   4.091326530612245E-7     -971172.6575711793+904845.6934564286i             9341654.454627195
0                         8.1E-7                   4.273163265306122E-7     -963043.2092814553+901806.8555822135i             9375743.180747198
0                         8.1E-7                   4.455E-7                 -952809.5572561361+896835.563695894i              9387119.610276245
