% Model:              omc_unitcell_iso.mph
% Version:            COMSOL 6.3.0.420
% Date:               Jul 16 2026, 12:32
% Dimension:          3
% Nodes:              2500
% Expressions:        2
% Description:        Electric field, y-component, Electric field norm
% Length unit:        m
% X                       Y                        Z                        ewfd.Ey (V/m) @ 194.06+1.0035i THz                ewfd.normE (V/m) @ 194.06+1.0035i THz
0                         0                        -3.913059381630264E-7    -8674.001203461308+1236.9677812431191i            8761.757025247945
0                         0                        -3.753342672175967E-7    2787976.0528922365-579131.6396691721i             2847490.8125517243
0                         0                        -3.593625962721671E-7    5519112.023729557-1147591.7213341524i             5637159.239311132
0                         0                        -3.4339092532673743E-7   8189860.420525303-1704125.8871054482i             8365276.967727358
0                         0                        -3.2741925438130776E-7   9993439.318983205-2082740.4363288467i             1.0208165219436781E7
0                         0                        -3.1144758343587815E-7   1.208612343255885E7-2531362.7944896948i           1.2348367391051125E7
0                         0                        -2.954759124904485E-7    1.4086598869813863E7-2961481.4421337643i          1.4394535075894043E7
0                         0                        -2.7950424154501886E-7   1.6026664259101825E7-3379241.9881711216i          1.6379048925031958E7
0                         0                        -2.635325705995892E-7    1.8094100910980858E7-3819765.523912074i           1.849289313315863E7
0                         0                        -2.4756089965415953E-7   1.9428341408920646E7-4107852.194167615i           1.98578674472036E7
0                         0                        -2.3158922870872991E-7   2.071309146973627E7-4385724.515579092i            2.117231063819471E7
0                         0                        -2.1561755776330025E-7   2.194835109342778E7-4653382.488146517i            2.2436222594308544E7
0                         0                        -1.996458868178706E-7    2.321468575388141E7-4928460.141843488i            2.373207437248595E7
0                         0                        -1.8367421587244096E-7   2.44237614263155E7-5191628.29440543i              2.496944385758017E7
0                         0                        -1.677025449270113E-7    2.5584768206172757E7-5445000.004622139i           2.6157759636748776E7
0                         0                        -1.5173087398158168E-7   2.655781585415188E7-5654913.194184527i            2.7153188140194573E7
0                         0                        -1.3575920303615201E-7   2.734141072624127E7-5824860.9638068825i           2.795499500534211E7
0                         0                        -1.1978753209072235E-7   2.80276638249538E7-5973604.411156727i             2.8657178666882314E7
0                         0                        -1.0381586114529273E-7   2.864868526488731E7-6108833.213910267i            2.929274672409442E7
0                         0                        -8.784419019986307E-8    2.9204475046041813E7-6230547.372067506i           2.986169926964064E7
0                         0                        -7.187251925443345E-8    2.9695033168417264E7-6338746.885628435i           3.0364036407458507E7
0                         0                        -5.590084830900378E-8    3.012035963201371E7-6433431.754593062i            3.0799758253967635E7
0                         0                        -3.9929177363574116E-8   3.04804544368311E7-6514601.97896138i              3.1168864939551845E7
0                         0                        -2.39575064181445E-8     3.064182422012021E7-6551620.580474578i            3.1334407984949127E7
0                         0                        -7.985835472714834E-9    3.0696132274106313E7-6561424.247867409i           3.1389565539362494E7
0                         0                        7.985835472714834E-9     3.064877524178212E7-6549393.799020417i            3.1340739987369858E7
0                         0                        2.3957506418144448E-8    3.0492008702007648E7-6513663.61288295i            3.1179968061964165E7
0                         0                        3.9929177363574116E-8    3.0267588023130417E7-6463885.78019734i            3.0950100227905326E7
0                         0                        5.590084830900378E-8     2.9975513205150418E7-6400060.300963587i           3.0651136418868996E7
0                         0                        7.18725192544334E-8      2.961578424806765E7-6322187.175181688i            3.0283076582575355E7
0                         0                        8.784419019986301E-8     2.9188401151882082E7-6230266.402851641i           2.984592068028214E7
0                         0                        1.0381586114529268E-7    2.8693363916593757E7-6124297.983973454i           2.93396686867215E7
0                         0                        1.1978753209072235E-7    2.81119845745888E7-5997985.009519783i             2.874472996735824E7
0                         0                        1.3575920303615201E-7    2.7102189565786272E7-5775851.577822262i           2.771081270386789E7
0                         0                        1.5173087398158168E-7    2.62399281446768E7-5587585.711665299i             2.6828248976088766E7
0                         0                        1.6770254492701124E-7    2.5319585853566825E7-5387248.820466269i           2.5886364705183238E7
0                         0                        1.836742158724409E-7     2.434116269245628E7-5174840.904225163i            2.488515982678567E7
0                         0                        1.9964588681787058E-7    2.3474439523856338E7-4988621.87890612i            2.3998659529438086E7
0                         0                        2.1561755776330025E-7    2.2135644560751647E7-4697840.1964817075i          2.2628664623251926E7
0                         0                        2.3158922870872991E-7    2.074916645815006E7-4397318.709568411i            2.1210005198998414E7
0                         0                        2.475608996541595E-7     1.9186392135250367E7-4059014.3992817006i          1.961104895361728E7
0                         0                        2.6353257059958914E-7    1.7550107095417667E7-3705233.7443300835i          1.7936973439260926E7
0                         0                        2.795042415450188E-7     1.5880157929085882E7-3344651.3683606237i          1.6228558427309118E7
0                         0                        2.954759124904485E-7     1.4176544636255024E7-2977267.271373325i           1.4485804714579092E7
0                         0                        3.1144758343587815E-7    1.1974665599407718E7-2504041.159960316i           1.2233676403616944E7
0                         0                        3.274192543813078E-7     9884305.659397054-2056431.956059061i              1.0095960120676465E7
0                         0                        3.433909253267374E-7     7646778.89250254-1583390.102899255i               7808991.717807215
0                         0                        3.5936259627216704E-7    5201020.415685028-1075504.1009011255i             5311056.621372775
0                         0                        3.753342672175967E-7     2698729.9464656617-556782.3227030659i             2755567.0702824807
0                         0                        3.913059381630264E-7     8674.00120348006-1236.9677812470195i              8761.757025267061
0                         1.5398723929009728E-8    -3.913059381630264E-7    -17782.973716295095+2789.0627782428173i           755386.9649056965
0                         1.5398723929009728E-8    -3.753342672175967E-7    2788866.474498451-580524.4481580424i              2955441.766371456
0                         1.5398723929009728E-8    -3.593625962721671E-7    5532051.885031709-1151374.1513785901i             5709381.430684121
0                         1.5398723929009728E-8    -3.4339092532673743E-7   8090469.142241883-1682425.2913100894i             8281039.167310302
0                         1.5398723929009728E-8    -3.2741925438130776E-7   1.0488754183753505E7-2188638.303657312i           1.0722999207423877E7
0                         1.5398723929009728E-8    -3.1144758343587815E-7   1.248549318176025E7-2615993.8469841615i           1.276345784879743E7
0                         1.5398723929009728E-8    -2.954759124904485E-7    1.4407715747502984E7-3028279.718958945i           1.4726726670141296E7
0                         1.5398723929009728E-8    -2.7950424154501886E-7   1.6472596018996727E7-3471354.035432505i           1.684320792472107E7
0                         1.5398723929009728E-8    -2.635325705995892E-7    1.807501444129029E7-3817909.548943462i            1.8474403401756715E7
0                         1.5398723929009728E-8    -2.4756089965415953E-7   1.9595338143947132E7-4145206.3974214443i          2.002926743517316E7
0                         1.5398723929009728E-8    -2.3158922870872991E-7   2.087988441077824E7-4423042.512244517i            2.13433843768095E7
0                         1.5398723929009728E-8    -2.1561755776330025E-7   2.211494024048523E7-4690664.278223536i            2.2607011193060677E7
0                         1.5398723929009728E-8    -1.996458868178706E-7    2.3310402500920866E7-4950206.725170267i           2.3830529277255286E7
0                         1.5398723929009728E-8    -1.8367421587244096E-7   2.4619947863730658E7-5233276.231770642i           2.5170291957337763E7
0                         1.5398723929009728E-8    -1.677025449270113E-7    2.5754363967171136E7-5480546.01744833i            2.633132340661957E7
0                         1.5398723929009728E-8    -1.5173087398158168E-7   2.669060296302047E7-5684332.31849769i             2.728989158978314E7
0                         1.5398723929009728E-8    -1.3575920303615201E-7   2.7455235887384057E7-5849690.657911765i           2.8072147247761354E7
0                         1.5398723929009728E-8    -1.1978753209072235E-7   2.814094841573376E7-5998315.643511131i            2.8773639516493298E7
0                         1.5398723929009728E-8    -1.0381586114529273E-7   2.8761429285304442E7-6133425.9845141955i          2.9408558744384635E7
0                         1.5398723929009728E-8    -8.784419019986307E-8    2.9316678496096075E7-6255021.68092095i            2.9976901682842895E7
0                         1.5398723929009728E-8    -7.187251925443345E-8    2.98066960481087E7-6363102.732731404i             3.047866587253725E7
0                         1.5398723929009728E-8    -5.590084830900378E-8    3.0231481941342298E7-6457669.139945551i           3.091384951788154E7
0                         1.5398723929009728E-8    -3.9929177363574116E-8   3.0591036175796874E7-6538720.9025634i             3.1282451395586766E7
0                         1.5398723929009728E-8    -2.39575064181445E-8     3.077321583196103E7-6577537.922149916i            3.146943418572691E7
0                         1.5398723929009728E-8    -7.985835472714834E-9    3.081976518061883E7-6579995.980848048i            3.1514912597507607E7
0                         1.5398723929009728E-8    7.985835472714834E-9     3.0724061150375143E7-6566610.065721442i           3.1418289387155056E7
0                         1.5398723929009728E-8    2.3957506418144448E-8    3.060646636866054E7-6540006.728426534i            3.129756772333049E7
0                         1.5398723929009728E-8    3.9929177363574116E-8    3.038203899198215E7-6490229.195008154i            3.106767303278935E7
0                         1.5398723929009728E-8    5.590084830900378E-8     3.0089957476200987E7-6426404.015041632i           3.0768718443679024E7
0                         1.5398723929009728E-8    7.18725192544334E-8      2.9730221821317036E7-6348531.188526961i           3.040070507539457E7
0                         1.5398723929009728E-8    8.784419019986301E-8     2.9302832027330328E7-6256610.71546415i            2.9963634628201585E7
0                         1.5398723929009728E-8    1.0381586114529268E-7    2.8658724087024055E7-6117714.704491592i           2.9304434582724866E7
0                         1.5398723929009728E-8    1.1978753209072235E-7    2.800388227250855E7-5974087.486492526i            2.8634087360133782E7
0                         1.5398723929009728E-8    1.3575920303615201E-7    2.724670122926176E7-5808573.8026404185i           2.785898280966578E7
0                         1.5398723929009728E-8    1.5173087398158168E-7    2.638448023914637E7-5620315.569716947i            2.697649379274905E7
0                         1.5398723929009728E-8    1.6770254492701124E-7    2.5464178379030433E7-5419986.311751404i           2.6034718544781066E7
0                         1.5398723929009728E-8    1.836742158724409E-7     2.448579564891397E7-5207586.02874379i             2.5033661356853105E7
0                         1.5398723929009728E-8    1.9964588681787058E-7    2.34558435577569E7-4982618.12523935i              2.3979392989588812E7
0                         1.5398723929009728E-8    2.1561755776330025E-7    2.223991831435445E7-4718604.621925079i            2.2735218411743276E7
0                         1.5398723929009728E-8    2.3158922870872991E-7    2.0854373162378594E7-4418302.153323842i           2.1317432196648315E7
0                         1.5398723929009728E-8    2.475608996541595E-7     1.9442044316851966E7-4112803.5528299594i          1.9873450590608194E7
0                         1.5398723929009728E-8    2.6353257059958914E-7    1.780533823789637E7-3758965.424081631i            1.81988772152964E7
0                         1.5398723929009728E-8    2.795042415450188E-7     1.6134968032441705E7-3398325.574315463i           1.6489970581571018E7
0                         1.5398723929009728E-8    2.954759124904485E-7     1.4430933700487966E7-3030884.003531455i           1.4746733169808539E7
0                         1.5398723929009728E-8    3.1144758343587815E-7    1.2625836484581381E7-2643076.0492305905i          1.2913762719486965E7
0                         1.5398723929009728E-8    3.274192543813078E-7     1.0482188144982982E7-2183819.068541771i           1.0715460966170711E7
0                         1.5398723929009728E-8    3.433909253267374E-7     8213091.263715196-1705965.3675257722i             8418817.252698135
0                         1.5398723929009728E-8    3.5936259627216704E-7    5666300.832135034-1176772.072502253i              5821979.202355169
0                         1.5398723929009728E-8    3.753342672175967E-7     2879022.7175295106-597934.9836671418i             3048559.5009098924
0                         1.5398723929009728E-8    3.913059381630264E-7     17782.973716323475-2789.0627782487572i            752676.4398892685
0                         3.0797447858019456E-8    -3.913059381630264E-7    -12950.08438754353+1616.3713259914093i            1489723.9678705414
0                         3.0797447858019456E-8    -3.753342672175967E-7    2789756.896104665-581917.2566469125i              3244499.1295514973
0                         3.0797447858019456E-8    -3.593625962721671E-7    5544991.746333857-1155156.581423028i              5888601.52106065
0                         3.0797447858019456E-8    -3.4339092532673743E-7   8326432.681850549-1735396.1363614523i             8648904.241763942
0                         3.0797447858019456E-8    -3.2741925438130776E-7   1.0771252247357994E7-2247137.558664698i           1.1029303175482146E7
0                         3.0797447858019456E-8    -3.1144758343587815E-7   1.2688943666435217E7-2656962.7613171865i          1.2985923623357058E7
0                         3.0797447858019456E-8    -2.954759124904485E-7    1.4935712758403098E7-3138327.3487325124i          1.5296843563537246E7
0                         3.0797447858019456E-8    -2.7950424154501886E-7   1.657461975359319E7-3492242.5032769786i           1.6950968017207444E7
0                         3.0797447858019456E-8    -2.635325705995892E-7    1.8175001576049957E7-3838336.101238763i           1.857785641475563E7
0                         3.0797447858019456E-8    -2.4756089965415953E-7   1.9736858225773416E7-4176608.1426178683i          2.017454854312101E7
0                         3.0797447858019456E-8    -2.3158922870872991E-7   2.104667735182021E7-4460360.508909943i            2.151477820167631E7
0                         3.0797447858019456E-8    -2.1561755776330025E-7   2.2279147982544832E7-4727468.173864137i           2.277548430705618E7
0                         3.0797447858019456E-8    -1.996458868178706E-7    2.347458369047354E7-4986968.163928211i            2.39988023443408E7
0                         3.0797447858019456E-8    -1.8367421587244096E-7   2.4620794558403783E7-5236405.190655939i           2.5172973628438942E7
0                         3.0797447858019456E-8    -1.677025449270113E-7    2.5610571385939218E7-5452654.739910342i           2.6184716473020263E7
0                         3.0797447858019456E-8    -1.5173087398158168E-7   2.6514428438301317E7-5650459.897120588i           2.711029491942087E7
0                         3.0797447858019456E-8    -1.3575920303615201E-7   2.7548202228082478E7-5878972.27785617i            2.8170871802383993E7
0                         3.0797447858019456E-8    -1.1978753209072235E-7   2.8177364899621878E7-6014254.925012717i           2.8813413167609543E7
0                         3.0797447858019456E-8    -1.0381586114529273E-7   2.8740453356612846E7-6135818.734579654i           2.93887598999994E7
0                         3.0797447858019456E-8    -8.784419019986307E-8    2.923746759905533E7-6243663.706556978i            2.989689612803258E7
0                         3.0797447858019456E-8    -7.187251925443345E-8    2.9668407626949377E7-6337789.840944694i           3.0337810832187735E7
0                         3.0797447858019456E-8    -5.590084830900378E-8    3.003327344029499E7-6418197.137742803i            3.071149720238239E7
0                         3.0797447858019456E-8    -3.9929177363574116E-8   3.03041776438635E7-6476564.1786217205i            3.0988608377340406E7
0                         3.0797447858019456E-8    -2.39575064181445E-8     3.048455167748264E7-6517195.355886434i            3.117353068827429E7
0                         3.0797447858019456E-8    -7.985835472714834E-9    3.0600468573887438E7-6547904.431949213i           3.129334532159167E7
0                         3.0797447858019456E-8    7.985835472714834E-9     3.062308654224133E7-6552166.749489036i            3.131640060494854E7
0                         3.0797447858019456E-8    2.3957506418144448E-8    3.0679910272595074E7-6558802.264507769i           3.1373516717000954E7
0                         3.0797447858019456E-8    3.9929177363574116E-8    3.046859925311176E7-6511610.46005757i             3.115700024645541E7
0                         3.0797447858019456E-8    5.590084830900378E-8     3.018938908018024E7-6450279.617222664i            3.0871293810528327E7
0                         3.0797447858019456E-8    7.18725192544334E-8      2.984227975380051E7-6374809.73600305i             3.0516402634882245E7
0                         3.0797447858019456E-8    8.784419019986301E-8     2.9319327887160283E7-6263370.945465001i           2.9981927236026883E7
0                         3.0797447858019456E-8    1.0381586114529268E-7    2.874817808511746E7-6138045.149879542i            2.9396333525662713E7
0                         3.0797447858019456E-8    1.1978753209072235E-7    2.8093899899806693E7-5994525.49246895i            2.8726356763446756E7
0                         3.0797447858019456E-8    1.3575920303615201E-7    2.737727353604298E7-5838142.9364342i              2.7992913053388916E7
0                         3.0797447858019456E-8    1.5173087398158168E-7    2.6529032333615925E7-5653045.427768595i           2.7124826478506975E7
0                         3.0797447858019456E-8    1.6770254492701124E-7    2.560877090449406E7-5452723.803036544i            2.6183294378810246E7
0                         3.0797447858019456E-8    1.836742158724409E-7     2.4699782182446416E7-5253714.486213914i           2.5254902924287695E7
0                         3.0797447858019456E-8    1.9964588681787058E-7    2.3571656755439036E7-5007499.370756119i           2.4097974765246775E7
0                         3.0797447858019456E-8    2.1561755776330025E-7    2.2393339276900526E7-4751013.788323512i           2.289213010910928E7
0                         3.0797447858019456E-8    2.3158922870872991E-7    2.095957986660713E7-4439285.597079272i            2.142518078086106E7
0                         3.0797447858019456E-8    2.475608996541595E-7     1.9527284525760148E7-4129462.3423012136i          1.9959496283224482E7
0                         3.0797447858019456E-8    2.6353257059958914E-7    1.8060569380375087E7-3812697.1038331813i          1.8462854867264383E7
0                         3.0797447858019456E-8    2.795042415450188E-7     1.6389778135797523E7-3451999.7802703027i          1.6753317134453828E7
0                         3.0797447858019456E-8    2.954759124904485E-7     1.4652395207759337E7-3077781.65449428i            1.4978737424642513E7
0                         3.0797447858019456E-8    3.1144758343587815E-7    1.2878866595813343E7-2696631.5367084015i          1.3179120459278738E7
0                         3.0797447858019456E-8    3.274192543813078E-7     1.1081552595098034E7-2310896.6799680335i          1.1368637929269364E7
0                         3.0797447858019456E-8    3.433909253267374E-7     8437398.134608855-1757493.4155308916i             8751399.169021018
0                         3.0797447858019456E-8    3.5936259627216704E-7    5771506.5088613685-1201848.8401148815i            6047369.883918965
0                         3.0797447858019456E-8    3.753342672175967E-7     2783324.3519923976-580418.2688732654i             3252012.4893227206
0                         3.0797447858019456E-8    3.913059381630264E-7     12950.084387576779-1616.3713259983656i            1555830.8454502302
0                         4.6196171787029183E-8    -3.913059381630264E-7    -2625.6924202326577-389.39275782166555i           2185387.4317025403
0                         4.6196171787029183E-8    -3.753342672175967E-7    2805834.2445996185-585434.2904106923i             3659355.966614828
0                         4.6196171787029183E-8    -3.593625962721671E-7    5641944.856958837-1178255.3569490782i             6277553.119849427
0                         4.6196171787029183E-8    -3.4339092532673743E-7   8269335.33246476-1726131.626752129i               8776434.981454313
0                         4.6196171787029183E-8    -3.2741925438130776E-7   1.1038864036128255E7-2297862.3850794868i          1.1325663295725038E7
0                         4.6196171787029183E-8    -3.1144758343587815E-7   1.3327583820962887E7-2791742.338492431i           1.3691839203681324E7
0                         4.6196171787029183E-8    -2.954759124904485E-7    1.503887755580908E7-3159940.2088701967i           1.5407250337736864E7
0                         4.6196171787029183E-8    -2.7950424154501886E-7   1.6645234518720552E7-3506948.0865021995i          1.7027482596723706E7
0                         4.6196171787029183E-8    -2.635325705995892E-7    1.8212245864499852E7-3845959.5451689777i          1.861830149435313E7
0                         4.6196171787029183E-8    -2.4756089965415953E-7   1.9834808760696303E7-4196572.779363996i           2.0274266286506966E7
0                         4.6196171787029183E-8    -2.3158922870872991E-7   2.1356103637849644E7-4526561.348611247i           2.183378510921971E7
0                         4.6196171787029183E-8    -2.1561755776330025E-7   2.2443480232287895E7-4764250.6645998005i          2.294409784430504E7
0                         4.6196171787029183E-8    -1.996458868178706E-7    2.363876488002621E7-5023729.602686155i            2.416708812370225E7
0                         4.6196171787029183E-8    -1.8367421587244096E-7   2.4784824687766068E7-5273145.577436163i           2.5341264409082368E7
0                         4.6196171787029183E-8    -1.677025449270113E-7    2.5733811850134127E7-5480501.976738602i           2.6310992482606206E7
0                         4.6196171787029183E-8    -1.5173087398158168E-7   2.6637113488155693E7-5678206.667198279i           2.723650972772368E7
0                         4.6196171787029183E-8    -1.3575920303615201E-7   2.7440773015436985E7-5855044.96514936i            2.8059431557019223E7
0                         4.6196171787029183E-8    -1.1978753209072235E-7   2.8251689637861297E7-6033461.340159821i           2.8891684851003643E7
0                         4.6196171787029183E-8    -1.0381586114529273E-7   2.8814559849388383E7-6154985.487045269i           2.946613425187432E7
0                         4.6196171787029183E-8    -8.784419019986307E-8    2.9311355846367016E7-6262790.796341103i           2.997356397872656E7
0                         4.6196171787029183E-8    -7.187251925443345E-8    2.9742077628797174E7-6356877.268047324i           3.0413950193526383E7
0                         4.6196171787029183E-8    -5.590084830900378E-8    3.010672519667889E7-6437244.90216394i             3.078727637463887E7
0                         4.6196171787029183E-8    -3.9929177363574116E-8   3.035910079112291E7-6491500.418144828i            3.104539935532982E7
0                         4.6196171787029183E-8    -2.39575064181445E-8     3.05393226774185E7-6532110.450032754i             3.1230193567525495E7
0                         4.6196171787029183E-8    -7.985835472714834E-9    3.0637768245776612E7-6556763.703428564i           3.133164853274321E7
0                         4.6196171787029183E-8    7.985835472714834E-9     3.0660358428014856E7-6561026.703825185i           3.1354587155707754E7
0                         4.6196171787029183E-8    2.3957506418144448E-8    3.0614926102190837E7-6550921.132949077i           3.1308306511090253E7
0                         4.6196171787029183E-8    3.9929177363574116E-8    3.048697019162202E7-6520187.0543529i              3.1176596695603825E7
0                         4.6196171787029183E-8    5.590084830900378E-8     3.0207733850981012E7-6458837.337997294i           3.0890975834583208E7
0                         4.6196171787029183E-8    7.18725192544334E-8      2.98605983568918E7-6383348.58325698i              3.0536362809465203E7
0                         4.6196171787029183E-8    8.784419019986301E-8     2.936739674778656E7-6275348.476943426i            3.0031280709123645E7
0                         4.6196171787029183E-8    1.0381586114529268E-7    2.8837632083210867E7-6158375.5952674905i          2.9488435775943894E7
0                         4.6196171787029183E-8    1.1978753209072235E-7    2.8183917527104817E7-6014963.498445371i           2.8818937064340483E7
0                         4.6196171787029183E-8    1.3575920303615201E-7    2.746785479254581E7-5858688.5029990915i           2.8085956870492358E7
0                         4.6196171787029183E-8    1.5173087398158168E-7    2.6673584428085484E7-5685775.285820243i           2.7273241462732613E7
0                         4.6196171787029183E-8    1.6770254492701124E-7    2.575336342995768E7-5485461.294321682i            2.63320832775994E7
0                         4.6196171787029183E-8    1.836742158724409E-7     2.4814423382417172E7-5278327.898020094i           2.537217048216337E7
0                         4.6196171787029183E-8    1.9964588681787058E-7    2.368746995312117E7-5032380.616272886i            2.421658285641418E7
0                         4.6196171787029183E-8    2.1561755776330025E-7    2.2510324472294033E7-4776162.867550865i           2.3011602230314035E7
0                         4.6196171787029183E-8    2.3158922870872991E-7    2.1282986939935803E7-4509674.65185404i            2.1757503025263246E7
0                         4.6196171787029183E-8    2.475608996541595E-7     2.0005457356046423E7-4232915.9691824i             2.0454657582107536E7
0                         4.6196171787029183E-8    2.6353257059958914E-7    1.831580052285379E7-3866428.78358473i             1.8728787939059447E7
0                         4.6196171787029183E-8    2.795042415450188E-7     1.6644588239153348E7-3505673.986225142i           1.701847471806997E7
0                         4.6196171787029183E-8    2.954759124904485E-7     1.4897099148080228E7-3129667.193404479i           1.5236859779966643E7
0                         4.6196171787029183E-8    3.1144758343587815E-7    1.2968787924747463E7-2714545.3067547856i          1.3288120603268549E7
0                         4.6196171787029183E-8    3.274192543813078E-7     1.0997517039459327E7-2290717.952410919i           1.1314599373374244E7
0                         4.6196171787029183E-8    3.433909253267374E-7     8198321.126515189-1710819.2749709915i             8717584.637083396
0                         4.6196171787029183E-8    3.5936259627216704E-7    5505264.766966032-1150159.4650175886i             6092647.782282177
0                         4.6196171787029183E-8    3.753342672175967E-7     2789558.3020206606-581761.7729474506i             3648572.1810108544
0                         4.6196171787029183E-8    3.913059381630264E-7     2625.6924202655623+389.3927578148034i             2221932.881407615
0                         6.159489571603891E-8     -3.913059381630264E-7    7698.699547078219-2395.1568416347395i             2856816.786493746
0                         6.159489571603891E-8     -3.753342672175967E-7    2875161.7282033423-603031.3716477935i             4242551.313537425
0                         6.159489571603891E-8     -3.593625962721671E-7    5505280.784298311-1151422.8622874802i             6421308.008106966
0                         6.159489571603891E-8     -3.4339092532673743E-7   8115578.643625907-1694731.011567236i              8869484.666889718
0                         6.159489571603891E-8     -3.2741925438130776E-7   1.1413809480237857E7-2371697.9227148476i          1.1830146882093683E7
0                         6.159489571603891E-8     -3.1144758343587815E-7   1.3459030108854195E7-2819074.333951406i           1.3842829075649634E7
0                         6.159489571603891E-8     -2.954759124904485E-7    1.5175077493554158E7-3188234.527210356i           1.555047982401226E7
0                         6.159489571603891E-8     -2.7950424154501886E-7   1.678032576639206E7-3535014.1482554763i           1.7169075585636888E7
0                         6.159489571603891E-8     -2.635325705995892E-7    1.8346228422097787E7-3873797.3503353684i          1.8757557395823553E7
0                         6.159489571603891E-8     -2.4756089965415953E-7   1.9872785460671324E7-4204584.133450033i           2.0313491666683026E7
0                         6.159489571603891E-8     -2.3158922870872991E-7   2.1359996882112697E7-4527374.497599472i           2.1835222545657754E7
0                         6.159489571603891E-8     -2.1561755776330025E-7   2.260781248203095E7-4801033.155335462i            2.3112767520033307E7
0                         6.159489571603891E-8     -1.996458868178706E-7    2.3802946069578882E7-5060491.041444098i           2.4335383791381165E7
0                         6.159489571603891E-8     -1.8367421587244096E-7   2.494885481712834E7-5309885.964216386i            2.5509565400539607E7
0                         6.159489571603891E-8     -1.677025449270113E-7    2.5857052314329013E7-5508349.213566861i           2.643763016154467E7
0                         6.159489571603891E-8     -1.5173087398158168E-7   2.6766910131610554E7-5708055.273870456i           2.7369719453496993E7
0                         6.159489571603891E-8     -1.3575920303615201E-7   2.753250817432786E7-5876012.797024819i            2.815447851140392E7
0                         6.159489571603891E-8     -1.1978753209072235E-7   2.832601437610075E7-6052667.755306933i            2.8970789804752987E7
0                         6.159489571603891E-8     -1.0381586114529273E-7   2.888866634216395E7-6174152.239510886i            2.9544021363502935E7
0                         6.159489571603891E-8     -8.784419019986307E-8    2.9385244093678676E7-6281917.886125226i           3.005050617786032E7
0                         6.159489571603891E-8     -7.187251925443345E-8    2.9815747630644962E7-6375964.695149956i           3.0490202022966582E7
0                         6.159489571603891E-8     -5.590084830900378E-8    3.018017695306281E7-6456292.666585078i            3.0863078408556044E7
0                         6.159489571603891E-8     -3.9929177363574116E-8   3.0414023938382313E7-6506436.657667937i           3.110229544401902E7
0                         6.159489571603891E-8     -2.39575064181445E-8     3.059409367735436E7-6547025.54417907i             3.1286905232595135E7
0                         6.159489571603891E-8     -7.985835472714834E-9    3.0675067917665772E7-6565622.974907909i           3.13699547901237E7
0                         6.159489571603891E-8     7.985835472714834E-9     3.0721363731818795E7-6574206.741185079i           3.141731040697722E7
0                         6.159489571603891E-8     2.3957506418144448E-8    3.063310179365122E7-6556882.039041908i            3.1327267105832063E7
0                         6.159489571603891E-8     3.9929177363574116E-8    3.047641551154488E7-6525302.273573406i            3.1167350220457338E7
0                         6.159489571603891E-8     5.590084830900378E-8     3.022607862178179E7-6467395.058771927i            3.0910782348450813E7
0                         6.159489571603891E-8     7.18725192544334E-8      2.9860469775879405E7-6387316.6027499065i          3.053714630021634E7
0                         6.159489571603891E-8     8.784419019986301E-8     2.941546560841284E7-6287326.008421847i            3.0080937818122953E7
0                         6.159489571603891E-8     1.0381586114529268E-7    2.890683336686761E7-6174152.744102805i            2.955988608800341E7
0                         6.159489571603891E-8     1.1978753209072235E-7    2.8273935154402938E7-6035401.504421792i           2.891182163443678E7
0                         6.159489571603891E-8     1.3575920303615201E-7    2.755843604904866E7-5879234.06956399i             2.817948069866221E7
0                         6.159489571603891E-8     1.5173087398158168E-7    2.6780588765241448E7-5710203.736082029i           2.738373570306861E7
0                         6.159489571603891E-8     1.6770254492701124E-7    2.6004653962441433E7-5538350.290888087i           2.6593648117149707E7
0                         6.159489571603891E-8     1.836742158724409E-7     2.4929064582387924E7-5302941.309826275i           2.5489407172682807E7
0                         6.159489571603891E-8     1.9964588681787058E-7    2.380328315080329E7-5057261.861789651i            2.433520933363462E7
0                         6.159489571603891E-8     2.1561755776330025E-7    2.2627309667687558E7-4801311.946778222i           2.3131205543199547E7
0                         6.159489571603891E-8     2.3158922870872991E-7    2.140114413304068E7-4535091.564791979i            2.1877599822816424E7
0                         6.159489571603891E-8     2.475608996541595E-7     2.012478654686269E7-4258600.71583093i             2.0574669728623223E7
0                         6.159489571603891E-8     2.6353257059958914E-7    1.8757628921066735E7-3959261.750278678i           1.918392542566874E7
0                         6.159489571603891E-8     2.795042415450188E-7     1.7004230678026132E7-3579655.185972915i           1.7392236309845123E7
0                         6.159489571603891E-8     2.954759124904485E-7     1.503163299552467E7-3153806.7662876723i           1.5395280916752182E7
0                         6.159489571603891E-8     3.1144758343587815E-7    1.3006735210176475E7-2717233.1007593954i          1.336084333921257E7
0                         6.159489571603891E-8     3.274192543813078E-7     1.0938139963504486E7-2271835.9109961726i          1.1306157796498254E7
0                         6.159489571603891E-8     3.433909253267374E-7     8160279.982371651-1706738.440106247i              8927151.101934584
0                         6.159489571603891E-8     3.5936259627216704E-7    5530242.118045616-1154918.480649913i              6414056.18795903
0                         6.159489571603891E-8     3.753342672175967E-7     2795792.2520489246-583105.277021636i              4103176.714366529
0                         6.159489571603891E-8     3.913059381630264E-7     -7698.699547045649+2395.156841627972i             2855534.8972712858
0                         7.699361964504864E-8     -3.913059381630264E-7    18023.091514389092-4400.920925447814i             3503971.148578474
0                         7.699361964504864E-8     -3.753342672175967E-7    2714627.2820514934-570664.1714039107i             4503309.827905865
0                         7.699361964504864E-8     -3.593625962721671E-7    5860478.701500553-1224122.6168692422i             7145964.702738214
0                         7.699361964504864E-8     -3.4339092532673743E-7   8496955.767917406-1781301.0094643282i             9527810.454122359
0                         7.699361964504864E-8     -3.2741925438130776E-7   1.0950852196794353E7-2301699.150759246i           1.1934101163852062E7
0                         7.699361964504864E-8     -3.1144758343587815E-7   1.3681101455206305E7-2859515.68444633i            1.4070023438537039E7
0                         7.699361964504864E-8     -2.954759124904485E-7    1.5205625848109264E7-3189038.4613897135i          1.5588672495310182E7
0                         7.699361964504864E-8     -2.7950424154501886E-7   1.6600570642740648E7-3492865.0661871624i          1.6994554440157827E7
0                         7.699361964504864E-8     -2.635325705995892E-7    1.848021097969571E7-3901635.1555017587i           1.889739165796807E7
0                         7.699361964504864E-8     -2.4756089965415953E-7   2.0005659328195672E7-4232193.682029536i           2.0450625817633305E7
0                         7.699361964504864E-8     -2.3158922870872991E-7   2.1491762059563484E7-4554755.789592093i           2.1969266193103347E7
0                         7.699361964504864E-8     -2.1561755776330025E-7   2.293851917379911E7-4869321.478189421i            2.3452224351934165E7
0                         7.699361964504864E-8     -1.996458868178706E-7    2.3967127259131547E7-5097252.480202039i           2.4503686819570005E7
0                         7.699361964504864E-8     -1.8367421587244096E-7   2.502212790403379E7-5327235.410593996i            2.558317552975826E7
0                         7.699361964504864E-8     -1.677025449270113E-7    2.5980292778523892E7-5536196.450395118i           2.6564617642091915E7
0                         7.699361964504864E-8     -1.5173087398158168E-7   2.685965234041713E7-5729223.693918412i            2.7466170928586632E7
0                         7.699361964504864E-8     -1.3575920303615201E-7   2.762424333321873E7-5896980.6289002765i           2.824990057784643E7
0                         7.699361964504864E-8     -1.1978753209072235E-7   2.832710038562616E7-6051927.832495784i            2.8970726174540747E7
0                         7.699361964504864E-8     -1.0381586114529273E-7   2.8962772834939472E7-6193318.991976499i           2.9622412415907647E7
0                         7.699361964504864E-8     -8.784419019986307E-8    2.9459132340990346E7-6301044.975909347i           3.0127717414925095E7
0                         7.699361964504864E-8     -7.187251925443345E-8    2.988941763249277E7-6395052.122252588i            3.0566563780687235E7
0                         7.699361964504864E-8     -5.590084830900378E-8    3.025362870944672E7-6475340.431006216i            3.0938902905150775E7
0                         7.699361964504864E-8     -3.9929177363574116E-8   3.0468947085641734E7-6521372.897191045i           3.1159297368001997E7
0                         7.699361964504864E-8     -2.39575064181445E-8     3.0621311930151723E7-6556014.937037856i           3.1315742019506365E7
0                         7.699361964504864E-8     -7.985835472714834E-9    3.0712367589554936E7-6574482.246387254i           3.1408264584631216E7
0                         7.699361964504864E-8     7.985835472714834E-9     3.0739859891446434E7-6580233.698236523i           3.143654220713864E7
0                         7.699361964504864E-8     2.3957506418144448E-8    3.0651277485111598E7-6562842.94513474i            3.134629010440857E7
0                         7.699361964504864E-8     3.9929177363574116E-8    3.0494270734837998E7-6531197.128707631i           3.11861934765128E7
0                         7.699361964504864E-8     5.590084830900378E-8     3.0244423392582554E7-6475952.779546556i           3.0930708751359243E7
0                         7.699361964504864E-8     7.18725192544334E-8      2.9907618720338784E7-6399114.809464069i           3.05860191592002E7
0                         7.699361964504864E-8     8.784419019986301E-8     2.9463534469039127E7-6299303.539900274i           3.0130876257604264E7
0                         7.699361964504864E-8     1.0381586114529268E-7    2.895582214366078E7-6186309.600345489i            2.9610827451673444E7
0                         7.699361964504864E-8     1.1978753209072235E-7    2.8363952781701088E7-6055839.510398219i           2.9005004077093795E7
0                         7.699361964504864E-8     1.3575920303615201E-7    2.7649017305551503E7-5899779.636128883i           2.8273472552720323E7
0                         7.699361964504864E-8     1.5173087398158168E-7    2.6978357203901347E7-5751230.21567935i            2.7588055547575593E7
0                         7.699361964504864E-8     1.6770254492701124E-7    2.595335417104646E7-5528068.408029095i            2.654085558175469E7
0                         7.699361964504864E-8     1.836742158724409E-7     2.493009140547523E7-5304055.0712967925i           2.5490817837204155E7
0                         7.699361964504864E-8     1.9964588681787058E-7    2.3919096348485433E7-5082143.107306421i           2.445384734643588E7
0                         7.699361964504864E-8     2.1561755776330025E-7    2.2744294863081068E7-4826461.026005577i           2.3250923068157718E7
0                         7.699361964504864E-8     2.3158922870872991E-7    2.151930132614557E7-4560508.477729921i            2.1997986915562507E7
0                         7.699361964504864E-8     2.475608996541595E-7     2.006756264485506E7-4247669.704623984i            2.051640604386952E7
0                         7.699361964504864E-8     2.6353257059958914E-7    1.868447143462704E7-3945561.269085599i            1.91081349959228E7
0                         7.699361964504864E-8     2.795042415450188E-7     1.7281117168062426E7-3638229.908290361i           1.7690047302351795E7
0                         7.699361964504864E-8     2.954759124904485E-7     1.5552098962799551E7-3263650.6069248472i          1.594332075965808E7
0                         7.699361964504864E-8     3.1144758343587815E-7    1.3835048651013117E7-2892261.583013128i           1.421855068033813E7
0                         7.699361964504864E-8     3.274192543813078E-7     1.093448705464169E7-2296682.150391133i            1.1920611388714777E7
0                         7.699361964504864E-8     3.433909253267374E-7     8448878.606000662-1767906.7598638348i             9508666.487544257
0                         7.699361964504864E-8     3.5936259627216704E-7    5553034.4100694535-1159611.2528820965i            6776036.888331128
0                         7.699361964504864E-8     3.753342672175967E-7     2802026.2020771885-584448.7810958214i             4584440.70941089
0                         7.699361964504864E-8     3.913059381630264E-7     -18023.091514356864+4400.920925441139i            3456599.533332983
0                         9.239234357405837E-8     -3.913059381630264E-7    38215.39692573649-8204.546755984114i              3932102.650825433
0                         9.239234357405837E-8     -3.753342672175967E-7    2716344.444552811-570087.8144231827i              5044107.73049455
0                         9.239234357405837E-8     -3.593625962721671E-7    5408852.674447648-1139235.4572822046i             7067427.857227831
0                         9.239234357405837E-8     -3.4339092532673743E-7   8054718.376826226-1699576.2919528086i             9402356.998683168
0                         9.239234357405837E-8     -3.2741925438130776E-7   1.064039825549767E7-2248960.9778792807i           1.1892049036808694E7
0                         9.239234357405837E-8     -3.1144758343587815E-7   1.4469431883602407E7-3029262.241160531i           1.486739040161009E7
0                         9.239234357405837E-8     -2.954759124904485E-7    1.6051422551694104E7-3371366.61464106i            1.6448436524644619E7
0                         9.239234357405837E-8     -2.7950424154501886E-7   1.7547587879019096E7-3695942.5746953296i          1.7955766197660137E7
0                         9.239234357405837E-8     -2.635325705995892E-7    1.8940613138558805E7-4000220.7058429904i          1.9369885580526736E7
0                         9.239234357405837E-8     -2.4756089965415953E-7   2.0298712195246987E7-4297609.966361375i           2.075278121861831E7
0                         9.239234357405837E-8     -2.3158922870872991E-7   2.1620831991905868E7-4587899.798194951i           2.2102881005655844E7
0                         9.239234357405837E-8     -2.1561755776330025E-7   2.3069175661176305E7-4896474.513595154i           2.3584004715595435E7
0                         9.239234357405837E-8     -1.996458868178706E-7    2.447547846820615E7-5202815.526640363i            2.5027031117037818E7
0                         9.239234357405837E-8     -1.8367421587244096E-7   2.5145923782569196E7-5355183.114172823i           2.5710825113132317E7
0                         9.239234357405837E-8     -1.677025449270113E-7    2.610353324271879E7-5564043.687223379i            2.669194350583354E7
0                         9.239234357405837E-8     -1.5173087398158168E-7   2.695239454922373E7-5750392.113966368i            2.7563248023402862E7
0                         9.239234357405837E-8     -1.3575920303615201E-7   2.7715978492109597E7-5917948.460775735i           2.83456718906459E7
0                         9.239234357405837E-8     -1.1978753209072235E-7   2.841782849460131E7-6072695.0761987455i           2.9065092607640386E7
0                         9.239234357405837E-8     -1.0381586114529273E-7   2.9057944556698855E7-6214631.960235399i           2.972150559119798E7
0                         9.239234357405837E-8     -8.784419019986307E-8    2.9533020588302016E7-6320172.065693472i           3.0205192554384224E7
0                         9.239234357405837E-8     -7.187251925443345E-8    2.9963087634340543E7-6414139.549355217i           3.0643033077111322E7
0                         9.239234357405837E-8     -5.590084830900378E-8    3.0277609493922155E7-6482020.578927923i           3.0964541040271584E7
0                         9.239234357405837E-8     -3.9929177363574116E-8   3.052387023290113E7-6536309.136714152i            3.1216405899446063E7
0                         9.239234357405837E-8     -2.39575064181445E-8     3.0658639388156533E7-6564873.525660401i           3.135426552388811E7
0                         9.239234357405837E-8     -7.985835472714834E-9    3.0749667261444114E7-6583341.517866602i           3.1446578435107473E7
0                         9.239234357405837E-8     7.985835472714834E-9     3.0758356051074073E7-6586260.655287968i           3.145580404978232E7
0                         9.239234357405837E-8     2.3957506418144448E-8    3.0709352811857667E7-6577675.814781862i           3.1406270699625857E7
0                         9.239234357405837E-8     3.9929177363574116E-8    3.0544258847652294E7-6540687.34027159i            3.1237404863999303E7
0                         9.239234357405837E-8     5.590084830900378E-8     3.031217074896521E7-6489763.593679275i            3.100020865122371E7
0                         9.239234357405837E-8     7.18725192544334E-8      2.9956972936538536E7-6408713.446627962i           3.06372139602882E7
0                         9.239234357405837E-8     8.784419019986301E-8     2.9569649451963723E7-6322137.662908159i           3.0240274468708374E7
0                         9.239234357405837E-8     1.0381586114529268E-7    2.9118688171356767E7-6222382.51289953i            2.9778351802441362E7
0                         9.239234357405837E-8     1.1978753209072235E-7    2.85921810716647E7-6105522.736418348i             2.9239063768349018E7
0                         9.239234357405837E-8     1.3575920303615201E-7    2.7862209813437432E7-5945862.045049678i           2.849307713355327E7
0                         9.239234357405837E-8     1.5173087398158168E-7    2.7070138057393096E7-5773380.310785146i           2.7684041330322463E7
0                         9.239234357405837E-8     1.6770254492701124E-7    2.6016163361591086E7-5543447.259408357i           2.6606510951906435E7
0                         9.239234357405837E-8     1.836742158724409E-7     2.4993627700074486E7-5319565.256684709i           2.5557428727956466E7
0                         9.239234357405837E-8     1.9964588681787058E-7    2.4177436013106234E7-5140032.199356078i           2.4720322027549908E7
0                         9.239234357405837E-8     2.1561755776330025E-7    2.3086369188148595E7-4902689.048852334i           2.3603045120146405E7
0                         9.239234357405837E-8     2.3158922870872991E-7    2.186797985040485E7-4634895.960753059i            2.235446056487708E7
0                         9.239234357405837E-8     2.475608996541595E-7     2.060559441305071E7-4358204.742838828i            2.1063971924503773E7
0                         9.239234357405837E-8     2.6353257059958914E-7    1.929930828040342E7-4072634.828180441i            1.9732431105745606E7
0                         9.239234357405837E-8     2.795042415450188E-7     1.7923111183961287E7-3773019.306380378i           1.835790040093016E7
0                         9.239234357405837E-8     2.954759124904485E-7     1.6234151840491274E7-3409051.729818645i           1.6651139361017508E7
0                         9.239234357405837E-8     3.1144758343587815E-7    1.4514703603272235E7-3037786.2140157954i          1.4918766243821198E7
0                         9.239234357405837E-8     3.274192543813078E-7     1.0673073749651078E7-2254505.294179638i           1.1933533528327486E7
0                         9.239234357405837E-8     3.433909253267374E-7     8054342.339117566-1697898.4534217003i             9471755.258055946
0                         9.239234357405837E-8     3.5936259627216704E-7    5336978.000965757-1122651.979449627i              6949965.604648203
0                         9.239234357405837E-8     3.753342672175967E-7     2544511.7666427586-535858.7466220617i             4882698.951269969
0                         9.239234357405837E-8     3.913059381630264E-7     -38215.39692572035+8204.546755980895i             3762843.2013972146
0                         1.077910675030681E-7     -3.913059381630264E-7    -21175.9692064483+3838.6487460687135i             3857760.992904205
0                         1.077910675030681E-7     -3.753342672175967E-7    2309550.945045879-490556.875330603i               4953753.668755928
0                         1.077910675030681E-7     -3.593625962721671E-7    4558167.00409488-968300.8384707682i               6730228.571451974
0                         1.077910675030681E-7     -3.4339092532673743E-7   6724672.207940572-1429393.2406744317i             8717150.34733298
0                         1.077910675030681E-7     -3.2741925438130776E-7   9817344.498809166-2084672.246951967i              1.1461534803335128E7
0                         1.077910675030681E-7     -3.1144758343587815E-7   1.2408531973549038E7-2637669.8231286416i          1.3976187168993073E7
0                         1.077910675030681E-7     -2.954759124904485E-7    1.677964887522189E7-3525382.976677824i            1.71928343477954E7
0                         1.077910675030681E-7     -2.7950424154501886E-7   1.8431007790053923E7-3881816.029290528i           1.88542746497238E7
0                         1.077910675030681E-7     -2.635325705995892E-7    1.9856952596387982E7-4193424.704781674i           2.030442432426565E7
0                         1.077910675030681E-7     -2.4756089965415953E-7   2.124850383402761E7-4498278.666827584i            2.1722949131597497E7
0                         1.077910675030681E-7     -2.3158922870872991E-7   2.2604624796813227E7-4796171.867935223i           2.310842974278992E7
0                         1.077910675030681E-7     -2.1561755776330025E-7   2.392423017307836E7-5086888.464138475i            2.4459532710498687E7
0                         1.077910675030681E-7     -1.996458868178706E-7    2.4555796750290535E7-5221554.257881073i           2.5113559704398796E7
0                         1.077910675030681E-7     -1.8367421587244096E-7   2.5693201919865336E7-5472356.686052992i           2.6273218161378022E7
0                         1.077910675030681E-7     -1.677025449270113E-7    2.6629327557309546E7-5679655.551585501i           2.7233230228818733E7
0                         1.077910675030681E-7     -1.5173087398158168E-7   2.7045136758030307E7-5771560.534014323i           2.766091529638431E7
0                         1.077910675030681E-7     -1.3575920303615201E-7   2.7807713651000462E7-5938916.292651194i           2.8441767501880646E7
0                         1.077910675030681E-7     -1.1978753209072235E-7   2.850855660357646E7-6093462.3199017085i           2.9159595991236538E7
0                         1.077910675030681E-7     -1.0381586114529273E-7   2.9147665615758263E7-6235198.61576586i            2.9814393444248196E7
0                         1.077910675030681E-7     -8.784419019986307E-8    2.9725040687545955E7-6364125.180243667i           3.0406154286715873E7
0                         1.077910675030681E-7     -7.187251925443345E-8    3.0036757636188343E7-6433226.976457849i           3.0719607671123397E7
0                         1.077910675030681E-7     -5.590084830900378E-8    3.0332684788505115E7-6496977.963827822i           3.102225615762764E7
0                         1.077910675030681E-7     -3.9929177363574116E-8   3.057879338016054E7-6551245.37623726i             3.127362185763222E7
0                         1.077910675030681E-7     -2.39575064181445E-8     3.069596684616135E7-6573732.114282949i            3.1392816107225437E7
0                         1.077910675030681E-7     -7.985835472714834E-9    3.090861033696007E7-6627887.504632258i            3.161138865521749E7
0                         1.077910675030681E-7     7.985835472714834E-9     3.08813458416959E7-6619690.129182035i             3.1583112537050936E7
0                         1.077910675030681E-7     2.3957506418144448E-8    3.0783992067137517E7-6596793.01067724i            3.1483500655495107E7
0                         1.077910675030681E-7     3.9929177363574116E-8    3.061964415809744E7-6559960.620090406i            3.131570045670064E7
0                         1.077910675030681E-7     5.590084830900378E-8     3.0388302114575636E7-6509192.957421523i           3.1079717877787165E7
0                         1.077910675030681E-7     7.18725192544334E-8      3.0057415370165803E7-6435348.502996628i           3.0742545156359248E7
0                         1.077910675030681E-7     8.784419019986301E-8     2.967106507479475E7-6348962.9355708i              3.0347074568802226E7
0                         1.077910675030681E-7     1.0381586114529268E-7    2.9221076983391527E7-6249398.001856135i           2.9886652151751887E7
0                         1.077910675030681E-7     1.1978753209072235E-7    2.870745109595617E7-6136653.701852643i            2.9361285034483768E7
0                         1.077910675030681E-7     1.3575920303615201E-7    2.8130932636179883E7-6010029.096439081i           2.8770718320838492E7
0                         1.077910675030681E-7     1.5173087398158168E-7    2.7418372721503887E7-5850185.535814168i           2.804030660320448E7
0                         1.077910675030681E-7     1.6770254492701124E-7    2.684867852348963E7-5722907.040797047i            2.745749381798749E7
0                         1.077910675030681E-7     1.836742158724409E-7     2.5736562605084725E7-5479973.276643896i           2.6320092844676707E7
0                         1.077910675030681E-7     1.9964588681787058E-7    2.471542655307443E7-5257419.396497556i            2.5274705468082007E7
0                         1.077910675030681E-7     2.1561755776330025E-7    2.3545865567414418E7-4999667.658829805i           2.407343990837618E7
0                         1.077910675030681E-7     2.3158922870872991E-7    2.233238738280633E7-4733032.874248579i            2.2829261917267505E7
0                         1.077910675030681E-7     2.475608996541595E-7     2.1075085721285574E7-4457534.136571878i           2.1542709724798653E7
0                         1.077910675030681E-7     2.6353257059958914E-7    1.9774054308870103E7-4173190.539763045i           2.021447992513958E7
0                         1.077910675030681E-7     2.795042415450188E-7     1.846045299901612E7-3885951.507394598i            1.890805699519548E7
0                         1.077910675030681E-7     2.954759124904485E-7     1.682058524110283E7-3531428.5053977636i           1.7257242362975847E7
0                         1.077910675030681E-7     3.1144758343587815E-7    1.2575004609255787E7-2667620.5286181206i          1.4098570610316448E7
0                         1.077910675030681E-7     3.274192543813078E-7     1.0059487782573078E7-2131270.9441361963i          1.1679431077003682E7
0                         1.077910675030681E-7     3.433909253267374E-7     7455861.958732997-1578114.8580201925i             9273849.017837806
0                         1.077910675030681E-7     3.5936259627216704E-7    4835235.456642252-1021674.8690104533i             6976241.937450759
0                         1.077910675030681E-7     3.753342672175967E-7     2443406.536792325-515489.80949202814i             4982892.282264709
0                         1.077910675030681E-7     3.913059381630264E-7     21175.969206459427-3838.6487460709577i            3782087.647828459
0                         1.2318979143207782E-7    -3.913059381630264E-7    -80567.33533863301+15881.844248121528i            3719369.0226924224
0                         1.2318979143207782E-7    -3.753342672175967E-7    2283820.7134922654-485585.13546826295i            4852258.1224477645
0                         1.2318979143207782E-7    -3.593625962721671E-7    4566097.907119838-970400.5542481412i              6691584.166523987
0                         1.2318979143207782E-7    -3.4339092532673743E-7   6766264.245544097-1438564.4120915167i             8737946.61491713
0                         1.2318979143207782E-7    -3.2741925438130776E-7   8875177.539658988-1888133.2329160469i             1.0940926136080477E7
0                         1.2318979143207782E-7    -3.1144758343587815E-7   1.0928948555032972E7-2326261.4251286173i          1.308528290772202E7
0                         1.2318979143207782E-7    -2.954759124904485E-7    1.7409147201962966E7-3655515.9671551464i          1.783794866449962E7
0                         1.2318979143207782E-7    -2.7950424154501886E-7   1.902066877427769E7-4004070.029265361i            1.946611970372405E7
0                         1.2318979143207782E-7    -2.635325705995892E-7    2.069657428496117E7-4366225.343269389i            2.116092546606995E7
0                         1.2318979143207782E-7    -2.4756089965415953E-7   2.1607323192292366E7-4569139.780543664i           2.20865921886106E7
0                         1.2318979143207782E-7    -2.3158922870872991E-7   2.2799907129505042E7-4831187.095599517i           2.3307619274367735E7
0                         1.2318979143207782E-7    -2.1561755776330025E-7   2.3960890415686738E7-5087134.80788081i            2.4500055565345082E7
0                         1.2318979143207782E-7    -1.996458868178706E-7    2.5145852643616114E7-5348490.442292042i           2.5714775953572005E7
0                         1.2318979143207782E-7    -1.8367421587244096E-7   2.6060687247011557E7-5547108.929962122i           2.665285022817331E7
0                         1.2318979143207782E-7    -1.677025449270113E-7    2.676885352165257E7-5707550.810577162i            2.7385126886030056E7
0                         1.2318979143207782E-7    -1.5173087398158168E-7   2.7479172994738888E7-5865968.668155927i           2.811177286669063E7
0                         1.2318979143207782E-7    -1.3575920303615201E-7   2.8132240467932902E7-6010982.6634536665i          2.8779062688510716E7
0                         1.2318979143207782E-7    -1.1978753209072235E-7   2.8724897451940656E7-6143508.04143799i            2.938482877853953E7
0                         1.2318979143207782E-7    -1.0381586114529273E-7   2.9257143946762152E7-6263544.802108904i           2.9929050953855895E7
0                         1.2318979143207782E-7    -8.784419019986307E-8    2.9728979952397343E7-6371092.945466399i           3.041171302843727E7
0                         1.2318979143207782E-7    -7.187251925443345E-8    3.032838877816744E7-6500407.492520579i            3.1024439713295903E7
0                         1.2318979143207782E-7    -5.590084830900378E-8    3.0387760083088078E7-6511935.348727721i           3.1080200307176787E7
0                         1.2318979143207782E-7    -3.9929177363574116E-8   3.0573800953713655E7-6549918.4017465245i          3.1270851305232458E7
0                         1.2318979143207782E-7    -2.39575064181445E-8     3.093095181471364E7-6639367.375131474i            3.1636221055509843E7
0                         1.2318979143207782E-7    -7.985835472714834E-9    3.0979138332167864E7-6646257.914592838i           3.1684530976648495E7
0                         1.2318979143207782E-7    7.985835472714834E-9     3.095523904181048E7-6638651.241153982i            3.165952168667719E7
0                         1.2318979143207782E-7    2.3957506418144448E-8    3.085863132241737E7-6615910.206572619i            3.156083610572035E7
0                         1.2318979143207782E-7    3.9929177363574116E-8    3.069502946854259E7-6579233.89990922i             3.1394174577973906E7
0                         1.2318979143207782E-7    5.590084830900378E-8     3.0464433480186086E7-6528622.321163774i           3.115954901409363E7
0                         1.2318979143207782E-7    7.18725192544334E-8      3.0157857803793084E7-6461983.559365298i           3.0848237629638653E7
0                         1.2318979143207782E-7    8.784419019986301E-8     2.9772480697625767E7-6375788.208233437i           3.045446805790544E7
0                         1.2318979143207782E-7    1.0381586114529268E-7    2.932346579542629E7-6276413.490812745i            2.9995851000891533E7
0                         1.2318979143207782E-7    1.1978753209072235E-7    2.8810813097194683E7-6163859.407103223i           2.947240398258424E7
0                         1.2318979143207782E-7    1.3575920303615201E-7    2.793660042701889E7-5972918.823452519i            2.8582375084839936E7
0                         1.2318979143207782E-7    1.5173087398158168E-7    2.772464809550484E7-5917365.195113958i            2.8360094205544166E7
0                         1.2318979143207782E-7    1.6770254492701124E-7    2.6856028664284445E7-5722418.755553506i           2.7477038372819226E7
0                         1.2318979143207782E-7    1.836742158724409E-7     2.62934252818766E7-5601731.1381466575i            2.689573547773254E7
0                         1.2318979143207782E-7    1.9964588681787058E-7    2.5172358765399504E7-5353951.712784754i           2.5742736297087748E7
0                         1.2318979143207782E-7    2.1561755776330025E-7    2.4007455897634856E7-5097304.738666314i           2.454619880380038E7
0                         1.2318979143207782E-7    2.3158922870872991E-7    2.279880873546078E7-4831808.973700101i            2.3306479199394748E7
0                         1.2318979143207782E-7    2.475608996541595E-7     2.1546509348765522E7-4557483.1777818315i          2.2024023396206524E7
0                         1.2318979143207782E-7    2.6353257059958914E-7    2.0250649818580385E7-4274346.112417376i           2.0699402263681307E7
0                         1.2318979143207782E-7    2.795042415450188E-7     1.8968420657546803E7-3994049.571082621i           1.942379127574391E7
0                         1.2318979143207782E-7    2.954759124904485E-7     1.734209431742644E7-3638657.4521773653i           1.7794079602005254E7
0                         1.2318979143207782E-7    3.1144758343587815E-7    1.0969086145797078E7-2333938.4643456377i          1.3057691510402579E7
0                         1.2318979143207782E-7    3.274192543813078E-7     8979722.720192526-1908076.2320582478i             1.1004797737501444E7
0                         1.2318979143207782E-7    3.433909253267374E-7     6897594.44463531-1463468.092961256i               8911158.964768259
0                         1.2318979143207782E-7    3.5936259627216704E-7    4722862.228367438-1000146.6463343865i             6828236.768334551
0                         1.2318979143207782E-7    3.753342672175967E-7     2455686.5351102683-518144.4011460651i             4900743.691517114
0                         1.2318979143207782E-7    3.913059381630264E-7     80567.33533863915-15881.844248122803i             3738249.3611286846
0                         1.3858851536108754E-7    -3.913059381630264E-7    -139958.70147081767+27925.03975017433i            3517442.285144224
0                         1.3858851536108754E-7    -3.753342672175967E-7    2258090.48193865-480613.39560592256i              4693606.06551698
0                         1.3858851536108754E-7    -3.593625962721671E-7    4574028.8101447895-972500.2700255129i             6606459.817170618
0                         1.3858851536108754E-7    -3.4339092532673743E-7   6807856.283147621-1447735.5835086012i             8718927.997975448
0                         1.3858851536108754E-7    -3.2741925438130776E-7   8945159.244279293-1903373.0306591454i             1.0996512907203237E7
0                         1.3858851536108754E-7    -3.1144758343587815E-7   1.1032957705967857E7-2348633.4689430576i          1.3197358678566743E7
0                         1.3858851536108754E-7    -2.954759124904485E-7    1.2999146392087922E7-2778877.595350615i           1.5319048930097101E7
0                         1.3858851536108754E-7    -2.7950424154501886E-7   1.9671539696196467E7-4144547.7719932823i          2.012970876459557E7
0                         1.3858851536108754E-7    -2.635325705995892E-7    2.0910032428501975E7-4415384.9753151005i          2.1373949792102847E7
0                         1.3858851536108754E-7    -2.4756089965415953E-7   2.213590538692263E7-4683688.638635472i            2.262740371589073E7
0                         1.3858851536108754E-7    -2.3158922870872991E-7   2.3330244288610343E7-4945903.920834473i           2.3852186535301913E7
0                         1.3858851536108754E-7    -2.1561755776330025E-7   2.4389133106517494E7-5178200.732398123i           2.494081822296308E7
0                         1.3858851536108754E-7    -1.996458868178706E-7    2.535942894318255E7-5394300.783064237i            2.5932704788915318E7
0                         1.3858851536108754E-7    -1.8367421587244096E-7   2.6346763306272946E7-5614271.983983226i           2.6957968951460253E7
0                         1.3858851536108754E-7    -1.677025449270113E-7    2.7066913877785742E7-5777175.188783595i           2.770289179060338E7
0                         1.3858851536108754E-7    -1.5173087398158168E-7   2.778079771948215E7-5934804.950407656i            2.842975570176331E7
0                         1.3858851536108754E-7    -1.3575920303615201E-7   2.8431132299647905E7-6079245.289704303i           2.9092704250072043E7
0                         1.3858851536108754E-7    -1.1978753209072235E-7   2.9021056390627395E7-6211197.0116875395i          2.9694324095335662E7
0                         1.3858851536108754E-7    -1.0381586114529273E-7   2.9550569992420614E7-6330660.116357362i           3.0234574978692748E7
0                         1.3858851536108754E-7    -8.784419019986307E-8    3.0019673105027568E7-6437634.603713772i           3.0713424181430638E7
0                         1.3858851536108754E-7    -7.187251925443345E-8    3.0523120368878044E7-6547493.266189273i           3.1221012945376914E7
0                         1.3858851536108754E-7    -5.590084830900378E-8    3.0799255698831722E7-6612303.759352201i           3.1503646679199133E7
0                         1.3858851536108754E-7    -3.9929177363574116E-8   3.094084064817991E7-6638722.510123662i            3.165126928643413E7
0                         1.3858851536108754E-7    -2.39575064181445E-8     3.100820668933685E7-6651563.944813897i            3.171510481749279E7
0                         1.3858851536108754E-7    -7.985835472714834E-9    3.1083876593080204E7-6665632.306511402i           3.1791548029772524E7
0                         1.3858851536108754E-7    7.985835472714834E-9     3.1074891973361924E7-6662562.189760543i           3.1781867173028283E7
0                         1.3858851536108754E-7    2.3957506418144448E-8    3.0994529886641398E7-6645713.303100795i           3.1700495997512672E7
0                         1.3858851536108754E-7    3.9929177363574116E-8    3.077041477898773E7-6598507.179728033i            3.147282252202267E7
0                         1.3858851536108754E-7    5.590084830900378E-8     3.054056484579652E7-6548051.684906023i            3.1239691496610012E7
0                         1.3858851536108754E-7    7.18725192544334E-8      3.0243720778123572E7-6483660.918001962i           3.0938914743095424E7
0                         1.3858851536108754E-7    8.784419019986301E-8     2.9799068940746985E7-6383100.363686454i           3.048433130103479E7
0                         1.3858851536108754E-7    1.0381586114529268E-7    2.9435737436854284E7-6301172.067407156i           3.0115404948581327E7
0                         1.3858851536108754E-7    1.1978753209072235E-7    2.900982746530146E7-6206268.941628205i            2.9683294016851727E7
0                         1.3858851536108754E-7    1.3575920303615201E-7    2.8390522234216854E7-6072482.280982193i           2.9043733126900308E7
0                         1.3858851536108754E-7    1.5173087398158168E-7    2.763774045989834E7-5907083.844424742i            2.828327751719073E7
0                         1.3858851536108754E-7    1.6770254492701124E-7    2.689465996535969E7-5740276.215789718i            2.7523227234078903E7
0                         1.3858851536108754E-7    1.836742158724409E-7     2.6102247498469707E7-5561545.904534052i           2.6705812139800075E7
0                         1.3858851536108754E-7    1.9964588681787058E-7    2.521302180399485E7-5361086.513673424i            2.578760870456935E7
0                         1.3858851536108754E-7    2.1561755776330025E-7    2.430997596792411E7-5158864.928173793i            2.4857135256210487E7
0                         1.3858851536108754E-7    2.3158922870872991E-7    2.339428011241325E7-4955120.823305798i            2.3916448134376455E7
0                         1.3858851536108754E-7    2.475608996541595E-7     2.201980588095576E7-4658034.173005275i            2.250783477238123E7
0                         1.3858851536108754E-7    2.6353257059958914E-7    2.0729038808715366E7-4376084.6256917855i          2.118709399407828E7
0                         1.3858851536108754E-7    2.795042415450188E-7     1.9394970353789866E7-4085375.589208488i           1.9824435038347647E7
0                         1.3858851536108754E-7    2.954759124904485E-7     1.2919978050799325E7-2762266.3647078583i          1.5271233781329265E7
0                         1.3858851536108754E-7    3.1144758343587815E-7    1.095206885337457E7-2332364.5913536684i           1.3031684449535266E7
0                         1.3858851536108754E-7    3.274192543813078E-7     8930106.003257744-1899664.0367933884i             1.0925307313859144E7
0                         1.3858851536108754E-7    3.433909253267374E-7     6815424.68617971-1448227.186529877i               8775683.441040289
0                         1.3858851536108754E-7    3.5936259627216704E-7    4608185.677515402-978086.6123508227i              6633739.793409254
0                         1.3858851536108754E-7    3.753342672175967E-7     2308549.30766931-489274.7958451311i               4650411.624614306
0                         1.3858851536108754E-7    3.913059381630264E-7     139958.70147081887-27925.039750174652i            3631641.615221941
0                         1.5398723929009728E-7    -3.913059381630264E-7    27844.057481310614-6525.163601276663i             3090851.719597285
0                         1.5398723929009728E-7    -3.753342672175967E-7    2345596.3029601667-499013.642951376i              4474285.035235174
0                         1.5398723929009728E-7    -3.593625962721671E-7    4583726.603490775-975290.6809557354i              6472590.823102047
0                         1.5398723929009728E-7    -3.4339092532673743E-7   6849448.320751147-1456906.754925686i              8661830.834132161
0                         1.5398723929009728E-7    -3.2741925438130776E-7   9015108.191999763-1918605.268728096i              1.1016105864178922E7
0                         1.5398723929009728E-7    -3.1144758343587815E-7   1.0653607797407726E7-2278659.413102193i           1.269778454579277E7
0                         1.5398723929009728E-7    -2.954759124904485E-7    1.2145118122840973E7-2603488.9418211076i          1.436112475718486E7
0                         1.5398723929009728E-7    -2.7950424154501886E-7   1.348621694688288E7-2897882.554414137i            1.5890127940914221E7
0                         1.5398723929009728E-7    -2.635325705995892E-7    2.1908847401615795E7-4634578.7636746075i          2.2400859172852192E7
0                         1.5398723929009728E-7    -2.4756089965415953E-7   2.2874683649092935E7-4846900.612283363i           2.3387578372706026E7
0                         1.5398723929009728E-7    -2.3158922870872991E-7   2.3837660087407704E7-5059711.112091513i           2.4377160449948963E7
0                         1.5398723929009728E-7    -2.1561755776330025E-7   2.479605969370754E7-5272613.795471598i            2.5365660653762363E7
0                         1.5398723929009728E-7    -1.996458868178706E-7    2.57133488832298E7-5476630.425112301i             2.630645175130263E7
0                         1.5398723929009728E-7    -1.8367421587244096E-7   2.6486271392053638E7-5650211.332044024i           2.710844372865274E7
0                         1.5398723929009728E-7    -1.677025449270113E-7    2.7223419738717496E7-5815516.846753718i           2.787304319540158E7
0                         1.5398723929009728E-7    -1.5173087398158168E-7   2.8082422444225386E7-6003641.232659379i           2.87496146700296E7
0                         1.5398723929009728E-7    -1.3575920303615201E-7   2.873002413136289E7-6147507.91595494i             2.940781347734652E7
0                         1.5398723929009728E-7    -1.1978753209072235E-7   2.9317215329314128E7-6278885.981937086i           3.0004953019292213E7
0                         1.5398723929009728E-7    -1.0381586114529273E-7   2.9843996038079098E7-6397775.430605823i           3.054096715273935E7
0                         1.5398723929009728E-7    -8.784419019986307E-8    3.0310366257657774E7-6504176.2619611425i          3.1015801955513906E7
0                         1.5398723929009728E-7    -7.187251925443345E-8    3.0579404662751306E7-6560925.6318012625i          3.1283882638015587E7
0                         1.5398723929009728E-7    -5.590084830900378E-8    3.0748041635831088E7-6606565.569841946i           3.1460130918473713E7
0                         1.5398723929009728E-7    -3.9929177363574116E-8   3.102695941250577E7-6665282.233690373i            3.1742813376985207E7
0                         1.5398723929009728E-7    -2.39575064181445E-8     3.1100351435909666E7-6680854.308518933i           3.1812361816827174E7
0                         1.5398723929009728E-7    -7.985835472714834E-9    3.1176449513294894E7-6695007.885129294i           3.188900516161693E7
0                         1.5398723929009728E-7    7.985835472714834E-9     3.115338774239037E7-6689627.433660632i            3.1864428387674466E7
0                         1.5398723929009728E-7    2.3957506418144448E-8    3.107275963664904E7-6672707.720294162i            3.1783016127161145E7
0                         1.5398723929009728E-7    3.9929177363574116E-8    3.0925890664703835E7-6641985.0684686145i          3.163499886374253E7
0                         1.5398723929009728E-7    5.590084830900378E-8     3.0712780826554757E7-6597459.478183987i           3.142040166183235E7
0                         1.5398723929009728E-7    7.18725192544334E-8      3.029342901100573E7-6502668.20174024i             3.098931029114306E7
0                         1.5398723929009728E-7    8.784419019986301E-8     3.001745503295011E7-6439062.591583317i            3.0715112631144486E7
0                         1.5398723929009728E-7    1.0381586114529268E-7    2.9656549796323955E7-6357645.181582924i           3.035072377667625E7
0                         1.5398723929009728E-7    1.1978753209072235E-7    2.9122277367530838E7-6243625.454385649i           2.980259461921035E7
0                         1.5398723929009728E-7    1.3575920303615201E-7    2.866224883837472E7-6136794.390474598i            2.9332053142231267E7
0                         1.5398723929009728E-7    1.5173087398158168E-7    2.800253221224943E7-5989682.828576357i            2.866613287876097E7
0                         1.5398723929009728E-7    1.6770254492701124E-7    2.7286561325077318E7-5830491.474357996i           2.7935849886051826E7
0                         1.5398723929009728E-7    1.836742158724409E-7     2.6532396631120104E7-5659758.894072632i           2.715390040117397E7
0                         1.5398723929009728E-7    1.9964588681787058E-7    2.5662889282679886E7-5465452.222003304i           2.625702143695915E7
0                         1.5398723929009728E-7    2.1561755776330025E-7    2.473833738987764E7-5258835.057551475i            2.5304262268672563E7
0                         1.5398723929009728E-7    2.3158922870872991E-7    2.3800247288684953E7-5050443.82578009i            2.4338862529786803E7
0                         1.5398723929009728E-7    2.475608996541595E-7     2.2849734976778593E7-4840509.181278421i           2.3362658992327984E7
0                         1.5398723929009728E-7    2.6353257059958914E-7    2.188788382722439E7-4629252.823513415i            2.2377642899200372E7
0                         1.5398723929009728E-7    2.795042415450188E-7     1.2368632968629885E7-2667011.8053105893i          1.5787727432321103E7
0                         1.5398723929009728E-7    2.954759124904485E-7     1.1496533292196557E7-2471811.096150563i           1.369949288729202E7
0                         1.5398723929009728E-7    3.1144758343587815E-7    1.0300718716653274E7-2209158.5605274756i          1.2374884274489619E7
0                         1.5398723929009728E-7    3.274192543813078E-7     8870626.4987286-1893667.9742362737i               1.0801041756353905E7
0                         1.5398723929009728E-7    3.433909253267374E-7     6731097.237620578-1432484.9839418742i             8599744.836417885
0                         1.5398723929009728E-7    3.5936259627216704E-7    4702253.121733109-998043.0363518978i              6516481.8653539615
0                         1.5398723929009728E-7    3.753342672175967E-7     2380137.963061528-504470.0560627375i              4426991.913206478
0                         1.5398723929009728E-7    3.913059381630264E-7     -27844.057481296157+6525.163601273493i            2999164.472263801
0                         1.6938596321910702E-7    -3.913059381630264E-7    74836.62417236924-16052.51022264043i              2645233.5773061807
0                         1.6938596321910702E-7    -3.753342672175967E-7    2424152.3763171374-515279.0437407312i             4183283.6456326675
0                         1.6938596321910702E-7    -3.593625962721671E-7    4693846.183513658-998294.1359130819i              6309887.121240894
0                         1.6938596321910702E-7    -3.4339092532673743E-7   6883918.045761946-1465097.7867396954i             8532824.789778596
0                         1.6938596321910702E-7    -3.2741925438130776E-7   7817326.914166566-1675630.240991113i              9449231.755288882
0                         1.6938596321910702E-7    -3.1144758343587815E-7   9165234.465815958-1969178.5802250768i             1.0950031650312552E7
0                         1.6938596321910702E-7    -2.954759124904485E-7    1.0394333577329246E7-2238551.079544036i           1.234965237937968E7
0                         1.6938596321910702E-7    -2.7950424154501886E-7   1.2054790225639995E7-2602396.783671444i           1.4715400765901754E7
0                         1.6938596321910702E-7    -2.635325705995892E-7    1.2585224320005601E7-2726311.394630717i           1.5558220135838369E7
0                         1.6938596321910702E-7    -2.4756089965415953E-7   2.3254872236882687E7-4935859.880068352i           2.378356315826201E7
0                         1.6938596321910702E-7    -2.3158922870872991E-7   2.4234990406338908E7-5152069.703290454i           2.479347566101147E7
0                         1.6938596321910702E-7    -2.1561755776330025E-7   2.520878866377284E7-5367934.401487821i            2.579837373974214E7
0                         1.6938596321910702E-7    -1.996458868178706E-7    2.6069719030462027E7-5559421.239043808i           2.6687124930189E7
0                         1.6938596321910702E-7    -1.8367421587244096E-7   2.6847738274672206E7-5734023.291158466i           2.7494428999286048E7
0                         1.6938596321910702E-7    -1.677025449270113E-7    2.7584308536970556E7-5897857.251302263i           2.825630478220763E7
0                         1.6938596321910702E-7    -1.5173087398158168E-7   2.8296460220417768E7-6055916.720607902i           2.897760722798046E7
0                         1.6938596321910702E-7    -1.3575920303615201E-7   2.894856009681169E7-6201528.79887775i             2.9638692580511075E7
0                         1.6938596321910702E-7    -1.1978753209072235E-7   2.954057473843771E7-6334686.557986613i            3.02394002888413E7
0                         1.6938596321910702E-7    -1.0381586114529273E-7   3.007247068829986E7-6455383.063741002i            3.0779592806188837E7
0                         1.6938596321910702E-7    -8.784419019986307E-8    3.025689920355156E7-6491953.873334764i            3.096207447398664E7
0                         1.6938596321910702E-7    -7.187251925443345E-8    3.049076104836834E7-6546986.489132452i            3.119715617276973E7
0                         1.6938596321910702E-7    -5.590084830900378E-8    3.082536592597874E7-6630524.046004069i            3.1544454313097138E7
0                         1.6938596321910702E-7    -3.9929177363574116E-8   3.1019616147671968E7-6674427.943468917i           3.1735335162303586E7
0                         1.6938596321910702E-7    -2.39575064181445E-8     3.1192496182482515E7-6710144.672223976i           3.1909892365863975E7
0                         1.6938596321910702E-7    -7.985835472714834E-9    3.124653676997711E7-6719880.279174844i            3.196222526878822E7
0                         1.6938596321910702E-7    7.985835472714834E-9     3.1231883511418846E7-6716692.67756073i            3.194702152254233E7
0                         1.6938596321910702E-7    2.3957506418144448E-8    3.1150989386656683E7-6699702.137487532i           3.1865604611260056E7
0                         1.6938596321910702E-7    3.9929177363574116E-8    3.1003854395690646E7-6668908.658955256i           3.1717990261107937E7
0                         1.6938596321910702E-7    5.590084830900378E-8     3.079047853852077E7-6624312.241963904i            3.1504213560955375E7
0                         1.6938596321910702E-7    7.18725192544334E-8      3.0483043177726086E7-6551955.62364694i            3.1190656360814843E7
0                         1.6938596321910702E-7    8.784419019986301E-8     3.0235841125153206E7-6495024.819480175i           3.094706646099312E7
0                         1.6938596321910702E-7    1.0381586114529268E-7    2.9877362155793637E7-6414118.295758695i           3.058761489506676E7
0                         1.6938596321910702E-7    1.1978753209072235E-7    2.938213064286214E7-6305259.906726931i            3.0080076583724312E7
0                         1.6938596321910702E-7    1.3575920303615201E-7    2.892834898497472E7-6199858.728748605i            2.961800128507117E7
0                         1.6938596321910702E-7    1.5173087398158168E-7    2.836732715251913E7-6072282.466471966i            2.9050563298564494E7
0                         1.6938596321910702E-7    1.6770254492701124E-7    2.7654385515897445E7-5913724.444676681i           2.832566907430904E7
0                         1.6938596321910702E-7    1.836742158724409E-7     2.6921659374648646E7-5750195.125161809i           2.7567298275260307E7
0                         1.6938596321910702E-7    1.9964588681787058E-7    2.612367646681832E7-5571570.828106117i            2.6738334046495542E7
0                         1.6938596321910702E-7    2.1561755776330025E-7    2.517933286336402E7-5360955.5350595685i           2.5766385173682187E7
0                         1.6938596321910702E-7    2.3158922870872991E-7    2.422063194302075E7-5148330.780093396i            2.4779974400574192E7
0                         1.6938596321910702E-7    2.475608996541595E-7     2.324866311868943E7-4933925.655520999i            2.378062176676657E7
0                         1.6938596321910702E-7    2.6353257059958914E-7    1.2068175420556284E7-2615724.516633196i           1.5292409906802008E7
0                         1.6938596321910702E-7    2.795042415450188E-7     1.182190900436475E7-2551016.7346196114i           1.3882053067682464E7
0                         1.6938596321910702E-7    2.954759124904485E-7     1.071905463884278E7-2306967.6323233647i           1.2609120385089992E7
0                         1.6938596321910702E-7    3.1144758343587815E-7    9490634.775156895-2037379.6256572504i             1.122542703354012E7
0                         1.6938596321910702E-7    3.274192543813078E-7     8137246.362851266-1742373.6124857017i             9734225.704580782
0                         1.6938596321910702E-7    3.433909253267374E-7     6633113.796288112-1417202.1751849032i             8196965.567822824
0                         1.6938596321910702E-7    3.5936259627216704E-7    4716611.32350767-1001546.4835501278i              6339772.87812312
0                         1.6938596321910702E-7    3.753342672175967E-7     2363820.7806032803-501458.1063511708i             4148688.73215351
0                         1.6938596321910702E-7    3.913059381630264E-7     -74836.62417235185+16052.510222636713i            2632295.3286742293
0                         1.8478468714811673E-7    -3.913059381630264E-7    121829.19086342768-25579.85684400416i             2140004.213941168
0                         1.8478468714811673E-7    -3.753342672175967E-7    2391822.389363976-507309.47456363076i             3714681.7335455636
0                         1.8478468714811673E-7    -3.593625962721671E-7    4128222.268430735-880915.6464685374i              5305547.699902928
0                         1.8478468714811673E-7    -3.4339092532673743E-7   5780655.031433897-1237383.1256994815i             6938130.85895729
0                         1.8478468714811673E-7    -3.2741925438130776E-7   7218812.641501888-1548878.9380318893i             8421878.061930446
0                         1.8478468714811673E-7    -3.1144758343587815E-7   8600657.825580345-1849739.8640209278i             9984108.618893642
0                         1.8478468714811673E-7    -2.954759124904485E-7    9864454.059708286-2126583.7362693422i             1.1441601886640862E7
0                         1.8478468714811673E-7    -2.7950424154501886E-7   1.1118294768593065E7-2403337.840774511i           1.3268681918437356E7
0                         1.8478468714811673E-7    -2.635325705995892E-7    1.166891822507695E7-2530938.535612681i            1.4133706671262026E7
0                         1.8478468714811673E-7    -2.4756089965415953E-7   1.203064607091744E7-2619536.288822859i            1.4838484382714972E7
0                         1.8478468714811673E-7    -2.3158922870872991E-7   2.463893723652187E7-5245527.055170837i            2.5219368845867157E7
0                         1.8478468714811673E-7    -2.1561755776330025E-7   2.5626600745462157E7-5464026.0253161825i          2.6237611455574024E7
0                         1.8478468714811673E-7    -1.996458868178706E-7    2.6428412241603587E7-5642647.316682497i           2.7073906508158635E7
0                         1.8478468714811673E-7    -1.8367421587244096E-7   2.7211216968818363E7-5818204.463544986i           2.7884915077922177E7
0                         1.8478468714811673E-7    -1.677025449270113E-7    2.7945060535231628E7-5980168.692930602i           2.8641046411878258E7
0                         1.8478468714811673E-7    -1.5173087398158168E-7   2.865416259643311E7-6137592.866541316i            2.9356324791814394E7
0                         1.8478468714811673E-7    -1.3575920303615201E-7   2.930322541724281E7-6282572.250551755i            3.0011833237902872E7
0                         1.8478468714811673E-7    -1.1978753209072235E-7   2.9680203013786584E7-6368798.373421856i           3.0396150901311506E7
0                         1.8478468714811673E-7    -1.0381586114529273E-7   3.0049075469785534E7-6452743.363800436i           3.0771674016424917E7
0                         1.8478468714811673E-7    -8.784419019986307E-8    3.0378568594327904E7-6528731.61675211i            3.1098933057798978E7
0                         1.8478468714811673E-7    -7.187251925443345E-8    3.0614887557012487E7-6584712.893191647i           3.133373979960413E7
0                         1.8478468714811673E-7    -5.590084830900378E-8    3.0815987598979443E7-6634800.979656533i           3.153392852939632E7
0                         1.8478468714811673E-7    -3.9929177363574116E-8   3.1092614395957045E7-6697303.836957794i           3.1813787036611494E7
0                         1.8478468714811673E-7    -2.39575064181445E-8     3.128464092905534E7-6739435.035929016i            3.2007694188509572E7
0                         1.8478468714811673E-7    -7.985835472714834E-9    3.132529855802643E7-6747016.349781671i            3.204528830658081E7
0                         1.8478468714811673E-7    7.985835472714834E-9     3.131037928044731E7-6743757.921460824i            3.2029650559022207E7
0                         1.8478468714811673E-7    2.3957506418144448E-8    3.1229219136664324E7-6726696.554680899i           3.1948266748283155E7
0                         1.8478468714811673E-7    3.9929177363574116E-8    3.108181812667749E7-6695832.249441901i            3.1801158142115183E7
0                         1.8478468714811673E-7    5.590084830900378E-8     3.082184181419536E7-6635979.883461693i            3.1536889489194952E7
0                         1.8478468714811673E-7    7.18725192544334E-8      3.0671178175798457E7-6600838.275141641i           3.1392378225882832E7
0                         1.8478468714811673E-7    8.784419019986301E-8     3.0454227217356317E7-6550987.047377035i           3.118007074867514E7
0                         1.8478468714811673E-7    1.0381586114529268E-7    3.0098174515263315E7-6470591.409934467i           3.082593060777946E7
0                         1.8478468714811673E-7    1.1978753209072235E-7    2.9636755446225602E7-6365734.372783441i           3.0354507247456573E7
0                         1.8478468714811673E-7    1.3575920303615201E-7    2.9188998720235426E7-6261713.44856552i            2.9901503224705964E7
0                         1.8478468714811673E-7    1.5173087398158168E-7    2.869559812665742E7-6148435.076068926i            2.9401117795472298E7
0                         1.8478468714811673E-7    1.6770254492701124E-7    2.8022212903883368E7-5996958.070673433i           2.8717296714229837E7
0                         1.8478468714811673E-7    1.836742158724409E-7     2.732131550577519E7-5842578.101899384i            2.7993093426322706E7
0                         1.8478468714811673E-7    1.9964588681787058E-7    2.650843641687735E7-5659591.382600548i            2.7152297458351836E7
0                         1.8478468714811673E-7    2.1561755776330025E-7    2.563158351900858E7-5464935.3200180065i           2.6241227318182092E7
0                         1.8478468714811673E-7    2.3158922870872991E-7    2.465390357667757E7-5248455.204735052i            2.5236880348331135E7
0                         1.8478468714811673E-7    2.475608996541595E-7     1.169286490682594E7-2546730.7473878264i           1.467920036932624E7
0                         1.8478468714811673E-7    2.6353257059958914E-7    1.1511267481383309E7-2495795.8132199296i          1.406382039699274E7
0                         1.8478468714811673E-7    2.795042415450188E-7     1.1075764710356083E7-2392587.337469546i           1.2816720284364186E7
0                         1.8478468714811673E-7    2.954759124904485E-7     9938918.40359451-2141312.288293523i               1.1488753175712835E7
0                         1.8478468714811673E-7    3.1144758343587815E-7    8677565.068744984-1864717.2077729225i             1.0048741503165172E7
0                         1.8478468714811673E-7    3.274192543813078E-7     7292277.471946141-1562918.032998707i              8498597.823350163
0                         1.8478468714811673E-7    3.433909253267374E-7     5866534.786403833-1253918.453706657i              7032922.561346615
0                         1.8478468714811673E-7    3.5936259627216704E-7    4166018.1965975063-887449.452760227i              5390008.94869475
0                         1.8478468714811673E-7    3.753342672175967E-7     2376367.0091959257-502760.8056148457i             3809711.30715794
0                         1.8478468714811673E-7    3.913059381630264E-7     -121829.19086340745+25579.856843999925i           2207303.624206774
0                         2.0018341107712645E-7    -3.913059381630264E-7    -61219.71974847865+12434.962563312427i            1460739.886248732
0                         2.0018341107712645E-7    -3.753342672175967E-7    1523652.005856953-326286.4998271529i              2459968.969667644
0                         2.0018341107712645E-7    -3.593625962721671E-7    3578332.9883987918-763927.3526048857i             4241476.784410793
0                         2.0018341107712645E-7    -3.4339092532673743E-7   5086153.743955706-1089622.973683188i              5695869.936066631
0                         2.0018341107712645E-7    -3.2741925438130776E-7   6618831.324386953-1421578.6697874614i             7410458.966732379
0                         2.0018341107712645E-7    -3.1144758343587815E-7   8034935.451126508-1729821.3331773954i             9022569.841981497
0                         2.0018341107712645E-7    -2.954759124904485E-7    9425572.451934334-2033195.5976781682i             1.0754268414383762E7
0                         2.0018341107712645E-7    -2.7950424154501886E-7   1.0176951559231836E7-2201769.4892240264i          1.1788489559454406E7
0                         2.0018341107712645E-7    -2.635325705995892E-7    1.075270164839246E7-2334052.801404253i            1.2669112944098722E7
0                         2.0018341107712645E-7    -2.4756089965415953E-7   1.1146427709968789E7-2428718.6699925084i          1.3393749803230181E7
0                         2.0018341107712645E-7    -2.3158922870872991E-7   1.1351598001340453E7-2484411.3961612983i          1.3961336505427813E7
0                         2.0018341107712645E-7    -2.1561755776330025E-7   2.597163690767381E7-5544155.890426718i            2.661806899187136E7
0                         2.0018341107712645E-7    -1.996458868178706E-7    2.6789308758777607E7-5726284.287617254i           2.746608041602277E7
0                         2.0018341107712645E-7    -1.8367421587244096E-7   2.7576606590765085E7-5902734.506418704i           2.8279406475187294E7
0                         2.0018341107712645E-7    -1.677025449270113E-7    2.830567667976451E7-6062451.368209774i            2.9027110681627095E7
0                         2.0018341107712645E-7    -1.5173087398158168E-7   2.9011730407324303E7-6219240.515624992i           2.973603526752037E7
0                         2.0018341107712645E-7    -1.3575920303615201E-7   2.939928756728559E7-6315184.24088545i             3.0132815081436887E7
0                         2.0018341107712645E-7    -1.1978753209072235E-7   2.9824452905742884E7-6410551.714701165i           3.056307055569751E7
0                         2.0018341107712645E-7    -1.0381586114529273E-7   3.020031972066725E7-6496544.91190275i             3.094289803419425E7
0                         2.0018341107712645E-7    -8.784419019986307E-8    3.0503204631810445E7-6566338.962106062i           3.124090100180292E7
0                         2.0018341107712645E-7    -7.187251925443345E-8    3.0742060621350396E7-6623295.541089775i           3.147502514837795E7
0                         2.0018341107712645E-7    -5.590084830900378E-8    3.0965781649738237E7-6675791.787895646i           3.1693683158916276E7
0                         2.0018341107712645E-7    -3.9929177363574116E-8   3.1141311355415784E7-6715465.307266669i           3.186525453438299E7
0                         2.0018341107712645E-7    -2.39575064181445E-8     3.143450668926992E7-6777654.964278989i            3.2165640588668864E7
0                         2.0018341107712645E-7    -7.985835472714834E-9    3.140406034607573E7-6774152.420388495i            3.2128416452409424E7
0                         2.0018341107712645E-7    7.985835472714834E-9     3.1388875049475774E7-6770823.165360918i           3.2112319869762946E7
0                         2.0018341107712645E-7    2.3957506418144448E-8    3.1307448886671986E7-6753690.971874271i           3.2031008214971222E7
0                         2.0018341107712645E-7    3.9929177363574116E-8    3.109096373233033E7-6705425.733556074i            3.181109062460859E7
0                         2.0018341107712645E-7    5.590084830900378E-8     3.1003485571941394E7-6683228.667310949i           3.1729993080964465E7
0                         2.0018341107712645E-7    7.18725192544334E-8      3.085786479473522E7-6649324.804354904i            3.1594461420635987E7
0                         2.0018341107712645E-7    8.784419019986301E-8     3.0672613309559435E7-6606949.275273897i           3.141401021650241E7
0                         2.0018341107712645E-7    1.0381586114529268E-7    3.028465745113841E7-6518917.08065117i             3.102473836340592E7
0                         2.0018341107712645E-7    1.1978753209072235E-7    2.988631350653458E7-6425083.893284962i            3.0625859870602395E7
0                         2.0018341107712645E-7    1.3575920303615201E-7    2.9444368680263717E7-6322395.540169768i           3.018248334870224E7
0                         2.0018341107712645E-7    1.5173087398158168E-7    2.8882414974498894E7-6196197.4606348295i          2.9615728740999945E7
0                         2.0018341107712645E-7    1.6770254492701124E-7    2.839004346664097E7-6080192.347665433i            2.9110548730358295E7
0                         2.0018341107712645E-7    1.836742158724409E-7     2.7624780218068954E7-5910876.433848999i           2.8339314335560128E7
0                         2.0018341107712645E-7    1.9964588681787058E-7    2.690217378709621E7-5750535.382722735i            2.7575840899906687E7
0                         2.0018341107712645E-7    2.1561755776330025E-7    2.609387072911862E7-5570519.416564897i            2.67269237534863E7
0                         2.0018341107712645E-7    2.3158922870872991E-7    1.1298566754575651E7-2471920.468990165i           1.398711655992299E7
0                         2.0018341107712645E-7    2.475608996541595E-7     1.1241109967324449E7-2447835.2111028014i          1.3511279947851399E7
0                         2.0018341107712645E-7    2.6353257059958914E-7    1.0945854043201767E7-2374571.5504997727i          1.2850237390107002E7
0                         2.0018341107712645E-7    2.795042415450188E-7     1.0327876543308895E7-2233548.056621015i           1.1728288472365258E7
0                         2.0018341107712645E-7    2.954759124904485E-7     9156704.64201107-1974974.3999182791i              1.0350365054357884E7
0                         2.0018341107712645E-7    3.1144758343587815E-7    7862088.212292687-1691300.426875117i              8860211.922684552
0                         2.0018341107712645E-7    3.274192543813078E-7     6444576.274288299-1382637.2038461484i             7258846.453928353
0                         2.0018341107712645E-7    3.433909253267374E-7     4904720.103014311-1049096.2680544215i             5549568.038292748
0                         2.0018341107712645E-7    3.5936259627216704E-7    3364656.617924976-716548.9018343491i              4116322.601797422
0                         2.0018341107712645E-7    3.753342672175967E-7     1631489.9740871587-347901.3585480658i             2486754.73390139
0                         2.0018341107712645E-7    3.913059381630264E-7     61219.71974848853-12434.96256331468i              1378159.9290319968
0                         2.155821350061362E-7     -3.913059381630264E-7    -31929.15276479762+6297.914929603092i             217556.61942262802
0                         2.155821350061362E-7     -3.753342672175967E-7    1550697.5963189017-332917.52646061504i            1692200.2635151264
0                         2.155821350061362E-7     -3.593625962721671E-7    3119774.648943716-669161.2373733579i              3353183.4865190526
0                         2.155821350061362E-7     -3.4339092532673743E-7   5213816.601379031-1118656.0326569092i             5455283.904903485
0                         2.155821350061362E-7     -3.2741925438130776E-7   6430626.14752828-1382639.5869300433i              6840427.735769945
0                         2.155821350061362E-7     -3.1144758343587815E-7   7548337.341892587-1626399.6514247563i             8150486.526352441
0                         2.155821350061362E-7     -2.954759124904485E-7    8616880.557289142-1864008.9201576428i             9411229.779529227
0                         2.155821350061362E-7     -2.7950424154501886E-7   9252067.654368525-2005542.9925816406i             1.0297051196844129E7
0                         2.155821350061362E-7     -2.635325705995892E-7    9757073.885634352-2120057.5718902904i             1.1081382223312337E7
0                         2.155821350061362E-7     -2.4756089965415953E-7   1.0130739447718326E7-2207311.689284063i           1.176571238324624E7
0                         2.155821350061362E-7     -2.3158922870872991E-7   1.0371890017419245E7-2267061.3565453296i          1.2353001149768718E7
0                         2.155821350061362E-7     -2.1561755776330025E-7   1.032963825036973E7-2267804.6178285945i           1.2650246211136803E7
0                         2.155821350061362E-7     -1.996458868178706E-7    1.002826246659265E7-2210284.344342593i            1.2646234905376626E7
0                         2.155821350061362E-7     -1.8367421587244096E-7   2.7943811936174657E7-5987594.25208755i            2.8677472254164606E7
0                         2.155821350061362E-7     -1.677025449270113E-7    2.853825574900417E7-6135089.72148451i             2.92942492438597E7
0                         2.155821350061362E-7     -1.5173087398158168E-7   2.9063019842758536E7-6250079.697337477i           2.9822560608659472E7
0                         2.155821350061362E-7     -1.3575920303615201E-7   2.9542478829841055E7-6356459.260753065i           3.030442899427127E7
0                         2.155821350061362E-7     -1.1978753209072235E-7   2.9974728970825464E7-6453878.903268062i           3.0738112326554693E7
0                         2.155821350061362E-7     -1.0381586114529273E-7   3.033464509091463E7-6536250.2247720435i           3.110140614986174E7
0                         2.155821350061362E-7     -8.784419019986307E-8    3.0630856452258926E7-6604790.259525089i           3.138778642312347E7
0                         2.155821350061362E-7     -7.187251925443345E-8    3.088537354738556E7-6666042.304369033i            3.163301139639075E7
0                         2.155821350061362E-7     -5.590084830900378E-8    3.1113308725026004E7-6716147.793928464i           3.1852234725010846E7
0                         2.155821350061362E-7     -3.9929177363574116E-8   3.1286031944372837E7-6755183.603048444i           3.2018963606602333E7
0                         2.155821350061362E-7     -2.39575064181445E-8     3.140204297376383E7-6782844.62826428i             3.2132383998898625E7
0                         2.155821350061362E-7     -7.985835472714834E-9    3.1482822134125017E7-6801288.490995315i           3.2211612692185894E7
0                         2.155821350061362E-7     7.985835472714834E-9     3.1467370818504255E7-6797888.409261015i           3.2195034213599063E7
0                         2.155821350061362E-7     2.3957506418144448E-8    3.138567863667963E7-6780685.3890676405i           3.2113835061328083E7
0                         2.155821350061362E-7     3.9929177363574116E-8    3.126664500143774E7-6751157.646189362i            3.199602450502449E7
0                         2.155821350061362E-7     5.590084830900378E-8     3.1183790400578473E7-6730109.943426304i           3.1923111167072773E7
0                         2.155821350061362E-7     7.18725192544334E-8      3.104313298956755E7-6697423.6148671955i           3.1796895191262316E7
0                         2.155821350061362E-7     8.784419019986301E-8     3.084491963145301E7-6653159.88606687i             3.161722017141572E7
0                         2.155821350061362E-7     1.0381586114529268E-7    3.0523966298353232E7-6575947.686167385i           3.1283668089160107E7
0                         2.155821350061362E-7     1.1978753209072235E-7    2.9949413579914093E7-6443898.794578974i           3.070792489689463E7
0                         2.155821350061362E-7     1.3575920303615201E-7    2.950160593737986E7-6341845.010654184i            3.0263473263823982E7
0                         2.155821350061362E-7     1.5173087398158168E-7    2.9006357744784284E7-6230755.7138171885i          2.9771423443200532E7
0                         2.155821350061362E-7     1.6770254492701124E-7    2.8465277975049578E7-6110936.837925852i           2.923311243719622E7
0                         2.155821350061362E-7     1.836742158724409E-7     2.7971015518314816E7-5998579.083222588i           2.871997090952288E7
0                         2.155821350061362E-7     1.9964588681787058E-7    1.0025302040240565E7-2212624.365006339i           1.2770257163336642E7
0                         2.155821350061362E-7     2.1561755776330025E-7    1.031560540969466E7-2265932.4430451025i           1.2731030903940154E7
0                         2.155821350061362E-7     2.3158922870872991E-7    1.0399127629678257E7-2273592.231937311i           1.2447202902320808E7
0                         2.155821350061362E-7     2.475608996541595E-7     1.0262265913590152E7-2235886.9254849846i          1.192709783677492E7
0                         2.155821350061362E-7     2.6353257059958914E-7    9976276.64326804-2166961.5538306697i              1.1292831712720126E7
0                         2.155821350061362E-7     2.795042415450188E-7     9439598.156236947-2044665.5892688187i             1.0377158684601838E7
0                         2.155821350061362E-7     2.954759124904485E-7     8564594.521825267-1850047.868761018i              9302055.031180885
0                         2.155821350061362E-7     3.1144758343587815E-7    7581577.020254768-1633372.457947006i              8133609.968076233
0                         2.155821350061362E-7     3.274192543813078E-7     6490545.651525452-1394639.356826782i              6872957.401439941
0                         2.155821350061362E-7     3.433909253267374E-7     4672652.839267859-1001730.5689732295i             5026591.618669189
0                         2.155821350061362E-7     3.5936259627216704E-7    3136155.9726482853-671502.192469518i              3353086.362752206
0                         2.155821350061362E-7     3.753342672175967E-7     1600801.0299807526-342418.48440162017i            1714209.4495574406
0                         2.155821350061362E-7     3.913059381630264E-7     31929.1527648085-6297.914929605443i               190284.38808443127
0                         2.3098085893514593E-7    -3.913059381630264E-7    -2638.5857811164406+160.86729589363676i           1250139.0084814185
0                         2.3098085893514593E-7    -3.753342672175967E-7    1577743.1867808504-339548.55309407704i            1801433.5380048936
0                         2.3098085893514593E-7    -3.593625962721671E-7    3097548.1188036776-666584.8515063484i             3193563.901902675
0                         2.3098085893514593E-7    -3.4339092532673743E-7   4475436.261642025-962280.2381318503i              4587549.75101428
0                         2.3098085893514593E-7    -3.2741925438130776E-7   6036911.221635812-1298822.2644063085i             6206033.258481532
0                         2.3098085893514593E-7    -3.1144758343587815E-7   7213330.740816972-1556171.57309632i               7514579.733227278
0                         2.3098085893514593E-7    -2.954759124904485E-7    8110177.667080157-1754526.8143683071i             8467788.124517543
0                         2.3098085893514593E-7    -2.7950424154501886E-7   8773761.517733859-1902662.2735543235i             9316926.273841193
0                         2.3098085893514593E-7    -2.635325705995892E-7    9308111.311484272-2023982.7148918214i             1.0080212157054804E7
0                         2.3098085893514593E-7    -2.4756089965415953E-7   9712090.84577487-2118252.173578913i               1.0754384820052862E7
0                         2.3098085893514593E-7    -2.3158922870872991E-7   9923706.109654164-2173159.164389636i              1.1249088403900249E7
0                         2.3098085893514593E-7    -2.1561755776330025E-7   9819845.626120673-2157388.16875629i               1.1392145843558984E7
0                         2.3098085893514593E-7    -1.996458868178706E-7    9142063.910283497-2015295.7397256158i             1.0877678825732004E7
0                         2.3098085893514593E-7    -1.8367421587244096E-7   8894948.185100941-1964096.8814056362i             1.0900527284477612E7
0                         2.3098085893514593E-7    -1.677025449270113E-7    8573504.96172743-1891466.8557138836i              1.0750472805086222E7
0                         2.3098085893514593E-7    -1.5173087398158168E-7   2.920497789732691E7-6290846.479822582i            3.0000103695363943E7
0                         2.3098085893514593E-7    -1.3575920303615201E-7   2.9691604727448322E7-6399281.136292253i           3.0484347801789228E7
0                         2.3098085893514593E-7    -1.1978753209072235E-7   3.013112781265551E7-6498806.121487977i            3.092093253309684E7
0                         2.3098085893514593E-7    -1.0381586114529273E-7   3.046254698319252E7-6574529.403586683i            3.1254991754463904E7
0                         2.3098085893514593E-7    -8.784419019986307E-8    3.076157456405968E7-6644100.241334096i            3.1539411300881203E7
0                         2.3098085893514593E-7    -7.187251925443345E-8    3.1033695103443343E7-6706451.179814195i           3.1796405355379082E7
0                         2.3098085893514593E-7    -5.590084830900378E-8    3.1258632832723685E7-6755886.960660124i           3.2009649845741488E7
0                         2.3098085893514593E-7    -3.9929177363574116E-8   3.1428592529804826E7-6794294.54776504i            3.2171369057471115E7
0                         2.3098085893514593E-7    -2.39575064181445E-8     3.154544925817346E7-6822164.905279808i            3.228506357559364E7
0                         2.3098085893514593E-7    -7.985835472714834E-9    3.1735275654154018E7-6866501.172433924i           3.248015886427981E7
0                         2.3098085893514593E-7    7.985835472714834E-9     3.1545866587532718E7-6824953.653161113i           3.2277798730542004E7
0                         2.3098085893514593E-7    2.3957506418144448E-8    3.1461741097434945E7-6804846.065222467i           3.2193223319216035E7
0                         2.3098085893514593E-7    3.9929177363574116E-8    3.1441087154052336E7-6796548.3863847675i          3.2180696767507765E7
0                         2.3098085893514593E-7    5.590084830900378E-8     3.1362783660344604E7-6776631.4004865885i          3.2116251068258967E7
0                         2.3098085893514593E-7    7.18725192544334E-8      3.1227011910116166E7-6745142.874646448i           3.1999672248770837E7
0                         2.3098085893514593E-7    8.784419019986301E-8     3.0772469531145327E7-6642528.488820168i           3.1549152373544417E7
0                         2.3098085893514593E-7    1.0381586114529268E-7    3.048540896218949E7-6575177.977665748i            3.1260881810668748E7
0                         2.3098085893514593E-7    1.1978753209072235E-7    3.00835212935693E7-6481435.3531383285i            3.0866451099774927E7
0                         2.3098085893514593E-7    1.3575920303615201E-7    2.9632506084053144E7-6378343.045691283i           3.042358535694896E7
0                         2.3098085893514593E-7    1.5173087398158168E-7    2.913397577199893E7-6266207.6709190225i           2.993364239815797E7
0                         2.3098085893514593E-7    1.6770254492701124E-7    8458273.344301859-1867922.980010981i              1.0554052452638231E7
0                         2.3098085893514593E-7    1.836742158724409E-7     8899578.178751184-1961580.5340556419i             1.102784341017529E7
0                         2.3098085893514593E-7    1.9964588681787058E-7    9217573.693247423-2031093.157255104i              1.1005435664004302E7
0                         2.3098085893514593E-7    2.1561755776330025E-7    9854787.304603525-2167001.1632219604i             1.1510400175149914E7
0                         2.3098085893514593E-7    2.3158922870872991E-7    9957153.989193007-2179633.063355873i              1.1332529655556483E7
0                         2.3098085893514593E-7    2.475608996541595E-7     9774420.051168028-2131919.005148323i              1.081667877044326E7
0                         2.3098085893514593E-7    2.6353257059958914E-7    9445402.652119095-2053593.4996662214i             1.019796557911091E7
0                         2.3098085893514593E-7    2.795042415450188E-7     8871824.468548005-1923078.7936318107i             9410454.6438836
0                         2.3098085893514593E-7    2.954759124904485E-7     7973477.364899554-1722900.3129158283i             8346325.716773284
0                         2.3098085893514593E-7    3.1144758343587815E-7    6967116.394092285-1500664.1418936355i             7205876.645383642
0                         2.3098085893514593E-7    3.274192543813078E-7     5674148.459693791-1219343.1560450718i             5830348.053424263
0                         2.3098085893514593E-7    3.433909253267374E-7     4404208.725763809-946464.3298148268i              4511080.5203720275
0                         2.3098085893514593E-7    3.5936259627216704E-7    3085857.269178032-663532.9598422615i              3181591.2457752605
0                         2.3098085893514593E-7    3.753342672175967E-7     1570112.0858743463-336935.61025517446i            1847344.7292588116
0                         2.3098085893514593E-7    3.913059381630264E-7     2638.5857811284377-160.86729589619688i            1407242.554765332
0                         2.4637958286415564E-7    -3.913059381630264E-7    26651.98120256386-5976.180337815593i              2578313.894750864
0                         2.4637958286415564E-7    -3.753342672175967E-7    1521469.5810079302-328719.23816619156i            2670875.666085297
0                         2.4637958286415564E-7    -3.593625962721671E-7    2922764.5952173634-630410.0247126904i             3502081.4045191486
0                         2.4637958286415564E-7    -3.4339092532673743E-7   4288108.4535746025-924651.5151296572i             4636550.681498238
0                         2.4637958286415564E-7    -3.2741925438130776E-7   5617501.156079648-1211443.7094170917i             5876424.303582516
0                         2.4637958286415564E-7    -3.1144758343587815E-7   6676374.639747868-1440112.819508658i              6885491.762881089
0                         2.4637958286415564E-7    -2.954759124904485E-7    7526331.362401741-1627284.0748042895i             7741926.01347699
0                         2.4637958286415564E-7    -2.7950424154501886E-7   8293210.429595658-1799377.2235345207i             8542021.847258862
0                         2.4637958286415564E-7    -2.635325705995892E-7    8856689.24876122-1927456.504798215i               9236710.07983497
0                         2.4637958286415564E-7    -2.4756089965415953E-7   9290755.19368713-2028691.4446312545i              9863757.611662699
0                         2.4637958286415564E-7    -2.3158922870872991E-7   9384079.017532298-2055852.5758541704i             1.0124203676763777E7
0                         2.4637958286415564E-7    -2.1561755776330025E-7   9119111.020067625-2005918.39095953i               9983686.467144934
0                         2.4637958286415564E-7    -1.996458868178706E-7    9010803.17883356-1984794.0333650226i              1.0067709704987587E7
0                         2.4637958286415564E-7    -1.8367421587244096E-7   8788036.842376594-1939535.044216208i              1.0072497624088233E7
0                         2.4637958286415564E-7    -1.677025449270113E-7    8488083.803673856-1873208.979245707i              9976118.6056749
0                         2.4637958286415564E-7    -1.5173087398158168E-7   8132220.385439842-1794873.490671945i              9608086.700342745
0                         2.4637958286415564E-7    -1.3575920303615201E-7   7676937.126930354-1695319.769819835i              9118962.816205662
0                         2.4637958286415564E-7    -1.1978753209072235E-7   7126107.420625727-1575445.7091402803i             8510510.386419687
0                         2.4637958286415564E-7    -1.0381586114529273E-7   3.0593481956210233E7-6613654.531098652i           3.141352104172358E7
0                         2.4637958286415564E-7    -8.784419019986307E-8    3.0895410893959634E7-6684284.034413116i           3.1695611745876215E7
0                         2.4637958286415564E-7    -7.187251925443345E-8    3.1179830514675647E7-6746250.825712152i           3.195894696711608E7
0                         2.4637958286415564E-7    -5.590084830900378E-8    3.1401815784382164E7-6795026.617261292i           3.2165994799874265E7
0                         2.4637958286415564E-7    -3.9929177363574116E-8   3.1569054039471384E7-6832815.282671127i           3.2322540672687154E7
0                         2.4637958286415564E-7    -2.39575064181445E-8     3.1651951137308266E7-6853664.45800127i            3.2397441632281266E7
0                         2.4637958286415564E-7    -7.985835472714834E-9    3.1630589425050307E7-6853002.754046041i           3.2371280471665088E7
0                         2.4637958286415564E-7    7.985835472714834E-9     3.1760259021873828E7-6882267.02671651i            3.250489102743875E7
0                         2.4637958286415564E-7    2.3957506418144448E-8    3.1630811450391315E7-6848855.048087155i           3.2370157611442003E7
0                         2.4637958286415564E-7    3.9929177363574116E-8    3.161431523430577E7-6841604.997799719i            3.2365127713519204E7
0                         2.4637958286415564E-7    5.590084830900378E-8     3.1331040301042672E7-6775421.258155033i           3.2092737717950262E7
0                         2.4637958286415564E-7    7.18725192544334E-8      3.1139720311313353E7-6731575.903942919i           3.192030998170569E7
0                         2.4637958286415564E-7    8.784419019986301E-8     3.0877840605276853E7-6672556.687770006i           3.1675770311844997E7
0                         2.4637958286415564E-7    1.0381586114529268E-7    3.0626314845436797E7-6614638.986496704i           3.142287094575154E7
0                         2.4637958286415564E-7    1.1978753209072235E-7    6885818.188246163-1525633.1710530836i             8367994.635242537
0                         2.4637958286415564E-7    1.3575920303615201E-7    7528239.143316118-1664761.9271997688i             8991054.811438387
0                         2.4637958286415564E-7    1.5173087398158168E-7    8044773.511034785-1777130.288829674i              9476851.805471767
0                         2.4637958286415564E-7    1.6770254492701124E-7    8437665.137140606-1863156.6982255802i             9828882.998167781
0                         2.4637958286415564E-7    1.836742158724409E-7     8779242.093140356-1935940.55362604i               1.0148054364809055E7
0                         2.4637958286415564E-7    1.9964588681787058E-7    9037861.132351052-1989918.321507222i              1.013858788716525E7
0                         2.4637958286415564E-7    2.1561755776330025E-7    9130569.281755667-2006638.4891050567i             1.001688967110391E7
0                         2.4637958286415564E-7    2.3158922870872991E-7    9169505.64688362-2009639.9436937887i              9883170.887659071
0                         2.4637958286415564E-7    2.475608996541595E-7     9286041.006301917-2027851.1384768789i             9837796.942832682
0                         2.4637958286415564E-7    2.6353257059958914E-7    8914293.257504411-1940182.1541098568i             9273906.61223472
0                         2.4637958286415564E-7    2.795042415450188E-7     8304050.78085906-1801491.997994803i               8587414.93847575
0                         2.4637958286415564E-7    2.954759124904485E-7     7382360.207973842-1595752.75707064i               7584935.754500381
0                         2.4637958286415564E-7    3.1144758343587815E-7    6605999.170266177-1424713.7618905914i             6814125.158545768
0                         2.4637958286415564E-7    3.274192543813078E-7     5395087.752590849-1162982.198144665i              5632031.537256372
0                         2.4637958286415564E-7    3.433909253267374E-7     4135764.612259753-891198.0906564236i              4478884.941555239
0                         2.4637958286415564E-7    3.5936259627216704E-7    2828029.7492728652-609361.4394258629i             3439898.0064690155
0                         2.4637958286415564E-7    3.753342672175967E-7     1471883.1636301936-317472.24445298384i            2725932.703224211
0                         2.4637958286415564E-7    3.913059381630264E-7     -26651.981202551564+5976.18033781303i             2777028.6137589016
0                         2.6177830679316536E-7    -3.913059381630264E-7    1060.4440479783398-605.2893266796981i             3992858.325029127
0                         2.6177830679316536E-7    -3.753342672175967E-7    1359230.3419027212-293998.3075810687i             3880752.7846273878
0                         2.6177830679316536E-7    -3.593625962721671E-7    2747981.0716310474-594235.1979190323i             4304353.386551948
0                         2.6177830679316536E-7    -3.4339092532673743E-7   4100780.645507182-887022.7921274641i              5105938.5296262195
0                         2.6177830679316536E-7    -3.2741925438130776E-7   5193444.73655469-1123330.142240975i               5937819.130737925
0                         2.6177830679316536E-7    -3.1144758343587815E-7   6310122.162288487-1365376.3822162547i             6830217.545024954
0                         2.6177830679316536E-7    -2.954759124904485E-7    7368656.754888375-1595224.0876872528i             7767534.480511802
0                         2.6177830679316536E-7    -2.7950424154501886E-7   7918670.525816497-1723673.0579163723i             8182618.318376311
0                         2.6177830679316536E-7    -2.635325705995892E-7    8465711.553366914-1846876.4827976476i             8694621.687042803
0                         2.6177830679316536E-7    -2.4756089965415953E-7   8616080.117239827-1888352.4367709185i             8871348.811437167
0                         2.6177830679316536E-7    -2.3158922870872991E-7   8930636.048141317-1960087.2230243764i             9271777.675913766
0                         2.6177830679316536E-7    -2.1561755776330025E-7   8959610.158211982-1968702.6561942433i             9393422.657994235
0                         2.6177830679316536E-7    -1.996458868178706E-7    8874945.567366257-1953359.5950481645i             9433900.255355103
0                         2.6177830679316536E-7    -1.8367421587244096E-7   8676296.969023656-1913984.6834738953i             9397255.708773043
0                         2.6177830679316536E-7    -1.677025449270113E-7    8395739.165267842-1853475.7862797987i             9312933.757153189
0                         2.6177830679316536E-7    -1.5173087398158168E-7   8078477.439764061-1784052.8949345672i             8985151.300124869
0                         2.6177830679316536E-7    -1.3575920303615201E-7   7664480.415175794-1694017.7926478644i             8540473.695207717
0                         2.6177830679316536E-7    -1.1978753209072235E-7   7154446.076948822-1581321.0050115834i             7959129.80212107
0                         2.6177830679316536E-7    -1.0381586114529273E-7   6667670.711021084-1474773.2782636343i             7404773.3422357235
0                         2.6177830679316536E-7    -8.784419019986307E-8    6671267.342002484-1462853.917243018i              7503408.294493561
0                         2.6177830679316536E-7    -7.187251925443345E-8    6727132.255159659-1469895.075535652i              7282771.090606395
0                         2.6177830679316536E-7    -5.590084830900378E-8    6619786.728065178-1442924.0339567135i             7084863.924940946
0                         2.6177830679316536E-7    -3.9929177363574116E-8   6437097.802169376-1400054.5041965323i             6818263.85668839
0                         2.6177830679316536E-7    -2.39575064181445E-8     3.175732813355976E7-6884799.609344758i            3.25091931601404E7
0                         2.6177830679316536E-7    -7.985835472714834E-9    3.173406246710612E7-6883693.1523601515i           3.247930840120472E7
0                         2.6177830679316536E-7    7.985835472714834E-9     3.1942343896026738E7-6930499.778665975i           3.269278293245421E7
0                         2.6177830679316536E-7    2.3957506418144448E-8    3.2002067494304627E7-6939598.7534877965i          3.275959761259698E7
0                         2.6177830679316536E-7    3.9929177363574116E-8    6562971.618632052-1430824.6280596077i             6899319.169539582
0                         2.6177830679316536E-7    5.590084830900378E-8     6776752.23256655-1480437.8747560217i              7191905.570600911
0                         2.6177830679316536E-7    7.18725192544334E-8      6905551.889335923-1511812.8542504811i             7402398.59595578
0                         2.6177830679316536E-7    8.784419019986301E-8     7187931.169028399-1575720.2916250443i             8137556.801437939
0                         2.6177830679316536E-7    1.0381586114529268E-7    6733725.977174138-1485261.8660379646i             7658238.598405229
0                         2.6177830679316536E-7    1.1978753209072235E-7    7011548.737062214-1554407.9017423484i             7865058.651124046
0                         2.6177830679316536E-7    1.3575920303615201E-7    7598485.456187191-1680855.4964082933i             8458190.299792891
0                         2.6177830679316536E-7    1.5173087398158168E-7    8065282.828270073-1781841.0858048468i             8916072.539170632
0                         2.6177830679316536E-7    1.6770254492701124E-7    8413677.588761728-1857669.9808834665i             9242714.400302788
0                         2.6177830679316536E-7    1.836742158724409E-7     8654146.479858723-1909300.7929756066i             9421957.255475799
0                         2.6177830679316536E-7    1.9964588681787058E-7    8870432.249696383-1952680.3175633592i             9458101.960169284
0                         2.6177830679316536E-7    2.1561755776330025E-7    8947413.914775437-1965209.9619408697i             9390955.655398235
0                         2.6177830679316536E-7    2.3158922870872991E-7    8879239.04300801-1946541.2625159568i              9208306.664654043
0                         2.6177830679316536E-7    2.475608996541595E-7     8773057.09515506-1920489.598376961i               9031445.957032405
0                         2.6177830679316536E-7    2.6353257059958914E-7    8485272.532779327-1852657.5547314503i             8719780.839583222
0                         2.6177830679316536E-7    2.795042415450188E-7     8571676.349749885-1858374.1440290723i             8915772.320741992
0                         2.6177830679316536E-7    2.954759124904485E-7     7468204.97098501-1617842.386509786i               7859032.369391232
0                         2.6177830679316536E-7    3.1144758343587815E-7    6316321.869564351-1367258.085248181i              6812244.356113798
0                         2.6177830679316536E-7    3.274192543813078E-7     5116027.045487913-1106621.2402442591i             5810653.956457048
0                         2.6177830679316536E-7    3.433909253267374E-7     3867320.498755701-835931.8514980215i              4918951.537707689
0                         2.6177830679316536E-7    3.5936259627216704E-7    2623859.0558036417-565821.408164868i              4295802.904222754
0                         2.6177830679316536E-7    3.753342672175967E-7     1332375.0837195413-286982.5395730882i             4034635.595094131
0                         2.6177830679316536E-7    3.913059381630264E-7     -1060.4440479667737+605.2893266774114i            4250197.955481858
0                         2.771770307221751E-7     -3.913059381630264E-7    22200.589308353607-5226.934274204671i             5564845.429865155
0                         2.771770307221751E-7     -3.753342672175967E-7    1305099.1285530906-282459.9460173559i             5381499.38714256
0                         2.771770307221751E-7     -3.593625962721671E-7    2573197.5480447337-558060.3711253747i             5363508.225285248
0                         2.771770307221751E-7     -3.4339092532673743E-7   3558861.8517915076-772555.8215200638i             5874240.580192454
0                         2.771770307221751E-7     -3.2741925438130776E-7   4713603.624048441-1023787.8078310938i             6334321.636954852
0                         2.771770307221751E-7     -3.1144758343587815E-7   5810202.563171456-1262821.2596378415i             6961785.924608215
0                         2.771770307221751E-7     -2.954759124904485E-7    6790241.71428396-1478000.676801727i               7659214.369712535
0                         2.771770307221751E-7     -2.7950424154501886E-7   7777317.966247406-1694072.772775636i              8445574.992521415
0                         2.771770307221751E-7     -2.635325705995892E-7    8044849.895572469-1759383.4323963108i             8469985.27971183
0                         2.771770307221751E-7     -2.4756089965415953E-7   8466606.55807504-1853269.015150306i               8760623.571078952
0                         2.771770307221751E-7     -2.3158922870872991E-7   8647717.990191128-1895285.5185375991i             8901938.352497764
0                         2.771770307221751E-7     -2.1561755776330025E-7   8720290.961137963-1914289.1907393541i             8973596.249466112
0                         2.771770307221751E-7     -1.996458868178706E-7    8684325.470915547-1910280.0317555706i             8974444.854480183
0                         2.771770307221751E-7     -1.8367421587244096E-7   8559718.32259022-1887438.846002358i               8928887.543708282
0                         2.771770307221751E-7     -1.677025449270113E-7    8296622.484323433-1832293.8203079384i             8806688.880963167
0                         2.771770307221751E-7     -1.5173087398158168E-7   8016783.583653069-1771518.378961012i              8517435.05797357
0                         2.771770307221751E-7     -1.3575920303615201E-7   7688108.016445861-1699512.2444044107i             8169635.330190847
0                         2.771770307221751E-7     -1.1978753209072235E-7   7160265.218229781-1582474.460728579i              7592335.55453169
0                         2.771770307221751E-7     -1.0381586114529273E-7   7033769.110576721-1552717.7941480135i             7522598.534696714
0                         2.771770307221751E-7     -8.784419019986307E-8    6820558.76524064-1504040.1496089697i              7375352.895207486
0                         2.771770307221751E-7     -7.187251925443345E-8    6763469.771334602-1488333.4293176606i             7198080.966073356
0                         2.771770307221751E-7     -5.590084830900378E-8    6661247.868582511-1463011.166039893i              7034171.862696784
0                         2.771770307221751E-7     -3.9929177363574116E-8   6484360.675812941-1421952.1255373142i             6803222.6472204
0                         2.771770307221751E-7     -2.39575064181445E-8     6230900.10678663-1363480.0475395576i              6510334.842476415
0                         2.771770307221751E-7     -7.985835472714834E-9    6048367.260852679-1323623.8657102415i             6282813.686086954
0                         2.771770307221751E-7     7.985835472714834E-9     6194096.072156275-1355520.5133253993i             6433389.233782844
0                         2.771770307221751E-7     2.3957506418144448E-8    6344745.998920957-1388380.9514542907i             6639339.256678103
0                         2.771770307221751E-7     3.9929177363574116E-8    6544675.55702103-1435801.0426352639i              6833640.762971388
0                         2.771770307221751E-7     5.590084830900378E-8     6668416.10700451-1464568.6379210986i              6964049.835849202
0                         2.771770307221751E-7     7.18725192544334E-8      6872809.103243114-1513497.067047836i              7256023.935120361
0                         2.771770307221751E-7     8.784419019986301E-8     7052354.9258300895-1554940.5699132625i            7673328.823996539
0                         2.771770307221751E-7     1.0381586114529268E-7    7368037.516226316-1624353.0230699638i             7973655.315107797
0                         2.771770307221751E-7     1.1978753209072235E-7    7642527.653810116-1686032.4427567828i             8174972.275270202
0                         2.771770307221751E-7     1.3575920303615201E-7    7736869.021917503-1708608.4499498317i             8205958.312367556
0                         2.771770307221751E-7     1.5173087398158168E-7    8081735.532911001-1785685.2905988127i             8542327.934438363
0                         2.771770307221751E-7     1.6770254492701124E-7    8386324.130641362-1851463.3416753872i             8840431.84604981
0                         2.771770307221751E-7     1.836742158724409E-7     8579259.666542318-1893529.2817298614i             9018161.759644585
0                         2.771770307221751E-7     1.9964588681787058E-7    8694599.633433793-1913601.9829115272i             8992639.072713433
0                         2.771770307221751E-7     2.1561755776330025E-7    8791596.61518999-1929667.085090311i               9048150.296319943
0                         2.771770307221751E-7     2.3158922870872991E-7    8778742.543060193-1922485.179733149i              9041463.092807453
0                         2.771770307221751E-7     2.475608996541595E-7     8656037.417044412-1892056.2668400425i             8972983.22271405
0                         2.771770307221751E-7     2.6353257059958914E-7    8033781.271942462-1750283.5525798514i             8466978.438158479
0                         2.771770307221751E-7     2.795042415450188E-7     7284021.614021293-1586329.0351641148i             8053046.075061768
0                         2.771770307221751E-7     2.954759124904485E-7     6477839.230903597-1410983.5923204387i             7407539.977535783
0                         2.771770307221751E-7     3.1144758343587815E-7    6026644.56886253-1309802.4086057714i              7099251.255481029
0                         2.771770307221751E-7     3.274192543813078E-7     4997988.175138792-1084551.5564148147i             6458456.88567423
0                         2.771770307221751E-7     3.433909253267374E-7     3805868.317552128-825230.3742045406i              5869173.278436008
0                         2.771770307221751E-7     3.5936259627216704E-7    2571796.904282043-557160.2316862786i              5517499.477881577
0                         2.771770307221751E-7     3.753342672175967E-7     1295773.9353285537-280341.128860031i              5479564.978648813
0                         2.771770307221751E-7     3.913059381630264E-7     -22200.58930834192+5226.934274202407i             5790845.593258091
0                         2.9257575465118484E-7    -3.913059381630264E-7    43340.73456872897-9848.579221729668i              7102517.863438376
0                         2.9257575465118484E-7    -3.753342672175967E-7    1308194.4039413682-284553.37193401874i            6866447.175913438
0                         2.9257575465118484E-7    -3.593625962721671E-7    1906293.10711597-415608.5426319329i               6908169.271134812
0                         2.9257575465118484E-7    -3.4339092532673743E-7   3561732.4676630045-779031.2276069319i             7030235.369482272
0                         2.9257575465118484E-7    -3.2741925438130776E-7   4399879.103902544-962183.9229614895i              7185393.937366397
0                         2.9257575465118484E-7    -3.1144758343587815E-7   5183980.269588775-1133873.471777468i              7425071.648178276
0                         2.9257575465118484E-7    -2.954759124904485E-7    5914035.964721701-1294099.874054868i              7724160.349834126
0                         2.9257575465118484E-7    -2.7950424154501886E-7   6687169.711241454-1462490.33511866i               8161403.065685213
0                         2.9257575465118484E-7    -2.635325705995892E-7    7372134.181615309-1615916.5272757236i             8381239.887930985
0                         2.9257575465118484E-7    -2.4756089965415953E-7   7690776.705110663-1693169.096478548i              8346517.568346078
0                         2.9257575465118484E-7    -2.3158922870872991E-7   8085200.797640765-1780517.835081015i              8585123.46714867
0                         2.9257575465118484E-7    -2.1561755776330025E-7   8396980.1922353-1850055.0822012445i               8788491.595829528
0                         2.9257575465118484E-7    -1.996458868178706E-7    8584017.289192216-1888192.6625998686i             8905205.305515444
0                         2.9257575465118484E-7    -1.8367421587244096E-7   8455901.7969477-1865502.6899188508i               8743261.733625269
0                         2.9257575465118484E-7    -1.677025449270113E-7    8499280.924336737-1882801.263496737i              8897601.710165817
0                         2.9257575465118484E-7    -1.5173087398158168E-7   6783597.33256667-1505446.17001023i                7075388.660988048
0                         2.9257575465118484E-7    -1.3575920303615201E-7   7339684.120182591-1630617.3111568245i             7599153.641197754
0                         2.9257575465118484E-7    -1.1978753209072235E-7   7303023.02658449-1621051.7687312493i              7591990.7374119265
0                         2.9257575465118484E-7    -1.0381586114529273E-7   7179777.42247312-1592594.7257009582i              7505547.601457132
0                         2.9257575465118484E-7    -8.784419019986307E-8    6969827.440489221-1545219.9409186083i             7341370.353240416
0                         2.9257575465118484E-7    -7.187251925443345E-8    6800757.102517467-1506773.5281087738i             7150254.208270458
0                         2.9257575465118484E-7    -5.590084830900378E-8    6703596.139897471-1483071.678313139i              7017972.780319482
0                         2.9257575465118484E-7    -3.9929177363574116E-8   6532434.937721464-1443791.1218949086i             6820293.346371137
0                         2.9257575465118484E-7    -2.39575064181445E-8     6283920.992816139-1388281.894226076i              6559732.245223976
0                         2.9257575465118484E-7    -7.985835472714834E-9    6030382.644716783-1328767.451902532i              6357820.132461693
0                         2.9257575465118484E-7    7.985835472714834E-9     6016471.992825818-1325571.6611284586i             6344865.39324284
0                         2.9257575465118484E-7    2.3957506418144448E-8    6330598.917324789-1398965.441962603i              6633916.94685927
0                         2.9257575465118484E-7    3.9929177363574116E-8    6531845.572452766-1443766.218525355i              6807073.972617112
0                         2.9257575465118484E-7    5.590084830900378E-8     6653799.917447356-1471601.2407987271i             6914024.803386051
0                         2.9257575465118484E-7    7.18725192544334E-8      6699459.300363897-1483074.3649606002i             6953797.849519136
0                         2.9257575465118484E-7    8.784419019986301E-8     6916949.455024003-1534189.7695388894i             7304024.239363026
0                         2.9257575465118484E-7    1.0381586114529268E-7    7232874.064625609-1602910.44443819i               7596407.087713854
0                         2.9257575465118484E-7    1.1978753209072235E-7    7508873.171694099-1664187.6350046992i             7831648.243130617
0                         2.9257575465118484E-7    1.3575920303615201E-7    7694714.677257617-1705910.80336138i               7989365.0768693015
0                         2.9257575465118484E-7    1.5173087398158168E-7    7804092.101954402-1731235.4313983368i             8085362.3875791505
0                         2.9257575465118484E-7    1.6770254492701124E-7    7837401.754937983-1739670.6155233914i             8117553.597636024
0                         2.9257575465118484E-7    1.836742158724409E-7     8450772.890276372-1865704.7569113078i             8727999.516742535
0                         2.9257575465118484E-7    1.9964588681787058E-7    8627149.48981165-1898300.3976369428i              8939938.819543678
0                         2.9257575465118484E-7    2.1561755776330025E-7    8662778.38908101-1896866.5438120933i              9057485.766673056
0                         2.9257575465118484E-7    2.3158922870872991E-7    8306580.002398331-1817551.8953663383i             8820032.902723838
0                         2.9257575465118484E-7    2.475608996541595E-7     7873764.999209727-1721749.817173467i              8559400.644861843
0                         2.9257575465118484E-7    2.6353257059958914E-7    7364333.379515197-1609460.3092334785i             8286006.920619205
0                         2.9257575465118484E-7    2.795042415450188E-7     6680699.4543708945-1459659.6127930435i            8235494.0607163
0                         2.9257575465118484E-7    2.954759124904485E-7     5891314.631889359-1286359.9361424174i             7751678.922136288
0                         2.9257575465118484E-7    3.1144758343587815E-7    5120797.267084303-1118295.7922327858i             7399010.570348669
0                         2.9257575465118484E-7    3.274192543813078E-7     4302381.655346279-940094.3445573472i              7106755.334600787
0                         2.9257575465118484E-7    3.433909253267374E-7     3436067.7966752937-751755.593116103i              6900667.566126154
0                         2.9257575465118484E-7    3.5936259627216704E-7    2519734.752760444-548499.0552076894i              6823528.434449351
0                         2.9257575465118484E-7    3.753342672175967E-7     1259172.786937567-273699.71814697393i             6927814.247113343
0                         2.9257575465118484E-7    3.913059381630264E-7     -43340.73456871713+9848.579221727414i             7302117.250060027
0                         3.0797447858019456E-7    -3.913059381630264E-7    7789.17413219808-1925.759199501488i               8435515.958483648
0                         3.0797447858019456E-7    -3.753342672175967E-7    1189857.5060607798-260923.02627669496i            8379519.404358803
0                         3.0797447858019456E-7    -3.593625962721671E-7    2167562.4789113197-473251.98248832824i            8283084.883568296
0                         3.0797447858019456E-7    -3.4339092532673743E-7   3152082.4889202844-687036.1989435973i             8339831.402946567
0                         3.0797447858019456E-7    -3.2741925438130776E-7   3946848.4804937053-862578.5874138724i             8298123.778337988
0                         3.0797447858019456E-7    -3.1144758343587815E-7   4687569.001513817-1026657.8293455695i             8331726.470571922
0                         3.0797447858019456E-7    -2.954759124904485E-7    5374244.051980625-1179273.924738688i              8424774.779202536
0                         3.0797447858019456E-7    -2.7950424154501886E-7   6006873.631894121-1320426.8735932265i             8561675.586485736
0                         3.0797447858019456E-7    -2.635325705995892E-7    6608474.2606259165-1452157.9564552547i            8501326.946703808
0                         3.0797447858019456E-7    -2.4756089965415953E-7   7125193.575771484-1563501.133235104i              8591398.35598655
0                         3.0797447858019456E-7    -2.3158922870872991E-7   7371222.573161625-1624892.5314231513i             8415576.107632266
0                         3.0797447858019456E-7    -2.1561755776330025E-7   7659109.114438364-1690551.9659454091i             8463974.591398785
0                         3.0797447858019456E-7    -1.996458868178706E-7    7864350.957779526-1738399.9089854285i             8484221.334066764
0                         3.0797447858019456E-7    -1.8367421587244096E-7   7986948.103185109-1768436.3605432087i             8470179.412354982
0                         3.0797447858019456E-7    -1.677025449270113E-7    8057165.973034709-1786601.9267591771i             8478488.560556615
0                         3.0797447858019456E-7    -1.5173087398158168E-7   7563407.404104605-1688332.1449966242i             7940022.142780846
0                         3.0797447858019456E-7    -1.3575920303615201E-7   7479180.242664355-1667892.4699563042i             7739264.972059104
0                         3.0797447858019456E-7    -1.1978753209072235E-7   7445759.2509358125-1659623.0971244178i            7704908.736170053
0                         3.0797447858019456E-7    -1.0381586114529273E-7   7325763.579071675-1632465.4508858165i             7593094.663979285
0                         3.0797447858019456E-7    -8.784419019986307E-8    7119073.386800715-1586393.2982549514i             7404497.085002827
0                         3.0797447858019456E-7    -7.187251925443345E-8    6825568.611705508-1521380.3574594154i             7140707.461207713
0                         3.0797447858019456E-7    -5.590084830900378E-8    6746810.822227703-1503108.3779318337i             7037012.006977383
0                         3.0797447858019456E-7    -3.9929177363574116E-8   6581300.871429098-1465575.1141154885i             6869710.818770053
0                         3.0797447858019456E-7    -2.39575064181445E-8     6459573.057971118-1438409.1276966557i             6717678.1828202745
0                         3.0797447858019456E-7    -7.985835472714834E-9    6428924.311172442-1431658.889659233i              6668343.805926467
0                         3.0797447858019456E-7    7.985835472714834E-9     6402600.760432459-1425814.3432826898i             6646784.800799562
0                         3.0797447858019456E-7    2.3957506418144448E-8    6480199.6585679725-1443052.4690081407i            6794133.546263202
0                         3.0797447858019456E-7    3.9929177363574116E-8    6520167.124402222-1451853.6642494537i             6810312.30181844
0                         3.0797447858019456E-7    5.590084830900378E-8     6640329.410186689-1478763.0356651852i             6896991.07381303
0                         3.0797447858019456E-7    7.18725192544334E-8      6684457.596300283-1489382.5451059844i             6917467.200884457
0                         3.0797447858019456E-7    8.784419019986301E-8     6691969.710819731-1492123.1510591502i             6907301.089877424
0                         3.0797447858019456E-7    1.0381586114529268E-7    7156273.938767277-1595181.6985318013i             7416348.044410665
0                         3.0797447858019456E-7    1.1978753209072235E-7    7460425.061123101-1661686.8974375397i             7730136.895131912
0                         3.0797447858019456E-7    1.3575920303615201E-7    7673802.955310365-1708487.5527410244i             7967015.228584957
0                         3.0797447858019456E-7    1.5173087398158168E-7    7796407.621329077-1735583.664442257i              8126101.004461572
0                         3.0797447858019456E-7    1.6770254492701124E-7    8090326.568433804-1794450.2375148162i             8512826.69469422
0                         3.0797447858019456E-7    1.836742158724409E-7     8041857.119595697-1779221.170906976i              8531527.967374166
0                         3.0797447858019456E-7    1.9964588681787058E-7    8080264.281339612-1784109.359669372i              8668171.926925046
0                         3.0797447858019456E-7    2.1561755776330025E-7    7834690.035943833-1727084.103034975i              8617592.202731809
0                         3.0797447858019456E-7    2.3158922870872991E-7    7512499.1740421215-1653571.4166534601i            8550736.294256037
0                         3.0797447858019456E-7    2.475608996541595E-7     7113691.695634497-1563571.3005248304i             8476407.893415537
0                         3.0797447858019456E-7    2.6353257059958914E-7    6638267.600720943-1457083.7546490827i             8405871.40894836
0                         3.0797447858019456E-7    2.795042415450188E-7     6043697.898060057-1326104.3903328227i             8655160.050497772
0                         3.0797447858019456E-7    2.954759124904485E-7     5367591.179375303-1176429.7815481692i             8457229.664314099
0                         3.0797447858019456E-7    3.1144758343587815E-7    4643586.213757592-1016617.8689977117i             8303981.240683228
0                         3.0797447858019456E-7    3.274192543813078E-7     3871683.0012069033-846668.6526814448i             8211359.080500394
0                         3.0797447858019456E-7    3.433909253267374E-7     3051881.5417232513-666582.1325993724i             8195771.476241143
0                         3.0797447858019456E-7    3.5936259627216704E-7    2184181.8353066277-476358.3087514916i             8272747.001197803
0                         3.0797447858019456E-7    3.753342672175967E-7     1268583.8819570413-275997.18113780377i            8455377.264053863
0                         3.0797447858019456E-7    3.913059381630264E-7     -7789.174132203794+1925.7591995024118i            8457713.233242743
0                         3.2337320250920427E-7    -3.913059381630264E-7    3137.247498027407-828.0979558938044i              1.008906444664157E7
0                         3.2337320250920427E-7    -3.753342672175967E-7    827820.1085555481-178480.99550925486i             9778654.61982728
0                         3.2337320250920427E-7    -3.593625962721671E-7    1782992.4283724935-387897.4305322288i             9667396.602007326
0                         3.2337320250920427E-7    -3.4339092532673743E-7   2665962.351133682-581889.8049320368i              9563245.182799358
0                         3.2337320250920427E-7    -3.2741925438130776E-7   3493817.8570848648-762973.2518662561i             9513058.555900158
0                         3.2337320250920427E-7    -3.1144758343587815E-7   4191157.7334388616-919442.1869136709i             9386344.181289468
0                         3.2337320250920427E-7    -2.954759124904485E-7    4834452.1392395515-1064447.975422508i             9310789.441775562
0                         3.2337320250920427E-7    -2.7950424154501886E-7   5423701.074486927-1197990.617392764i              9275819.873323593
0                         3.2337320250920427E-7    -2.635325705995892E-7    5995057.692127936-1323647.0461325846i             8949106.96570176
0                         3.2337320250920427E-7    -2.4756089965415953E-7   6469366.264471423-1427691.8102352323i             8840687.8371932
0                         3.2337320250920427E-7    -2.3158922870872991E-7   6887175.414852831-1519091.3358213578i             8765483.753377488
0                         3.2337320250920427E-7    -2.1561755776330025E-7   7096773.198556059-1572021.8459895602i             8538593.77750019
0                         3.2337320250920427E-7    -1.996458868178706E-7    7279713.671804136-1616287.2118326072i             8407426.903939899
0                         3.2337320250920427E-7    -1.8367421587244096E-7   7201291.318752596-1601177.6190914316i             8127229.080640543
0                         3.2337320250920427E-7    -1.677025449270113E-7    7160804.108089061-1597451.8137108868i             8019551.442475447
0                         3.2337320250920427E-7    -1.5173087398158168E-7   7390077.943978175-1646636.842751182i              8095009.92269968
0                         3.2337320250920427E-7    -1.3575920303615201E-7   7409406.792761218-1656079.250267261i              7824371.824637531
0                         3.2337320250920427E-7    -1.1978753209072235E-7   7398889.154715927-1654323.5743512476i             7775061.728793312
0                         3.2337320250920427E-7    -1.0381586114529273E-7   7471727.599258387-1672329.9767190074i             7783532.035930193
0                         3.2337320250920427E-7    -8.784419019986307E-8    7268296.623219973-1627560.2286980075i             7564067.516403225
0                         3.2337320250920427E-7    -7.187251925443345E-8    6978060.946640414-1563852.9352081106i             7270378.871133808
0                         3.2337320250920427E-7    -5.590084830900378E-8    6570405.083567632-1473853.65031755i               6933527.7907112185
0                         3.2337320250920427E-7    -3.9929177363574116E-8   6564822.513216607-1472228.4564247767i             6880936.5237994725
0                         3.2337320250920427E-7    -2.39575064181445E-8     6489575.301212523-1455653.1846059307i             6764400.537080514
0                         3.2337320250920427E-7    -7.985835472714834E-9    6509335.855258757-1460105.4633069746i             6782756.717581841
0                         3.2337320250920427E-7    7.985835472714834E-9     6483300.83144048-1454333.973406163i               6761417.348254305
0                         3.2337320250920427E-7    2.3957506418144448E-8    6491736.522476022-1456090.1282545319i             6813281.848267451
0                         3.2337320250920427E-7    3.9929177363574116E-8    6509626.564391916-1460063.2337624906i             6843146.93171134
0                         3.2337320250920427E-7    5.590084830900378E-8     6627991.54297636-1486053.8466490093i              6913122.5273139905
0                         3.2337320250920427E-7    7.18725192544334E-8      6670582.181703232-1495826.0169056894i             6918187.036176259
0                         3.2337320250920427E-7    8.784419019986301E-8     6809384.665704583-1526744.1920161585i             7085175.224480312
0                         3.2337320250920427E-7    1.0381586114529268E-7    7153024.103542221-1602660.7796539462i             7472836.945794252
0                         3.2337320250920427E-7    1.1978753209072235E-7    7455697.010764621-1668122.3625336094i             7837716.245402479
0                         3.2337320250920427E-7    1.3575920303615201E-7    7667596.689818464-1713879.40181102i               8126826.027438505
0                         3.2337320250920427E-7    1.5173087398158168E-7    7641664.14096956-1704028.008347923i               8185552.23309269
0                         3.2337320250920427E-7    1.6770254492701124E-7    7609212.277284643-1692718.4850163967i             8297026.117770723
0                         3.2337320250920427E-7    1.836742158724409E-7     7354000.601541888-1636395.8634060253i             8236641.807618705
0                         3.2337320250920427E-7    1.9964588681787058E-7    7082430.169929171-1577505.6986991258i             8279355.284337706
0                         3.2337320250920427E-7    2.1561755776330025E-7    6814553.083611103-1518372.8202828043i             8378438.872151806
0                         3.2337320250920427E-7    2.3158922870872991E-7    6749452.838846503-1498953.5414637309i             8589086.865890391
0                         3.2337320250920427E-7    2.475608996541595E-7     6411169.7386347875-1420275.049849899i             8715686.62696337
0                         3.2337320250920427E-7    2.6353257059958914E-7    5997052.491765134-1325234.0644038043i             8851531.997694505
0                         3.2337320250920427E-7    2.795042415450188E-7     5406103.12874813-1192697.9225281442i              9377662.934882326
0                         3.2337320250920427E-7    2.954759124904485E-7     4843867.726861259-1066499.6269539231i             9330778.177298224
0                         3.2337320250920427E-7    3.1144758343587815E-7    4166375.160430872-914939.9457626357i              9340445.424132941
0                         3.2337320250920427E-7    3.274192543813078E-7     3440984.3470675224-753242.9608055415i             9402637.356756533
0                         3.2337320250920427E-7    3.433909253267374E-7     2667695.28677121-581408.6720826414i               9527936.510133397
0                         3.2337320250920427E-7    3.5936259627216704E-7    1846507.9795419187-399437.0795939326i             9726022.237693164
0                         3.2337320250920427E-7    3.753342672175967E-7     825426.802098617-177666.01354850823i              9789863.254042123
0                         3.2337320250920427E-7    3.913059381630264E-7     -3137.247498034469+828.0979558949988i             1.0106148033428743E7
0                         3.3877192643821404E-7    -3.913059381630264E-7    -1514.6791361432877+269.5632877138864i            1.1590951760709219E7
0                         3.3877192643821404E-7    -3.753342672175967E-7    745721.7655919394-162883.4685917893i              1.1262985906869257E7
0                         3.3877192643821404E-7    -3.593625962721671E-7    1480189.7462975648-323099.8719573228i             1.0990246719484065E7
0                         3.3877192643821404E-7    -3.4339092532673743E-7   2224301.5113203353-486140.7791798285i             1.0791662638410233E7
0                         3.3877192643821404E-7    -3.2741925438130776E-7   3012536.3839921607-661796.5717678098i             1.0658801007900659E7
0                         3.3877192643821404E-7    -3.1144758343587815E-7   3763126.995849138-829510.2563400712i              1.0584296257915186E7
0                         3.3877192643821404E-7    -2.954759124904485E-7    4294660.226498473-949622.0261063266i              1.0297156001080137E7
0                         3.3877192643821404E-7    -2.7950424154501886E-7   4857121.265348332-1077377.001274063i              9997949.482087763
0                         3.3877192643821404E-7    -2.635325705995892E-7    5315948.394343267-1181368.9903649918i             9544569.255530084
0                         3.3877192643821404E-7    -2.4756089965415953E-7   5745921.9120895015-1277466.300218133i             9259095.629981734
0                         3.3877192643821404E-7    -2.3158922870872991E-7   6119396.007873653-1360918.3715547512i             9002970.045850936
0                         3.3877192643821404E-7    -2.1561755776330025E-7   6393295.774635141-1425258.5356795648i             8747471.593234055
0                         3.3877192643821404E-7    -1.996458868178706E-7    6545695.370144213-1464342.5740639286i             8457687.615027891
0                         3.3877192643821404E-7    -1.8367421587244096E-7   6619457.954789334-1486366.6747772668i             8149273.848648458
0                         3.3877192643821404E-7    -1.677025449270113E-7    6752097.192642797-1516849.3845640188i             7917866.212513981
0                         3.3877192643821404E-7    -1.5173087398158168E-7   6965306.306356496-1564001.5666917814i             7885730.924469808
0                         3.3877192643821404E-7    -1.3575920303615201E-7   7127889.843360284-1599805.4820724912i             7851680.816717226
0                         3.3877192643821404E-7    -1.1978753209072235E-7   7208125.648498997-1619960.447981121i              7786770.406766979
0                         3.3877192643821404E-7    -1.0381586114529273E-7   7110593.005107072-1599813.5080660777i             7619566.288538258
0                         3.3877192643821404E-7    -8.784419019986307E-8    6927728.527405121-1561005.8066825732i             7382782.38995289
0                         3.3877192643821404E-7    -7.187251925443345E-8    6659532.21539315-1503537.3438306097i              7076217.2139394265
0                         3.3877192643821404E-7    -5.590084830900378E-8    6597665.695231587-1490277.5158407565i             6985081.93859236
0                         3.3877192643821404E-7    -3.9929177363574116E-8   6593441.193771885-1489029.5082866205i             6934051.646989245
0                         3.3877192643821404E-7    -2.39575064181445E-8     6519793.976454583-1472879.4714065199i             6819345.845153816
0                         3.3877192643821404E-7    -7.985835472714834E-9    6589747.399345071-1488552.0369547163i             6897888.082560171
0                         3.3877192643821404E-7    7.985835472714834E-9     6564000.902448499-1482853.6035296351i             6876431.65162246
0                         3.3877192643821404E-7    2.3957506418144448E-8    6503273.386384065-1469127.7875009216i             6837970.356900751
0                         3.3877192643821404E-7    3.9929177363574116E-8    6554986.18477523-1480137.8481672828i              6920461.141801553
0                         3.3877192643821404E-7    5.590084830900378E-8     6616773.616119243-1493473.5201975005i             6962214.058038447
0                         3.3877192643821404E-7    7.18725192544334E-8      6657820.913572743-1502404.5988031393i             6956062.436863027
0                         3.3877192643821404E-7    8.784419019986301E-8     6926799.620589437-1561365.2329731681i             7375727.106047985
0                         3.3877192643821404E-7    1.0381586114529268E-7    7149774.268317169-1610139.8607760915i             7678553.227522026
0                         3.3877192643821404E-7    1.1978753209072235E-7    7450968.960406142-1674557.8276296796i             8097846.737189524
0                         3.3877192643821404E-7    1.3575920303615201E-7    7082145.510192422-1591199.864408157i              7773870.166049143
0                         3.3877192643821404E-7    1.5173087398158168E-7    6943104.823921504-1557838.6427391788i             7797780.5350521095
0                         3.3877192643821404E-7    1.6770254492701124E-7    6875130.1705389945-1540872.1080327635i            7981065.573367541
0                         3.3877192643821404E-7    1.836742158724409E-7     6666144.083488077-1493570.5559050743i             8128462.98361516
0                         3.3877192643821404E-7    1.9964588681787058E-7    6430620.219231963-1441085.0440189946i             8336511.558997743
0                         3.3877192643821404E-7    2.1561755776330025E-7    6153531.663706441-1379115.823236262i              8568854.845648019
0                         3.3877192643821404E-7    2.3158922870872991E-7    5844554.483722707-1309236.9758555882i             8862210.803783003
0                         3.3877192643821404E-7    2.475608996541595E-7     5705267.384400159-1274988.2178678089i             9177546.02673848
0                         3.3877192643821404E-7    2.6353257059958914E-7    5327945.935828034-1186320.1797858123i             9489004.551722107
0                         3.3877192643821404E-7    2.795042415450188E-7     4848850.62281903-1076532.6672393067i              1.0073593811581178E7
0                         3.3877192643821404E-7    2.954759124904485E-7     4251523.957132788-941676.5975898842i              1.0317358540980054E7
0                         3.3877192643821404E-7    3.1144758343587815E-7    3689164.107104158-813262.0225275604i              1.0430098044075644E7
0                         3.3877192643821404E-7    3.274192543813078E-7     3010285.692928144-659817.2689296383i              1.0612289082144206E7
0                         3.3877192643821404E-7    3.433909253267374E-7     2216256.760407745-483373.0353701718i              1.0774302358804828E7
0                         3.3877192643821404E-7    3.5936259627216704E-7    1490997.7596880335-325324.8652070781i             1.0993565702046845E7
0                         3.3877192643821404E-7    3.753342672175967E-7     752750.399264167-164290.3745129257i               1.1270361179122945E7
0                         3.3877192643821404E-7    3.913059381630264E-7     1514.679136134884-269.5632877124185i              1.1603151844631141E7
0                         3.5417065036722375E-7    -3.913059381630264E-7    12619.322863402547-3056.03876911598i              1.2931083242222E7
0                         3.5417065036722375E-7    -3.753342672175967E-7    663623.4226283318-147285.9416743238i              1.2598973570717005E7
0                         3.5417065036722375E-7    -3.593625962721671E-7    1320644.987004515-293002.47936599836i             1.2296622563008536E7
0                         3.5417065036722375E-7    -3.4339092532673743E-7   1964898.0873582438-435782.38854370394i            1.2034778947258428E7
0                         3.5417065036722375E-7    -3.2741925438130776E-7   2596382.7236895175-575625.6692074409i             1.1813885767996093E7
0                         3.5417065036722375E-7    -3.1144758343587815E-7   3021215.4858795097-672484.0113551689i             1.1512892413917985E7
0                         3.5417065036722375E-7    -2.954759124904485E-7    3863140.1392543935-862349.3857560845i             1.1435458124625761E7
0                         3.5417065036722375E-7    -2.7950424154501886E-7   4229933.040455067-944213.0369444478i              1.0889351959108997E7
0                         3.5417065036722375E-7    -2.635325705995892E-7    4636839.096558602-1039090.9345973999i             1.0250154733677933E7
0                         3.5417065036722375E-7    -2.4756089965415953E-7   5022477.559707579-1127240.7902010337i             9816555.06658141
0                         3.5417065036722375E-7    -2.3158922870872991E-7   5351616.60089448-1202745.4072881448i              9404872.426631343
0                         3.5417065036722375E-7    -2.1561755776330025E-7   5624256.2201193-1265604.7858587333i               9011503.814198565
0                         3.5417065036722375E-7    -1.996458868178706E-7    5811677.068484289-1312397.9362952497i             8724656.345869632
0                         3.5417065036722375E-7    -1.8367421587244096E-7   5955372.995071836-1347004.8675742536i             8257821.73413985
0                         3.5417065036722375E-7    -1.677025449270113E-7    6157937.573659408-1394275.7142687703i             7874615.202643909
0                         3.5417065036722375E-7    -1.5173087398158168E-7   6297567.315190129-1427068.3312309487i             7665096.906586259
0                         3.5417065036722375E-7    -1.3575920303615201E-7   6438706.390773151-1459270.2548294626i             7523800.970379194
0                         3.5417065036722375E-7    -1.1978753209072235E-7   6514144.293765208-1476361.3040473007i             7364227.254758003
0                         3.5417065036722375E-7    -1.0381586114529273E-7   6523881.024166295-1478341.4788844632i             7182996.7868872
0                         3.5417065036722375E-7    -8.784419019986307E-8    6733598.67911497-1527181.6752513074i              7404435.945335163
0                         3.5417065036722375E-7    -7.187251925443345E-8    6463719.196066384-1469982.7098687727i             7053696.277391877
0                         3.5417065036722375E-7    -5.590084830900378E-8    6522323.108206602-1482965.949615841i              6952239.037309853
0                         3.5417065036722375E-7    -3.9929177363574116E-8   6622289.882491684-1505816.8593457607i             6997564.897895957
0                         3.5417065036722375E-7    -2.39575064181445E-8     6626385.788944798-1506737.5614908608i             6978486.087729455
0                         3.5417065036722375E-7    -7.985835472714834E-9    6670158.943431383-1516998.6106024575i             7012508.59076045
0                         3.5417065036722375E-7    7.985835472714834E-9     6644700.973456519-1511373.2336531077i             6990604.959749495
0                         3.5417065036722375E-7    2.3957506418144448E-8    6550011.8790202085-1489861.430642812i             6913017.79380553
0                         3.5417065036722375E-7    3.9929177363574116E-8    6568069.405257597-1493342.9025892927i             6965951.533434044
0                         3.5417065036722375E-7    5.590084830900378E-8     6551524.225840048-1488620.1305121651i             7008384.696033403
0                         3.5417065036722375E-7    7.18725192544334E-8      6646161.962278031-1509118.1292779495i             7030697.220475542
0                         3.5417065036722375E-7    8.784419019986301E-8     7044214.575474292-1595986.2739301769i             7765342.419495495
0                         3.5417065036722375E-7    1.0381586114529268E-7    6530997.504577666-1484049.2601566997i             7168198.818815082
0                         3.5417065036722375E-7    1.1978753209072235E-7    6411770.676102398-1455965.80569552i               7268071.981868812
0                         3.5417065036722375E-7    1.3575920303615201E-7    6364443.286518135-1441929.34924722i               7425845.788483779
0                         3.5417065036722375E-7    1.5173087398158168E-7    6289659.811864415-1424054.5885300206i             7627377.713393368
0                         3.5417065036722375E-7    1.6770254492701124E-7    6141048.063793351-1389025.7310491314i             7817335.524337781
0                         3.5417065036722375E-7    1.836742158724409E-7     5978287.565434269-1350745.2484041234i             8184985.077556828
0                         3.5417065036722375E-7    1.9964588681787058E-7    5778810.268534759-1304664.3893388642i             8547205.696779737
0                         3.5417065036722375E-7    2.1561755776330025E-7    5524371.201047844-1246090.5409183127i             8929152.961689593
0                         3.5417065036722375E-7    2.3158922870872991E-7    5221808.701083691-1176796.0806695926i             9357620.690702455
0                         3.5417065036722375E-7    2.475608996541595E-7     4895896.9875404285-1101285.956297055i             9821810.742959935
0                         3.5417065036722375E-7    2.6353257059958914E-7    4658839.379890941-1047406.2951678217i             1.026007662502882E7
0                         3.5417065036722375E-7    2.795042415450188E-7     4226206.234430358-945679.6502243682i              1.0933677033954812E7
0                         3.5417065036722375E-7    2.954759124904485E-7     3711348.6866663154-829056.0652515764i             1.1300013073688984E7
0                         3.5417065036722375E-7    3.1144758343587815E-7    3150319.449849751-698674.162132178i               1.1552610088818077E7
0                         3.5417065036722375E-7    3.274192543813078E-7     2623866.010182974-581639.3451290509i              1.1809456105383873E7
0                         3.5417065036722375E-7    3.433909253267374E-7     1988923.6986360524-441050.7957762091i             1.2032062105319526E7
0                         3.5417065036722375E-7    3.5936259627216704E-7    1340993.0273849708-297475.9258923072i             1.2296546858400356E7
0                         3.5417065036722375E-7    3.753342672175967E-7     680073.996429719-150914.73547734338i              1.260235761887213E7
0                         3.5417065036722375E-7    3.913059381630264E-7     -12619.322863389018+3056.0387691132146i           1.2922141479172254E7
0                         3.6956937429623347E-7    -3.913059381630264E-7    21721.243864704917-4911.232247993381i             1.4087113650177496E7
0                         3.6956937429623347E-7    -3.753342672175967E-7    659159.816700456-149156.7836557633i               1.381055413893776E7
0                         3.6956937429623347E-7    -3.593625962721671E-7    1161100.2277114722-262905.08677467576i            1.3459818537198134E7
0                         3.6956937429623347E-7    -3.4339092532673743E-7   1727906.9117357675-391185.1302785238i             1.3163207993902786E7
0                         3.6956937429623347E-7    -3.2741925438130776E-7   2190937.327997203-497134.52877709176i             1.295448481791558E7
0                         3.6956937429623347E-7    -3.1144758343587815E-7   2704634.7394312713-613754.9763954808i             1.2700178189727793E7
0                         3.6956937429623347E-7    -2.954759124904485E-7    3021159.4826010023-685597.7301943405i             1.225335629118127E7
0                         3.6956937429623347E-7    -2.7950424154501886E-7   3482211.543390875-791655.5037254547i              1.1662275926604567E7
0                         3.6956937429623347E-7    -2.635325705995892E-7    3957729.798773934-896812.878829808i               1.1015160470821302E7
0                         3.6956937429623347E-7    -2.4756089965415953E-7   4299033.20732566-977015.2801839345i               1.0460427057826566E7
0                         3.6956937429623347E-7    -2.3158922870872991E-7   4583837.193915307-1044572.4430215389i             9919862.594162518
0                         3.6956937429623347E-7    -2.1561755776330025E-7   4812141.758542876-1099484.367342621i              9390405.068229273
0                         3.6956937429623347E-7    -1.996458868178706E-7    5077658.766824366-1160453.2985265716i             9165325.866592247
0                         3.6956937429623347E-7    -1.8367421587244096E-7   5362838.920796952-1223482.8254253692i             8515122.390298888
0                         3.6956937429623347E-7    -1.677025449270113E-7    5563777.954676023-1271702.0439735227i             7949727.60387246
0                         3.6956937429623347E-7    -1.5173087398158168E-7   5688879.194538744-1302781.3695941097i             7643300.0978391655
0                         3.6956937429623347E-7    -1.3575920303615201E-7   5749522.9381860215-1318735.0275864345i            7309053.881484387
0                         3.6956937429623347E-7    -1.1978753209072235E-7   5803516.379757315-1332224.0850220777i             7042965.079300661
0                         3.6956937429623347E-7    -1.0381586114529273E-7   5791808.648737647-1330602.268077046i              6759744.483977377
0                         3.6956937429623347E-7    -8.784419019986307E-8    5714399.745127009-1313869.576751338i              6457529.110853882
0                         3.6956937429623347E-7    -7.187251925443345E-8    6471294.593595827-1480146.1971778558i             7039097.818942862
0                         3.6956937429623347E-7    -5.590084830900378E-8    6471231.155621494-1481507.1428288072i             6958990.645597467
0                         3.6956937429623347E-7    -3.9929177363574116E-8   6400987.956758976-1466931.6023972419i             6828224.916803052
0                         3.6956937429623347E-7    -2.39575064181445E-8     6706508.806109402-1535111.0786628702i             7095498.597499364
0                         3.6956937429623347E-7    -7.985835472714834E-9    6750570.487517697-1545445.184250199i              7125591.938286437
0                         3.6956937429623347E-7    7.985835472714834E-9     6725401.044464539-1539892.8637765804i             7102917.370914871
0                         3.6956937429623347E-7    2.3957506418144448E-8    6631000.476949933-1518454.1172420154i             7027717.0824174965
0                         3.6956937429623347E-7    3.9929177363574116E-8    6581152.625739969-1506547.9570113032i             7018176.744112042
0                         3.6956937429623347E-7    5.590084830900378E-8     6566153.80289674-1501992.5801097949i              7081579.073547523
0                         3.6956937429623347E-7    7.18725192544334E-8      6635593.803726597-1515966.4660437885i             7141225.387499341
0                         3.6956937429623347E-7    8.784419019986301E-8     5754680.427929731-1320541.1070927707i             6473782.8962396765
0                         3.6956937429623347E-7    1.0381586114529268E-7    5805894.025939473-1331742.5275469464i             6743189.262372534
0                         3.6956937429623347E-7    1.1978753209072235E-7    5674925.545801875-1303614.140982389i              6954273.434134966
0                         3.6956937429623347E-7    1.3575920303615201E-7    5590465.031688237-1284138.675820411i              7159523.201428018
0                         3.6956937429623347E-7    1.5173087398158168E-7    5532226.622440084-1268286.3989308206i             7484841.619747004
0                         3.6956937429623347E-7    1.6770254492701124E-7    5406965.957047705-1237179.3540654995i             7798992.454592896
0                         3.6956937429623347E-7    1.836742158724409E-7     5290431.047380462-1207919.940903173i              8376089.125543125
0                         3.6956937429623347E-7    1.9964588681787058E-7    5127000.317837555-1168243.734658734i              8874617.839036742
0                         3.6956937429623347E-7    2.1561755776330025E-7    4908607.817707242-1116074.5390590024i             9386262.352890277
0                         3.6956937429623347E-7    2.3158922870872991E-7    4635253.546989521-1051412.3541039778i             9912890.412630085
0                         3.6956937429623347E-7    2.475608996541595E-7     4311426.842167061-975661.1629716066i              1.0521727757128233E7
0                         3.6956937429623347E-7    2.6353257059958914E-7    3968580.5950642657-894519.7616072043i             1.11190834600508E7
0                         3.6956937429623347E-7    2.795042415450188E-7     3603561.8460416817-814826.6332094284i             1.1804306282395234E7
0                         3.6956937429623347E-7    2.954759124904485E-7     3171173.4161998387-716435.5329132683i             1.2265428392875733E7
0                         3.6956937429623347E-7    3.1144758343587815E-7    2774758.4828423066-628831.5639688597i             1.2688037656384636E7
0                         3.6956937429623347E-7    3.274192543813078E-7     2251954.5702801836-510335.08023518126i            1.2934732430446215E7
0                         3.6956937429623347E-7    3.433909253267374E-7     1761590.6368643716-398728.5561822482i             1.3157103161263008E7
0                         3.6956937429623347E-7    3.5936259627216704E-7    1242110.0405982786-281304.6663102292i             1.3498479601636019E7
0                         3.6956937429623347E-7    3.753342672175967E-7     617049.3728296361-139742.95027483962i             1.377142941862268E7
0                         3.6956937429623347E-7    3.913059381630264E-7     -21721.243864691623+4911.232247990666i            1.4078991566409223E7
0                         3.849680982252432E-7     -3.913059381630264E-7    -26339.43111772596+5628.739431751609i             1.4235662733213887E7
0                         3.849680982252432E-7     -3.753342672175967E-7    2276285.437316314-527280.539130602i               1.4131572776895428E7
0                         3.849680982252432E-7     -3.593625962721671E-7    4749251.471844328-1094802.5945914572i             1.4352367856293887E7
0                         3.849680982252432E-7     -3.4339092532673743E-7   7114425.12915143-1639681.2679730663i              1.4986010369221391E7
0                         3.849680982252432E-7     -3.2741925438130776E-7   9668124.124075424-2219992.9337126375i             1.6218325427547134E7
0                         3.849680982252432E-7     -3.1144758343587815E-7   1.2079132784050189E7-2773216.20117326i            1.757317096570111E7
0                         3.849680982252432E-7     -2.954759124904485E-7    1.441508004724871E7-3308125.89745492i             1.913294748274844E7
0                         3.849680982252432E-7     -2.7950424154501886E-7   1.638296737304549E7-3763773.7298023007i           2.0284007945303895E7
0                         3.849680982252432E-7     -2.635325705995892E-7    1.8383186049918313E7-4225517.011413787i           2.1445306834973227E7
0                         3.849680982252432E-7     -2.4756089965415953E-7   2.0508848385201614E7-4713806.8081813445i          2.322608131440497E7
0                         3.849680982252432E-7     -2.3158922870872991E-7   2.2133892746917404E7-5094503.174802473i           2.445063338720422E7
0                         3.849680982252432E-7     -2.1561755776330025E-7   2.372096158318787E7-5466182.534413347i            2.5712952550381944E7
0                         3.849680982252432E-7     -1.996458868178706E-7    2.531872174528823E7-5836486.682284873i            2.7036766764503002E7
0                         3.849680982252432E-7     -1.8367421587244096E-7   2.662410164176585E7-6139601.394510357i            2.8172233030544747E7
0                         3.849680982252432E-7     -1.677025449270113E-7    2.7597763055784628E7-6371551.328217154i           2.8936707666930553E7
0                         3.849680982252432E-7     -1.5173087398158168E-7   2.850844531459935E7-6587138.387320488i            2.9734183722847804E7
0                         3.849680982252432E-7     -1.3575920303615201E-7   2.9362830373288456E7-6789681.228567502i           3.049015310031276E7
0                         3.849680982252432E-7     -1.1978753209072235E-7   3.013709768244272E7-6973942.1458889i              3.11951563495057E7
0                         3.849680982252432E-7     -1.0381586114529273E-7   3.085502061990449E7-7144950.907670154i            3.185917577368572E7
0                         3.849680982252432E-7     -8.784419019986307E-8    3.1516599185673762E7-7302707.513911257i           3.2480783817397073E7
0                         3.849680982252432E-7     -7.187251925443345E-8    3.1897774940118346E7-7391886.879797531i           3.285938413677849E7
0                         3.849680982252432E-7     -5.590084830900378E-8    3.2042741089274716E7-7425037.272876789i           3.2962945771158632E7
0                         3.849680982252432E-7     -3.9929177363574116E-8   3.2274762541174904E7-7480862.829475344i           3.3184421684918363E7
0                         3.849680982252432E-7     -2.39575064181445E-8     3.2531910169920895E7-7543738.044004782i           3.3440845579302665E7
0                         3.849680982252432E-7     -7.985835472714834E-9    3.253002374199257E7-7546176.895137468i            3.3436954413781233E7
0                         3.849680982252432E-7     7.985835472714834E-9     3.2515993593434818E7-7542352.503041946i           3.3422683287088662E7
0                         3.849680982252432E-7     2.3957506418144448E-8    3.2441075437121265E7-7524093.561547571i           3.335006684918206E7
0                         3.849680982252432E-7     3.9929177363574116E-8    3.204124067642977E7-7427960.505229082i            3.294661954295394E7
0                         3.849680982252432E-7     5.590084830900378E-8     3.17626289688529E7-7361122.653577906i             3.2680442570516292E7
0                         3.849680982252432E-7     7.18725192544334E-8      3.1575940018851556E7-7319296.094580146i           3.252882373168255E7
0                         3.849680982252432E-7     8.784419019986301E-8     3.1258572368943103E7-7242553.584081871i           3.2216070845129557E7
0                         3.849680982252432E-7     1.0381586114529268E-7    3.0685165365441125E7-7105215.461746427i           3.168345752112851E7
0                         3.849680982252432E-7     1.1978753209072235E-7    3.005477922948829E7-6954420.162528014i            3.1106689823778376E7
0                         3.849680982252432E-7     1.3575920303615201E-7    2.9327397136171553E7-6781349.323293219i           3.045822445064369E7
0                         3.849680982252432E-7     1.5173087398158168E-7    2.8541044681028504E7-6594468.630595049i           2.976522722247386E7
0                         3.849680982252432E-7     1.6770254492701124E-7    2.769832077771143E7-6394396.944523167i            2.9036575322584018E7
0                         3.849680982252432E-7     1.836742158724409E-7     2.6434046684074413E7-6096905.724662391i           2.793405298638199E7
0                         3.849680982252432E-7     1.9964588681787058E-7    2.5067698584278762E7-5776519.166205894i           2.678376087349577E7
0                         3.849680982252432E-7     2.1561755776330025E-7    2.3659343841690894E7-5446259.776618564i           2.5643824952535566E7
0                         3.849680982252432E-7     2.3158922870872991E-7    2.220898245631082E7-5106127.555900397i            2.452335542508729E7
0                         3.849680982252432E-7     2.475608996541595E-7     2.0686975694632195E7-4750675.610368702i           2.343953402081258E7
0                         3.849680982252432E-7     2.6353257059958914E-7    1.913882155088316E7-4388921.527417232i            2.2395564192287944E7
0                         3.849680982252432E-7     2.795042415450188E-7     1.702654478848851E7-3901674.8174346806i           2.0535495026925486E7
0                         3.849680982252432E-7     2.954759124904485E-7     1.4458621935336297E7-3314674.4580918937i          1.9043716036817655E7
0                         3.849680982252432E-7     3.1144758343587815E-7    1.2061244580781683E7-2769023.546157746i           1.7534596345900074E7
0                         3.849680982252432E-7     3.274192543813078E-7     9643492.218543781-2214466.70886852i               1.617229185325405E7
0                         3.849680982252432E-7     3.433909253267374E-7     7117855.8998090755-1640272.319099301i             1.4975492341467248E7
0                         3.849680982252432E-7     3.5936259627216704E-7    4651538.624984702-1075976.3593782363i             1.4383461821534725E7
0                         3.849680982252432E-7     3.753342672175967E-7     2344302.522043903-542050.808998324i               1.4099312481118465E7
0                         3.849680982252432E-7     3.913059381630264E-7     26339.431117769043-5628.73943176134i              1.4220620450462261E7
0                         4.003668221542529E-7     -3.913059381630264E-7    -32969.24977931593+7014.054470865351i             1.3472934184600675E7
0                         4.003668221542529E-7     -3.753342672175967E-7    2370697.5874729357-546824.4840020906i             1.329091602345027E7
0                         4.003668221542529E-7     -3.593625962721671E-7    4740011.665139717-1092799.2230980136i             1.3551136427519066E7
0                         4.003668221542529E-7     -3.4339092532673743E-7   7098411.578922641-1636178.4666003084i             1.4235458219440093E7
0                         4.003668221542529E-7     -3.2741925438130776E-7   9445897.328821698-2176962.214508974i              1.5281665859933028E7
0                         4.003668221542529E-7     -3.1144758343587815E-7   1.1880181131861798E7-2730551.707441386i           1.680656883958704E7
0                         4.003668221542529E-7     -2.954759124904485E-7    1.3872882466632627E7-3193058.7001173533i          1.8350601950522758E7
0                         4.003668221542529E-7     -2.7950424154501886E-7   1.5832447049056381E7-3647093.9854787556i          1.9495841337280463E7
0                         4.003668221542529E-7     -2.635325705995892E-7    1.775261453410695E7-4091863.710638602i            2.0669536208028853E7
0                         4.003668221542529E-7     -2.4756089965415953E-7   1.9475297547230646E7-4493614.985018078i           2.2016237931297902E7
0                         4.003668221542529E-7     -2.3158922870872991E-7   2.1264283926721677E7-4907252.39705262i            2.3477408409351744E7
0                         4.003668221542529E-7     -2.1561755776330025E-7   2.2991509777026515E7-5308948.184629932i           2.481981063491962E7
0                         4.003668221542529E-7     -1.996458868178706E-7    2.4330216294582613E7-5624099.24740692i            2.599875876888607E7
0                         4.003668221542529E-7     -1.8367421587244096E-7   2.5587186877403185E7-5917595.9450032655i          2.710134394795501E7
0                         4.003668221542529E-7     -1.677025449270113E-7    2.670749282538975E7-6183344.796477294i            2.8042060931899354E7
0                         4.003668221542529E-7     -1.5173087398158168E-7   2.7614852654029053E7-6398232.868743035i           2.8826583080638725E7
0                         4.003668221542529E-7     -1.3575920303615201E-7   2.8459907222918443E7-6598825.123637234i           2.9567505445669737E7
0                         4.003668221542529E-7     -1.1978753209072235E-7   2.9231475632541005E7-6782506.761877375i           3.0264371840815596E7
0                         4.003668221542529E-7     -1.0381586114529273E-7   2.994669967047105E7-6952936.244577362i            3.0922147835675836E7
0                         4.003668221542529E-7     -8.784419019986307E-8    3.04807694120235E7-7078620.278085568i             3.1432698377329737E7
0                         4.003668221542529E-7     -7.187251925443345E-8    3.0903850915719144E7-7180950.75113877i            3.184245230604191E7
0                         4.003668221542529E-7     -5.590084830900378E-8    3.1081758269760348E7-7222872.779938575i           3.1979453473273505E7
0                         4.003668221542529E-7     -3.9929177363574116E-8   3.1462314650361594E7-7315339.323767375i           3.2352328204480898E7
0                         4.003668221542529E-7     -2.39575064181445E-8     3.164479043199138E7-7357473.728792661i            3.2531895649247807E7
0                         4.003668221542529E-7     -7.985835472714834E-9    3.168601964084664E7-7368901.075532458i            3.2571680522721644E7
0                         4.003668221542529E-7     7.985835472714834E-9     3.1672437882665247E7-7365166.947117252i           3.255760344625414E7
0                         4.003668221542529E-7     2.3957506418144448E-8    3.1597968116728082E7-7346998.269303195i           3.2486024966964975E7
0                         4.003668221542529E-7     3.9929177363574116E-8    3.1395157116505492E7-7300478.196312334i           3.2285633669035763E7
0                         4.003668221542529E-7     5.590084830900378E-8     3.1085995079437643E7-7227984.65636612i            3.1994046676264282E7
0                         4.003668221542529E-7     7.18725192544334E-8      3.0675516032863412E7-7130005.762274822i           3.1606440446925014E7
0                         4.003668221542529E-7     8.784419019986301E-8     3.0392652819240745E7-7060430.2166224i             3.132779574776773E7
0                         4.003668221542529E-7     1.0381586114529268E-7    2.982125831957008E7-6923532.694950054i            3.0800876332361884E7
0                         4.003668221542529E-7     1.1978753209072235E-7    2.9192884687448576E7-6773177.996394743i           3.023151735116691E7
0                         4.003668221542529E-7     1.3575920303615201E-7    2.847077688699864E7-6601269.83353053i             2.9592318024918124E7
0                         4.003668221542529E-7     1.5173087398158168E-7    2.7686957473330367E7-6414939.558994896i           2.891087367553976E7
0                         4.003668221542529E-7     1.6770254492701124E-7    2.6702420810814958E7-6181826.1951839365i          2.8005098222951755E7
0                         4.003668221542529E-7     1.836742158724409E-7     2.5533281115651987E7-5906732.493922134i           2.6957390568221457E7
0                         4.003668221542529E-7     1.9964588681787058E-7    2.4171516600641143E7-5587342.549250862i           2.581375921500671E7
0                         4.003668221542529E-7     2.1561755776330025E-7    2.276774544283808E7-5258079.773448754i            2.4683989330317058E7
0                         4.003668221542529E-7     2.3158922870872991E-7    2.1321967642242815E7-4918944.1665158095i          2.3578020961297736E7
0                         4.003668221542529E-7     2.475608996541595E-7     1.98098373006764E7-4565170.281562662i             2.2515991428281687E7
0                         4.003668221542529E-7     2.6353257059958914E-7    1.7876912342942894E7-4117096.471221934i           2.0871057018469695E7
0                         4.003668221542529E-7     2.795042415450188E-7     1.5556095295411762E7-3586493.680719643i           1.8763866174586717E7
0                         4.003668221542529E-7     2.954759124904485E-7     1.3975636643960034E7-3215124.0982674262i          1.8259149484876752E7
0                         4.003668221542529E-7     3.1144758343587815E-7    1.1803263852081535E7-2710468.519908323i           1.6729179016825978E7
0                         4.003668221542529E-7     3.274192543813078E-7     9430709.66656552-2173559.6075779023i              1.526557530300799E7
0                         4.003668221542529E-7     3.433909253267374E-7     7092930.427307762-1634722.3947107864i             1.4227319265052916E7
0                         4.003668221542529E-7     3.5936259627216704E-7    4743474.178807205-1093141.0142733406i             1.3548684205291241E7
0                         4.003668221542529E-7     3.753342672175967E-7     2382340.9210638586-548815.466265566i              1.329147031868569E7
0                         4.003668221542529E-7     3.913059381630264E-7     32969.24977940636-7014.054470885496i              1.3443304568607619E7
0                         4.1576554608326266E-7    -3.913059381630264E-7    -5222.973733978815+750.2624222787274i             1.263139771520596E7
0                         4.1576554608326266E-7    -3.753342672175967E-7    2368231.5242924993-546320.5423879614i             1.2446445692174336E7
0                         4.1576554608326266E-7    -3.593625962721671E-7    4730771.858435103-1090795.8516045697i             1.2744103069353536E7
0                         4.1576554608326266E-7    -3.4339092532673743E-7   7082398.028693851-1632675.6652275503i             1.3486374915843634E7
0                         4.1576554608326266E-7    -3.2741925438130776E-7   9380198.066714142-2161691.1438280228i             1.4591428121404145E7
0                         4.1576554608326266E-7    -3.1144758343587815E-7   1.1345161278412621E7-2616936.435805566i           1.6021629329331685E7
0                         4.1576554608326266E-7    -2.954759124904485E-7    1.3330684886016548E7-3077991.5027797883i          1.7559918457041442E7
0                         4.1576554608326266E-7    -2.7950424154501886E-7   1.5281926725067273E7-3530414.241155212i           1.870165340982242E7
0                         4.1576554608326266E-7    -2.635325705995892E-7    1.7122043018295575E7-3958210.409863415i           1.9889536194464482E7
0                         4.1576554608326266E-7    -2.4756089965415953E-7   1.8839128757092327E7-4358784.965081807i           2.1231317256685168E7
0                         4.1576554608326266E-7    -2.3158922870872991E-7   2.0655396939453676E7-4781455.205296368i           2.2630683159613986E7
0                         4.1576554608326266E-7    -2.1561755776330025E-7   2.2007577083583873E7-5097547.276340665i           2.3792919568446465E7
0                         4.1576554608326266E-7    -1.996458868178706E-7    2.334171084387699E7-5411711.812528968i            2.495823533152522E7
0                         4.1576554608326266E-7    -1.8367421587244096E-7   2.4629303301561862E7-5714984.335502841i           2.6108057711916856E7
0                         4.1576554608326266E-7    -1.677025449270113E-7    2.5693114998680823E7-5965136.837578926i           2.6973187791759606E7
0                         4.1576554608326266E-7    -1.5173087398158168E-7   2.672125999345879E7-6209327.35016559i             2.7918599044992078E7
0                         4.1576554608326266E-7    -1.3575920303615201E-7   2.755698407254844E7-6407969.018706969i            2.864463294376505E7
0                         4.1576554608326266E-7    -1.1978753209072235E-7   2.8325853582639273E7-6591071.377865848i           2.933324172172631E7
0                         4.1576554608326266E-7    -1.0381586114529273E-7   2.9038378721037593E7-6760921.58148457i            2.9984824905439336E7
0                         4.1576554608326266E-7    -8.784419019986307E-8    2.9488642691461854E7-6868059.114131214i           3.0421283695973273E7
0                         4.1576554608326266E-7    -7.187251925443345E-8    2.9909926891319953E7-6970014.622480011i           3.0825896617191356E7
0                         4.1576554608326266E-7    -5.590084830900378E-8    3.02737815922647E7-7058453.117005389i             3.117557856526765E7
0                         4.1576554608326266E-7    -3.9929177363574116E-8   3.0575302175366934E7-7129105.307101543i           3.1444672477700103E7
0                         4.1576554608326266E-7    -2.39575064181445E-8     3.075767069406184E7-7171209.413580538i            3.162303669982651E7
0                         4.1576554608326266E-7    -7.985835472714834E-9    3.0879952580763854E7-7199109.5015811995i          3.1742809398249503E7
0                         4.1576554608326266E-7    7.985835472714834E-9     3.0828882171895675E7-7187981.391192555i           3.169252171694868E7
0                         4.1576554608326266E-7    2.3957506418144448E-8    3.0754860796334893E7-7169902.977058817i           3.1622034100303374E7
0                         4.1576554608326266E-7    3.9929177363574116E-8    3.057020401322822E7-7127183.963134908i            3.144251400789186E7
0                         4.1576554608326266E-7    5.590084830900378E-8     3.026629170160332E7-7056095.2231570985i           3.115543318652446E7
0                         4.1576554608326266E-7    7.18725192544334E-8      2.9868527241822813E7-6960588.82283148i            3.0777482891703103E7
0                         4.1576554608326266E-7    8.784419019986301E-8     2.935166654633289E7-6837755.641852449i            3.029300605519626E7
0                         4.1576554608326266E-7    1.0381586114529268E-7    2.8957351273699034E7-6741849.9281536825i          2.991826956220443E7
0                         4.1576554608326266E-7    1.1978753209072235E-7    2.833099014540884E7-6591935.830261468i            2.9356573633453194E7
0                         4.1576554608326266E-7    1.3575920303615201E-7    2.7614156637825746E7-6421190.343767846i           2.872641722768817E7
0                         4.1576554608326266E-7    1.5173087398158168E-7    2.6749806269770015E7-6215928.0059008i             2.794931753101708E7
0                         4.1576554608326266E-7    1.6770254492701124E-7    2.57236831280175E7-5973945.129124549i             2.6994753743850213E7
0                         4.1576554608326266E-7    1.836742158724409E-7     2.4632515547229555E7-5716559.26318188i            2.597958150602273E7
0                         4.1576554608326266E-7    1.9964588681787058E-7    2.3275334617003534E7-5398165.932295834i           2.4841879768737808E7
0                         4.1576554608326266E-7    2.1561755776330025E-7    2.187614704398527E7-5069899.770278945i            2.3721795116558712E7
0                         4.1576554608326266E-7    2.3158922870872991E-7    2.0434952828174785E7-4731760.7771312175i          2.26301968663333E7
0                         4.1576554608326266E-7    2.475608996541595E-7     1.89326989067206E7-4379664.952756618i             2.158967789772963E7
0                         4.1576554608326266E-7    2.6353257059958914E-7    1.6685861316941326E7-3863753.9745376073i          1.9432204846196584E7
0                         4.1576554608326266E-7    2.795042415450188E-7     1.5235193641056532E7-3520719.524459237i           1.835756288090018E7
0                         4.1576554608326266E-7    2.954759124904485E-7     1.322289484650987E7-3059403.283830818i            1.7301614516688228E7
0                         4.1576554608326266E-7    3.1144758343587815E-7    1.1328156224132782E7-2616748.3707127376i          1.5883772801839218E7
0                         4.1576554608326266E-7    3.274192543813078E-7     9418610.064679326-2170647.707734258i              1.4578842122113451E7
0                         4.1576554608326266E-7    3.433909253267374E-7     7068004.954806454-1629172.4703222723i             1.3479763336594833E7
0                         4.1576554608326266E-7    3.5936259627216704E-7    4725421.3036917485-1089109.2352592687i            1.2745717868102232E7
0                         4.1576554608326266E-7    3.753342672175967E-7     2371160.643334259-546301.8326259381i              1.2453544218682176E7
0                         4.1576554608326266E-7    3.913059381630264E-7     5222.97373397982-750.2624222791837i               1.264086277230406E7
0                         4.311642700122724E-7     -3.913059381630264E-7    -915.293390236903-245.22584290599184i             1.1763966512516571E7
0                         4.311642700122724E-7     -3.753342672175967E-7    2365765.4611120643-545816.6007738318i             1.159114636871581E7
0                         4.311642700122724E-7     -3.593625962721671E-7    4721532.051730491-1088792.480111126i              1.1933000326922372E7
0                         4.311642700122724E-7     -3.4339092532673743E-7   6985718.429504287-1611798.681460499i              1.2769633290983332E7
0                         4.311642700122724E-7     -3.2741925438130776E-7   8909045.535199711-2061071.8050208488i             1.3907581699185336E7
0                         4.311642700122724E-7     -3.1144758343587815E-7   1.081729601407751E7-2506826.977129365i            1.5207526365522351E7
0                         4.311642700122724E-7     -2.954759124904485E-7    1.2788487305400465E7-2962924.305442222i           1.6761138343448088E7
0                         4.311642700122724E-7     -2.7950424154501886E-7   1.4749353001808804E7-3417879.1209824197i          1.783180954508055E7
0                         4.311642700122724E-7     -2.635325705995892E-7    1.6491471502484212E7-3824557.109088231i           1.9105520976777986E7
0                         4.311642700122724E-7     -2.4756089965415953E-7   1.820295996695402E7-4223954.945145537i            2.0443612666315887E7
0                         4.311642700122724E-7     -2.3158922870872991E-7   1.980642650132485E7-4600319.266316573i            2.1737356087760963E7
0                         4.311642700122724E-7     -2.1561755776330025E-7   2.1195818195423096E7-4926922.037112555i           2.2955571154401287E7
0                         4.311642700122724E-7     -1.996458868178706E-7    2.235320539317136E7-5199324.377651011i            2.3915163035033446E7
0                         4.311642700122724E-7     -1.8367421587244096E-7   2.3636225093593262E7-5501610.374036196i           2.5054345999317113E7
0                         4.311642700122724E-7     -1.677025449270113E-7    2.4872703491406906E7-5793004.357206952i           2.617541295860511E7
0                         4.311642700122724E-7     -1.5173087398158168E-7   2.5831545939926814E7-6021337.67815894i            2.700895250356613E7
0                         4.311642700122724E-7     -1.3575920303615201E-7   2.6654060922178425E7-6217112.913776704i           2.772152730688578E7
0                         4.311642700122724E-7     -1.1978753209072235E-7   2.742023153273754E7-6399635.993854316i            2.840176152018367E7
0                         4.311642700122724E-7     -1.0381586114529273E-7   2.8019599575966433E7-6542400.39270908i            2.8957625050925262E7
0                         4.311642700122724E-7     -8.784419019986307E-8    2.849651597090023E7-6657497.950176865i            2.941050862224457E7
0                         4.311642700122724E-7     -7.187251925443345E-8    2.917277496702189E7-6818433.603214445i            3.0072842989965517E7
0                         4.311642700122724E-7     -5.590084830900378E-8    2.9591802512538195E7-6919130.292004093i           3.047710705287734E7
0                         4.311642700122724E-7     -3.9929177363574116E-8   2.968828970037228E7-6942871.290435712i            3.0537170420289174E7
0                         4.311642700122724E-7     -2.39575064181445E-8     2.9870550956132308E7-6984945.098368416i           3.0714269733699474E7
0                         4.311642700122724E-7     -7.985835472714834E-9    2.999272557989948E7-7012814.88782279i             3.083352516094882E7
0                         4.311642700122724E-7     7.985835472714834E-9     2.998532646112611E7-7010795.835267864i            3.0827451001418177E7
0                         4.311642700122724E-7     2.3957506418144448E-8    2.991175347594171E7-6992807.684814444i            3.07581090318627E7
0                         4.311642700122724E-7     3.9929177363574116E-8    2.9745250909950938E7-6953889.729957481i           3.059928500938621E7
0                         4.311642700122724E-7     5.590084830900378E-8     2.9446588323769018E7-6884205.789948081i           3.031667205244264E7
0                         4.311642700122724E-7     7.18725192544334E-8      2.905011733121306E7-6788948.810345548i            2.9942261846379176E7
0                         4.311642700122724E-7     8.784419019986301E-8     2.8596033666520663E7-6680089.279769109i           2.9517835273758505E7
0                         4.311642700122724E-7     1.0381586114529268E-7    2.8093444227827985E7-6560167.161357308i           2.9035638112011146E7
0                         4.311642700122724E-7     1.1978753209072235E-7    2.746909560336912E7-6410693.664128196i            2.848187124324687E7
0                         4.311642700122724E-7     1.3575920303615201E-7    2.6738526994256668E7-6236429.645978768i           2.783625470420704E7
0                         4.311642700122724E-7     1.5173087398158168E-7    2.5766971616989985E7-6007181.288299981i           2.69276428603531E7
0                         4.311642700122724E-7     1.6770254492701124E-7    2.474494544522004E7-5766064.063065164i            2.598322245281774E7
0                         4.311642700122724E-7     1.836742158724409E-7     2.3672448478946883E7-5513077.970274325i           2.5005508971910838E7
0                         4.311642700122724E-7     1.9964588681787058E-7    2.2379152633365914E7-5208989.315340803i           2.3868220963261724E7
0                         4.311642700122724E-7     2.1561755776330025E-7    2.1221541218874205E7-4935840.272923132i           2.3010965958155435E7
0                         4.311642700122724E-7     2.3158922870872991E-7    1.9680653765236285E7-4574442.759188573i           2.1802054793642744E7
0                         4.311642700122724E-7     2.475608996541595E-7     1.7902704197419494E7-4160011.81917956i            2.0248711421701446E7
0                         4.311642700122724E-7     2.6353257059958914E-7    1.6285183713429581E7-3780638.772449645i           1.893374849866997E7
0                         4.311642700122724E-7     2.795042415450188E-7     1.4737691024706278E7-3417968.470402519i           1.796281693208148E7
0                         4.311642700122724E-7     2.954759124904485E-7     1.2723350416352738E7-2952280.6666683275i          1.6591306173846979E7
0                         4.311642700122724E-7     3.1144758343587815E-7    1.083524302102658E7-2510955.3894465873i           1.5179546296822667E7
0                         4.311642700122724E-7     3.274192543813078E-7     8932328.088624049-2066184.3623644437i             1.388635702408245E7
0                         4.311642700122724E-7     3.433909253267374E-7     7043079.48230514-1623622.5459337574i              1.273569267618121E7
0                         4.311642700122724E-7     3.5936259627216704E-7    4707368.428576291-1085077.456245197i              1.1937922315470764E7
0                         4.311642700122724E-7     3.753342672175967E-7     2359980.36560466-543788.19898631i                 1.1604335654605802E7
0                         4.311642700122724E-7     3.913059381630264E-7     915.2933902373437+245.2258429056047i              1.1781862216828551E7
0                         4.465629939412821E-7     -3.913059381630264E-7    3392.3869535050103-1240.714108090711i             1.0883211883988548E7
0                         4.465629939412821E-7     -3.753342672175967E-7    2363299.3979316293-545312.6591597025i             1.0725694401485557E7
0                         4.465629939412821E-7     -3.593625962721671E-7    4712292.245025881-1086789.1086176827i             1.112010852630569E7
0                         4.465629939412821E-7     -3.4339092532673743E-7   6521280.003570992-1512519.682847111i              1.2095559434111245E7
0                         4.465629939412821E-7     -3.2741925438130776E-7   8437893.003685284-1960452.4662136761i             1.3214049465590615E7
0                         4.465629939412821E-7     -3.1144758343587815E-7   1.0339429376981953E7-2404867.298128407i           1.4504272133163543E7
0                         4.465629939412821E-7     -2.954759124904485E-7    1.2246289724784382E7-2847857.1081046555i          1.5954576689072736E7
0                         4.465629939412821E-7     -2.7950424154501886E-7   1.4124378760324378E7-3285402.5393683193i          1.705073118582966E7
0                         4.465629939412821E-7     -2.635325705995892E-7    1.586089998667284E7-3690903.8083130447i           1.8317758702386968E7
0                         4.465629939412821E-7     -2.4756089965415953E-7   1.753613714453829E7-4084833.152048838i            1.9637753991455037E7
0                         4.465629939412821E-7     -2.3158922870872991E-7   1.8957456063196037E7-4419183.3273367835i          2.08397740409839E7
0                         4.465629939412821E-7     -2.1561755776330025E-7   2.034009624701622E7-4744406.2030515615i           2.2042835629967872E7
0                         4.465629939412821E-7     -1.996458868178706E-7    2.1684057695998818E7-5060501.779193167i           2.3239465341413494E7
0                         4.465629939412821E-7     -1.8367421587244096E-7   2.2643146885624647E7-5288236.412569549i           2.3998341522866677E7
0                         4.465629939412821E-7     -1.677025449270113E-7    2.3875052526175294E7-5578643.869151614i           2.511170035611289E7
0                         4.465629939412821E-7     -1.5173087398158168E-7   2.4854078427125633E7-5811187.012214505i           2.600683199171412E7
0                         4.465629939412821E-7     -1.3575920303615201E-7   2.575113777180842E7-6026256.808846437i            2.679818231911845E7
0                         4.465629939412821E-7     -1.1978753209072235E-7   2.6514609482835807E7-6208200.6098427875i          2.7469929285231207E7
0                         4.465629939412821E-7     -1.0381586114529273E-7   2.724475688213739E7-6380505.433143327i            2.8170223777649075E7
0                         4.465629939412821E-7     -8.784419019986307E-8    2.7776425675734587E7-6507909.789752537i           2.8673714736204486E7
0                         4.465629939412821E-7     -7.187251925443345E-8    2.825126438488465E7-6621855.222893293i            2.9126440249425624E7
0                         4.465629939412821E-7     -5.590084830900378E-8    2.86692730095876E7-6722341.732565601i             2.9527835541742835E7
0                         4.465629939412821E-7     -3.9929177363574116E-8   2.8961613407144107E7-6792115.291250604i           2.980575727150692E7
0                         4.465629939412821E-7     -2.39575064181445E-8     2.8983431218202807E7-6798680.783156299i           2.980559597736657E7
0                         4.465629939412821E-7     -7.985835472714834E-9    2.910549857903507E7-6826520.274064376i            2.992437267497454E7
0                         4.465629939412821E-7     7.985835472714834E-9     2.9167479307874456E7-6840155.746494126i           2.998606502296797E7
0                         4.465629939412821E-7     2.3957506418144448E-8    2.906864615554852E7-6815712.392570065i            2.9894266563432604E7
0                         4.465629939412821E-7     3.9929177363574116E-8    2.8920297806673676E7-6780595.496780058i           2.975594461262005E7
0                         4.465629939412821E-7     5.590084830900378E-8     2.8626884945934705E7-6712316.356739061i           2.9477763776858885E7
0                         4.465629939412821E-7     7.18725192544334E-8      2.823170742060332E7-6617308.79785962i             2.910691147007731E7
0                         4.465629939412821E-7     8.784419019986301E-8     2.777891722313549E7-6508698.688006268i            2.8687377030446596E7
0                         4.465629939412821E-7     1.0381586114529268E-7    2.7268514353531186E7-6386486.027178999i           2.8219917204526946E7
0                         4.465629939412821E-7     1.1978753209072235E-7    2.6696758044939194E7-6249486.868816199i           2.770227485499237E7
0                         4.465629939412821E-7     1.3575920303615201E-7    2.58495093429036E7-6048128.498127985i             2.6914724939938325E7
0                         4.465629939412821E-7     1.5173087398158168E-7    2.4948503070533894E7-5834329.645108038i           2.6089044804353196E7
0                         4.465629939412821E-7     1.6770254492701124E-7    2.399785098442172E7-5608784.528337367i            2.5230461663591612E7
0                         4.465629939412821E-7     1.836742158724409E-7     2.299755308456708E7-5371493.147815977i            2.4341637683793414E7
0                         4.465629939412821E-7     1.9964588681787058E-7    2.194630137636784E7-5121415.935214041i            2.3371979725611135E7
0                         4.465629939412821E-7     2.1561755776330025E-7    2.0448072153957754E7-4770075.002873075i           2.2128467041655086E7
0                         4.465629939412821E-7     2.3158922870872991E-7    1.8870934578549072E7-4401020.838495905i           2.0854246894597284E7
0                         4.465629939412821E-7     2.475608996541595E-7     1.7291702541502528E7-4030564.9505573064i          1.9521773655509748E7
0                         4.465629939412821E-7     2.6353257059958914E-7    1.5679364854869358E7-3652267.8149188245i          1.821545101000758E7
0                         4.465629939412821E-7     2.795042415450188E-7     1.4085363315649133E7-3278181.023882808i           1.7151142067005396E7
0                         4.465629939412821E-7     2.954759124904485E-7     1.2302240719168732E7-2860125.0470878677i          1.5791391371732801E7
0                         4.465629939412821E-7     3.1144758343587815E-7    1.0342329817920364E7-2405162.408180434i           1.4466448538231703E7
0                         4.465629939412821E-7     3.274192543813078E-7     8446046.112568766-1961721.0169946286i             1.318422159124909E7
0                         4.465629939412821E-7     3.433909253267374E-7     6534954.87014081-1514833.8759484247i              1.2073846732734004E7
0                         4.465629939412821E-7     3.5936259627216704E-7    4689315.553460838-1081045.6772311267i             1.1127432406833528E7
0                         4.465629939412821E-7     3.753342672175967E-7     2348800.087875061-541274.5653466822i              1.0744447479201641E7
0                         4.465629939412821E-7     3.913059381630264E-7     -3392.386953505127+1240.714108090391i             1.0909343988604771E7
0                         4.6196171787029186E-7    -3.913059381630264E-7    7700.067297246941-2236.2023732754333i             9989149.478024669
0                         4.6196171787029186E-7    -3.753342672175967E-7    2360833.334751195-544808.7175455728i              9851025.49563352
0                         4.6196171787029186E-7    -3.593625962721671E-7    4131866.056286903-963130.289609107i               1.05612592704985E7
0                         4.6196171787029186E-7    -3.4339092532673743E-7   6056841.577637689-1413240.684233721i              1.1411832290766276E7
0                         4.6196171787029186E-7    -3.2741925438130776E-7   7966740.472170859-1859833.1274065033i             1.2510803119287724E7
0                         4.6196171787029186E-7    -3.1144758343587815E-7   9861562.739886392-2302907.619127449i              1.3792341306951117E7
0                         4.6196171787029186E-7    -2.954759124904485E-7    1.1741308380784309E7-2742464.1593965646i          1.5204422153920222E7
0                         4.6196171787029186E-7    -2.7950424154501886E-7   1.3499404518839955E7-3152925.957754219i           1.626490088247026E7
0                         4.6196171787029186E-7    -2.635325705995892E-7    1.5230328470861465E7-3557250.507537859i           1.752658414333868E7
0                         4.6196171787029186E-7    -2.4756089965415953E-7   1.669391821668754E7-3905077.1081502503i           1.8754297548906356E7
0                         4.6196171787029186E-7    -2.3158922870872991E-7   1.810848562506722E7-4238047.388356992i            1.9937836244709566E7
0                         4.6196171787029186E-7    -2.1561755776330025E-7   1.948437429860933E7-4561890.368990564i            2.1125990677264016E7
0                         4.6196171787029186E-7    -1.996458868178706E-7    2.0821584237313878E7-4876606.05005097i            2.231044513942255E7
0                         4.6196171787029186E-7    -1.8367421587244096E-7   2.2120115441180844E7-5182194.431538204i           2.348476248740738E7
0                         4.6196171787029186E-7    -1.677025449270113E-7    2.28774015609437E7-5364283.381096277i             2.4046322840323333E7
0                         4.6196171787029186E-7    -1.5173087398158168E-7   2.4071458218956813E7-5646336.161822864i           2.5245422299208425E7
0                         4.6196171787029186E-7    -1.3575920303615201E-7   2.4878686260632645E7-5840893.203763787i           2.5905665261646375E7
0                         4.6196171787029186E-7    -1.1978753209072235E-7   2.573780418439593E7-6043694.310096546i            2.668603912801458E7
0                         4.6196171787029186E-7    -1.0381586114529273E-7   2.632528414162688E7-6184347.411056862i            2.7232934294143207E7
0                         4.6196171787029186E-7    -8.784419019986307E-8    2.6855934014410704E7-6311541.588548728i           2.773114499707123E7
0                         4.6196171787029186E-7    -7.187251925443345E-8    2.7329753802747414E7-6425276.842572145i           2.8179857128124114E7
0                         4.6196171787029186E-7    -5.590084830900378E-8    2.7746743506636996E7-6525553.173127108i           2.857841243170621E7
0                         4.6196171787029186E-7    -3.9929177363574116E-8   2.80532371689851E7-6598868.655485299i             2.8872825327477176E7
0                         4.6196171787029186E-7    -2.39575064181445E-8     2.8279216578432187E7-6652999.832133392i           2.9095581185677294E7
0                         4.6196171787029186E-7    -7.985835472714834E-9    2.82182715781707E7-6640225.660305971i             2.901535757798704E7
0                         4.6196171787029186E-7    7.985835472714834E-9     2.8280145044075206E7-6653830.834189427i           2.9077566139785968E7
0                         4.6196171787029186E-7    2.3957506418144448E-8    2.8281931877986815E7-6653231.989594551i           2.9083604246072777E7
0                         4.6196171787029186E-7    3.9929177363574116E-8    2.809534470339641E7-6607301.263602635i            2.891249140554921E7
0                         4.6196171787029186E-7    5.590084830900378E-8     2.7807181568100385E7-6540426.923530038i           2.8638709626929782E7
0                         4.6196171787029186E-7    7.18725192544334E-8      2.7413297509993583E7-6445668.7853736915i          2.827142696887243E7
0                         4.6196171787029186E-7    8.784419019986301E-8     2.6961800779750317E7-6337308.096243428i           2.78569338963189E7
0                         4.6196171787029186E-7    1.0381586114529268E-7    2.645269137737059E7-6215344.856139249i            2.739609487652522E7
0                         4.6196171787029186E-7    1.1978753209072235E-7    2.5772820729164E7-6053435.777019493i              2.674344450642507E7
0                         4.6196171787029186E-7    1.3575920303615201E-7    2.4886298286440834E7-5840937.938709645i           2.591708554878151E7
0                         4.6196171787029186E-7    1.5173087398158168E-7    2.3988873390775476E7-5627874.761268986i           2.5100236903078265E7
0                         4.6196171787029186E-7    1.6770254492701124E-7    2.304180268136767E7-5403065.320077606i            2.4252589125320714E7
0                         4.6196171787029186E-7    1.836742158724409E-7     2.204508615821738E7-5166509.615135503i            2.337716527656448E7
0                         4.6196171787029186E-7    1.9964588681787058E-7    2.0893766974445794E7-4892966.65997846i            2.2320106689746223E7
0                         4.6196171787029186E-7    2.1561755776330025E-7    1.96746030890413E7-4604309.732823014i             2.1244758953118127E7
0                         4.6196171787029186E-7    2.3158922870872991E-7    1.8254750125275347E7-4270498.058782215i           2.0118683242200226E7
0                         4.6196171787029186E-7    2.475608996541595E-7     1.668070088558555E7-3901118.0819350504i           1.8791112324099556E7
0                         4.6196171787029186E-7    2.6353257059958914E-7    1.5073545996309143E7-3523896.857388004i           1.749253416931062E7
0                         4.6196171787029186E-7    2.795042415450188E-7     1.3433035606591977E7-3138393.577363095i           1.6333229064359369E7
0                         4.6196171787029186E-7    2.954759124904485E-7     1.1656008854663981E7-2721618.049054305i           1.4984366923134962E7
0                         4.6196171787029186E-7    3.1144758343587815E-7    9858194.52493231-2299880.429751818i               1.3738219132554358E7
0                         4.6196171787029186E-7    3.274192543813078E-7     7959764.136513483-1857257.6716248132i             1.2472375000733478E7
0                         4.6196171787029186E-7    3.433909253267374E-7     6055304.121136457-1411700.1664749475i             1.1383390185330698E7
0                         4.6196171787029186E-7    3.5936259627216704E-7    4136036.5686830403-962696.911464675i              1.0543029980631378E7
0                         4.6196171787029186E-7    3.753342672175967E-7     2337619.810145462-538760.9317070541i              9874712.503577875
0                         4.6196171787029186E-7    3.913059381630264E-7     -7700.0672972476195+2236.2023732751823i           1.002332348593939E7
0                         4.773604417993015E-7     -3.913059381630264E-7    12007.747640988837-3231.6906384601484i            9081801.679846156
0                         4.773604417993015E-7     -3.753342672175967E-7    1740803.693347468-412903.62530684203i             9442217.92311845
0                         4.773604417993015E-7     -3.593625962721671E-7    3674141.735934742-865191.6311895042i              9906909.19599859
0                         4.773604417993015E-7     -3.4339092532673743E-7   5592403.151704398-1313961.685620334i              1.0718472767699257E7
0                         4.773604417993015E-7     -3.2741925438130776E-7   7495587.940656429-1759213.7885993305i             1.1797828206849568E7
0                         4.773604417993015E-7     -3.1144758343587815E-7   9383696.102790834-2200947.940126492i              1.3071893873346224E7
0                         4.773604417993015E-7     -2.954759124904485E-7    1.1196742313639475E7-2625511.4289745647i          1.4473432699110728E7
0                         4.773604417993015E-7     -2.7950424154501886E-7   1.2874430277355526E7-3020449.376140118i           1.547453756667468E7
0                         4.773604417993015E-7     -2.635325705995892E-7    1.4405204655897586E7-3384603.379552953i           1.6722042203683568E7
0                         4.773604417993015E-7     -2.4756089965415953E-7   1.5851699288836785E7-3725321.0642516613i          1.7866414443521928E7
0                         4.773604417993015E-7     -2.3158922870872991E-7   1.725951518693841E7-4056911.4493772015i           1.9031447999539685E7
0                         4.773604417993015E-7     -2.1561755776330025E-7   1.862865235020246E7-4379374.534929572i            2.0205008399571553E7
0                         4.773604417993015E-7     -1.996458868178706E-7    1.995911077862893E7-4692710.320908771i            2.1377822087824777E7
0                         4.773604417993015E-7     -1.8367421587244096E-7   2.1250890472217835E7-4996918.807314802i           2.2542753637056768E7
0                         4.773604417993015E-7     -1.677025449270113E-7    2.250399143096916E7-5291999.994147664i            2.3694266818317745E7
0                         4.773604417993015E-7     -1.5173087398158168E-7   2.307483686106606E7-5432091.614780122i            2.4188476093940627E7
0                         4.773604417993015E-7     -1.3575920303615201E-7   2.4314711243150916E7-5722060.503084827i           2.5337180356500667E7
0                         4.773604417993015E-7     -1.1978753209072235E-7   2.48193503646988E7-5847746.467127427i             2.575605147129587E7
0                         4.773604417993015E-7     -1.0381586114529273E-7   2.5405811401116382E7-5988189.388970399i           2.6295853770739645E7
0                         4.773604417993015E-7     -8.784419019986307E-8    2.593544235308685E7-6115173.387344924i            2.6788527798834924E7
0                         4.773604417993015E-7     -7.187251925443345E-8    2.6408243220610186E7-6228698.462250995i           2.723312365237557E7
0                         4.773604417993015E-7     -5.590084830900378E-8    2.6824214003686383E7-6328764.613688613i           2.7628876322658766E7
0                         4.773604417993015E-7     -3.9929177363574116E-8   2.7144860930826098E7-6405622.019719996i           2.7939839113020368E7
0                         4.773604417993015E-7     -2.39575064181445E-8     2.7369988768594418E7-6459575.30955747i            2.816079397748846E7
0                         4.773604417993015E-7     -7.985835472714834E-9    2.75366522540144E7-6499604.188220313i             2.832644479749537E7
0                         4.773604417993015E-7     7.985835472714834E-9     2.739281078027596E7-6467505.921884728i            2.816938279534114E7
0                         4.773604417993015E-7     2.3957506418144448E-8    2.739449035125272E7-6466876.778743568i            2.817718227493223E7
0                         4.773604417993015E-7     3.9929177363574116E-8    2.7270391600119155E7-6434007.030425212i           2.80689247224033E7
0                         4.773604417993015E-7     5.590084830900378E-8     2.6987478190266095E7-6368537.490321023i           2.7799511749519337E7
0                         4.773604417993015E-7     7.18725192544334E-8      2.6594887599383846E7-6274028.772887763i           2.743580370167212E7
0                         4.773604417993015E-7     8.784419019986301E-8     2.614468433636515E7-6165917.504480589i            2.7026506924497318E7
0                         4.773604417993015E-7     1.0381586114529268E-7    2.565067059230801E7-6048832.478255469i            2.657479240772366E7
0                         4.773604417993015E-7     1.1978753209072235E-7    2.4955018190543875E7-5883012.307675293i           2.5904351012550205E7
0                         4.773604417993015E-7     1.3575920303615201E-7    2.415675567996857E7-5691951.897852188i            2.514819462557405E7
0                         4.773604417993015E-7     1.5173087398158168E-7    2.320921046676596E7-5466538.203635285i            2.4280401247672763E7
0                         4.773604417993015E-7     1.6770254492701124E-7    2.2085754378313616E7-5197346.111817845i           2.3273657414876834E7
0                         4.773604417993015E-7     1.836742158724409E-7     2.1092619231867697E7-4961526.082455033i           2.241208783591584E7
0                         4.773604417993015E-7     1.9964588681787058E-7    1.9946670838143814E7-4689127.209631126i           2.1336001421855465E7
0                         4.773604417993015E-7     2.1561755776330025E-7    1.8303407938753616E7-4311690.59831077i            1.994687669229756E7
0                         4.773604417993015E-7     2.3158922870872991E-7    1.7638565672001626E7-4139975.2790685263i          1.9380733248115633E7
0                         4.773604417993015E-7     2.475608996541595E-7     1.6069699229668578E7-3771671.2133127954i          1.805693541833204E7
0                         4.773604417993015E-7     2.6353257059958914E-7    1.446772713774892E7-3395525.899857182i            1.6765081534157788E7
0                         4.773604417993015E-7     2.795042415450188E-7     1.2780707897534834E7-2998606.130843384i           1.5509203159635896E7
0                         4.773604417993015E-7     2.954759124904485E-7     1.1009776990159236E7-2583111.051020744i           1.4170440665590884E7
0                         4.773604417993015E-7     3.1144758343587815E-7    9218058.50497996-2162653.880204406i               1.294272746115514E7
0                         4.773604417993015E-7     3.274192543813078E-7     7473482.16045822-1752794.3262550016i              1.1750762391143478E7
0                         4.773604417993015E-7     3.433909253267374E-7     5575653.372132104-1308566.4570014693i             1.068353032361611E7
0                         4.773604417993015E-7     3.5936259627216704E-7    3663017.046729616-860892.8378875349i              9884977.228146097
0                         4.773604417993015E-7     3.753342672175967E-7     1735573.1842507462-409773.46891319647i            9433171.484176483
0                         4.773604417993015E-7     3.913059381630264E-7     -12007.747640990076+3231.6906384599665i           9123822.664397605
0                         4.927591657283113E-7     -3.913059381630264E-7    -1329.4317180799371-291.32290169503574i           9105654.295775136
0                         4.927591657283113E-7     -3.753342672175967E-7    1737908.45217764-412203.1449356525i               9084680.629266813
0                         4.927591657283113E-7     -3.593625962721671E-7    3216417.415582577-767252.9727699002i              9246173.591309603
0                         4.927591657283113E-7     -3.4339092532673743E-7   5127964.725771099-1214682.687006945i              1.0015532200586285E7
0                         4.927591657283113E-7     -3.2741925438130776E-7   7024435.409142001-1658594.4497921572i             1.1075128392536428E7
0                         4.927591657283113E-7     -3.1144758343587815E-7   8905829.465695277-2098988.2611255343i             1.2343151896150382E7
0                         4.927591657283113E-7     -2.954759124904485E-7    1.0594350576273141E7-2496873.169940256i           1.3691701211092247E7
0                         4.927591657283113E-7     -2.7950424154501886E-7   1.2249456035871102E7-2887972.794526018i           1.467992797863483E7
0                         4.927591657283113E-7     -2.635325705995892E-7    1.3569737238324897E7-3206227.2307355683i          1.585391966603295E7
0                         4.927591657283113E-7     -2.4756089965415953E-7   1.5009480360986033E7-3545565.0203530747i          1.6973985189217478E7
0                         4.927591657283113E-7     -2.3158922870872991E-7   1.6410544748809597E7-3875775.51039741i            1.812052196324035E7
0                         4.927591657283113E-7     -2.1561755776330025E-7   1.784278620036896E7-4207392.214960227i            1.9349835752078168E7
0                         4.927591657283113E-7     -1.996458868178706E-7    1.89977653473928E7-4484383.221614763i             2.0367060602595467E7
0                         4.927591657283113E-7     -1.8367421587244096E-7   2.0114887974509403E7-4752346.8468833435i          2.137089285015249E7
0                         4.927591657283113E-7     -1.677025449270113E-7    2.1194154081718806E7-5011283.090765976i           2.2357146150197398E7
0                         4.927591657283113E-7     -1.5173087398158168E-7   2.2261364811766867E7-5265603.097393772i           2.3291845226362895E7
0                         4.927591657283113E-7     -1.3575920303615201E-7   2.3106891638556838E7-5469015.270591117i           2.408049083502161E7
0                         4.927591657283113E-7     -1.1978753209072235E-7   2.3968933353052493E7-5675610.351954154i           2.4850280255868513E7
0                         4.927591657283113E-7     -1.0381586114529273E-7   2.5006734776387643E7-5919752.300906475i           2.5896292084478337E7
0                         4.927591657283113E-7     -8.784419019986307E-8    2.540732849401968E7-6015760.803445244i            2.6253132238273147E7
0                         4.927591657283113E-7     -7.187251925443345E-8    2.5752536618539114E7-6098598.504627688i           2.656429194763181E7
0                         4.927591657283113E-7     -5.590084830900378E-8    2.604235914994597E7-6168265.404453806i            2.6829087790134966E7
0                         4.927591657283113E-7     -3.9929177363574116E-8   2.6318210169530813E7-6234250.792656585i           2.709336774760689E7
0                         4.927591657283113E-7     -2.39575064181445E-8     2.6460760958756633E7-6266150.78698154i            2.7226040262242705E7
0                         4.927591657283113E-7     -7.985835472714834E-9    2.662657287249783E7-6306001.778833764i            2.739089840691425E7
0                         4.927591657283113E-7     7.985835472714834E-9     2.6733920433890704E7-6331928.359511359i           2.7501264624111854E7
0                         4.927591657283113E-7     2.3957506418144448E-8    2.65070488245186E7-6280521.567892577i             2.7271426834220912E7
0                         4.927591657283113E-7     3.9929177363574116E-8    2.639941755954681E7-6254744.428148595i            2.7181112798898213E7
0                         4.927591657283113E-7     5.590084830900378E-8     2.616777481243177E7-6196648.057112001i            2.6960173308204956E7
0                         4.927591657283113E-7     7.18725192544334E-8      2.57764776887741E7-6102388.760401832i             2.660003720398034E7
0                         4.927591657283113E-7     8.784419019986301E-8     2.5432512545281105E7-6022114.816486407i           2.6302585722896025E7
0                         4.927591657283113E-7     1.0381586114529268E-7    2.4829292435544066E7-5877723.274963754i           2.5727707945372067E7
0                         4.927591657283113E-7     1.1978753209072235E-7    2.413721565192374E7-5712588.838331093i            2.506439431009081E7
0                         4.927591657283113E-7     1.3575920303615201E-7    2.339325554330124E7-5535036.047967483i            2.4355462895174533E7
0                         4.927591657283113E-7     1.5173087398158168E-7    2.24867162684658E7-5317672.644840699i             2.352149746609067E7
0                         4.927591657283113E-7     1.6770254492701124E-7    2.1494679499124333E7-5081547.484609987i           2.263442540002946E7
0                         4.927591657283113E-7     1.836742158724409E-7     2.030055402265254E7-4802062.119928648i            2.149441814285567E7
0                         4.927591657283113E-7     1.9964588681787058E-7    1.9121853527405553E7-4522254.36202813i            2.0456266610477764E7
0                         4.927591657283113E-7     2.1561755776330025E-7    1.7963372536136977E7-4244408.426605385i           1.9431504578293543E7
0                         4.927591657283113E-7     2.3158922870872991E-7    1.6528755471173396E7-3904777.260067407i           1.8265998443390198E7
0                         4.927591657283113E-7     2.475608996541595E-7     1.51209622264656E7-3570168.6439463506i            1.7078668843191743E7
0                         4.927591657283113E-7     2.6353257059958914E-7    1.3670769477065481E7-3225493.7555541894i          1.5968312539879968E7
0                         4.927591657283113E-7     2.795042415450188E-7     1.2194369529859997E7-2872905.7547229216i          1.473860351856926E7
0                         4.927591657283113E-7     2.954759124904485E-7     1.0363545125654481E7-2444604.0529871807i          1.3349647921654288E7
0                         4.927591657283113E-7     3.1144758343587815E-7    8577922.485027608-2025427.330656993i              1.2140419628432484E7
0                         4.927591657283113E-7     3.274192543813078E-7     6771512.266597049-1601288.517333106i              1.1101630691697398E7
0                         4.927591657283113E-7     3.433909253267374E-7     5096002.623127745-1205432.7475279912i             9974324.84472276
0                         4.927591657283113E-7     3.5936259627216704E-7    3189997.5247761873-759088.7643103938i             9221257.309304139
0                         4.927591657283113E-7     3.753342672175967E-7     1724994.4508141822-407623.61026424787i            9092142.27730476
0                         4.927591657283113E-7     3.913059381630264E-7     1329.4317180704825+291.3229016959757i             9131223.013827639
0                         5.081578896573211E-7     -3.913059381630264E-7    -15725.882345594306+2811.7332209826586i           8753032.370910557
0                         5.081578896573211E-7     -3.753342672175967E-7    1715535.8031581736-407652.09599796793i            8730253.613820681
0                         5.081578896573211E-7     -3.593625962721671E-7    3438021.222681283-815978.5281312547i              9066145.740322681
0                         5.081578896573211E-7     -3.4339092532673743E-7   5151730.376223749-1222167.563178881i              9718611.642333597
0                         5.081578896573211E-7     -3.2741925438130776E-7   6856663.263785559-1626219.2011408443i             1.0624966063139554E7
0                         5.081578896573211E-7     -3.1144758343587815E-7   8215442.282643127-1950893.0209737285i             1.1732782744201174E7
0                         5.081578896573211E-7     -2.954759124904485E-7    1.0536571229726678E7-2491893.1708927597i          1.3308091195513917E7
0                         5.081578896573211E-7     -2.7950424154501886E-7   1.2204789008511404E7-2882858.2284178464i          1.4559008335167196E7
0                         5.081578896573211E-7     -2.635325705995892E-7    1.3669624448808912E7-3226732.4340116135i          1.580260543429739E7
0                         5.081578896573211E-7     -2.4756089965415953E-7   1.4933064576265592E7-3529919.64371211i            1.6801976445605937E7
0                         5.081578896573211E-7     -2.3158922870872991E-7   1.6158648183815043E7-3824079.4720266517i          1.781255446046912E7
0                         5.081578896573211E-7     -2.1561755776330025E-7   1.7346375271457296E7-4109211.9189552455i          1.8824727295326713E7
0                         5.081578896573211E-7     -1.996458868178706E-7    1.849624583919235E7-4385316.984497894i            1.9831068856431995E7
0                         5.081578896573211E-7     -1.8367421587244096E-7   1.9608259887020197E7-4652394.668654592i           2.0825804250951163E7
0                         5.081578896573211E-7     -1.677025449270113E-7    2.0682417414940823E7-4910444.971425337i           2.180440784534628E7
0                         5.081578896573211E-7     -1.5173087398158168E-7   2.168254909431233E7-5149375.925503778i            2.2691235365252376E7
0                         5.081578896573211E-7     -1.3575920303615201E-7   2.2628394536298737E7-5376746.750629696i           2.3527992951455295E7
0                         5.081578896573211E-7     -1.1978753209072235E-7   2.3303758361747313E7-5540142.340318818i           2.4173601384765696E7
0                         5.081578896573211E-7     -1.0381586114529273E-7   2.3928442180571195E7-5691323.19302914i            2.4774823005548898E7
0                         5.081578896573211E-7     -8.784419019986307E-8    2.4502445992770385E7-5830289.308760667i           2.5330816939188793E7
0                         5.081578896573211E-7     -7.187251925443345E-8    2.5028045677536964E7-5951307.409233574i           2.583410462839826E7
0                         5.081578896573211E-7     -5.590084830900378E-8    2.5316542670582227E7-6020732.869515257i           2.6093567525886726E7
0                         5.081578896573211E-7     -3.9929177363574116E-8   2.5549654070514914E7-6076987.528440614i           2.630757017911293E7
0                         5.081578896573211E-7     -2.39575064181445E-8     2.5791046033361897E7-6135005.576587054i           2.654439902227088E7
0                         5.081578896573211E-7     -7.985835472714834E-9    2.5918321115527686E7-6165238.270680692i           2.6666446313397877E7
0                         5.081578896573211E-7     7.985835472714834E-9     2.59890400829896E7-6181874.953396234i             2.6736822613719564E7
0                         5.081578896573211E-7     2.3957506418144448E-8    2.5871021118061177E7-6149972.34600655i            2.6623785987533215E7
0                         5.081578896573211E-7     3.9929177363574116E-8    2.5490784675441213E7-6063811.934907248i           2.625778471434099E7
0                         5.081578896573211E-7     5.590084830900378E-8     2.5538569186258145E7-6073576.587032665i           2.63156963755877E7
0                         5.081578896573211E-7     7.18725192544334E-8      2.509668823356867E7-5967867.139636485i            2.5908896291049384E7
0                         5.081578896573211E-7     8.784419019986301E-8     2.464367546248889E7-5858538.867219351i            2.5496570494958147E7
0                         5.081578896573211E-7     1.0381586114529268E-7    2.4007914278780133E7-5706614.071672041i           2.487982208594165E7
0                         5.081578896573211E-7     1.1978753209072235E-7    2.3319413113303594E7-5542165.368986891i           2.42235542647602E7
0                         5.081578896573211E-7     1.3575920303615201E-7    2.2579028622824915E7-5365298.312570798i           2.3522863631927542E7
0                         5.081578896573211E-7     1.5173087398158168E-7    2.176422207016564E7-5168807.086046114i            2.2761368813516032E7
0                         5.081578896573211E-7     1.6770254492701124E-7    2.0776013476528328E7-4933392.744911473i           2.188193965823742E7
0                         5.081578896573211E-7     1.836742158724409E-7     1.9703930878029577E7-4679304.229716668i           2.0880797799373515E7
0                         5.081578896573211E-7     1.9964588681787058E-7    1.8677441074172426E7-4431876.340888706i           1.9955412757695828E7
0                         5.081578896573211E-7     2.1561755776330025E-7    1.7486388043782197E7-4147145.7731549107i          1.8922858083619077E7
0                         5.081578896573211E-7     2.3158922870872991E-7    1.613445826186568E7-3825575.1153083714i           1.7784145872565184E7
0                         5.081578896573211E-7     2.475608996541595E-7     1.4733022792777605E7-3492098.6091176914i          1.6603613116412377E7
0                         5.081578896573211E-7     2.6353257059958914E-7    1.3289906782317586E7-3148856.7968903943i          1.5502671801088776E7
0                         5.081578896573211E-7     2.795042415450188E-7     1.1819862395925172E7-2797373.0935040945i          1.4281967701344123E7
0                         5.081578896573211E-7     2.954759124904485E-7     1.0329738604119632E7-2441094.047296496i           1.3109254077061374E7
0                         5.081578896573211E-7     3.1144758343587815E-7    8819535.406900957-2080019.6582675967i             1.2006546693875458E7
0                         5.081578896573211E-7     3.274192543813078E-7     7289252.80426913-1714149.9264173917i              1.1003705475700706E7
0                         5.081578896573211E-7     3.433909253267374E-7     5134955.136035264-1215517.9722258612i             9703790.216282418
0                         5.081578896573211E-7     3.5936259627216704E-7    3437941.8353281473-813547.6378564982i             9077013.705775093
0                         5.081578896573211E-7     3.753342672175967E-7     1731532.0840982595-409312.2248548728i             8761750.135543283
0                         5.081578896573211E-7     3.913059381630264E-7     15725.882345601232-2811.73322098521i              8797380.594454914
0                         5.235566135863307E-7     -3.913059381630264E-7    -30122.332973108594+5914.789343660335i            8384840.265399842
0                         5.235566135863307E-7     -3.753342672175967E-7    1693163.1541387076-403101.0470602834i             8360854.380553602
0                         5.235566135863307E-7     -3.593625962721671E-7    3407672.3752698656-809979.4863785633i             8707687.723575152
0                         5.235566135863307E-7     -3.4339092532673743E-7   4857230.841077456-1164178.8680172875i             9328266.801444655
0                         5.235566135863307E-7     -3.2741925438130776E-7   6457753.2645394225-1547949.8148710066i            1.0213388095774282E7
0                         5.235566135863307E-7     -3.1144758343587815E-7   8049494.039535348-1929625.823992232i              1.1265440140707528E7
0                         5.235566135863307E-7     -2.954759124904485E-7    9868021.564277526-2357467.8560828846i             1.2256545604454866E7
0                         5.235566135863307E-7     -2.7950424154501886E-7   1.1700034044016398E7-2779687.3212614534i          1.4014988717858367E7
0                         5.235566135863307E-7     -2.635325705995892E-7    1.3099932478913713E7-3114971.368016829i           1.5183104504730674E7
0                         5.235566135863307E-7     -2.4756089965415953E-7   1.4446870805931466E7-3433511.229930899i           1.6302513406191498E7
0                         5.235566135863307E-7     -2.3158922870872991E-7   1.566734583419216E7-3726785.1171335587i           1.7297211801273946E7
0                         5.235566135863307E-7     -2.1561755776330025E-7   1.6849964342545647E7-4011031.6229502684i          1.829649654420628E7
0                         5.235566135863307E-7     -1.996458868178706E-7    1.799472633099192E7-4286250.747381027i            1.929230442621327E7
0                         5.235566135863307E-7     -1.8367421587244096E-7   1.9101631799530987E7-4552442.490425838i           2.0278378994154084E7
0                         5.235566135863307E-7     -1.677025449270113E-7    2.0170680748162847E7-4809606.852084699i           2.1249830427694976E7
0                         5.235566135863307E-7     -1.5173087398158168E-7   2.1103733376857787E7-5033148.753613783i           2.208946633530791E7
0                         5.235566135863307E-7     -1.3575920303615201E-7   2.1966563783478808E7-5241873.797434287i           2.285890407691401E7
0                         5.235566135863307E-7     -1.1978753209072235E-7   2.263858337044213E7-5404674.328683481i            2.349623778526366E7
0                         5.235566135863307E-7     -1.0381586114529273E-7   2.3259922950780768E7-5555260.122953877i           2.4090348106362417E7
0                         5.235566135863307E-7     -8.784419019986307E-8    2.383058252449472E7-5693631.180245478i            2.464026961890185E7
0                         5.235566135863307E-7     -7.187251925443345E-8    2.4350562091583956E7-5819787.500558275i           2.5145216780350927E7
0                         5.235566135863307E-7     -5.590084830900378E-8    2.4819861652048524E7-5933729.083892279i           2.5604550960306406E7
0                         5.235566135863307E-7     -3.9929177363574116E-8   2.4822512052789588E7-5929213.553957629i           2.5568331415656947E7
0                         5.235566135863307E-7     -2.39575064181445E-8     2.507949584949291E7-5991841.283445984i            2.5820240173329867E7
0                         5.235566135863307E-7     -7.985835472714834E-9    2.5206216080828298E7-6021983.60593982i            2.594157221295626E7
0                         5.235566135863307E-7     7.985835472714834E-9     2.5276380197459787E7-6038529.917055557i           2.6012341580213558E7
0                         5.235566135863307E-7     2.3957506418144448E-8    2.5289988199387413E7-6041480.216793194i           2.6032482000723306E7
0                         5.235566135863307E-7     3.9929177363574116E-8    2.5285987566058513E7-6038122.32451604i            2.6041437565564524E7
0                         5.235566135863307E-7     5.590084830900378E-8     2.448223661364943E7-5848561.522519932i            2.5268410316238478E7
0                         5.235566135863307E-7     7.18725192544334E-8      2.437118649170766E7-5819098.828013387i            2.5175179513008792E7
0                         5.235566135863307E-7     8.784419019986301E-8     2.381957834434676E7-5686849.483387015i            2.4636217414594393E7
0                         5.235566135863307E-7     1.0381586114529268E-7    2.318653612201619E7-5535504.868380326i            2.403114888876327E7
0                         5.235566135863307E-7     1.1978753209072235E-7    2.2501610574683484E7-5371741.899642698i           2.3381814076598827E7
0                         5.235566135863307E-7     1.3575920303615201E-7    2.1764801702348582E7-5195560.577174115i           2.2689385872800607E7
0                         5.235566135863307E-7     1.5173087398158168E-7    2.0976109505011547E7-5006960.90097459i            2.1955316592018943E7
0                         5.235566135863307E-7     1.6770254492701124E-7    2.0089533768102027E7-4793589.237306962i           2.115985509030264E7
0                         5.235566135863307E-7     1.836742158724409E-7     1.9107307733406626E7-4556546.339504686i           2.026492484549928E7
0                         5.235566135863307E-7     1.9964588681787058E-7    1.808591752422428E7-4310025.614786299i            1.9351771989092268E7
0                         5.235566135863307E-7     2.1561755776330025E-7    1.7009403551427413E7-4049883.119704436i           1.8411273230451606E7
0                         5.235566135863307E-7     2.3158922870872991E-7    1.5740161052557962E7-3746372.970549336i           1.7298875972927243E7
0                         5.235566135863307E-7     2.475608996541595E-7     1.4345083359089615E7-3414028.574289033i           1.6124068402533203E7
0                         5.235566135863307E-7     2.6353257059958914E-7    1.2909044087569693E7-3072219.8382266i             1.5031366817564974E7
0                         5.235566135863307E-7     2.795042415450188E-7     1.1445355261990353E7-2721840.4322852693i          1.3818892142851764E7
0                         5.235566135863307E-7     2.954759124904485E-7     9961587.030997872-2366665.683522636i              1.2657138566547858E7
0                         5.235566135863307E-7     3.1144758343587815E-7    8457739.39459226-2006695.5919387022i              1.1569608369659727E7
0                         5.235566135863307E-7     3.274192543813078E-7     6747682.4551446615-1602816.0821707535i            1.028403316090609E7
0                         5.235566135863307E-7     3.433909253267374E-7     5225896.248785543-1238061.2012688667i             9390868.836893417
0                         5.235566135863307E-7     3.5936259627216704E-7    3689623.075972933-869802.0252723859i              8684726.876296328
0                         5.235566135863307E-7     3.753342672175967E-7     1738069.717382337-411000.83944549784i             8416989.094259065
0                         5.235566135863307E-7     3.913059381630264E-7     30122.332973131866-5914.789343666372i             8448197.123521209
0                         5.389553375153405E-7     -3.913059381630264E-7    -44518.78360062297+9017.845466338034i             8001086.789277661
0                         5.389553375153405E-7     -3.753342672175967E-7    1622749.7761875924-388946.3340489984i             7998466.735400352
0                         5.389553375153405E-7     -3.593625962721671E-7    3233810.0271380367-775726.1041008984i             8386637.3473954415
0                         5.389553375153405E-7     -3.4339092532673743E-7   4836088.629622455-1160410.936420307i              9062576.55800175
0                         5.389553375153405E-7     -3.2741925438130776E-7   6429585.583640838-1543000.8310072226i             9963430.969401268
0                         5.389553375153405E-7     -3.1144758343587815E-7   8325545.618700777-1987951.7574865494i             1.1031666988743529E7
0                         5.389553375153405E-7     -2.954759124904485E-7    9728278.586585188-2326340.5983296502i             1.2124313878106972E7
0                         5.389553375153405E-7     -2.7950424154501886E-7   1.0931649765869036E7-2626093.1511396943i          1.3041935487117752E7
0                         5.389553375153405E-7     -2.635325705995892E-7    1.2589139523749242E7-3010718.2690597475i          1.4615876863509826E7
0                         5.389553375153405E-7     -2.4756089965415953E-7   1.3960677035597356E7-3337102.8161496925i          1.5799536943867862E7
0                         5.389553375153405E-7     -2.3158922870872991E-7   1.5176043484569266E7-3629490.762240463i           1.6778448273555893E7
0                         5.389553375153405E-7     -2.1561755776330025E-7   1.635355341363399E7-3912851.3269452876i           1.7765121412717205E7
0                         5.389553375153405E-7     -1.996458868178706E-7    1.7493206822791483E7-4187184.51026416i            1.87508011675563E7
0                         5.389553375153405E-7     -1.8367421587244096E-7   1.8595003712041777E7-4452490.312197084i           1.9728710326262716E7
0                         5.389553375153405E-7     -1.677025449270113E-7    1.9658944081384864E7-4708768.732744058i           2.0693567474462688E7
0                         5.389553375153405E-7     -1.5173087398158168E-7   2.052491765940326E7-4916921.581723789i            2.1486582586608384E7
0                         5.389553375153405E-7     -1.3575920303615201E-7   2.1304733030658875E7-5107000.84423888i            2.2189210541411318E7
0                         5.389553375153405E-7     -1.1978753209072235E-7   2.1973408379136957E7-5269206.317048146i           2.2818156807301886E7
0                         5.389553375153405E-7     -1.0381586114529273E-7   2.259140372099033E7-5419197.052878612i            2.3405164859480184E7
0                         5.389553375153405E-7     -8.784419019986307E-8    2.3158719056219038E7-5556973.051730282i           2.39491306899359E7
0                         5.389553375153405E-7     -7.187251925443345E-8    2.3675354384823043E7-5682534.313603156i           2.444915934187976E7
0                         5.389553375153405E-7     -5.590084830900378E-8    2.4141309706802335E7-5795880.838497227i           2.4904526488558102E7
0                         5.389553375153405E-7     -3.9929177363574116E-8   2.455658502215697E7-5897012.62641251i             2.5314648930449013E7
0                         5.389553375153405E-7     -2.39575064181445E-8     2.4270444765161138E7-5824040.557954794i           2.4992325702619415E7
0                         5.389553375153405E-7     -7.985835472714834E-9    2.4494111046128877E7-5878728.941198943i           2.5217020151927788E7
0                         5.389553375153405E-7     7.985835472714834E-9     2.4563720311929986E7-5895184.880714879i           2.5288406168746382E7
0                         5.389553375153405E-7     2.3957506418144448E-8    2.464368537182523E7-5913094.166568233i            2.5380081289573006E7
0                         5.389553375153405E-7     3.9929177363574116E-8    2.459334601376173E7-5900249.294950446i            2.5344979189473793E7
0                         5.389553375153405E-7     5.590084830900378E-8     2.433617459526449E7-5834993.213954402i            2.5098870851290055E7
0                         5.389553375153405E-7     7.18725192544334E-8      2.345590427192797E7-5628020.765783599i            2.4206027547239583E7
0                         5.389553375153405E-7     8.784419019986301E-8     2.2964257249817856E7-5507984.35543739i            2.3734687706269376E7
0                         5.389553375153405E-7     1.0381586114529268E-7    2.2316464876570277E7-5351700.892527339i           2.3132422484940264E7
0                         5.389553375153405E-7     1.1978753209072235E-7    2.1690944508471258E7-5199918.773228311i           2.254728343610797E7
0                         5.389553375153405E-7     1.3575920303615201E-7    2.1016206067261495E7-5036169.078831949i           2.1922931729088962E7
0                         5.389553375153405E-7     1.5173087398158168E-7    2.029224955294096E7-4860451.809338242i            2.1260877931164905E7
0                         5.389553375153405E-7     1.6770254492701124E-7    1.9510056306172125E7-4671427.307731977i           2.0550353884045325E7
0                         5.389553375153405E-7     1.836742158724409E-7     1.8510684588783655E7-4433788.449292704i           1.964674236019188E7
0                         5.389553375153405E-7     1.9964588681787058E-7    1.7494393974276144E7-4188174.888683893i           1.8745759670383837E7
0                         5.389553375153405E-7     2.1561755776330025E-7    1.6438939185281705E7-3933083.50115897i            1.783321286565402E7
0                         5.389553375153405E-7     2.3158922870872991E-7    1.5345863843250237E7-3667170.8257902996i          1.681057893289737E7
0                         5.389553375153405E-7     2.475608996541595E-7     1.3957143925401617E7-3335958.5394603726i          1.5640319090764288E7
0                         5.389553375153405E-7     2.6353257059958914E-7    1.2528181392821806E7-2995582.8795628077i          1.4554550864523645E7
0                         5.389553375153405E-7     2.795042415450188E-7     1.1070848128055532E7-2646307.771066443i           1.3349446402386025E7
0                         5.389553375153405E-7     2.954759124904485E-7     9593435.457876122-2292237.319748778i              1.2197871194953827E7
0                         5.389553375153405E-7     3.1144758343587815E-7    8024776.721846674-1918948.1535112874i             1.0978702995862149E7
0                         5.389553375153405E-7     3.274192543813078E-7     6524621.785490378-1558949.703295838i              9958317.24455507
0                         5.389553375153405E-7     3.433909253267374E-7     5009979.8826806145-1195446.9579858007i            9079546.370106924
0                         5.389553375153405E-7     3.5936259627216704E-7    3480851.0134173576-828439.9175811685i             8395337.751839861
0                         5.389553375153405E-7     3.753342672175967E-7     1937235.1777006348-457928.5820819485i             7964896.473641201
0                         5.389553375153405E-7     3.913059381630264E-7     44518.78360066263-9017.845466347559i              8083680.049207847
0                         5.543540614443501E-7     -3.913059381630264E-7    2842.073646854576+153.14853196546622i             7642970.360668141
0                         5.543540614443501E-7     -3.753342672175967E-7    1615658.503619756-387540.506985625i               7696534.81329435
0                         5.543540614443501E-7     -3.593625962721671E-7    3219693.28512662-773139.2247707217i               8095538.336544065
0                         5.543540614443501E-7     -3.4339092532673743E-7   4814946.418167451-1156643.0048233261i             8787993.653428547
0                         5.543540614443501E-7     -3.2741925438130776E-7   6401417.902742254-1538051.847143439i              9706748.700526047
0                         5.543540614443501E-7     -3.1144758343587815E-7   8026502.237358755-1926727.9677703674i             1.0687659582516784E7
0                         5.543540614443501E-7     -2.954759124904485E-7    9421115.531635387-2263624.730874392i              1.1764042249395544E7
0                         5.543540614443501E-7     -2.7950424154501886E-7   1.0795629577729981E7-2595550.6034649513i          1.2893620632142061E7
0                         5.543540614443501E-7     -2.635325705995892E-7    1.1958816000157578E7-2886772.1699960204i          1.38260655619131E7
0                         5.543540614443501E-7     -2.4756089965415953E-7   1.3190505142129378E7-3187256.8520426517i          1.4881198536153082E7
0                         5.543540614443501E-7     -2.3158922870872991E-7   1.4684741134946385E7-3532196.4073473695i          1.6256200580106651E7
0                         5.543540614443501E-7     -2.1561755776330025E-7   1.5857142484722326E7-3814671.030940308i           1.7230592796692852E7
0                         5.543540614443501E-7     -1.996458868178706E-7    1.6991687314591046E7-4088118.2731472934i          1.820661220342595E7
0                         5.543540614443501E-7     -1.8367421587244096E-7   1.8088375624552567E7-4352538.13396833i            1.9176917026801705E7
0                         5.543540614443501E-7     -1.677025449270113E-7    1.9070729085075956E7-4589009.17924076i            2.009869905524968E7
0                         5.543540614443501E-7     -1.5173087398158168E-7   1.9926891161221422E7-4798302.739695338i           2.085944801788276E7
0                         5.543540614443501E-7     -1.3575920303615201E-7   2.0642902277838945E7-4972127.891043472i           2.1518869028575275E7
0                         5.543540614443501E-7     -1.1978753209072235E-7   2.130823338783178E7-5133738.30541281i             2.2139327557759356E7
0                         5.543540614443501E-7     -1.0381586114529273E-7   2.1922884491199914E7-5283133.982803348i           2.2719264990034826E7
0                         5.543540614443501E-7     -8.784419019986307E-8    2.2486855587943368E7-5420314.923215092i           2.3257423115720738E7
0                         5.543540614443501E-7     -7.187251925443345E-8    2.300014667806211E7-5545281.126648034i            2.3752785739941783E7
0                         5.543540614443501E-7     -5.590084830900378E-8    2.346275776155618E7-5658032.593102183i            2.4204534075162143E7
0                         5.543540614443501E-7     -3.9929177363574116E-8   2.366727225036081E7-5705140.398745432i            2.439709429216333E7
0                         5.543540614443501E-7     -2.39575064181445E-8     2.3927972380231403E7-5769056.6032150695i          2.4651668126774166E7
0                         5.543540614443501E-7     -7.985835472714834E-9    2.4025947977489505E7-5792557.482311258i           2.473861322076069E7
0                         5.543540614443501E-7     7.985835472714834E-9     2.4083871640795134E7-5806062.804393639i           2.4798666370472167E7
0                         5.543540614443501E-7     2.3957506418144448E-8    2.4087398250992034E7-5806346.9976976635i          2.481275236794314E7
0                         5.543540614443501E-7     3.9929177363574116E-8    2.357783781635063E7-5686670.791301069i            2.4292183164703336E7
0                         5.543540614443501E-7     5.590084830900378E-8     2.32679177546257E7-5611381.733083184i             2.400175450793384E7
0                         5.543540614443501E-7     7.18725192544334E-8      2.293690426566995E7-5529963.1377736395i           2.3673206488536622E7
0                         5.543540614443501E-7     8.784419019986301E-8     2.244768705854222E7-5410305.083355612i            2.320564624167329E7
0                         5.543540614443501E-7     1.0381586114529268E-7    2.1845554342990633E7-5263921.05629507i            2.2645864607800733E7
0                         5.543540614443501E-7     1.1978753209072235E-7    2.1222909268445965E7-5112617.925884325i           2.206668538487947E7
0                         5.543540614443501E-7     1.3575920303615201E-7    2.0551046120790545E7-4949347.220376243i           2.1449650127673686E7
0                         5.543540614443501E-7     1.5173087398158168E-7    1.982996490002437E7-4774108.939770819i            2.0796444026027277E7
0                         5.543540614443501E-7     1.6770254492701124E-7    1.9029477571865283E7-4578757.88974537i            2.005819926697941E7
0                         5.543540614443501E-7     1.836742158724409E-7     1.815086663823412E7-4363333.483249813i            1.922119662383631E7
0                         5.543540614443501E-7     1.9964588681787058E-7    1.6902870424327996E7-4066324.162581484i           1.8137290415993035E7
0                         5.543540614443501E-7     2.1561755776330025E-7    1.5852515230008375E7-3812139.939166138i           1.7239434495238706E7
0                         5.543540614443501E-7     2.3158922870872991E-7    1.4691939719595855E7-3532864.1885024942i          1.6143299780029403E7
0                         5.543540614443501E-7     2.475608996541595E-7     1.3569204491713632E7-3257888.5046317154i          1.5152713205145214E7
0                         5.543540614443501E-7     2.6353257059958914E-7    1.2153046587429691E7-2919778.7956650537i          1.4015158521394838E7
0                         5.543540614443501E-7     2.795042415450188E-7     1.069634099412071E7-2570775.109847617i            1.2873737014753632E7
0                         5.543540614443501E-7     2.954759124904485E-7     9273095.414996488-2229071.6585735297i             1.1749857633345809E7
0                         5.543540614443501E-7     3.1144758343587815E-7    7794571.748643034-1873829.6390445225i             1.0634568846232763E7
0                         5.543540614443501E-7     3.274192543813078E-7     6301561.115836102-1515083.324420924i              9622416.161830131
0                         5.543540614443501E-7     3.433909253267374E-7     4794063.516575692-1152832.7147027357i             8757122.316345
0                         5.543540614443501E-7     3.5936259627216704E-7    3272078.9508618023-787077.8098899559i             8094555.445989487
0                         5.543540614443501E-7     3.753342672175967E-7     1735607.4186944286-417818.6099825831i             7696430.100948354
0                         5.543540614443501E-7     3.913059381630264E-7     -2842.073646824843-153.14853197380975i            7436084.895103088
0                         5.697527853733599E-7     -3.913059381630264E-7    2776.2705226007415+377.9233285353865i             7326207.9049865
0                         5.697527853733599E-7     -3.753342672175967E-7    1608567.231051919-386134.6799222515i              7381713.742086786
0                         5.697527853733599E-7     -3.593625962721671E-7    3205576.543115199-770552.3454405444i              7793652.208808106
0                         5.697527853733599E-7     -3.4339092532673743E-7   4793804.206712449-1152875.073226346i              8505187.595025038
0                         5.697527853733599E-7     -3.2741925438130776E-7   6320865.9871658385-1525128.6021757717i            9358024.367130678
0                         5.697527853733599E-7     -3.1144758343587815E-7   7727458.856016726-1865504.1780541847i             1.033400025833044E7
0                         5.697527853733599E-7     -2.954759124904485E-7    9113952.476685591-2200908.8634191346i             1.1394945755978394E7
0                         5.697527853733599E-7     -2.7950424154501886E-7   1.0480346849172408E7-2531342.6582706165i          1.2512199621167272E7
0                         5.697527853733599E-7     -2.635325705995892E-7    1.1826641973477188E7-2856805.5626086327i          1.366557802152182E7
0                         5.697527853733599E-7     -2.4756089965415953E-7   1.3152837849599939E7-3177297.5764331855i          1.4840869950543975E7
0                         5.697527853733599E-7     -2.3158922870872991E-7   1.4152368095127253E7-3433388.0896997256i          1.5663315556249011E7
0                         5.697527853733599E-7     -2.1561755776330025E-7   1.5360731555810666E7-3716490.734935328i           1.6692916622873798E7
0                         5.697527853733599E-7     -1.996458868178706E-7    1.6490167806390606E7-3989052.036030425i           1.765981295940948E7
0                         5.697527853733599E-7     -1.8367421587244096E-7   1.7581747537063353E7-4252585.955739576i           1.8623147314883497E7
0                         5.697527853733599E-7     -1.677025449270113E-7    1.849619536469768E7-4473544.4641868295i           1.9503180867310323E7
0                         5.697527853733599E-7     -1.5173087398158168E-7   1.926840464688675E7-4664024.8449398605i           2.0198768494104557E7
0                         5.697527853733599E-7     -1.3575920303615201E-7   1.998107152501901E7-4837254.937848062i            2.08478367784802E7
0                         5.697527853733599E-7     -1.1978753209072235E-7   2.0643058396526597E7-4998270.293777471i           2.1459721167495113E7
0                         5.697527853733599E-7     -1.0381586114529273E-7   2.1254365261409488E7-5147070.912728085i           2.2032644976167545E7
0                         5.697527853733599E-7     -8.784419019986307E-8    2.1814992119667698E7-5283656.794699903i           2.2565178345874235E7
0                         5.697527853733599E-7     -7.187251925443345E-8    2.242987207197088E7-5430489.8030372355i           2.3163994115960117E7
0                         5.697527853733599E-7     -5.590084830900378E-8    2.278714393474165E7-5518255.964752897i            2.350880516746789E7
0                         5.697527853733599E-7     -3.9929177363574116E-8   2.3095279740088105E7-5593959.084389597i           2.3807776452358365E7
0                         5.697527853733599E-7     -2.39575064181445E-8     2.3354279488010198E7-5657599.161947331i           2.4060622381852638E7
0                         5.697527853733599E-7     -7.985835472714834E-9    2.3470723026352927E7-5685994.44115377i            2.4168844536896314E7
0                         5.697527853733599E-7     7.985835472714834E-9     2.3528115604810238E7-5699407.699379608i           2.42298840900742E7
0                         5.697527853733599E-7     2.3957506418144448E-8    2.319992950029625E7-5624191.305585464i            2.3898278255441878E7
0                         5.697527853733599E-7     3.9929177363574116E-8    2.3012420507931735E7-5577357.825738105i           2.3714720825256255E7
0                         5.697527853733599E-7     5.590084830900378E-8     2.2711917253528003E7-5504031.134163961i           2.3433576131948862E7
0                         5.697527853733599E-7     7.18725192544334E-8      2.2417904259411924E7-5431905.5097636795i          2.3140210063670527E7
0                         5.697527853733599E-7     8.784419019986301E-8     2.193111686726658E7-5312625.811273829i            2.2676221156466532E7
0                         5.697527853733599E-7     1.0381586114529268E-7    2.139535353733749E7-5181479.232041318i            2.2172930666744858E7
0                         5.697527853733599E-7     1.1978753209072235E-7    2.0754874028420668E7-5025317.078540338i           2.1585412239561323E7
0                         5.697527853733599E-7     1.3575920303615201E-7    2.008588617431958E7-4862525.361920534i            2.0975658360934656E7
0                         5.697527853733599E-7     1.5173087398158168E-7    1.938430883925649E7-4691166.644591402i            2.0361095794931352E7
0                         5.697527853733599E-7     1.6770254492701124E-7    1.8548898837558422E7-4486088.471758757i           1.956453176371271E7
0                         5.697527853733599E-7     1.836742158724409E-7     1.7674609433137476E7-4271392.607846803i           1.8737494848911114E7
0                         5.697527853733599E-7     1.9964588681787058E-7    1.6761440625993654E7-4047079.0528555396i          1.7881817634722173E7
0                         5.697527853733599E-7     2.1561755776330025E-7    1.5266091274735069E7-3691196.377173308i           1.6643182331190659E7
0                         5.697527853733599E-7     2.3158922870872991E-7    1.4092354374130856E7-3408794.778457093i           1.5501839922154333E7
0                         5.697527853733599E-7     2.475608996541595E-7     1.284033388051274E7-3108529.5672371085i           1.4449925376849182E7
0                         5.697527853733599E-7     2.6353257059958914E-7    1.1771464929361429E7-2842840.870766772i           1.3528095398987584E7
0                         5.697527853733599E-7     2.795042415450188E-7     1.0492638534594117E7-2533186.5973574845i          1.25770065395454E7
0                         5.697527853733599E-7     2.954759124904485E-7     9035746.138243496-2182701.008514916i              1.1392945903237443E7
0                         5.697527853733599E-7     3.1144758343587815E-7    7564366.775439393-1828711.124577757i              1.0281555634157307E7
0                         5.697527853733599E-7     3.274192543813078E-7     6078500.446181823-1471216.9455460093i             9276319.894510675
0                         5.697527853733599E-7     3.433909253267374E-7     4578147.1504707625-1110218.471419669i             8423494.126440678
0                         5.697527853733599E-7     3.5936259627216704E-7    2914188.2189015592-712808.5818768214i             7608163.4136321945
0                         5.697527853733599E-7     3.753342672175967E-7     1460921.2691291536-357909.2833772887i             7284031.360145804
0                         5.697527853733599E-7     3.913059381630264E-7     -2776.2705225738773-377.9233285428753i            7262650.0369442655
0                         5.851515093023697E-7     -3.913059381630264E-7    2710.4673983469024+602.6981251053069i             6995752.21476564
0                         5.851515093023697E-7     -3.753342672175967E-7    1601475.9584840825-384728.852858878i              7054152.967754189
0                         5.851515093023697E-7     -3.593625962721671E-7    3191459.801103779-767965.4661103673i              7481465.12485077
0                         5.851515093023697E-7     -3.4339092532673743E-7   4611369.836006422-1121542.5015458607i             8190328.868577087
0                         5.851515093023697E-7     -3.2741925438130776E-7   6029942.2794315815-1465396.890198665i             9014156.124995288
0                         5.851515093023697E-7     -3.1144758343587815E-7   7428415.4746747045-1804280.3883380028i            9970564.973824583
0                         5.851515093023697E-7     -2.954759124904485E-7    8806789.421735788-2138192.9959638747i             1.1016997772865066E7
0                         5.851515093023697E-7     -2.7950424154501886E-7   1.0165064120614834E7-2467134.713076281i           1.2122916008338327E7
0                         5.851515093023697E-7     -2.635325705995892E-7    1.1503239571311845E7-2791105.539675223i           1.3266919618813645E7
0                         5.851515093023697E-7     -2.4756089965415953E-7   1.2821315773826817E7-3110105.475760698i           1.4434037406100083E7
0                         5.851515093023697E-7     -2.3158922870872991E-7   1.4119292728159746E7-3424134.521332707i           1.5613696205440987E7
0                         5.851515093023697E-7     -2.1561755776330025E-7   1.5077769080822155E7-3671573.051156316i           1.6429427560531627E7
0                         5.851515093023697E-7     -1.996458868178706E-7    1.598864829819017E7-3889985.798913559i            1.7110504826557938E7
0                         5.851515093023697E-7     -1.8367421587244096E-7   1.7075119449574146E7-4152633.7775108237i          1.806758351171871E7
0                         5.851515093023697E-7     -1.677025449270113E-7    1.7849915486280322E7-4344897.178737299i           1.8866444522131406E7
0                         5.851515093023697E-7     -1.5173087398158168E-7   1.8609918132552046E7-4529746.950184377i           1.953760880910681E7
0                         5.851515093023697E-7     -1.3575920303615201E-7   1.9319240772199087E7-4702381.984652656i           2.017607166590519E7
0                         5.851515093023697E-7     -1.1978753209072235E-7   2.049974953858234E7-4985012.385620154i            2.1289750621465094E7
0                         5.851515093023697E-7     -1.0381586114529273E-7   2.1002729191677608E7-5108691.546660801i           2.1763552715359427E7
0                         5.851515093023697E-7     -8.784419019986307E-8    2.1456572787348554E7-5220307.665622486i           2.219393589881521E7
0                         5.851515093023697E-7     -7.187251925443345E-8    2.186128032559517E7-5319860.742505208i            2.258024744998495E7
0                         5.851515093023697E-7     -5.590084830900378E-8    2.221685180641745E7-5407350.77730897i             2.29219625189668E7
0                         5.851515093023697E-7     -3.9929177363574116E-8   2.252328722981539E7-5482777.770033763i            2.3218663483053714E7
0                         5.851515093023697E-7     -2.39575064181445E-8     2.2780586595788997E7-5546141.720679597i           2.3470024177734155E7
0                         5.851515093023697E-7     -7.985835472714834E-9    2.2915498075216345E7-5579431.39999628i            2.359950875846992E7
0                         5.851515093023697E-7     7.985835472714834E-9     2.2769684790316463E7-5548907.264573593i           2.34531525493376E7
0                         5.851515093023697E-7     2.3957506418144448E-8    2.2633234450385593E7-5514687.013433838i           2.3319017093965437E7
0                         5.851515093023697E-7     3.9929177363574116E-8    2.2447003199512843E7-5468044.860175144i           2.313719217395945E7
0                         5.851515093023697E-7     5.590084830900378E-8     2.215591675243029E7-5396680.535244737i            2.2865141718457606E7
0                         5.851515093023697E-7     7.18725192544334E-8      2.1794424366027266E7-5308862.589451913i           2.2523941309297122E7
0                         5.851515093023697E-7     8.784419019986301E-8     2.1414546675990943E7-5214946.539192048i           2.2146431897695296E7
0                         5.851515093023697E-7     1.0381586114529268E-7    2.088121316104424E7-5084178.315887717i            2.164780094562524E7
0                         5.851515093023697E-7     1.1978753209072235E-7    2.0298903708313763E7-4941543.211840717i           2.1112458457376067E7
0                         5.851515093023697E-7     1.3575920303615201E-7    1.9620726227848634E7-4775703.503464828i           2.050095190287085E7
0                         5.851515093023697E-7     1.5173087398158168E-7    1.889940857573945E7-4597768.684021197i            1.9857031970788937E7
0                         5.851515093023697E-7     1.6770254492701124E-7    1.8068320103251584E7-4393419.05377215i            1.906934274935611E7
0                         5.851515093023697E-7     1.836742158724409E-7     1.7198352228040837E7-4179451.7324437937i          1.8252289928117514E7
0                         5.851515093023697E-7     1.9964588681787058E-7    1.6289504950107215E7-3955866.7200361285i          1.7407934557236888E7
0                         5.851515093023697E-7     2.1561755776330025E-7    1.5341778269450724E7-3722664.0165491565i          1.6538907539673496E7
0                         5.851515093023697E-7     2.3158922870872991E-7    1.4044488720524611E7-3406423.0856344183i          1.5430865562565684E7
0                         5.851515093023697E-7     2.475608996541595E-7     1.284511216164031E7-3116104.3468020214i           1.4437854753726628E7
0                         5.851515093023697E-7     2.6353257059958914E-7    1.15780566198106E7-2807088.118285384i             1.3376068355179561E7
0                         5.851515093023697E-7     2.795042415450188E-7     1.0248144954291763E7-2485563.8117070193i          1.221173563885418E7
0                         5.851515093023697E-7     2.954759124904485E-7     8798396.861490503-2136330.358456302i              1.1028798385300457E7
0                         5.851515093023697E-7     3.1144758343587815E-7    7334161.80223576-1783592.6101109933i              9919830.505706016
0                         5.851515093023697E-7     3.274192543813078E-7     5855439.776527535-1427350.5666710928i             8920048.56754082
0                         5.851515093023697E-7     3.433909253267374E-7     4336555.2596322885-1061920.3627747956i            8013333.7816925505
0                         5.851515093023697E-7     3.5936259627216704E-7    2900563.940501405-710779.8694407808i              7421909.323945743
0                         5.851515093023697E-7     3.753342672175967E-7     1454142.031491201-357007.31455755286i             7094889.7193974545
0                         5.851515093023697E-7     3.913059381630264E-7     -2710.467398322912-602.6981251119413i             7075864.517270903
0                         6.005502332313793E-7     -3.913059381630264E-7    2644.66427409307+827.4729216752249i               6651609.25073985
0                         6.005502332313793E-7     -3.753342672175967E-7    1594384.6859162466-383323.0257955047i             6714042.3304972695
0                         6.005502332313793E-7     -3.593625962721671E-7    2898013.7838805155-715969.6658806377i             7266068.62590802
0                         6.005502332313793E-7     -3.4339092532673743E-7   4328565.801879942-1063302.8673078313i             7862922.5221361825
0                         6.005502332313793E-7     -3.2741925438130776E-7   5739018.571697333-1405665.1782215596i             8659649.209637506
0                         6.005502332313793E-7     -3.1144758343587815E-7   7129372.093332683-1743056.5986218208i             9597260.66277935
0                         6.005502332313793E-7     -2.954759124904485E-7    8499626.36678599-2075477.1285086165i              1.0630217495674215E7
0                         6.005502332313793E-7     -2.7950424154501886E-7   9849781.392057264-2402926.767881947i              1.1725900494373543E7
0                         6.005502332313793E-7     -2.635325705995892E-7    1.1179837169146508E7-2725405.5167418136i          1.286159098552448E7
0                         6.005502332313793E-7     -2.4756089965415953E-7   1.2489793698053703E7-3042913.3750882116i          1.4021515349484267E7
0                         6.005502332313793E-7     -2.3158922870872991E-7   1.3779650978778858E7-3355450.342921145i           1.5194619209839003E7
0                         6.005502332313793E-7     -2.1561755776330025E-7   1.5049409011321984E7-3663016.420240613i           1.6373038095498575E7
0                         6.005502332313793E-7     -1.996458868178706E-7    1.5966708099214073E7-3901811.736412422i           1.7177913339898914E7
0                         6.005502332313793E-7     -1.8367421587244096E-7   1.6568491362084938E7-4052681.599282071i           1.7510447627548493E7
0                         6.005502332313793E-7     -1.677025449270113E-7    1.7194773210430894E7-4211214.342421747i           1.821812915640608E7
0                         6.005502332313793E-7     -1.5173087398158168E-7   1.8786292223485522E7-4592216.511329453i           1.9663293987724338E7
0                         6.005502332313793E-7     -1.3575920303615201E-7   1.9385843609480973E7-4739745.6296161255i          2.02123640385533E7
0                         6.005502332313793E-7     -1.1978753209072235E-7   1.9936258938052088E7-4875211.705823831i           2.072127659209866E7
0                         6.005502332313793E-7     -1.0381586114529273E-7   2.0437538209198885E7-4998614.739952583i           2.1188870210046012E7
0                         6.005502332313793E-7     -8.784419019986307E-8    2.0889681422921337E7-5109954.732002363i           2.161420726461602E7
0                         6.005502332313793E-7     -7.187251925443345E-8    2.1292688579219453E7-5209231.6819731835i          2.1996532385409582E7
0                         6.005502332313793E-7     -5.590084830900378E-8    2.1646559678093243E7-5296445.58986504i            2.2335240717564177E7
0                         6.005502332313793E-7     -3.9929177363574116E-8   2.1613091327392112E7-5292464.106278387i           2.2288999426256128E7
0                         6.005502332313793E-7     -2.39575064181445E-8     2.1803808115496073E7-5340491.234806806i           2.2473416834054224E7
0                         6.005502332313793E-7     -7.985835472714834E-9    2.2287103686411295E7-5460818.66826546i            2.2959134414536428E7
0                         6.005502332313793E-7     7.985835472714834E-9     2.220171199891403E7-5439211.6458333i              2.2872990129278433E7
0                         6.005502332313793E-7     2.3957506418144448E-8    2.206653940047491E7-5405182.721282209i            2.2739780992589332E7
0                         6.005502332313793E-7     3.9929177363574116E-8    2.1881585891093954E7-5358731.894612185i           2.2559609193361904E7
0                         6.005502332313793E-7     5.590084830900378E-8     2.15999162513326E7-5289329.936325516i             2.2296465352573596E7
0                         6.005502332313793E-7     7.18725192544334E-8      2.124065100689753E7-5201890.954255732i            2.1959315067226898E7
0                         6.005502332313793E-7     8.784419019986301E-8     2.089797648471532E7-5117267.267110271i            2.161630292091893E7
0                         6.005502332313793E-7     1.0381586114529268E-7    2.0367072784751005E7-4986877.399734117i           2.1122170374310065E7
0                         6.005502332313793E-7     1.1978753209072235E-7    1.9787193147002917E7-4844620.651615296i           2.059290291905664E7
0                         6.005502332313793E-7     1.3575920303615201E-7    1.9155566281377684E7-4688881.645009123i           2.0025530817804247E7
0                         6.005502332313793E-7     1.5173087398158168E-7    1.841450831222239E7-4504370.7234509885i           1.9351539228687648E7
0                         6.005502332313793E-7     1.6770254492701124E-7    1.758774136894474E7-4300749.635785542i            1.8572634431103192E7
0                         6.005502332313793E-7     1.836742158724409E-7     1.6679601464785282E7-4078425.978199027i           1.772035331395517E7
0                         6.005502332313793E-7     1.9964588681787058E-7    1.5737002230180485E7-3846486.8439427046i          1.6845880302920368E7
0                         6.005502332313793E-7     2.1561755776330025E-7    1.4756587316547828E7-3605153.083522124i           1.594902477357106E7
0                         6.005502332313793E-7     2.3158922870872991E-7    1.3738356723887295E7-3354424.6969372826i          1.5033632892192803E7
0                         6.005502332313793E-7     2.475608996541595E-7     1.246065203793676E7-3040875.6780329444i           1.4013349573696122E7
0                         6.005502332313793E-7     2.6353257059958914E-7    1.1193792242136773E7-2729574.313365329i           1.2926707894780323E7
0                         6.005502332313793E-7     2.795042415450188E-7     9872326.927185195-2409358.1256618025i             1.177954395626872E7
0                         6.005502332313793E-7     2.954759124904485E-7     8561047.584737502-2089959.7083976865i             1.065779483428025E7
0                         6.005502332313793E-7     3.1144758343587815E-7    7143086.727569324-1750896.2215102287i             9586388.583678124
0                         6.005502332313793E-7     3.274192543813078E-7     5734801.628959281-1406146.5948909447i             8629933.452331668
0                         6.005502332313793E-7     3.433909253267374E-7     4316085.940469932-1058764.9067224502i             7823502.974817691
0                         6.005502332313793E-7     3.5936259627216704E-7    2886939.66210125-708751.1570047402i               7224093.549135204
0                         6.005502332313793E-7     3.753342672175967E-7     1447362.793853249-356105.345737817i               6892878.345790702
0                         6.005502332313793E-7     3.913059381630264E-7     -2644.664274071946-827.472921681005i              6875729.81373642
0                         6.159489571603891E-7     -3.913059381630264E-7    2578.861149839235+1052.2477182451453i             6293786.903351648
0                         6.159489571603891E-7     -3.753342672175967E-7    1180797.8307881234-308410.0951801021i             6690197.862672632
0                         6.159489571603891E-7     -3.593625962721671E-7    2623329.423361811-659222.1093816843i              6967491.450310289
0                         6.159489571603891E-7     -3.4339092532673743E-7   4045761.7677534623-1005063.233069801i             7524562.963442262
0                         6.159489571603891E-7     -3.2741925438130776E-7   5448094.8639630815-1345933.4662444536i            8294351.519131874
0                         6.159489571603891E-7     -3.1144758343587815E-7   6830328.7119906545-1681832.8089056371i            9214030.353625923
0                         6.159489571603891E-7     -2.954759124904485E-7    8192463.311836191-2012761.2610533575i             1.023467856639826E7
0                         6.159489571603891E-7     -2.7950424154501886E-7   9534498.663499692-2338718.822687611i              1.132135339071373E7
0                         6.159489571603891E-7     -2.635325705995892E-7    1.0856434766981155E7-2659705.493808401i           1.2449900608590668E7
0                         6.159489571603891E-7     -2.4756089965415953E-7   1.215827162228058E7-2975721.2744157244i           1.360369963483553E7
0                         6.159489571603891E-7     -2.3158922870872991E-7   1.3440009229397971E7-3286766.1645095823i          1.477120583028316E7
0                         6.159489571603891E-7     -2.1561755776330025E-7   1.4701647588333318E7-3592840.164089973i           1.5944273419097573E7
0                         6.159489571603891E-7     -1.996458868178706E-7    1.4491890468384776E7-3625175.9569730274i          1.5771157390684508E7
0                         6.159489571603891E-7     -1.8367421587244096E-7   1.6112990511627674E7-3969778.1844788i             1.694169353958599E7
0                         6.159489571603891E-7     -1.677025449270113E-7    1.7916476766089387E7-4400499.901805638i           1.8867672688330542E7
0                         6.159489571603891E-7     -1.5173087398158168E-7   1.8489971068260703E7-4543646.947105962i           1.937675299547513E7
0                         6.159489571603891E-7     -1.3575920303615201E-7   1.9015510232806183E7-4674888.578113423i           1.984837244080694E7
0                         6.159489571603891E-7     -1.1978753209072235E-7   1.9493094259725817E7-4794224.794828016i           2.0281176940933548E7
0                         6.159489571603891E-7     -1.0381586114529273E-7   1.9922723149019625E7-4901655.597249748i           2.0674067291667398E7
0                         6.159489571603891E-7     -8.784419019986307E-8    2.030439690068761E7-4997180.98537862i             2.102615242342158E7
0                         6.159489571603891E-7     -7.187251925443345E-8    2.0638115514729742E7-5080800.959214625i           2.13367134268178E7
0                         6.159489571603891E-7     -5.590084830900378E-8    2.0923878991146047E7-5152515.518757767i           2.160517585595624E7
0                         6.159489571603891E-7     -3.9929177363574116E-8   2.116168732993653E7-5212324.66400805i             2.18310884701054E7
0                         6.159489571603891E-7     -2.39575064181445E-8     2.1351540531101163E7-5260228.394965464i           2.2014107058360834E7
0                         6.159489571603891E-7     -7.985835472714834E-9    2.1450437736003052E7-5285027.146545194i           2.2110348206830293E7
0                         6.159489571603891E-7     7.985835472714834E-9     2.1432564285960928E7-5280172.945583532i           2.2092247739916984E7
0                         6.159489571603891E-7     2.3957506418144448E-8    2.1499844350564264E7-5295678.429130584i           2.2160598852858316E7
0                         6.159489571603891E-7     3.9929177363574116E-8    2.1316168582675055E7-5249418.929049225i           2.198198627050718E7
0                         6.159489571603891E-7     5.590084830900378E-8     2.1043915750234887E7-5181979.33740629i            2.1727565227159068E7
0                         6.159489571603891E-7     7.18725192544334E-8      2.0686877647767797E7-5094919.31905955i            2.1394352364147987E7
0                         6.159489571603891E-7     8.784419019986301E-8     2.0381406293439675E7-5019587.995028487i           2.1085864323465403E7
0                         6.159489571603891E-7     1.0381586114529268E-7    1.9852932408457756E7-4889576.483580513i           2.0596040930083077E7
0                         6.159489571603891E-7     1.1978753209072235E-7    1.9275482585692067E7-4747698.091389876i           2.0072787991189353E7
0                         6.159489571603891E-7     1.3575920303615201E-7    1.876336249998414E7-4618594.621446428i            1.9656843751587056E7
0                         6.159489571603891E-7     1.5173087398158168E-7    1.7927268348479632E7-4412220.610052351i           1.8840559303571004E7
0                         6.159489571603891E-7     1.6770254492701124E-7    1.706501920620491E7-4199867.215059805i            1.8027232692299973E7
0                         6.159489571603891E-7     1.836742158724409E-7     1.6164954384902323E7-3978119.1939030015i          1.718744742687674E7
0                         6.159489571603891E-7     1.9964588681787058E-7    1.5227073884571869E7-3746976.546581939i           1.632375749917942E7
0                         6.159489571603891E-7     2.1561755776330025E-7    1.4251377705213532E7-3506439.273096614i           1.5439464693053063E7
0                         6.159489571603891E-7     2.3158922870872991E-7    1.3237865846827338E7-3256507.3734470326i          1.4538890390818965E7
0                         6.159489571603891E-7     2.475608996541595E-7     1.2103520275962655E7-2966140.5538176424i          1.3629377878605818E7
0                         6.159489571603891E-7     2.6353257059958914E-7    1.009904943473881E7-2521834.601910091i            1.1762842713662598E7
0                         6.159489571603891E-7     2.795042415450188E-7     8907552.692339398-2223858.5791729046i             1.0767534662741456E7
0                         6.159489571603891E-7     2.954759124904485E-7     7701602.143389454-1922292.0849357767i             9815304.075879643
0                         6.159489571603891E-7     3.1144758343587815E-7    6389905.498397442-1596975.0789263155i             9010774.04001835
0                         6.159489571603891E-7     3.274192543813078E-7     5127411.641082146-1281891.4773139958i             8167848.726648107
0                         6.159489571603891E-7     3.433909253267374E-7     4295616.621307574-1055609.4506701045i             7624232.454986823
0                         6.159489571603891E-7     3.5936259627216704E-7    2873315.3837010954-706722.4445686995i             7014941.5168971345
0                         6.159489571603891E-7     3.753342672175967E-7     1440583.5562152974-355203.37691808137i            6678062.505409168
0                         6.159489571603891E-7     3.913059381630264E-7     -2578.8611498209802-1052.2477182500702i           6662247.907582763
0                         6.313476810893989E-7     -3.913059381630264E-7    29300.273021974524-6008.175666301066i             6511511.425267938
0                         6.313476810893989E-7     -3.753342672175967E-7    1314273.3618371934-328500.7722101721i             6512032.527225044
0                         6.313476810893989E-7     -3.593625962721671E-7    2583541.6022647205-647013.6604805579i             6774416.853467594
0                         6.313476810893989E-7     -3.4339092532673743E-7   3837104.994304571-961546.8404774623i              7261572.481571052
0                         6.313476810893989E-7     -3.2741925438130776E-7   5074963.537956733-1272100.3122008825i             7924233.081836299
0                         6.313476810893989E-7     -3.1144758343587815E-7   6297117.23322121-1578674.0756508186i              8715341.676257605
0                         6.313476810893989E-7     -2.954759124904485E-7    7503566.080098-1881268.130827271i                 9596796.417601181
0                         6.313476810893989E-7     -2.7950424154501886E-7   8694310.078587104-2179882.477730239i              1.0540206383034978E7
0                         6.313476810893989E-7     -2.635325705995892E-7    9869349.228688525-2474517.116359725i              1.1525173696908912E7
0                         6.313476810893989E-7     -2.4756089965415953E-7   1.1028683530402262E7-2765172.046715727i           1.2537193458841812E7
0                         6.313476810893989E-7     -2.3158922870872991E-7   1.2172312983728308E7-3051847.2687982437i          1.3565912825244399E7
0                         6.313476810893989E-7     -2.1561755776330025E-7   1.3300237588666677E7-3334542.7826072797i          1.4603862215237128E7
0                         6.313476810893989E-7     -1.996458868178706E-7    1.4519102457560334E7-3618237.75783736i            1.5718953938852625E7
0                         6.313476810893989E-7     -1.8367421587244096E-7   1.5766609734106319E7-3907215.0301210484i          1.660665371333924E7
0                         6.313476810893989E-7     -1.677025449270113E-7    1.6556332388301075E7-4107497.3494307455i          1.7393524109022524E7
0                         6.313476810893989E-7     -1.5173087398158168E-7   1.804461217938037E7-4464371.287832641i            1.8960108742672037E7
0                         6.313476810893989E-7     -1.3575920303615201E-7   1.8569287756986532E7-4595489.521269099i           1.942170433060126E7
0                         6.313476810893989E-7     -1.1978753209072235E-7   1.9046008196966838E7-4714702.340412689i           1.9846091901507E7
0                         6.313476810893989E-7     -1.0381586114529273E-7   1.9474773499321327E7-4822009.745263419i           2.0232005123754647E7
0                         6.313476810893989E-7     -8.784419019986307E-8    1.985558366404997E7-4917411.735821286i            2.057841828079199E7
0                         6.313476810893989E-7     -7.187251925443345E-8    2.0188438691152796E7-5000908.312086292i           2.0884504951229237E7
0                         6.313476810893989E-7     -5.590084830900378E-8    2.047333858062978E7-5072499.474058431i            2.1149606130223326E7
0                         6.313476810893989E-7     -3.9929177363574116E-8   2.0710283332480926E7-5132185.221737708i           2.1373205731849093E7
0                         6.313476810893989E-7     -2.39575064181445E-8     2.0899272946706247E7-5179965.555124124i           2.1554911942631166E7
0                         6.313476810893989E-7     -7.985835472714834E-9    2.0989742689698268E7-5202611.02852589i            2.164278295233723E7
0                         6.313476810893989E-7     7.985835472714834E-9     2.0972030198923543E7-5197774.433906733i           2.1624793946334023E7
0                         6.313476810893989E-7     2.3957506418144448E-8    2.0906883090756744E7-5180845.4598362595i          2.15608602376093E7
0                         6.313476810893989E-7     3.9929177363574116E-8    2.079430136519785E7-5151824.1063144645i           2.1451038099841747E7
0                         6.313476810893989E-7     5.590084830900378E-8     2.048791524913718E7-5074628.738487068i            2.1158464196829785E7
0                         6.313476810893989E-7     7.18725192544334E-8      2.0133104288638055E7-4987947.683863368i           2.082905129605784E7
0                         6.313476810893989E-7     8.784419019986301E-8     1.972668262058292E7-4888673.588672894i            2.045849496094906E7
0                         6.313476810893989E-7     1.0381586114529268E-7    1.9338792032164514E7-4792275.5674269125i          2.006941812193115E7
0                         6.313476810893989E-7     1.1978753209072235E-7    1.8763772024381224E7-4650775.531164454i           1.9552097344929595E7
0                         6.313476810893989E-7     1.3575920303615201E-7    1.822289852902053E7-4512483.133778837i            1.906650413316601E7
0                         6.313476810893989E-7     1.5173087398158168E-7    1.7403183800048005E7-4310320.851885808i           1.828852333185017E7
0                         6.313476810893989E-7     1.6770254492701124E-7    1.6545653392047623E7-4098763.943828522i           1.748310695492637E7
0                         6.313476810893989E-7     1.836742158724409E-7     1.5650307305019358E7-3877812.409606973i           1.6652472834020399E7
0                         6.313476810893989E-7     1.9964588681787058E-7    1.4717145538963232E7-3647466.249221169i           1.57994659845577E7
0                         6.313476810893989E-7     2.1561755776330025E-7    1.3746168093879236E7-3407725.4626711044i          1.4927777853516812E7
0                         6.313476810893989E-7     2.3158922870872991E-7    1.2501250291367728E7-3093110.3098207796i          1.3754669261206726E7
0                         6.313476810893989E-7     2.475608996541595E-7     1.1440349045407085E7-2840276.154195957i           1.2716579189290145E7
0                         6.313476810893989E-7     2.6353257059958914E-7    1.0033611384840894E7-2511039.009624224i           1.1652079300167548E7
0                         6.313476810893989E-7     2.795042415450188E-7     8848484.310925994-2214006.9292657278i             1.0661621563507995E7
0                         6.313476810893989E-7     2.954759124904485E-7     7648903.430460546-1913384.3774072868i             9714359.062813317
0                         6.313476810893989E-7     3.1144758343587815E-7    6361572.624521479-1592976.4414733213i             8907824.666042063
0                         6.313476810893989E-7     3.274192543813078E-7     5105523.951289686-1278848.4102183038i             8065799.112636758
0                         6.313476810893989E-7     3.433909253267374E-7     3838412.324919456-961885.9328768353i              7352563.010122573
0                         6.313476810893989E-7     3.5936259627216704E-7    2560237.7454107674-642089.0094489118i             6815288.803629385
0                         6.313476810893989E-7     3.753342672175967E-7     1271000.2127636313-319457.6399345346i             6504725.425573373
0                         6.313476810893989E-7     3.913059381630264E-7     -29300.273021953693+6008.175666296193i            6460746.193270356
0                         6.467464050184085E-7     -3.913059381630264E-7    25407.226480409416-5228.961332780818i             6433816.256550071
0                         6.467464050184085E-7     -3.753342672175967E-7    1304085.3089101403-326793.37833526207i            6426277.07895638
0                         6.467464050184085E-7     -3.593625962721671E-7    2567058.5429521804-644378.0870642585i             6682137.549883384
0                         6.467464050184085E-7     -3.4339092532673743E-7   3814326.9286065404-957983.0875197722i             7164396.018729294
0                         6.467464050184085E-7     -3.2741925438130776E-7   5045890.465873214-1267608.379701802i              7823314.364088333
0                         6.467464050184085E-7     -3.1144758343587815E-7   6261749.154752199-1573253.9636103478i             8611269.567605892
0                         6.467464050184085E-7     -2.954759124904485E-7    7461902.995243507-1874919.8392454123i             9489745.543792129
0                         6.467464050184085E-7     -2.7950424154501886E-7   8646351.98734712-2172606.00660699i                1.0430115235845076E7
0                         6.467464050184085E-7     -2.635325705995892E-7    9815096.131063053-2466312.465695087i              1.1411870227179995E7
0                         6.467464050184085E-7     -2.4756089965415953E-7   1.0968135426391305E7-2756039.2165096994i          1.2420467251621757E7
0                         6.467464050184085E-7     -2.3158922870872991E-7   1.2105469873331862E7-3041786.259050827i           1.3445551769619182E7
0                         6.467464050184085E-7     -2.1561755776330025E-7   1.3227099471884735E7-3323553.5933184708i          1.4479669077790398E7
0                         6.467464050184085E-7     -1.996458868178706E-7    1.458954090187106E7-3629826.859524906i            1.5595426821768856E7
0                         6.467464050184085E-7     -1.8367421587244096E-7   1.5433526481229715E7-3848683.593055545i           1.642152000512374E7
0                         6.467464050184085E-7     -1.677025449270113E-7    1.6152804633005138E7-4031422.535177664i           1.6980571635192465E7
0                         6.467464050184085E-7     -1.5173087398158168E-7   1.686972679165638E7-4214191.423196226i            1.768378818905953E7
0                         6.467464050184085E-7     -1.3575920303615201E-7   1.7465931778739545E7-4366159.377448312i           1.8248915759135265E7
0                         6.467464050184085E-7     -1.1978753209072235E-7   1.8598922134207882E7-4635179.885997369i           1.9412127214639816E7
0                         6.467464050184085E-7     -1.0381586114529273E-7   1.9026823849623032E7-4742363.893277092i           1.9790611541138384E7
0                         6.467464050184085E-7     -8.784419019986307E-8    1.9406770427412346E7-4837642.486263954i           2.013102796482871E7
0                         6.467464050184085E-7     -7.187251925443345E-8    1.9738761867575854E7-4921015.664957958i           2.043243180514512E7
0                         6.467464050184085E-7     -5.590084830900378E-8    2.002279817011353E7-4992483.429359099i            2.0694071068177037E7
0                         6.467464050184085E-7     -3.9929177363574116E-8   2.0258879335025344E7-5052045.779467369i           2.091535843580193E7
0                         6.467464050184085E-7     -2.39575064181445E-8     2.0447005362311333E7-5099702.715282781i           2.1095849924344335E7
0                         6.467464050184085E-7     -7.985835472714834E-9    2.0529047643393476E7-5120194.910506587i           2.1175335802040435E7
0                         6.467464050184085E-7     7.985835472714834E-9     2.0511496111886166E7-5115375.922229937i           2.1157416922628693E7
0                         6.467464050184085E-7     2.3957506418144448E-8    2.044650996298677E7-5098464.554501969i            2.109421473837017E7
0                         6.467464050184085E-7     3.9929177363574116E-8    2.0334089196695283E7-5069460.807322683i           2.0985796519998126E7
0                         6.467464050184085E-7     5.590084830900378E-8     2.0147649809845302E7-5022003.207226804i           2.080932846689895E7
0                         6.467464050184085E-7     7.18725192544334E-8      1.9845066644547172E7-4946558.017999282i           2.052163680209238E7
0                         6.467464050184085E-7     8.784419019986301E-8     1.9175136403421145E7-4782080.917199751i           1.9898094843723282E7
0                         6.467464050184085E-7     1.0381586114529268E-7    1.882465165587128E7-4694974.651273312i            1.9542311467350554E7
0                         6.467464050184085E-7     1.1978753209072235E-7    1.8431678506183054E7-4592584.840303251i           1.924044365044594E7
0                         6.467464050184085E-7     1.3575920303615201E-7    1.7694095246314574E7-4409786.888677033i           1.850650224695544E7
0                         6.467464050184085E-7     1.5173087398158168E-7    1.6879099251616385E7-4208421.093719264i           1.7735008132650662E7
0                         6.467464050184085E-7     1.6770254492701124E-7    1.6026287577890335E7-3997660.672597238i           1.693716471601142E7
0                         6.467464050184085E-7     1.836742158724409E-7     1.5135660225136409E7-3777505.6253109495i          1.6115429012629038E7
0                         6.467464050184085E-7     1.9964588681787058E-7    1.4066900892028976E7-3512254.605703228i           1.510420506413175E7
0                         6.467464050184085E-7     2.1561755776330025E-7    1.3189433185590833E7-3289506.06640694i            1.4330150705365332E7
0                         6.467464050184085E-7     2.3158922870872991E-7    1.2276700772649132E7-3057691.259732575i           1.3545324650761781E7
0                         6.467464050184085E-7     2.475608996541595E-7     1.1222617158616435E7-2801764.222430382i           1.250827186276571E7
0                         6.467464050184085E-7     2.6353257059958914E-7    1.0217257814857507E7-2542625.0162581634i          1.1591664064445708E7
0                         6.467464050184085E-7     2.795042415450188E-7     8789415.929512583-2204155.279358548i              1.0549847924307557E7
0                         6.467464050184085E-7     2.954759124904485E-7     7596204.71753164-1904476.6698787962i              9606658.290397735
0                         6.467464050184085E-7     3.1144758343587815E-7    6333239.750645514-1588977.8040203266i             8797057.2971684
0                         6.467464050184085E-7     3.274192543813078E-7     5083636.261497229-1275805.3431226122i             7954770.789155151
0                         6.467464050184085E-7     3.433909253267374E-7     3822969.819210503-959798.4361384468i              7241047.117050238
0                         6.467464050184085E-7     3.5936259627216704E-7    2551240.423785321-640957.0830678258i              6703771.107387629
0                         6.467464050184085E-7     3.753342672175967E-7     1268448.07522169-319281.2839107516i               6394660.828854327
0                         6.467464050184085E-7     3.913059381630264E-7     -25407.226480389956+5228.961332776276i            6354283.912532332
0                         6.621451289474183E-7     -3.913059381630264E-7    21514.179938844296-4449.746999260565i             6343866.600181969
0                         6.621451289474183E-7     -3.753342672175967E-7    1293897.2559830868-325085.984460352i              6328552.351599833
0                         6.621451289474183E-7     -3.593625962721671E-7    2550575.4836396384-641742.5136479586i             6578700.670965963
0                         6.621451289474183E-7     -3.4339092532673743E-7   3791548.8629085096-954419.3345620825i             7057212.429679619
0                         6.621451289474183E-7     -3.2741925438130776E-7   5016817.3937896965-1263116.447202723i             7713651.085529838
0                         6.621451289474183E-7     -3.1144758343587815E-7   6226381.076283196-1567833.8515698796i             8499669.808770133
0                         6.621451289474183E-7     -2.954759124904485E-7    7420239.910389009-1868571.5476635522i             9376264.64270187
0                         6.621451289474183E-7     -2.7950424154501886E-7   8598393.896107133-2165329.5354837407i             1.031455386779878E7
0                         6.621451289474183E-7     -2.635325705995892E-7    9760843.033437585-2458107.815030448i              1.1293926308911933E7
0                         6.621451289474183E-7     -2.4756089965415953E-7   1.090758732238034E7-2746906.3863036702i           1.2299817385512386E7
0                         6.621451289474183E-7     -2.3158922870872991E-7   1.203862676293541E7-3031725.2493034075i           1.3321889220334826E7
0                         6.621451289474183E-7     -2.1561755776330025E-7   1.3384279546548E7-3343103.518120265i              1.4424436534896906E7
0                         6.621451289474183E-7     -1.996458868178706E-7    1.4244768564323546E7-3566898.4316304643i          1.5256532802757462E7
0                         6.621451289474183E-7     -1.8367421587244096E-7   1.5083963955150746E7-3785063.8973303265i          1.6073772534448897E7
0                         6.621451289474183E-7     -1.677025449270113E-7    1.5802928238535978E7-3968345.6682021557i          1.6634922541857934E7
0                         6.621451289474183E-7     -1.5173087398158168E-7   1.6542387233088566E7-4157768.853964019i           1.7364866231959566E7
0                         6.621451289474183E-7     -1.3575920303615201E-7   1.713575310773601E7-4309347.054021981i            1.7921777940626472E7
0                         6.621451289474183E-7     -1.1978753209072235E-7   1.7687429119979206E7-4450166.319528461i           1.844408340507141E7
0                         6.621451289474183E-7     -1.0381586114529273E-7   1.857887419992473E7-4662718.041290763i            1.934991426362886E7
0                         6.621451289474183E-7     -8.784419019986307E-8    1.895795719077475E7-4757873.236706629i            1.9683993220334295E7
0                         6.621451289474183E-7     -7.187251925443345E-8    1.928908504399891E7-4841123.017829625i            1.9980497587549098E7
0                         6.621451289474183E-7     -5.590084830900378E-8    1.957225775959725E7-4912467.38465976i             2.023857335810675E7
0                         6.621451289474183E-7     -3.9929177363574116E-8   1.9807475337569755E7-4971906.337197032i           2.0457555105932225E7
0                         6.621451289474183E-7     -2.39575064181445E-8     1.9994737777916435E7-5019439.875441443i           2.063694172657605E7
0                         6.621451289474183E-7     -7.985835472714834E-9    2.0068352597088687E7-5037778.792487281i           2.0708013102058366E7
0                         6.621451289474183E-7     7.985835472714834E-9     2.0050962024848785E7-5032977.410553141i           2.069011912348794E7
0                         6.621451289474183E-7     2.3957506418144448E-8    1.9986136835216794E7-5016083.649167681i           2.0627687087646555E7
0                         6.621451289474183E-7     3.9929177363574116E-8    1.9873877028192718E7-4987097.5083309i             2.0520796635858364E7
0                         6.621451289474183E-7     5.590084830900378E-8     1.970439932819582E7-4943627.388406i               2.036088127503203E7
0                         6.621451289474183E-7     7.18725192544334E-8      1.9402760096073687E7-4868335.216290988i           2.0076031360793516E7
0                         6.621451289474183E-7     8.784419019986301E-8     1.905212522990435E7-4780874.247339842i            1.9749834555526543E7
0                         6.621451289474183E-7     1.0381586114529268E-7    1.8553006684028413E7-4651177.163756151i           1.9294936894581947E7
0                         6.621451289474183E-7     1.1978753209072235E-7    1.792308228629906E7-4495308.421590335i            1.8714379233839575E7
0                         6.621451289474183E-7     1.3575920303615201E-7    1.716529196360862E7-4307090.643575231i            1.794560795958599E7
0                         6.621451289474183E-7     1.5173087398158168E-7    1.6355014703184769E7-4106521.335552721i           1.7180139138524495E7
0                         6.621451289474183E-7     1.6770254492701124E-7    1.5475406220200257E7-3892991.1435873043i          1.6350128734880349E7
0                         6.621451289474183E-7     1.836742158724409E-7     1.467248953838816E7-3688910.8111686856i           1.5618420096986318E7
0                         6.621451289474183E-7     1.9964588681787058E-7    1.3834308150072508E7-3475764.2113719904i          1.48690101992818E7
0                         6.621451289474183E-7     2.1561755776330025E-7    1.29608620552533E7-3253551.3441972183i            1.4105787653786512E7
0                         6.621451289474183E-7     2.3158922870872991E-7    1.1984846768666867E7-3016398.8159989207i          1.3200852157981854E7
0                         6.621451289474183E-7     2.475608996541595E-7     1.1004885271825777E7-2763252.290664806i           1.2296028856360024E7
0                         6.621451289474183E-7     2.6353257059958914E-7    1.000544506739639E7-2505015.6990834153i           1.139179685536326E7
0                         6.621451289474183E-7     2.795042415450188E-7     8730347.548099175-2194303.629451371i              1.0432452892029671E7
0                         6.621451289474183E-7     2.954759124904485E-7     7543506.004602733-1895568.962350306i              9492413.656188648
0                         6.621451289474183E-7     3.1144758343587815E-7    6304906.876769552-1584979.166567332i              8678753.04486461
0                         6.621451289474183E-7     3.274192543813078E-7     5061748.5717047695-1272762.2760269206i            7834998.672262819
0                         6.621451289474183E-7     3.433909253267374E-7     3807527.313501551-957710.9394000582i              7119487.365394768
0                         6.621451289474183E-7     3.5936259627216704E-7    2542243.1021598727-639825.1566867398i             6580970.584276063
0                         6.621451289474183E-7     3.753342672175967E-7     1265895.9376797485-319104.92788696865i            6272394.953513298
0                         6.621451289474183E-7     3.913059381630264E-7     -21514.179938826186+4449.746999256349i            6235277.929277091
0                         6.775438528764281E-7     -3.913059381630264E-7    17621.133397279147-3670.5326657403093i            6241662.273874881
0                         6.775438528764281E-7     -3.753342672175967E-7    1283709.203056033-323378.5905854418i              6218871.628170561
0                         6.775438528764281E-7     -3.593625962721671E-7    2534092.4243270964-639106.9402316586i             6464170.469731911
0                         6.775438528764281E-7     -3.4339092532673743E-7   3768770.79721048-950855.581604393i                6940157.998161119
0                         6.775438528764281E-7     -3.2741925438130776E-7   4987744.321706178-1258624.5147036437i             7595450.309081852
0                         6.775438528764281E-7     -3.1144758343587815E-7   6191012.997814184-1562413.7395294094i             8380806.734115169
0                         6.775438528764281E-7     -2.954759124904485E-7    7378576.825534515-1862223.2560816936i             9256659.71119859
0                         6.775438528764281E-7     -2.7950424154501886E-7   8550435.804867154-2158053.064360493i              1.0193856902105544E7
0                         6.775438528764281E-7     -2.635325705995892E-7    9706589.935812108-2449903.1643658085i             1.1171695655111471E7
0                         6.775438528764281E-7     -2.4756089965415953E-7   1.0847039218369378E7-2737773.55609764i            1.2175610110388162E7
0                         6.775438528764281E-7     -2.3158922870872991E-7   1.1918235145518275E7-3006400.7011134485i          1.3149998981965028E7
0                         6.775438528764281E-7     -2.1561755776330025E-7   1.3044297397531945E7-3280866.3580565974i          1.40931210320111E7
0                         6.775438528764281E-7     -1.996458868178706E-7    1.3899996226776036E7-3503970.0037360205i          1.4915629260171747E7
0                         6.775438528764281E-7     -1.8367421587244096E-7   1.4734401429071782E7-3721444.2016051095i          1.5724019603371313E7
0                         6.775438528764281E-7     -1.677025449270113E-7    1.5453051844066821E7-3905268.801226647i           1.628832817712361E7
0                         6.775438528764281E-7     -1.5173087398158168E-7   1.613853389127828E7-4080641.000650596i            1.6945513419908628E7
0                         6.775438528764281E-7     -1.3575920303615201E-7   1.6805574436732475E7-4252534.730595649i           1.7594029214832872E7
0                         6.775438528764281E-7     -1.1978753209072235E-7   1.7354411336539958E7-4392964.2419080045i          1.8109087943170145E7
0                         6.775438528764281E-7     -1.0381586114529273E-7   1.78615583739432E7-4522634.818668881i             1.8589504538038474E7
0                         6.775438528764281E-7     -8.784419019986307E-8    1.8327015548942197E7-4641546.460878281i           1.903433585883283E7
0                         6.775438528764281E-7     -7.187251925443345E-8    1.8839408220421966E7-4761230.370701292i           1.9528706911809053E7
0                         6.775438528764281E-7     -5.590084830900378E-8    1.9121717349080972E7-4832451.339960421i           1.978311661103619E7
0                         6.775438528764281E-7     -3.9929177363574116E-8   1.935607134011416E7-4891766.894926692i            1.999980571445216E7
0                         6.775438528764281E-7     -2.39575064181445E-8     1.95424701935215E7-4939177.035600096i             2.0178210616504453E7
0                         6.775438528764281E-7     -7.985835472714834E-9    1.9607657550783895E7-4955362.674467976i           2.0240821910449438E7
0                         6.775438528764281E-7     7.985835472714834E-9     1.9590427937811404E7-4950578.898876343i           2.0222903357764803E7
0                         6.775438528764281E-7     2.3957506418144448E-8    1.9525763707446817E7-4933702.743833392i           2.0161281651768345E7
0                         6.775438528764281E-7     3.9929177363574116E-8    1.9413664859690152E7-4904734.209339118i           2.0056050294758882E7
0                         6.775438528764281E-7     5.590084830900378E-8     1.9254131394541398E7-4863673.295393528i           1.9907379596476987E7
0                         6.775438528764281E-7     7.18725192544334E-8      1.8960453547600217E7-4790112.414582696i           1.9630541671051774E7
0                         6.775438528764281E-7     8.784419019986301E-8     1.868018851812105E7-4714201.2422107i              1.9387960930108685E7
0                         6.775438528764281E-7     1.0381586114529268E-7    1.8216559529313724E7-4598374.49348063i            1.8944284249943845E7
0                         6.775438528764281E-7     1.1978753209072235E-7    1.770965185090814E7-4471641.83479448i             1.8461920192588657E7
0                         6.775438528764281E-7     1.3575920303615201E-7    1.6726766275881598E7-4235319.923473012i           1.74832014612126E7
0                         6.775438528764281E-7     1.5173087398158168E-7    1.5998400618695538E7-4049907.7979320604i          1.6800785136274893E7
0                         6.775438528764281E-7     1.6770254492701124E-7    1.5234770255005926E7-3855429.405013033i           1.6096238633262875E7
0                         6.775438528764281E-7     1.836742158724409E-7     1.4435875184812758E7-3651884.74471593i            1.5372128731105104E7
0                         6.775438528764281E-7     1.9964588681787058E-7    1.3601715408116043E7-3439273.8170407526i          1.4631717075035885E7
0                         6.775438528764281E-7     2.1561755776330025E-7    1.2732290924915766E7-3217596.6219874965i          1.387918276806042E7
0                         6.775438528764281E-7     2.3158922870872991E-7    1.1761195742546663E7-2976984.269642518i           1.2973645188225616E7
0                         6.775438528764281E-7     2.475608996541595E-7     1.078715338503512E7-2724740.3588992297i           1.2079700115258025E7
0                         6.775438528764281E-7     2.6353257059958914E-7    9793632.319935277-2467406.381908665i              1.1187598296739982E7
0                         6.775438528764281E-7     2.795042415450188E-7     8780632.547247145-2204982.3386708265i             1.0303831795822505E7
0                         6.775438528764281E-7     2.954759124904485E-7     7490807.291673827-1886661.2548218155i             9371882.733593263
0                         6.775438528764281E-7     3.1144758343587815E-7    6295881.610111349-1585280.0585994967i             8497500.632701056
0                         6.775438528764281E-7     3.274192543813078E-7     5039860.881912314-1269719.2089312293i             7706763.426278405
0                         6.775438528764281E-7     3.433909253267374E-7     3792084.8077925975-955623.4426616691i             6988089.192607324
0                         6.775438528764281E-7     3.5936259627216704E-7    2533245.780534425-638693.2303056539i              6447001.302103405
0                         6.775438528764281E-7     3.753342672175967E-7     1263343.8001378062-318928.57186318556i            6137962.048608623
0                         6.775438528764281E-7     3.913059381630264E-7     -17621.133397262412+3670.5326657364258i           6103728.39273272
0                         6.929425768054377E-7     -3.913059381630264E-7    13728.086855714047-2891.3183322200625i            6127203.263644992
0                         6.929425768054377E-7     -3.753342672175967E-7    1273521.1501289795-321671.19671053183i            6097252.833831226
0                         6.929425768054377E-7     -3.593625962721671E-7    2517609.365014556-636471.3668153589i              6338628.624545477
0                         6.929425768054377E-7     -3.4339092532673743E-7   3745992.7315124488-947291.828646703i              6813401.360835661
0                         6.929425768054377E-7     -3.2741925438130776E-7   4958671.24962266-1254132.582204564i               7468962.917399312
0                         6.929425768054377E-7     -3.1144758343587815E-7   6155644.919345181-1556993.6274889412i             8254994.966917772
0                         6.929425768054377E-7     -2.954759124904485E-7    7336913.74068002-1855874.9644998345i              9131289.496167958
0                         6.929425768054377E-7     -2.7950424154501886E-7   8502477.71362717-2150776.5932372427i              1.0068411652854713E7
0                         6.929425768054377E-7     -2.635325705995892E-7    9652336.838186638-2441698.51370117i               1.1045583246855473E7
0                         6.929425768054377E-7     -2.4756089965415953E-7   1.0715230781130452E7-2713836.316122702i           1.1996134730518362E7
0                         6.929425768054377E-7     -2.3158922870872991E-7   1.183211298085491E7-2990587.3723339476i           1.293543337578878E7
0                         6.929425768054377E-7     -2.1561755776330025E-7   1.270431524851589E7-3218629.1979929293i           1.3759700196806334E7
0                         6.929425768054377E-7     -1.996458868178706E-7    1.3555223889228528E7-3441041.5758415787i          1.4572607105155446E7
0                         6.929425768054377E-7     -1.8367421587244096E-7   1.4384838902992819E7-3657824.5058798934i          1.5372173762781698E7
0                         6.929425768054377E-7     -1.677025449270113E-7    1.5103175449597662E7-3842191.9342511385i          1.5940723094923703E7
0                         6.929425768054377E-7     -1.5173087398158168E-7   1.5785161879861325E7-4017050.421057332i           1.6589402303388402E7
0                         6.929425768054377E-7     -1.3575920303615201E-7   1.6427045914811896E7-4181537.87310862i            1.720420613196767E7
0                         6.929425768054377E-7     -1.1978753209072235E-7   1.7021393553100705E7-4335762.164287548i           1.7773380009019315E7
0                         6.929425768054377E-7     -1.0381586114529273E-7   1.7525701478068218E7-4465042.9868543i             1.824757041281879E7
0                         6.929425768054377E-7     -8.784419019986307E-8    1.7988319540631503E7-4583564.874869574i           1.868714123970902E7
0                         6.929425768054377E-7     -7.187251925443345E-8    1.8409247740790527E7-4691327.828333365i           1.9091238911897007E7
0                         6.929425768054377E-7     -5.590084830900378E-8    1.8671176938564714E7-4752435.295261088i           1.932770546938008E7
0                         6.929425768054377E-7     -3.9929177363574116E-8   1.890466734265858E7-4811627.452656356i            1.9542121851200636E7
0                         6.929425768054377E-7     -2.39575064181445E-8     1.9090202609126598E7-4858914.195758757i           1.971968269946961E7
0                         6.929425768054377E-7     -7.985835472714834E-9    1.9146962504479114E7-4872946.556448674i           1.9773770080882043E7
0                         6.929425768054377E-7     7.985835472714834E-9     1.9129893850774024E7-4868180.387199547i           1.9755772830250278E7
0                         6.929425768054377E-7     2.3957506418144448E-8    1.9065390579676844E7-4851321.838499101i           1.9695003340075877E7
0                         6.929425768054377E-7     3.9929177363574116E-8    1.8953452691187594E7-4822370.910347338i           1.9591570590974137E7
0                         6.929425768054377E-7     5.590084830900378E-8     1.8794080185306255E7-4781327.602744253i           1.9445675026799597E7
0                         6.929425768054377E-7     7.18725192544334E-8      1.8518146999126747E7-4711889.612874405i           1.9185183976062283E7
0                         6.929425768054377E-7     8.784419019986301E-8     1.821836298685077E7-4629742.459062104i            1.8919240752602123E7
0                         6.929425768054377E-7     1.0381586114529268E-7    1.755535642630699E7-4472567.117656547i            1.8260619457649913E7
0                         6.929425768054377E-7     1.1978753209072235E-7    1.703145333205821E7-4338045.541601686i            1.7751641072703727E7
0                         6.929425768054377E-7     1.3575920303615201E-7    1.646822878593844E7-4193259.595889247i            1.7207499830272723E7
0                         6.929425768054377E-7     1.5173087398158168E-7    1.5753743041882263E7-4011810.3872362715i          1.6539210427580385E7
0                         6.929425768054377E-7     1.6770254492701124E-7    1.499413428981159E7-3817867.666438762i            1.584075275980153E7
0                         6.929425768054377E-7     1.836742158724409E-7     1.4199260831237363E7-3614858.6782631767i          1.5123947734538754E7
0                         6.929425768054377E-7     1.9964588681787058E-7    1.3369122666159578E7-3402783.4227095144i          1.4392292427760556E7
0                         6.929425768054377E-7     2.1561755776330025E-7    1.2503719794578243E7-3181641.899777778i           1.365026887318821E7
0                         6.929425768054377E-7     2.3158922870872991E-7    1.1537544716426471E7-2937569.7232861156i          1.2742511427594488E7
0                         6.929425768054377E-7     2.475608996541595E-7     1.0569421498244463E7-2686228.4271336542i          1.1859154235487247E7
0                         6.929425768054377E-7     2.6353257059958914E-7    9581819.572474167-2429797.064733916i              1.0978895845853161E7
0                         6.929425768054377E-7     2.795042415450188E-7     8574738.93911558-2168275.6360869044i              1.0108639349593055E7
0                         6.929425768054377E-7     2.954759124904485E-7     7438108.578744919-1877753.547293325i              9245373.374801531
0                         6.929425768054377E-7     3.1144758343587815E-7    6249552.565666946-1577316.2934496943i             8371960.662928621
0                         6.929425768054377E-7     3.274192543813078E-7     5017973.1921198545-1266676.1418355373i            7570398.263884074
0                         6.929425768054377E-7     3.433909253267374E-7     3776642.3020836446-953535.9459232803i             6847099.960253834
0                         6.929425768054377E-7     3.5936259627216704E-7    2524248.4589089807-637561.3039245686i             6302002.382867953
0                         6.929425768054377E-7     3.753342672175967E-7     1260791.6625958649-318752.2158394025i             5991404.211421343
0                         6.929425768054377E-7     3.913059381630264E-7     -13728.086855698677+2891.3183322165087i           5959635.7209442705
0                         7.083413007344475E-7     -3.913059381630264E-7    9835.04031414891-2112.1039986998085i              6000489.7378612
0                         7.083413007344475E-7     -3.753342672175967E-7    1263333.0972019257-319963.8028356217i             5963719.321790783
0                         7.083413007344475E-7     -3.593625962721671E-7    2501126.305702013-633835.793399059i               6202177.302400669
0                         7.083413007344475E-7     -3.4339092532673743E-7   3723214.665814421-943728.0756890139i              6677148.810699317
0                         7.083413007344475E-7     -3.2741925438130776E-7   4929598.17753914-1249640.6497054845i              7334490.013735452
0                         7.083413007344475E-7     -3.1144758343587815E-7   6120276.840876173-1551573.5154484708i             8122605.8416315485
0                         7.083413007344475E-7     -2.954759124904485E-7    7295250.655825525-1849526.672917975i              9000571.358305393
0                         7.083413007344475E-7     -2.7950424154501886E-7   8454519.622387188-2143500.1221139943i             9938663.240084937
0                         7.083413007344475E-7     -2.635325705995892E-7    9505064.452409016-2418093.2188685387i             1.0857867911689991E7
0                         7.083413007344475E-7     -2.4756089965415953E-7   1.0608215314292433E7-2696061.474462514i           1.1789318782325389E7
0                         7.083413007344475E-7     -2.3158922870872991E-7   1.1496921020370305E7-2929041.4801010545i          1.261040413914666E7
0                         7.083413007344475E-7     -2.1561755776330025E-7   1.2364333099499833E7-3156392.0379292616i          1.3424049386280108E7
0                         7.083413007344475E-7     -1.996458868178706E-7    1.3210451551681021E7-3378113.1479471354i          1.4227364209846646E7
0                         7.083413007344475E-7     -1.8367421587244096E-7   1.4035276376913862E7-3594204.810154677i           1.5018155945064502E7
0                         7.083413007344475E-7     -1.677025449270113E-7    1.4753299055128511E7-3779115.067275632i           1.5592044803416565E7
0                         7.083413007344475E-7     -1.5173087398158168E-7   1.5431789868444359E7-3953459.841464065i           1.6232179138741983E7
0                         7.083413007344475E-7     -1.3575920303615201E-7   1.607017828644713E7-4117433.5808975995i           1.683947263428912E7
0                         7.083413007344475E-7     -1.1978753209072235E-7   1.6688375769661445E7-4278560.08666709i            1.743693673778462E7
0                         7.083413007344475E-7     -1.0381586114529273E-7   1.7189844582193244E7-4407451.155039717i           1.790494287970791E7
0                         7.083413007344475E-7     -8.784419019986307E-8    1.76496235323208E7-4525583.288860865i             1.833937216493496E7
0                         7.083413007344475E-7     -7.187251925443345E-8    1.8067712620044123E7-4632956.488130536i           1.873927352077549E7
0                         7.083413007344475E-7     -5.590084830900378E-8    1.844411184536319E7-4729570.752848724i            1.910388297041357E7
0                         7.083413007344475E-7     -3.9929177363574116E-8   1.8778821208278034E7-4815426.083015438i           1.9432590694020104E7
0                         7.083413007344475E-7     -2.39575064181445E-8     1.8637935024731696E7-4778651.355917418i           1.92613872543467E7
0                         7.083413007344475E-7     -7.985835472714834E-9    1.8686267458174318E7-4790530.438429368i           1.930686635834352E7
0                         7.083413007344475E-7     7.985835472714834E-9     1.866935976373664E7-4785781.875522749i            1.9288731189486444E7
0                         7.083413007344475E-7     2.3957506418144448E-8    1.860501745190688E7-4768940.933164811i            1.9228857670455884E7
0                         7.083413007344475E-7     3.9929177363574116E-8    1.849324052268503E7-4740007.611355553i            1.912737201541886E7
0                         7.083413007344475E-7     5.590084830900378E-8     1.8334028976071097E7-4698981.910094978i           1.8984508382097248E7
0                         7.083413007344475E-7     7.18725192544334E-8      1.817153787230151E7-4649276.233243481i            1.8845458564731333E7
0                         7.083413007344475E-7     8.784419019986301E-8     1.7679496453768108E7-4534264.891535457i           1.8363331869570278E7
0                         7.083413007344475E-7     1.0381586114529268E-7    1.719846726646966E7-4410544.984609499i            1.7895552253227845E7
0                         7.083413007344475E-7     1.1978753209072235E-7    1.6678116627300248E7-4276560.708025966i           1.739264426368819E7
0                         7.083413007344475E-7     1.3575920303615201E-7    1.6118444536259849E7-4132312.0617848565i          1.6855365772811636E7
0                         7.083413007344475E-7     1.5173087398158168E-7    1.5519450993348472E7-3977799.045886171i           1.6284658652210979E7
0                         7.083413007344475E-7     1.6770254492701124E-7    1.475349832461726E7-3780305.927864491i            1.5583721982537182E7
0                         7.083413007344475E-7     1.836742158724409E-7     1.3962646477661964E7-3577832.6118104225i          1.4873890620764665E7
0                         7.083413007344475E-7     1.9964588681787058E-7    1.3136529924203116E7-3366293.028378278i           1.4150712866236284E7
0                         7.083413007344475E-7     2.1561755776330025E-7    1.225661906157045E7-3143503.792244075i            1.3379499108984977E7
0                         7.083413007344475E-7     2.3158922870872991E-7    1.1313893690306272E7-2898155.176929713i           1.2507379279618714E7
0                         7.083413007344475E-7     2.475608996541595E-7     1.0351689611453809E7-2647716.495368079i           1.163427973006137E7
0                         7.083413007344475E-7     2.6353257059958914E-7    9370006.825013053-2392187.7475591665i             1.07655352157268E7
0                         7.083413007344475E-7     2.795042415450188E-7     8368845.3309840085-2131568.9335029805i            9908471.357894093
0                         7.083413007344475E-7     2.954759124904485E-7     7348205.129366674-1865860.0531995206i             9073285.017005637
0                         7.083413007344475E-7     3.1144758343587815E-7    6203223.52122254-1569352.5282998916i              8239637.280706941
0                         7.083413007344475E-7     3.274192543813078E-7     4996085.5023273975-1263633.0747398452i            7426297.193884947
0                         7.083413007344475E-7     3.433909253267374E-7     3761199.7963746926-951448.4491848917i             6696816.647591551
0                         7.083413007344475E-7     3.5936259627216704E-7    2515251.137283533-636429.3775434825i              6146143.242868234
0                         7.083413007344475E-7     3.753342672175967E-7     1258239.525053923-318575.85981561954i             5832773.1682160385
0                         7.083413007344475E-7     3.913059381630264E-7     -9835.040314134914+2112.103998696585i             5803000.640279189
0                         7.237400246634572E-7     -3.913059381630264E-7    5941.993772583799-1332.8896651795599i             5861522.0685693715
0                         7.237400246634572E-7     -3.753342672175967E-7    1253145.0442748722-318256.40896071156i            5818300.919198294
0                         7.237400246634572E-7     -3.593625962721671E-7    2484643.246389472-631200.2199827591i              6054943.130637948
0                         7.237400246634572E-7     -3.4339092532673743E-7   3700436.60011639-940164.322731324i                6531650.976759472
0                         7.237400246634572E-7     -3.2741925438130776E-7   4900525.105455621-1245148.7172064048i             7192390.73349423
0                         7.237400246634572E-7     -3.1144758343587815E-7   6084908.762407166-1546153.4034080019i             7984075.004372311
0                         7.237400246634572E-7     -2.954759124904485E-7    7253587.570971029-1843178.381336116i              8864988.018985257
0                         7.237400246634572E-7     -2.7950424154501886E-7   8287736.159353942-2119171.409350957i              9743857.79698057
0                         7.237400246634572E-7     -2.635325705995892E-7    9310520.858872231-2385000.950835444i              1.063650526635363E7
0                         7.237400246634572E-7     -2.4756089965415953E-7   1.0277813542339291E7-2635206.8500603964i          1.147400081209469E7
0                         7.237400246634572E-7     -2.3158922870872991E-7   1.1161729059885707E7-2867495.587868161i           1.2283048792327397E7
0                         7.237400246634572E-7     -2.1561755776330025E-7   1.2024350950483784E7-3094154.8778655934i          1.3086050071367513E7
0                         7.237400246634572E-7     -1.996458868178706E-7    1.2865679214133505E7-3315184.7200526916i          1.3879806108150294E7
0                         7.237400246634572E-7     -1.8367421587244096E-7   1.3685713850834897E7-3530585.11442946i            1.4661896354992883E7
0                         7.237400246634572E-7     -1.677025449270113E-7    1.4403422660659347E7-3716038.2003001217i          1.5242234059186785E7
0                         7.237400246634572E-7     -1.5173087398158168E-7   1.5078417857027408E7-3889869.2618708024i          1.5873808191778157E7
0                         7.237400246634572E-7     -1.3575920303615201E-7   1.571331065808237E7-4053329.288686578i            1.6473661872880137E7
0                         7.237400246634572E-7     -1.1978753209072235E-7   1.6308101063824229E7-4206418.280747446i           1.704035698761541E7
0                         7.237400246634572E-7     -1.0381586114529273E-7   1.685398768631828E7-4349859.323225136i            1.7561624380428564E7
0                         7.237400246634572E-7     -8.784419019986307E-8    1.731092752401011E7-4467601.70285216i             1.799105622393536E7
0                         7.237400246634572E-7     -7.187251925443345E-8    1.77261774992977E7-4574585.1479277015i            1.8386979104702197E7
0                         7.237400246634572E-7     -5.590084830900378E-8    1.809973761218106E7-4670809.658451767i            1.8748547573592007E7
0                         7.237400246634572E-7     -3.9929177363574116E-8   1.843160786266017E7-4756275.234424353i            1.9075089398189876E7
0                         7.237400246634572E-7     -2.39575064181445E-8     1.8269258888351467E7-4716138.161396032i           1.8901950203029647E7
0                         7.237400246634572E-7     -7.985835472714834E-9    1.8264312232079048E7-4716521.805997516i           1.8879289256021388E7
0                         7.237400246634572E-7     7.985835472714834E-9     1.8247925241504848E7-4711764.911089426i           1.8861296403035767E7
0                         7.237400246634572E-7     2.3957506418144448E-8    1.8186997653817736E7-4695309.9822546085i          1.880561801611991E7
0                         7.237400246634572E-7     3.9929177363574116E-8    1.8081529469017714E7-4667157.019493067i           1.871238704850466E7
0                         7.237400246634572E-7     5.590084830900378E-8     1.7931520687104765E7-4627306.022804792i           1.8581853447697267E7
0                         7.237400246634572E-7     7.18725192544334E-8      1.7757210119199496E7-4584623.69681413i            1.84198654278711E7
0                         7.237400246634572E-7     8.784419019986301E-8     1.7319054838851415E7-4471705.459017079i           1.7992318030066036E7
0                         7.237400246634572E-7     1.0381586114529268E-7    1.6841578106632337E7-4348522.851562451i           1.752971735741506E7
0                         7.237400246634572E-7     1.1978753209072235E-7    1.6324779922542296E7-4215075.874450249i           1.7032751745834623E7
0                         7.237400246634572E-7     1.3575920303615201E-7    1.5768660286581263E7-4071364.5276804673i          1.650227568828544E7
0                         7.237400246634572E-7     1.5173087398158168E-7    1.517321919874926E7-3917388.811253111i            1.5939353886617765E7
0                         7.237400246634572E-7     1.6770254492701124E-7    1.4512862359422924E7-3742744.1892902204i          1.532521217918422E7
0                         7.237400246634572E-7     1.836742158724409E-7     1.3726032124086566E7-3540806.545357668i           1.4621983757464489E7
0                         7.237400246634572E-7     1.9964588681787058E-7    1.2903937182246655E7-3329802.6340470407i          1.3906965685517665E7
0                         7.237400246634572E-7     2.1561755776330025E-7    1.2027048896120716E7-3103186.631296849i           1.3131378031370495E7
0                         7.237400246634572E-7     2.3158922870872991E-7    1.1090242664186075E7-2858740.6305733114i          1.2268200392607642E7
0                         7.237400246634572E-7     2.475608996541595E-7     1.0133957724663153E7-2609204.5636025025i          1.1404986538008068E7
0                         7.237400246634572E-7     2.6353257059958914E-7    9158194.07755194-2354578.4303844175i              1.054738151249808E7
0                         7.237400246634572E-7     2.795042415450188E-7     8162951.7228524415-2094862.230919059i             9703146.10619195
0                         7.237400246634572E-7     2.954759124904485E-7     7148230.660564655-1830055.9652064259i             8883086.065495323
0                         7.237400246634572E-7     3.1144758343587815E-7    6114030.890688575-1560159.633246517i              8102367.898844229
0                         7.237400246634572E-7     3.274192543813078E-7     4974197.8125349395-1260590.0076441544i            7274924.99918363
0                         7.237400246634572E-7     3.433909253267374E-7     3745757.290665739-949360.9524465029i              6537595.479978262
0                         7.237400246634572E-7     3.5936259627216704E-7    2506253.815658086-635297.4511623967i              5979630.362362083
0                         7.237400246634572E-7     3.753342672175967E-7     1255687.3875119814-318399.50379183673i            5662132.625285019
0                         7.237400246634572E-7     3.913059381630264E-7     -5941.9937725711725+1332.8896651766668i           5633824.241027346
0                         7.391387485924669E-7     -3.913059381630264E-7    2048.9472310186675-553.6753316593065i             5710300.862074702
0                         7.391387485924669E-7     -3.753342672175967E-7    1242956.9913478186-316549.0150858015i             5661035.317497682
0                         7.391387485924669E-7     -3.593625962721671E-7    2468160.187076929-628564.6465664589i              5897082.353217417
0                         7.391387485924669E-7     -3.4339092532673743E-7   3677658.5344183603-936600.5697736342i             6377211.23435474
0                         7.391387485924669E-7     -3.2741925438130776E-7   4871452.033372103-1240656.7847073255i             7043091.749786856
0                         7.391387485924669E-7     -3.1144758343587815E-7   6049540.683938158-1540733.291367532i              7839911.35891783
0                         7.391387485924669E-7     -2.954759124904485E-7    7063245.901965247-1817070.8875699567i             8667105.040906625
0                         7.391387485924669E-7     -2.7950424154501886E-7   8098642.786499792-2086867.1801927574i             9527439.032564877
0                         7.391387485924669E-7     -2.635325705995892E-7    9046992.814422825-2337125.30787095i               1.0359547532027824E7
0                         7.391387485924669E-7     -2.4756089965415953E-7   9947411.77038614-2574352.225658276i               1.1156301264660776E7
0                         7.391387485924669E-7     -2.3158922870872991E-7   1.0826537099401103E7-2805949.695635266i           1.1953231575176967E7
0                         7.391387485924669E-7     -2.1561755776330025E-7   1.1684368801467724E7-3031917.7178019257i          1.274559042937742E7
0                         7.391387485924669E-7     -1.996458868178706E-7    1.2520906876586005E7-3252256.292158251i           1.3529846815186307E7
0                         7.391387485924669E-7     -1.8367421587244096E-7   1.3336151324755931E7-3466965.418704242i           1.4303335509758709E7
0                         7.391387485924669E-7     -1.677025449270113E-7    1.4053546266190201E7-3652961.333324615i           1.4891235203744283E7
0                         7.391387485924669E-7     -1.5173087398158168E-7   1.4725045845610447E7-3826278.682277537i           1.5514259200738408E7
0                         7.391387485924669E-7     -1.3575920303615201E-7   1.535644302971761E7-3989224.996475555i            1.6106773051889256E7
0                         7.391387485924669E-7     -1.1978753209072235E-7   1.5947737818511665E7-4141800.2759186686i          1.6667161857101712E7
0                         7.391387485924669E-7     -1.0381586114529273E-7   1.6518130790443297E7-4292267.491410553i           1.7217623084059466E7
0                         7.391387485924669E-7     -8.784419019986307E-8    1.697223151569941E7-4409620.116843449i            1.7642228613179456E7
0                         7.391387485924669E-7     -7.187251925443345E-8    1.7384642378551293E7-4516213.807724872i           1.803442135611632E7
0                         7.391387485924669E-7     -5.590084830900378E-8    1.7755363378998924E7-4612048.564054811i           1.8393268946477033E7
0                         7.391387485924669E-7     -3.9929177363574116E-8   1.7740362516853962E7-4612015.245662821i           1.8370541166060768E7
0                         7.391387485924669E-7     -2.39575064181445E-8     1.7917131634955157E7-4658677.837991305i           1.8543785668457363E7
0                         7.391387485924669E-7     -7.985835472714834E-9    1.7943069718364775E7-4667768.814485129i           1.855523615128634E7
0                         7.391387485924669E-7     7.985835472714834E-9     1.7926953960015193E7-4663035.225389698i           1.8537203134175368E7
0                         7.391387485924669E-7     2.3957506418144448E-8    1.786629760455267E7-4646603.602367533i            1.8482603991696306E7
0                         7.391387485924669E-7     3.9929177363574116E-8    1.776110065197726E7-4618473.945418648i            1.839158863611826E7
0                         7.391387485924669E-7     5.590084830900378E-8     1.7628580347308498E7-4582962.1408961285i          1.8284922037240267E7
0                         7.391387485924669E-7     7.18725192544334E-8      1.7296670542730402E7-4495731.616460348i           1.7954198069127515E7
0                         7.391387485924669E-7     8.784419019986301E-8     1.695861322393472E7-4409146.026498704i            1.76207844276224E7
0                         7.391387485924669E-7     1.0381586114529268E-7    1.6484688946795015E7-4286500.718515404i           1.7163140426869933E7
0                         7.391387485924669E-7     1.1978753209072235E-7    1.5971443217784338E7-4153591.0408745287i          1.667195817037366E7
0                         7.391387485924669E-7     1.3575920303615201E-7    1.5418876036902683E7-4010416.993576078i           1.6148196150089622E7
0                         7.391387485924669E-7     1.5173087398158168E-7    1.4826987404150039E7-3856978.576620049i           1.5593051726367002E7
0                         7.391387485924669E-7     1.6770254492701124E-7    1.4195777319526428E7-3693275.790006447i           1.5008028228832688E7
0                         7.391387485924669E-7     1.836742158724409E-7     1.3489417770511165E7-3503780.478904913i           1.4368267519129619E7
0                         7.391387485924669E-7     1.9964588681787058E-7    1.2671344440290187E7-3293312.2397158025i          1.366104979175389E7
0                         7.391387485924669E-7     2.1561755776330025E-7    1.179747873067097E7-3062869.470349618i            1.287958975432691E7
0                         7.391387485924669E-7     2.3158922870872991E-7    1.0866591638065876E7-2819326.084216909i           1.2024951770977825E7
0                         7.391387485924669E-7     2.475608996541595E-7     9916225.8378725-2570692.631836926i                1.1171207829143802E7
0                         7.391387485924669E-7     2.6353257059958914E-7    8946381.330090828-2316969.1132096685i             1.0324320623124663E7
0                         7.391387485924669E-7     2.795042415450188E-7     7957058.11472087-2058155.5283351361i              9492500.074409032
0                         7.391387485924669E-7     2.954759124904485E-7     6948256.191762625-1794251.8772133286i             8687184.550232103
0                         7.391387485924669E-7     3.1144758343587815E-7    5919975.561216092-1525258.1598442476i             7924412.091625338
0                         7.391387485924669E-7     3.274192543813078E-7     4926664.618158721-1252229.099792777i              7170069.442245525
0                         7.391387485924669E-7     3.433909253267374E-7     3730314.784956789-947273.4557081147i              6369863.999214387
0                         7.391387485924669E-7     3.5936259627216704E-7    2497256.4940326386-634165.5247813107i             5802716.0843081605
0                         7.391387485924669E-7     3.753342672175967E-7     1253135.2499700398-318223.1477680537i             5479561.402284841
0                         7.391387485924669E-7     3.913059381630264E-7     -2048.9472310074043+553.6753316567425i            5452108.054757443
0                         7.545374725214766E-7     -3.913059381630264E-7    -1844.099310546439+225.53900186094162i            5546827.001680922
0                         7.545374725214766E-7     -3.753342672175967E-7    1232768.9384207646-314841.62121089135i            5491969.927694534
0                         7.545374725214766E-7     -3.593625962721671E-7    2451677.1277643875-625929.0731501592i             5728787.552083155
0                         7.545374725214766E-7     -3.4339092532673743E-7   3654880.468720329-933036.8168159443i              6214196.306712409
0                         7.545374725214766E-7     -3.2741925438130776E-7   4842378.961288584-1236164.8522082458i             6887098.812503984
0                         7.545374725214766E-7     -3.1144758343587815E-7   5831593.680242918-1511791.6535255364i             7647554.381092175
0                         7.545374725214766E-7     -2.954759124904485E-7    6879602.749793731-1785554.6972866533i             8456407.842798343
0                         7.545374725214766E-7     -2.7950424154501886E-7   7804458.83662092-2034796.8535327222i              9280428.503319565
0                         7.545374725214766E-7     -2.635325705995892E-7    8721381.23100113-2276961.9512996054i              1.0053548414681643E7
0                         7.545374725214766E-7     -2.4756089965415953E-7   9617009.99843299-2513497.6012561573i              1.0836068697902538E7
0                         7.545374725214766E-7     -2.3158922870872991E-7   1.0491345138916496E7-2744403.8034023717i          1.162082232911133E7
0                         7.545374725214766E-7     -2.1561755776330025E-7   1.1344386652451662E7-2969680.5577382552i          1.240256604133342E7
0                         7.545374725214766E-7     -1.996458868178706E-7    1.22384545766171E7-3200510.921563562i             1.3229715376022736E7
0                         7.545374725214766E-7     -1.8367421587244096E-7   1.3031139051535925E7-3411985.9171929304i          1.4000701829981051E7
0                         7.545374725214766E-7     -1.677025449270113E-7    1.3722713175459981E7-3594707.6487355484i          1.4559124074648E7
0                         7.545374725214766E-7     -1.5173087398158168E-7   1.4357052409858143E7-3762029.6145576728i          1.5138713589688027E7
0                         7.545374725214766E-7     -1.3575920303615201E-7   1.4999575401352843E7-3925120.7042645332i          1.5738813974825023E7
0                         7.545374725214766E-7     -1.1978753209072235E-7   1.5587374573199099E7-4077182.2710898896i          1.629310841294609E7
0                         7.545374725214766E-7     -1.0381586114529273E-7   1.6135071349732254E7-4218872.8031603405i          1.6814965007368293E7
0                         7.545374725214766E-7     -8.784419019986307E-8    1.6633535507388724E7-4351638.530834745i           1.729293291298508E7
0                         7.545374725214766E-7     -7.187251925443345E-8    1.704310725780487E7-4457842.467522038i            1.7681676661499072E7
0                         7.545374725214766E-7     -5.590084830900378E-8    1.7174317708785694E7-4497469.167741984i           1.7804817714211013E7
0                         7.545374725214766E-7     -3.9929177363574116E-8   1.7389411036291547E7-4554739.985467147i           1.8014278185173344E7
0                         7.545374725214766E-7     -2.39575064181445E-8     1.756500438155884E7-4601217.514586577i            1.8185624649949048E7
0                         7.545374725214766E-7     -7.985835472714834E-9    1.76218272046505E7-4619015.822972738i             1.823129066337008E7
0                         7.545374725214766E-7     7.985835472714834E-9     1.760598267852552E7-4614305.539689964i            1.8213162416571464E7
0                         7.545374725214766E-7     2.3957506418144448E-8    1.7545597555287622E7-4597897.222480463i           1.8159681579806298E7
0                         7.545374725214766E-7     3.9929177363574116E-8    1.7440671834936798E7-4569790.871344229i           1.8071016288874995E7
0                         7.545374725214766E-7     5.590084830900378E-8     1.7245283165112298E7-4517145.094828786i           1.7892459109087452E7
0                         7.545374725214766E-7     7.18725192544334E-8      1.6915579182419147E7-4430253.999255606i           1.756523750365882E7
0                         7.545374725214766E-7     8.784419019986301E-8     1.6598171609018017E7-4346586.593980324i           1.7248803680276033E7
0                         7.545374725214766E-7     1.0381586114529268E-7    1.6127799786957687E7-4224478.585468355i           1.6795857831921972E7
0                         7.545374725214766E-7     1.1978753209072235E-7    1.5618106513026386E7-4092106.2072988115i          1.6310266396249149E7
0                         7.545374725214766E-7     1.3575920303615201E-7    1.5069091787224092E7-3949469.4594716867i          1.5793099670957267E7
0                         7.545374725214766E-7     1.5173087398158168E-7    1.4480755609550824E7-3796568.3419869887i          1.5245698106168825E7
0                         7.545374725214766E-7     1.6770254492701124E-7    1.385309798000658E7-3633402.8548447154i           1.4669748040456E7
0                         7.545374725214766E-7     1.836742158724409E-7     1.318611889859135E7-3459972.9980448633i           1.406738402486003E7
0                         7.545374725214766E-7     1.9964588681787058E-7    1.2473397810908496E7-3260103.0146969976i          1.3467909286386767E7
0                         7.545374725214766E-7     2.1561755776330025E-7    1.1567908565221231E7-3022552.3094023895i          1.2624181109274402E7
0                         7.545374725214766E-7     2.3158922870872991E-7    1.0642940611945676E7-2779911.537860506i           1.1777638270908786E7
0                         7.545374725214766E-7     2.475608996541595E-7     9698493.951081846-2532180.7000713516i             1.0932902168707253E7
0                         7.545374725214766E-7     2.6353257059958914E-7    8734568.582629716-2279359.796034919i              1.009626091346807E7
0                         7.545374725214766E-7     2.795042415450188E-7     7751164.506589306-2021448.825751214i              9276389.028613012
0                         7.545374725214766E-7     2.954759124904485E-7     6748281.722960601-1758447.7892202332i             8485384.69992658
0                         7.545374725214766E-7     3.1144758343587815E-7    5725920.231743606-1490356.686441978i              7740199.728883669
0                         7.545374725214766E-7     3.274192543813078E-7     4684080.032938332-1217175.51741645i               7064402.729580166
0                         7.545374725214766E-7     3.433909253267374E-7     3714872.279247838-945185.958969726i               6194136.22662623
0                         7.545374725214766E-7     3.5936259627216704E-7    2488259.172407191-633033.5984002247i              5615710.134090214
0                         7.545374725214766E-7     3.753342672175967E-7     1250583.1124280987-318046.7917442707i             5285157.656064891
0                         7.545374725214766E-7     3.913059381630264E-7     1844.0993105563243-225.53900186317347i            5257854.161838772
