% Model:              omc_unitcell_iso.mph
% Version:            COMSOL 6.2.0.658
% Date:               Jul 1 2026, 13:20
% Dimension:          3
% Nodes:              2500
% Expressions:        2
% Description:        Electric field, y-component, Electric field norm
% Length unit:        m
% X                       Y                        Z                        ewfd.Ey (V/m) @ lambda=4E-12                      ewfd.normE (V/m) @ lambda=4E-12
0                         0                        -4.455E-7                -75097.08918345024-25948.044053313086i            215824.46512566137
0                         0                        -4.2731632653061225E-7   -1330003.753574769-361362.26717890694i            1378220.8359561448
0                         0                        -4.091326530612245E-7    -2457268.970549025-657278.9719845126i             2543656.1168200555
0                         0                        -3.9094897959183674E-7   -3541355.236728162-940144.2435585762i             3664023.4867421775
0                         0                        -3.72765306122449E-7     -4582262.552112181-1209958.0819010977i            4739317.319661917
0                         0                        -3.545816326530612E-7    -5579990.91670109-1466720.4870120806i             5769537.90328893
0                         0                        -3.3639795918367346E-7   -6569162.672043589-1731805.0041357724i            6793603.372594
0                         0                        -3.1821428571428575E-7   -7517070.457954457-1992603.4536609892i            7776684.177295188
0                         0                        -3.0003061224489794E-7   -8244311.51709843-2152098.0607970236i             8520575.007254388
0                         0                        -2.8184693877551024E-7   -8810365.24594371-2267043.092209282i              9097363.36247303
0                         0                        -2.636632653061224E-7    -9247143.105513915-2338661.8849150515i            9538290.990833106
0                         0                        -2.454795918367347E-7    -9554645.095809035-2366954.438914336i             9843460.58166354
0                         0                        -2.2729591836734696E-7   -9732871.216829062-2351920.7542071277i            1.0013007208498845E7
0                         0                        -2.091122448979592E-7    -9124705.299907906-1955875.5249184025i            9331971.703725975
0                         0                        -1.9092857142857144E-7   -8655039.909554042-1799742.1417232526i            8840180.292995604
0                         0                        -1.7274489795918368E-7   -8199937.856627406-1651464.8338384149i            8364587.075878653
0                         0                        -1.5456122448979592E-7   -7759399.141128029-1511043.6012638942i            7905158.303048646
0                         0                        -1.3637755102040816E-7   -7333423.763055886-1378478.4439996858i            7461856.800363067
0                         0                        -1.181938775510204E-7    -6922011.722410989-1253769.362045791i             7034641.703626408
0                         0                        -1.0001020408163265E-7   -6525163.019193333-1136916.3554022107i            6623468.21734877
0                         0                        -8.182653061224489E-8    -6142877.653402921-1027919.4240689436i            6228287.421679831
0                         0                        -6.364285714285713E-8    -5775155.6250397535-926778.5680459911i            5849046.162206081
0                         0                        -4.545918367346937E-8    -5839380.184516224-900290.7518045587i             5908374.089130236
0                         0                        -2.7275510204081612E-8   -5870705.731941296-911641.7761522033i             5941066.951236481
0                         0                        -9.091836734693906E-9    -5890742.429545998-916042.9408662792i             5961541.834187228
0                         0                        9.091836734693853E-9     -5899490.277330329-913494.2459467862i             5969795.412716668
0                         0                        2.7275510204081612E-8    -5896949.275294291-903995.6913937253i             5965837.658321946
0                         0                        4.5459183673469424E-8    -5806889.147707034-890303.6944091002i             5874742.73837044
0                         0                        6.364285714285713E-8     -5980651.959586244-936121.7255064214i             6053471.875433791
0                         0                        8.182653061224494E-8     -5982966.741836402-903656.2973198083i             6050825.2112919465
0                         0                        1.0001020408163265E-7    -6449943.309002465-1083733.536105361i             6540355.270673382
0                         0                        1.1819387755102046E-7    -6924088.16159242-1266924.984429128i              7039040.828527354
0                         0                        1.3637755102040816E-7    -7405401.299606255-1453230.6422911042i            7546644.798047926
0                         0                        1.5456122448979587E-7    -7893882.723043986-1642650.5096912947i            8062982.3974855235
0                         0                        1.7274489795918368E-7    -8389532.4319056-1835184.5866296974i              8587907.596906193
0                         0                        1.909285714285714E-7     -8892350.426191095-2030832.8731063101i            9121303.539553445
0                         0                        2.091122448979592E-7     -9402336.705900488-2229595.369121138i             9663075.65121634
0                         0                        2.272959183673469E-7     -9791765.822737148-2382602.658246522i             1.0077473560094647E7
0                         0                        2.454795918367347E-7     -9595321.588177267-2389505.332488777i             9888373.582876662
0                         0                        2.636632653061224E-7     -9278618.204897027-2357712.860693314i             9573482.424161293
0                         0                        2.8184693877551024E-7    -8841655.672896404-2287225.2428601305i            9132703.561905298
0                         0                        3.0003061224489794E-7    -8284433.992175416-2178042.4789892286i            8565962.620219227
0                         0                        3.1821428571428575E-7    -7614038.020577751-2034892.8338902402i            7881266.638315278
0                         0                        3.3639795918367346E-7    -6607375.556728385-1747020.5274078678i            6834434.319739725
0                         0                        3.5458163265306127E-7    -5531236.88073274-1438378.3443113586i             5715200.232027041
0                         0                        3.72765306122449E-7      -4421222.71620177-1124283.7880039918i             4561932.084350573
0                         0                        3.909489795918368E-7     -3269673.0200425726-799678.1908656314i            3366043.2063389276
0                         0                        4.091326530612245E-7     -2076587.792255174-464561.5528962834i             2127917.83097295
0                         0                        4.273163265306122E-7     -841967.0328395531-118933.87409594274i            850325.6733723325
0                         0                        4.455E-7                 23715.456181674148+9859.921008235418i             343196.1308995317
0                         1.6530612244897957E-8    -4.455E-7                -11048.619401628644-3269.654469474768i            276629.62419112114
0                         1.6530612244897957E-8    -4.2731632653061225E-7   -1250152.228588369-333364.34317587456i            1371227.6947873298
0                         1.6530612244897957E-8    -4.091326530612245E-7    -2366352.4055586215-620855.487556497i             2486220.1884230184
0                         1.6530612244897957E-8    -3.9094897959183674E-7   -3439373.631733759-895295.1987055783i             3589952.6719581075
0                         1.6530612244897957E-8    -3.72765306122449E-7     -4469215.907113782-1156683.476623119i             4658346.369895978
0                         1.6530612244897957E-8    -3.545816326530612E-7    -5455879.231698684-1405020.3213091174i            5686062.6945929
0                         1.6530612244897957E-8    -3.3639795918367346E-7   -6469408.862978315-1681431.2381980645i            6735699.320248486
0                         1.6530612244897957E-8    -3.1821428571428575E-7   -7316275.95800621-1886834.6837539256i             7612588.968569235
0                         1.6530612244897957E-8    -3.0003061224489794E-7   -8016437.639571106-2042368.9250023267i            8331008.590736595
0                         1.6530612244897957E-8    -2.8184693877551024E-7   -8582445.675982248-2155763.992041015i             8914632.946598228
0                         1.6530612244897957E-8    -2.636632653061224E-7    -9019177.843118299-2225832.8203732125i            9364317.47074714
0                         1.6530612244897957E-8    -2.454795918367347E-7    -9326634.140979266-2252575.409998923i             9680290.233461443
0                         1.6530612244897957E-8    -2.2729591836734696E-7   -9618059.602677803-2296295.521117632i             9987572.798530575
0                         1.6530612244897957E-8    -2.091122448979592E-7    -9407575.473031111-2194687.7514471426i            9794371.39409202
0                         1.6530612244897957E-8    -1.9092857142857144E-7   -8743992.07117791-1893502.7514806758i             9075124.999994427
0                         1.6530612244897957E-8    -1.7274489795918368E-7   -8078971.391626069-1575333.2680239244i            8319854.070184661
0                         1.6530612244897957E-8    -1.5456122448979592E-7   -7637714.81073561-1434508.688008608i              7866243.860795587
0                         1.6530612244897957E-8    -1.3637755102040816E-7   -7211021.567272395-1301540.1833036055i            7429341.98243073
0                         1.6530612244897957E-8    -1.181938775510204E-7    -6798891.661236419-1176427.7539089164i            7009166.074702661
0                         1.6530612244897957E-8    -1.0001020408163265E-7   -6401325.092627693-1059171.399824542i             6605735.652654514
0                         1.6530612244897957E-8    -8.182653061224489E-8    -6018321.8614462-949771.12105048i                 6219072.2151179295
0                         1.6530612244897957E-8    -6.364285714285713E-8    -5739785.483097522-852118.7663928533i             5927318.39670561
0                         1.6530612244897957E-8    -4.545918367346937E-8    -5641011.971237246-812680.7530269979i             5821311.997252872
0                         1.6530612244897957E-8    -2.7275510204081612E-8   -5672460.441103822-824064.8540536644i             5853352.811040054
0                         1.6530612244897957E-8    -9.091836734693906E-9    -5692620.061150023-828499.0954467618i             5873491.070025651
0                         1.6530612244897957E-8    9.091836734693853E-9     -5701490.831375859-825983.4772062909i             5881717.236417578
0                         1.6530612244897957E-8    2.7275510204081612E-8    -5699072.75178132-816517.9993322509i              5878039.135920825
0                         1.6530612244897957E-8    4.5459183673469424E-8    -5775407.79993708-834508.3767076568i              5969077.607016043
0                         1.6530612244897957E-8    6.364285714285713E-8     -5927632.08430289-886912.7233728669i              6120812.603134414
0                         1.6530612244897957E-8    8.182653061224494E-8     -6099271.751392782-935008.1272094746i             6279609.132043093
0                         1.6530612244897957E-8    1.0001020408163265E-7    -6246977.664158441-977832.870362845i              6452525.662847544
0                         1.6530612244897957E-8    1.1819387755102046E-7    -6719874.777674396-1160350.5331974938i            6938321.221528719
0                         1.6530612244897957E-8    1.3637755102040816E-7    -7199940.176614231-1345982.4055703527i            7434455.766185215
0                         1.6530612244897957E-8    1.5456122448979587E-7    -7687173.860977959-1534728.4874814248i            7940509.869180215
0                         1.6530612244897957E-8    1.7274489795918368E-7    -8181575.830765573-1726588.7789307102i            8456150.261937434
0                         1.6530612244897957E-8    1.909285714285714E-7     -8683146.085977074-1921563.2799182066i            8981109.196230285
0                         1.6530612244897957E-8    2.091122448979592E-7     -9447839.855018694-2201603.93237877i              9833135.119033493
0                         1.6530612244897957E-8    2.272959183673469E-7     -9636435.498772725-2312875.1531259716i            1.0016748025082514E7
0                         1.6530612244897957E-8    2.454795918367347E-7     -9312559.180652842-2244321.7421997944i            9677889.828858478
0                         1.6530612244897957E-8    2.636632653061224E-7     -9004580.569811862-2219286.2872427762i            9358371.84286378
0                         1.6530612244897957E-8    2.8184693877551024E-7    -8576342.81025051-2155555.686248039i              8915322.052978227
0                         1.6530612244897957E-8    3.0003061224489794E-7    -8027845.901968779-2053129.9392155814i            8348465.503104697
0                         1.6530612244897957E-8    3.1821428571428575E-7    -7359089.844966677-1912009.0461454038i            7657702.0898546595
0                         1.6530612244897957E-8    3.3639795918367346E-7    -6533005.667740301-1710528.0090107948i            6800990.516641855
0                         1.6530612244897957E-8    3.5458163265306127E-7    -5479719.403162942-1415561.4026697169i            5701713.9242602205
0                         1.6530612244897957E-8    3.72765306122449E-7      -4376038.784980585-1105698.9498138947i            4545908.67665787
0                         1.6530612244897957E-8    3.909489795918368E-7     -3621930.270640307-975621.2380741884i             3827371.4038866907
0                         1.6530612244897957E-8    4.091326530612245E-7     -2559129.7207650063-707527.8869976206i            2768267.9957007566
0                         1.6530612244897957E-8    4.273163265306122E-7     -1307556.1296276732-383647.5268113578i            1553339.6928198237
0                         1.6530612244897957E-8    4.455E-7                 11048.619401635928+3269.65446947659i              255257.80878445026
0                         3.3061224489795914E-8    -4.455E-7                -10935.133552534835-2757.3967434741594i           707341.6205638943
0                         3.3061224489795914E-8    -4.2731632653061225E-7   -1129361.6664166306-293683.5252567546i            1396163.6772307574
0                         3.3061224489795914E-8    -4.091326530612245E-7    -2275435.8405682193-584432.0031284816i            2502308.770754456
0                         3.3061224489795914E-8    -3.9094897959183674E-7   -3337392.0267393533-850446.1538525794i            3584364.33769597
0                         3.3061224489795914E-8    -3.72765306122449E-7     -4356169.262115377-1103408.8713451384i            4659057.725146743
0                         3.3061224489795914E-8    -3.545816326530612E-7    -5331767.546696282-1343320.1556061546i            5705721.267122481
0                         3.3061224489795914E-8    -3.3639795918367346E-7   -6369655.053913041-1631057.4722603557i            6778334.26420745
0                         3.3061224489795914E-8    -3.1821428571428575E-7   -7093601.459003984-1778829.2029363175i            7540387.241079621
0                         3.3061224489795914E-8    -3.0003061224489794E-7   -7788563.762043791-1932639.789207633i             8265501.335682027
0                         3.3061224489795914E-8    -2.8184693877551024E-7   -8354526.106020779-2044484.8918727476i            8870157.845437506
0                         3.3061224489795914E-8    -2.636632653061224E-7    -8791212.580722686-2113003.755831374i             9346591.036871674
0                         3.3061224489795914E-8    -2.454795918367347E-7    -9152518.455248369-2165379.2078870074i            9713411.40625153
0                         3.3061224489795914E-8    -2.2729591836734696E-7   -9317570.248763926-2159526.3554594354i            9892631.68662039
0                         3.3061224489795914E-8    -2.091122448979592E-7    -9193068.582012944-2084886.4911917094i            9843376.19414668
0                         3.3061224489795914E-8    -1.9092857142857144E-7   -8542229.30571873-1824673.7314346666i             9159898.463733181
0                         3.3061224489795914E-8    -1.7274489795918368E-7   -8011839.500965785-1609750.4756010035i            8574673.531858701
0                         3.3061224489795914E-8    -1.5456122448979592E-7   -7478512.517712982-1392065.3003221094i            7986366.289958203
0                         3.3061224489795914E-8    -1.3637755102040816E-7   -7088619.371488899-1224601.9226075243i            7597934.561003606
0                         3.3061224489795914E-8    -1.181938775510204E-7    -6675771.600061852-1099086.1457720418i            7198828.06689334
0                         3.3061224489795914E-8    -1.0001020408163265E-7   -6277487.166062046-981426.4442468722i             6818277.870508905
0                         3.3061224489795914E-8    -8.182653061224489E-8    -5893766.069489486-871622.818032017i              6456440.519136714
0                         3.3061224489795914E-8    -6.364285714285713E-8    -5684747.890769139-799769.2432254959i             6221345.672475374
0                         3.3061224489795914E-8    -4.545918367346937E-8    -5442643.757958271-725070.7542494372i             5977766.467349871
0                         3.3061224489795914E-8    -2.7275510204081612E-8   -5474215.150266343-736487.931955125i              6007795.925490905
0                         3.3061224489795914E-8    -9.091836734693906E-9    -5494497.692754048-740955.250027244i              6026736.326276286
0                         3.3061224489795914E-8    9.091836734693853E-9     -5503491.385421384-738472.7084657945i             6034562.821584821
0                         3.3061224489795914E-8    2.7275510204081612E-8    -5504902.299767895-732761.2460193192i             6046063.368945414
0                         3.3061224489795914E-8    4.5459183673469424E-8    -5635896.009889817-763301.7979143593i             6162949.129280961
0                         3.3061224489795914E-8    6.364285714285713E-8     -5767799.165698716-796077.5756873306i             6283939.967993668
0                         3.3061224489795914E-8    8.182653061224494E-8     -6057396.294707056-891440.4404011491i             6582386.345570566
0                         3.3061224489795914E-8    1.0001020408163265E-7    -6297824.08616249-971600.0296684531i              6814430.329582205
0                         3.3061224489795914E-8    1.1819387755102046E-7    -6515661.393756371-1053776.0819658593i            7078564.880777858
0                         3.3061224489795914E-8    1.3637755102040816E-7    -6994479.053622207-1238734.168849601i             7545301.339783574
0                         3.3061224489795914E-8    1.5456122448979587E-7    -7480464.99891193-1426806.4652715551i             8025012.177079275
0                         3.3061224489795914E-8    1.7274489795918368E-7    -7973619.229625547-1617992.971231723i             8516938.503289644
0                         3.3061224489795914E-8    1.909285714285714E-7     -8510311.764860213-1793450.199651008i             9042548.15408951
0                         3.3061224489795914E-8    2.091122448979592E-7     -9200602.92390896-2072203.1090701155i             9836964.186356656
0                         3.3061224489795914E-8    2.272959183673469E-7     -9307436.875298947-2159169.011954524i             9883739.974668654
0                         3.3061224489795914E-8    2.454795918367347E-7     -9144242.59292796-2171113.319270978i              9744188.062099876
0                         3.3061224489795914E-8    2.636632653061224E-7     -8730542.934726702-2080859.71379224i              9317486.478886958
0                         3.3061224489795914E-8    2.8184693877551024E-7    -8311029.94760461-2023886.1296359468i             8847324.569256963
0                         3.3061224489795914E-8    3.0003061224489794E-7    -7771257.8117621485-1928217.3994419351i           8259682.791010029
0                         3.3061224489795914E-8    3.1821428571428575E-7    -7111226.527199312-1793853.5232102026i            7554393.709987722
0                         3.3061224489795914E-8    3.3639795918367346E-7    -6292441.245854103-1594977.2995807661i            6680959.455086543
0                         3.3061224489795914E-8    3.5458163265306127E-7    -5387447.447983846-1376347.9148478706i            5736057.054466982
0                         3.3061224489795914E-8    3.72765306122449E-7      -4437225.7951003555-1147182.939772385i            4759910.185552111
0                         3.3061224489795914E-8    3.909489795918368E-7     -3438555.3501944984-904075.1883824451i            3751221.394371149
0                         3.3061224489795914E-8    4.091326530612245E-7     -2345040.608326857-639379.3375530074i             2679204.327565966
0                         3.3061224489795914E-8    4.273163265306122E-7     -1092375.4785411065-278769.6998872954i            1344476.1540946246
0                         3.3061224489795914E-8    4.455E-7                 10935.133552542502+2757.3967434759807i            711706.3178627786
0                         4.959183673469387E-8     -4.455E-7                -10821.647703441015-2245.139017473552i            1106704.7325904137
0                         4.959183673469387E-8     -4.2731632653061225E-7   -1113722.8988954832-282794.1393710433i            1644488.91105063
0                         4.959183673469387E-8     -4.091326530612245E-7    -2191688.233645379-555725.9738640295i             2603423.385747342
0                         4.959183673469387E-8     -3.9094897959183674E-7   -3235410.4217449534-805597.1089995824i            3639439.225161931
0                         4.959183673469387E-8     -3.72765306122449E-7     -4243122.617116972-1050134.2660671575i            4735318.789725468
0                         4.959183673469387E-8     -3.545816326530612E-7    -5264589.510458908-1311930.48019656i              5793257.976406265
0                         4.959183673469387E-8     -3.3639795918367346E-7   -6100812.726272254-1494869.0476686885i            6731160.6751015615
0                         4.959183673469387E-8     -3.1821428571428575E-7   -6870926.960001757-1670823.7221187097i            7580513.720332173
0                         4.959183673469387E-8     -3.0003061224489794E-7   -7558776.151945293-1823997.0698262425i            8332154.402263345
0                         4.959183673469387E-8     -2.8184693877551024E-7   -8126606.536059312-1933205.79170448i              8969512.647571385
0                         4.959183673469387E-8     -2.636632653061224E-7    -8604963.718889605-2024396.7537146218i            9485929.774570804
0                         4.959183673469387E-8     -2.454795918367347E-7    -8879326.746327985-2047105.3538448608i            9788610.967257066
0                         4.959183673469387E-8     -2.2729591836734696E-7   -9022459.874149757-2030433.33521081i              9943105.506901577
0                         4.959183673469387E-8     -2.091122448979592E-7    -9039257.71259088-1995875.0760172117i             1.0113830391261928E7
0                         4.959183673469387E-8     -1.9092857142857144E-7   -8443462.897685664-1796164.5421956552i            9498646.76038315
0                         4.959183673469387E-8     -1.7274489795918368E-7   -7838132.747145393-1552714.8951251898i            8870685.174776
0                         4.959183673469387E-8     -1.5456122448979592E-7   -7312697.321818891-1338795.0762020212i            8298729.689454498
0                         4.959183673469387E-8     -1.3637755102040816E-7   -6784384.01338567-1122132.1812363071i             7724588.619135102
0                         4.959183673469387E-8     -1.181938775510204E-7    -6253195.727878733-902715.4086928957i             7149031.975839176
0                         4.959183673469387E-8     -1.0001020408163265E-7   -6153649.239496404-903681.4886692032i             7237867.382665844
0                         4.959183673469387E-8     -8.182653061224489E-8    -5847936.639295236-803118.6318951291i             6950853.340106502
0                         4.959183673469387E-8     -6.364285714285713E-8    -5629710.298440756-747419.7200581382i             6712828.552074363
0                         4.959183673469387E-8     -4.545918367346937E-8    -5413678.241665068-693489.8099089589i             6489301.585181471
0                         4.959183673469387E-8     -2.7275510204081612E-8   -5275969.85942887-648911.0098565859i              6382273.260540593
0                         4.959183673469387E-8     -9.091836734693906E-9    -5296375.324358076-653411.4046077265i             6399411.570898552
0                         4.959183673469387E-8     9.091836734693853E-9     -5305491.939466913-650961.9397252987i             6406562.800188201
0                         4.959183673469387E-8     2.7275510204081612E-8    -5364703.896751033-661339.8018736914i             6436467.885521267
0                         4.959183673469387E-8     4.5459183673469424E-8    -5496384.219842557-692095.2191210627i             6543269.307295664
0                         4.959183673469387E-8     6.364285714285713E-8     -5628973.988621048-725085.8622463631i             6652052.894364812
0                         4.959183673469387E-8     8.182653061224494E-8     -6165238.832551267-915236.6282111497i             7323867.631729843
0                         4.959183673469387E-8     1.0001020408163265E-7    -6256628.960220663-928401.7594790002i             7310670.874758456
0                         4.959183673469387E-8     1.1819387755102046E-7    -6503189.686466761-1011886.8668662114i            7543007.607774538
0                         4.959183673469387E-8     1.3637755102040816E-7    -6789017.93063018-1131485.9321288485i             7869107.511398251
0                         4.959183673469387E-8     1.5456122448979587E-7    -7273756.136845904-1318884.4430616854i            8309553.802565174
0                         4.959183673469387E-8     1.7274489795918368E-7    -7765662.628485523-1509397.1635327355i            8765672.893916227
0                         4.959183673469387E-8     1.909285714285714E-7     -8394073.380735975-1719938.6831410243i            9383752.35072067
0                         4.959183673469387E-8     2.091122448979592E-7     -9017659.059803395-1968994.9703516848i            1.006720861945446E7
0                         4.959183673469387E-8     2.272959183673469E-7     -8984279.324637005-2013729.8277867655i            9889020.104033804
0                         4.959183673469387E-8     2.454795918367347E-7     -8826910.374117963-2026895.676333935i             9747155.988882722
0                         4.959183673469387E-8     2.636632653061224E-7     -8558805.960932158-2007919.1529638576i            9468036.68427495
0                         4.959183673469387E-8     2.8184693877551024E-7    -8109536.101912081-1930178.8578386973i            8959956.686489657
0                         4.959183673469387E-8     3.0003061224489794E-7    -7514669.721555516-1803304.859668288i             8301234.533023716
0                         4.959183673469387E-8     3.1821428571428575E-7    -6863363.209431943-1675698.0002750012i            7564795.556828553
0                         4.959183673469387E-8     3.3639795918367346E-7    -6060614.065416284-1487725.8009904707i            6669864.883127941
0                         4.959183673469387E-8     3.5458163265306127E-7    -5172709.901643869-1282716.2184117744i            5713384.764353476
0                         4.959183673469387E-8     3.72765306122449E-7      -4238169.561707465-1064594.0667084649i            4729483.76818073
0                         4.959183673469387E-8     3.909489795918368E-7     -3309642.067037562-859786.5192782866i             3801202.953436369
0                         4.959183673469387E-8     4.091326530612245E-7     -2132288.3413909273-530657.2652202015i            2533785.0324357315
0                         4.959183673469387E-8     4.273163265306122E-7     -1076372.3479272095-268664.9560059792i            1615589.2892452357
0                         4.959183673469387E-8     4.455E-7                 10821.64770344908+2245.139017475375i              1136095.2230155673
0                         6.612244897959183E-8     -4.455E-7                -10708.161854347198-1732.8812914729453i           1472978.9866078142
0                         6.612244897959183E-8     -4.2731632653061225E-7   -1098084.1313743351-271904.75348533195i           1933866.0857254777
0                         6.612244897959183E-8     -4.091326530612245E-7    -2160524.184452177-534459.4598186074i             2843584.633048767
0                         6.612244897959183E-8     -3.9094897959183674E-7   -3133428.8167505497-760748.0641465844i            3745114.9811430285
0                         6.612244897959183E-8     -3.72765306122449E-7     -4130075.9721185695-996859.6607891769i            4878067.867335422
0                         6.612244897959183E-8     -3.545816326530612E-7    -5175063.644299471-1269113.0286596678i            5963543.953397413
0                         6.612244897959183E-8     -3.3639795918367346E-7   -5889439.61304729-1395231.0431132729i             6835279.528975597
0                         6.612244897959183E-8     -3.1821428571428575E-7   -6648252.460999533-1562818.2413011026i            7726975.811012904
0                         6.612244897959183E-8     -3.0003061224489794E-7   -7118958.45316269-1601720.6243024687i             8464241.461116154
0                         6.612244897959183E-8     -2.8184693877551024E-7   -7928658.683393316-1845281.100705519i             9193909.714263517
0                         6.612244897959183E-8     -2.636632653061224E-7    -8325777.319548284-1905244.0875447686i            9642025.820396006
0                         6.612244897959183E-8     -2.454795918367347E-7    -8593779.242034229-1925829.3908761984i            9968861.51897446
0                         6.612244897959183E-8     -2.2729591836734696E-7   -8733136.32408962-1908540.5340788623i             1.0135240880162686E7
0                         6.612244897959183E-8     -2.091122448979592E-7    -8947499.630215948-1928087.337300626i             1.059062487693001E7
0                         6.612244897959183E-8     -1.9092857142857144E-7   -8325150.661699235-1719388.965499558i             9976643.083778407
0                         6.612244897959183E-8     -1.7274489795918368E-7   -7684298.512043806-1503633.9068713852i            9358948.377901142
0                         6.612244897959183E-8     -1.5456122448979592E-7   -7166702.483369389-1293452.005628825i             8812786.21399693
0                         6.612244897959183E-8     -1.3637755102040816E-7   -6646284.7221158985-1080556.4543494997i           8266052.296393079
0                         6.612244897959183E-8     -1.181938775510204E-7    -6123048.529316012-864936.6884331275i             7719786.469399903
0                         6.612244897959183E-8     -1.0001020408163265E-7   -6040837.2599604875-874272.4196035512i            7697730.374994577
0                         6.612244897959183E-8     -8.182653061224489E-8    -5794395.776638929-751419.1950428112i             7586306.9650507
0                         6.612244897959183E-8     -6.364285714285713E-8    -5574672.706112374-695070.1968907805i             7358619.415054891
0                         6.612244897959183E-8     -4.545918367346937E-8    -5357143.919664616-640490.2004265626i             7142386.968697342
0                         6.612244897959183E-8     -2.7275510204081612E-8   -5077724.568591393-561334.0877580467i             6937084.262235974
0                         6.612244897959183E-8     -9.091836734693906E-9    -5098252.955962102-565867.5591882089i             6952169.385004317
0                         6.612244897959183E-8     9.091836734693853E-9     -5107492.4935124405-563451.1709848024i            6958513.616837394
0                         6.612244897959183E-8     2.7275510204081612E-8    -5224505.493734173-589918.3577280643i             6979724.113309129
0                         6.612244897959183E-8     4.5459183673469424E-8    -5356872.429795293-620888.6403277656i             7075331.913642357
0                         6.612244897959183E-8     6.364285714285713E-8     -5490148.8115433855-654094.1488053973i            7171041.2671269085
0                         6.612244897959183E-8     8.182653061224494E-8     -5893530.247699397-804128.7203269436i             7702714.171766956
0                         6.612244897959183E-8     1.0001020408163265E-7    -6241632.300683885-929111.0918193338i             8024118.848635178
0                         6.612244897959183E-8     1.1819387755102046E-7    -6462674.891268842-969058.0132956327i             8181396.54058634
0                         6.612244897959183E-8     1.3637755102040816E-7    -6583556.807638154-1024237.6954080965i            8380618.479598687
0                         6.612244897959183E-8     1.5456122448979587E-7    -7067047.274779881-1210962.4208518162i            8774110.959032109
0                         6.612244897959183E-8     1.7274489795918368E-7    -7628849.158224423-1373879.2677658875i            9228182.693704879
0                         6.612244897959183E-8     1.909285714285714E-7     -8237370.755277838-1627057.4616335938i            9806161.009024618
0                         6.612244897959183E-8     2.091122448979592E-7     -8903708.613813587-1893960.7582047712i            1.051898509328158E7
0                         6.612244897959183E-8     2.272959183673469E-7     -8666947.3096373-1875744.0619069212i              1.0030526457541717E7
0                         6.612244897959183E-8     2.454795918367347E-7     -8514682.791109934-1890083.0146095357i            9876022.550263861
0                         6.612244897959183E-8     2.636632653061224E-7     -8240034.615375556-1869622.70198221i              9557361.833309157
0                         6.612244897959183E-8     2.8184693877551024E-7    -7875264.358686502-1828195.8197918986i            9151052.786602626
0                         6.612244897959183E-8     3.0003061224489794E-7    -7306974.5828715265-1714630.6016756794i           8479030.394788053
0                         6.612244897959183E-8     3.1821428571428575E-7    -6615499.891664578-1557542.4773398004i            7685576.881193864
0                         6.612244897959183E-8     3.3639795918367346E-7    -5828786.884978462-1380474.3024001748i            6755005.455906517
0                         6.612244897959183E-8     3.5458163265306127E-7    -4957972.355303893-1189084.521975678i             5765254.253189169
0                         6.612244897959183E-8     3.72765306122449E-7      -4201360.505759794-1044869.0719871968i            4949505.163751267
0                         6.612244897959183E-8     3.909489795918368E-7     -3143160.2995977625-770756.6770372442i            3855321.9766896334
0                         6.612244897959183E-8     4.091326530612245E-7     -2100168.5943140383-509935.519731568i             2790655.5078304484
0                         6.612244897959183E-8     4.273163265306122E-7     -1060369.217313311-258560.21212466247i            1927577.6224818847
0                         6.612244897959183E-8     4.455E-7                 10708.161854355661+1732.8812914747698i            1526267.6579262435
0                         8.265306122448978E-8     -4.455E-7                -10594.676005253368-1220.6235654723353i           1805998.022374976
0                         8.265306122448978E-8     -4.2731632653061225E-7   -1082445.3638531875-261015.3675996207i            2233002.68558834
0                         8.265306122448978E-8     -4.091326530612245E-7    -2129360.135258975-513192.94577318535i            3133769.4644153747
0                         8.265306122448978E-8     -3.9094897959183674E-7   -3151338.990222617-757753.3580861666i             4187291.6254272293
0                         8.265306122448978E-8     -3.72765306122449E-7     -4017029.3271201663-943585.0555111966i            5076775.866404661
0                         8.265306122448978E-8     -3.545816326530612E-7    -4848289.995861374-1113591.9898897314i            5988196.072160607
0                         8.265306122448978E-8     -3.3639795918367346E-7   -5678066.499822324-1295593.0385578577i            7019888.040442541
0                         8.265306122448978E-8     -3.1821428571428575E-7   -6194150.762085217-1347641.2717572385i            7938181.462932009
0                         8.265306122448978E-8     -3.0003061224489794E-7   -7121853.479380905-1613875.5623998223i            8959987.009252647
0                         8.265306122448978E-8     -2.8184693877551024E-7   -7598720.966158423-1700071.2958738292i            9554608.844938215
0                         8.265306122448978E-8     -2.636632653061224E-7    -8082284.118096994-1794207.8112648274i            9961210.464023698
0                         8.265306122448978E-8     -2.454795918367347E-7    -8220170.741893269-1756239.4919200651i            1.017737933105226E7
0                         8.265306122448978E-8     -2.2729591836734696E-7   -8450170.358734425-1793490.7829804535i            1.0458750903693963E7
0                         8.265306122448978E-8     -2.091122448979592E-7    -8919019.812223876-1881882.4424037025i            1.1249968295232832E7
0                         8.265306122448978E-8     -1.9092857142857144E-7   -8270123.121427999-1664237.169174451i             1.0645553319122871E7
0                         8.265306122448978E-8     -1.7274489795918368E-7   -7658170.460002525-1466717.2810532376i            1.0069911152956758E7
0                         8.265306122448978E-8     -1.5456122448979592E-7   -7040235.223745914-1255961.0568587496i            9501686.063506212
0                         8.265306122448978E-8     -1.3637755102040816E-7   -6550322.564046159-1084761.0946962442i            9002633.507444726
0                         8.265306122448978E-8     -1.181938775510204E-7    -6221605.383859072-947495.1378543352i             8665080.833537277
0                         8.265306122448978E-8     -1.0001020408163265E-7   -5877467.351506861-799619.5051418097i             8321846.250800355
0                         8.265306122448978E-8     -8.182653061224489E-8    -5628287.83530027-705653.2062754724i              8203326.32268376
0                         8.265306122448978E-8     -6.364285714285713E-8    -5519635.113783993-642720.6737234239i             8118655.663975174
0                         8.265306122448978E-8     -4.545918367346937E-8    -5300609.597664159-587490.5909441658i             7912044.341173965
0                         8.265306122448978E-8     -2.7275510204081612E-8   -5083778.36562312-534029.5098527201i              7714872.45058415
0                         8.265306122448978E-8     -9.091836734693906E-9    -4900130.587566129-478323.7137686916i             7642291.083729062
0                         8.265306122448978E-8     9.091836734693853E-9     -4909493.04755797-475940.4022443067i              7647812.9652454965
0                         8.265306122448978E-8     2.7275510204081612E-8    -5084307.090717315-518496.9135824373i             7638980.122563345
0                         8.265306122448978E-8     4.5459183673469424E-8    -5217360.639748032-549682.0615344688i             7723575.034563344
0                         8.265306122448978E-8     6.364285714285713E-8     -5462204.505164119-638979.7794203911i             8103814.9181674365
0                         8.265306122448978E-8     8.182653061224494E-8     -5621821.662847531-693020.8124427376i             8203878.684714628
0                         8.265306122448978E-8     1.0001020408163265E-7    -5969529.111591687-817798.1475716275i             8510685.396267457
0                         8.265306122448978E-8     1.1819387755102046E-7    -6318754.820506842-942962.9264334872i             8821068.170576675
0                         8.265306122448978E-8     1.3637755102040816E-7    -6675534.087851589-1013409.2018510466i            9147255.315612648
0                         8.265306122448978E-8     1.5456122448979587E-7    -6924276.767432047-1079811.828473956i             9411518.088461265
0                         8.265306122448978E-8     1.7274489795918368E-7    -7453653.270414339-1282517.4067886532i            9723162.377414575
0                         8.265306122448978E-8     1.909285714285714E-7     -8152892.183864365-1563660.0437047225i            1.0442620936141822E7
0                         8.265306122448978E-8     2.091122448979592E-7     -8863716.169423679-1849206.178316253i             1.1177356482496025E7
0                         8.265306122448978E-8     2.272959183673469E-7     -8355630.568638757-1744577.8649969932i            1.0299334326807499E7
0                         8.265306122448978E-8     2.454795918367347E-7     -8207715.39695281-1760003.399004173i              1.012247165342293E7
0                         8.265306122448978E-8     2.636632653061224E-7     -7940787.239188552-1741598.2690952965i            9784234.682932375
0                         8.265306122448978E-8     2.8184693877551024E-7    -7552670.501182724-1688742.2312433356i            9285035.164117314
0                         8.265306122448978E-8     3.0003061224489794E-7    -7077652.130283869-1617362.2626574421i            8733210.261656057
0                         8.265306122448978E-8     3.1821428571428575E-7    -6292707.900251169-1415453.4751459565i            7909178.758369704
0                         8.265306122448978E-8     3.3639795918367346E-7    -5597963.730983796-1277546.5541840866i            6935920.916552947
0                         8.265306122448978E-8     3.5458163265306127E-7    -5020195.924493543-1194626.9956797357i            6190981.464387887
0                         8.265306122448978E-8     3.72765306122449E-7      -4017578.391745902-944272.1016380463i             5077712.828167089
0                         8.265306122448978E-8     3.909489795918368E-7     -3060453.605607952-721054.2944332929i             4105153.8179478855
0                         8.265306122448978E-8     4.091326530612245E-7     -2068048.8472371497-489213.77424293465i           3095855.133858251
0                         8.265306122448978E-8     4.273163265306122E-7     -1044366.0866994136-248455.46824334614i           2245989.907893997
0                         8.265306122448978E-8     4.455E-7                 10594.676005262238+1220.6235654741606i            1882031.7901688144
0                         9.918367346938774E-8     -4.455E-7                36421.57412150529+19969.203581313806i             2166062.7492054496
0                         9.918367346938774E-8     -4.2731632653061225E-7   -817802.6770640321-144049.5149425051i             2422733.4580458202
0                         9.918367346938774E-8     -4.091326530612245E-7    -1659417.8860982703-306642.97049678204i           3120088.6763786175
0                         9.918367346938774E-8     -3.9094897959183674E-7   -2488424.0529812127-467811.1630815173i            4019937.2951933974
0                         9.918367346938774E-8     -3.72765306122449E-7     -4086167.3162068035-952675.8341737211i            5727666.079305981
0                         9.918367346938774E-8     -3.545816326530612E-7    -4810147.895018098-1070547.8400119743i            6674343.42924247
0                         9.918367346938774E-8     -3.3639795918367346E-7   -5479479.435011588-1195757.6664716334i            7550760.239956453
0                         9.918367346938774E-8     -3.1821428571428575E-7   -6072358.539278594-1302212.0261200727i            8333656.112796915
0                         9.918367346938774E-8     -3.0003061224489794E-7   -6588785.207819119-1389910.9189572919i            9015691.853271648
0                         9.918367346938774E-8     -2.8184693877551024E-7   -7052639.6616838-1464256.5476465046i              9660932.456436962
0                         9.918367346938774E-8     -2.636632653061224E-7    -7347582.730649473-1480558.1262550494i            9959339.292227935
0                         9.918367346938774E-8     -2.454795918367347E-7    -7560994.249690933-1474778.583504895i             1.023154693293571E7
0                         9.918367346938774E-8     -2.2729591836734696E-7   -7585744.865309032-1402861.3029403635i            1.0344091662610559E7
0                         9.918367346938774E-8     -2.091122448979592E-7    -7544391.046092318-1309109.656787366i             1.0379935336796034E7
0                         9.918367346938774E-8     -1.9092857142857144E-7   -7920675.052656811-1414025.2574919313i            1.1100827479337541E7
0                         9.918367346938774E-8     -1.7274489795918368E-7   -7501012.433698313-1298663.9239482833i            1.0745213993047958E7
0                         9.918367346938774E-8     -1.5456122448979592E-7   -7107994.361065013-1195767.3988590715i            1.0357495665111242E7
0                         9.918367346938774E-8     -1.3637755102040816E-7   -6662288.743128233-1030337.27923354i              9920029.98226022
0                         9.918367346938774E-8     -1.181938775510204E-7    -6189544.957493562-848752.5211846776i             9471135.904837867
0                         9.918367346938774E-8     -1.0001020408163265E-7   -5714097.443053232-724966.5906800673i             9041561.694358876
0                         9.918367346938774E-8     -8.182653061224489E-8    -5454063.015495934-624912.1495572682i             8884315.735737821
0                         9.918367346938774E-8     -6.364285714285713E-8    -5277658.187155442-572123.5415095137i             8656721.223863456
0                         9.918367346938774E-8     -4.545918367346937E-8    -5244075.275663709-534490.9814617704i             8764556.598021079
0                         9.918367346938774E-8     -2.7275510204081612E-8   -5025747.313950596-480379.81405528483i            8575198.589842185
0                         9.918367346938774E-8     -9.091836734693906E-9    -4702008.219170154-390779.8683491737i             8432751.722847853
0                         9.918367346938774E-8     9.091836734693853E-9     -4811277.971387111-417910.682010378i              8305390.668174567
0                         9.918367346938774E-8     2.7275510204081612E-8    -4944108.687700454-447075.46943681006i            8383021.75202667
0                         9.918367346938774E-8     4.5459183673469424E-8    -5077848.849700771-478475.4827411725i             8457467.09107524
0                         9.918367346938774E-8     6.364285714285713E-8     -5245441.813210524-548048.5143039356i             8713283.933454145
0                         9.918367346938774E-8     8.182653061224494E-8     -5331687.634780288-575405.3280029244i             8853658.511172052
0                         9.918367346938774E-8     1.0001020408163265E-7    -5697425.922499493-706485.2033239217i             9093275.392897785
0                         9.918367346938774E-8     1.1819387755102046E-7    -6046257.027174315-831444.9458222808i             9387293.52469046
0                         9.918367346938774E-8     1.3637755102040816E-7    -6396606.3920201305-956792.1320536078i            9683428.380247232
0                         9.918367346938774E-8     1.5456122448979587E-7    -6839901.897376847-1106515.2448533624i            1.0013745725162053E7
0                         9.918367346938774E-8     1.7274489795918368E-7    -7302903.125984493-1224652.1194223128i            1.0409335510229342E7
0                         9.918367346938774E-8     1.909285714285714E-7     -7800889.396803605-1370715.1744741634i            1.0968309207155209E7
0                         9.918367346938774E-8     2.091122448979592E-7     -7462887.973413261-1270358.2753237989i            1.0283637834519E7
0                         9.918367346938774E-8     2.272959183673469E-7     -7502372.027552761-1362569.3110387377i            1.0284223764889909E7
0                         9.918367346938774E-8     2.454795918367347E-7     -7505965.296606243-1431429.6526851403i            1.0169532885794014E7
0                         9.918367346938774E-8     2.636632653061224E-7     -7427753.396016131-1485318.9959601979i            9922669.932068065
0                         9.918367346938774E-8     2.8184693877551024E-7    -7267771.433187303-1524243.674690497i             9548504.224885928
0                         9.918367346938774E-8     3.0003061224489794E-7    -6765421.8301447425-1430805.3500549986i           9150850.006450748
0                         9.918367346938774E-8     3.1821428571428575E-7    -6027784.41876921-1272982.760097785i              8161828.640231639
0                         9.918367346938774E-8     3.3639795918367346E-7    -5469330.948246354-1217673.1403497634i            7484397.369327935
0                         9.918367346938774E-8     3.5458163265306127E-7    -4576018.293377054-1014158.0353571774i            6325743.741942417
0                         9.918367346938774E-8     3.72765306122449E-7      -3246794.962754703-607134.2410275559i             4966624.597206174
0                         9.918367346938774E-8     3.909489795918368E-7     -2483461.2075373754-469846.97491358523i           4037145.9590317863
0                         9.918367346938774E-8     4.091326530612245E-7     -1693954.391026067-326223.71330122184i            3177245.5881392932
0                         9.918367346938774E-8     4.273163265306122E-7     -878274.5132207763-176264.45619046467i            2510591.2638089596
0                         9.918367346938774E-8     4.455E-7                 -36421.57412149692-19969.20358131212i             2275510.4784899065
0                         1.1571428571428571E-7    -4.455E-7                41609.98864092578+22761.643359965958i             2541579.5300474325
0                         1.1571428571428571E-7    -4.2731632653061225E-7   -771113.8969834705-114060.17640344729i            2809919.5324236085
0                         1.1571428571428571E-7    -4.091326530612245E-7    -1878070.4400380496-409149.6634625108i            3484162.84420941
0                         1.1571428571428571E-7    -3.9094897959183674E-7   -2762475.7755743503-604881.1020194932i            4422366.804749026
0                         1.1571428571428571E-7    -3.72765306122449E-7     -3583739.9708011094-752723.3948661528i            5419169.985511575
0                         1.1571428571428571E-7    -3.545816326530612E-7    -4193080.0539924833-848013.2641930876i            6550516.455865242
0                         1.1571428571428571E-7    -3.3639795918367346E-7   -4988055.8908246895-1001453.2865948937i           7589981.46277499
0                         1.1571428571428571E-7    -3.1821428571428575E-7   -5560112.631404248-1093077.5144604365i            8419219.149203874
0                         1.1571428571428571E-7    -3.0003061224489794E-7   -6055716.9362573335-1165946.2755147615i           9153541.736938769
0                         1.1571428571428571E-7    -2.8184693877551024E-7   -6471373.838166504-1211869.9149679479i            9601694.930271728
0                         1.1571428571428571E-7    -2.636632653061224E-7    -6766837.924017189-1226703.8693873815i            1.0088386861010432E7
0                         1.1571428571428571E-7    -2.454795918367347E-7    -6971410.294509793-1221728.9592683935i            1.0406000949776618E7
0                         1.1571428571428571E-7    -2.2729591836734696E-7   -6923382.186173802-1115896.743083511i             1.058118686194296E7
0                         1.1571428571428571E-7    -2.091122448979592E-7    -6742426.567456959-968383.3598077049i             1.051397166348467E7
0                         1.1571428571428571E-7    -1.9092857142857144E-7   -7319191.822183256-1099798.8968559017i            1.1436090499827899E7
0                         1.1571428571428571E-7    -1.7274489795918368E-7   -6889450.626130326-979754.3628180244i             1.1108080616898667E7
0                         1.1571428571428571E-7    -1.5456122448979592E-7   -6493323.775301708-887522.5780983658i             1.075210329631917E7
0                         1.1571428571428571E-7    -1.3637755102040816E-7   -6035854.892831253-715748.0622131329i             1.0331730000413293E7
0                         1.1571428571428571E-7    -1.181938775510204E-7    -5551172.564961674-527720.7978456416i             9903482.293748045
0                         1.1571428571428571E-7    -1.0001020408163265E-7   -5339326.15497394-510149.10992813273i             9574981.329707481
0                         1.1571428571428571E-7    -8.182653061224489E-8    -5206673.884058978-485069.6953492695i             9537580.16166555
0                         1.1571428571428571E-7    -6.364285714285713E-8    -5102694.056732126-491006.9293110211i             9404850.736627651
0                         1.1571428571428571E-7    -4.545918367346937E-8    -5187540.953663254-481491.37197937386i            9675291.022685513
0                         1.1571428571428571E-7    -2.7275510204081612E-8   -4967716.262278073-426730.1182578498i             9493884.254199114
0                         1.1571428571428571E-7    -9.091836734693906E-9    -4750085.854971681-373737.8662241371i             9317663.674646467
0                         1.1571428571428571E-7    9.091836734693853E-9     -4670392.955400654-346274.3725124201i             9118022.270057868
0                         1.1571428571428571E-7    2.7275510204081612E-8    -4803910.284683594-375654.02529118233i            9187756.547669414
0                         1.1571428571428571E-7    4.5459183673469424E-8    -4931361.748626892-423437.47246710036i            9255138.512379782
0                         1.1571428571428571E-7    6.364285714285713E-8     -5028679.121256922-457117.2491874796i             9381228.37356225
0                         1.1571428571428571E-7    8.182653061224494E-8     -5115598.687878209-484890.50475669187i            9515689.167443631
0                         1.1571428571428571E-7    1.0001020408163265E-7    -5425322.733407294-595172.2590762153i             9750062.728416985
0                         1.1571428571428571E-7    1.1819387755102046E-7    -5773759.233841791-719926.9652110746i             1.00286858158031E7
0                         1.1571428571428571E-7    1.3637755102040816E-7    -5841880.735778787-660885.9309482083i             1.002537761084889E7
0                         1.1571428571428571E-7    1.5456122448979587E-7    -6302797.499547084-813447.3043263272i             1.024153875794876E7
0                         1.1571428571428571E-7    1.7274489795918368E-7    -6956457.855518996-1038491.4990704682i            1.0987794305248274E7
0                         1.1571428571428571E-7    1.909285714285714E-7     -7451749.685228223-1186841.6747217388i            1.1515160748262942E7
0                         1.1571428571428571E-7    2.091122448979592E-7     -6803322.057865825-1014395.5989371552i            1.0530470333443502E7
0                         1.1571428571428571E-7    2.272959183673469E-7     -6861536.769034641-1099961.6674439644i            1.0500655391760878E7
0                         1.1571428571428571E-7    2.454795918367347E-7     -6874565.5323819555-1178191.3215993496i           1.0327266081407111E7
0                         1.1571428571428571E-7    2.636632653061224E-7     -6805796.115103408-1241450.0972917415i            1.002273844001337E7
0                         1.1571428571428571E-7    2.8184693877551024E-7    -6490807.673750851-1213776.256059066i             9698757.487689225
0                         1.1571428571428571E-7    3.0003061224489794E-7    -6141914.546765832-1186571.0415317183i            9146454.261847872
0                         1.1571428571428571E-7    3.1821428571428575E-7    -5693618.0708827665-1133439.5798565226i           8444708.09258302
0                         1.1571428571428571E-7    3.3639795918367346E-7    -4885165.694555895-959862.6680609192i             7398761.824520802
0                         1.1571428571428571E-7    3.5458163265306127E-7    -4260481.069575744-875791.9540503565i             6388223.489339247
0                         1.1571428571428571E-7    3.72765306122449E-7      -3441597.6821326995-698842.5745949901i            5381934.585608493
0                         1.1571428571428571E-7    3.909489795918368E-7     -2600597.546484428-519231.4657870212i             4407932.988757125
0                         1.1571428571428571E-7    4.091326530612245E-7     -1737480.6626309485-336958.6276264538i            3533650.2813020446
0                         1.1571428571428571E-7    4.273163265306122E-7     -843961.1317197327-153039.42963611952i            2894962.337242561
0                         1.1571428571428571E-7    4.455E-7                 -41609.988640917814-22761.643359964513i           2678664.438488825
0                         1.3224489795918366E-7    -4.455E-7                -46181.27456232067-9644.405280608584i             2743251.588266707
0                         1.3224489795918366E-7    -4.2731632653061225E-7   -923421.4452857405-187707.8104342262i             2980124.4680362963
0                         1.3224489795918366E-7    -4.091326530612245E-7    -1788192.2671834962-365000.57108443405i           3733799.301881386
0                         1.3224489795918366E-7    -3.9094897959183674E-7   -2597697.986475611-500731.80855422356i            4719249.516423245
0                         1.3224489795918366E-7    -3.72765306122449E-7     -3160361.8050731127-565744.2089203709i            6050560.508874558
0                         1.3224489795918366E-7    -3.545816326530612E-7    -3849290.6407070993-700275.7558744128i            6796690.400960327
0                         1.3224489795918366E-7    -3.3639795918367346E-7   -4496632.346637787-807148.9067181532i             7678464.465982786
0                         1.3224489795918366E-7    -3.1821428571428575E-7   -5047866.723529906-883943.0028008015i             8563249.217886116
0                         1.3224489795918366E-7    -3.0003061224489794E-7   -5522648.66469555-941981.632072231i               9360838.837577939
0                         1.3224489795918366E-7    -2.8184693877551024E-7   -5904148.385763239-968689.8935320192i             9755554.559003258
0                         1.3224489795918366E-7    -2.636632653061224E-7    -6186093.117384907-972849.6125197138i             1.0297863770920414E7
0                         1.3224489795918366E-7    -2.454795918367347E-7    -6377146.133648494-957200.4669689867i             1.0671932627264116E7
0                         1.3224489795918366E-7    -2.2729591836734696E-7   -6102203.125739473-730323.6145542382i             1.0780034148669185E7
0                         1.3224489795918366E-7    -2.091122448979592E-7    -5930537.291201489-613769.5075833434i             1.0830921474638663E7
0                         1.3224489795918366E-7    -1.9092857142857144E-7   -6737091.83338007-786249.2121877265i              1.1903879406689743E7
0                         1.3224489795918366E-7    -1.7274489795918368E-7   -6297570.529730336-661503.3491071169i             1.160705443291286E7
0                         1.3224489795918366E-7    -1.5456122448979592E-7   -5881196.570183548-552455.0544405438i             1.1313439014052056E7
0                         1.3224489795918366E-7    -1.3637755102040816E-7   -5433217.9385022335-407920.55561352085i           1.089244265857427E7
0                         1.3224489795918366E-7    -1.181938775510204E-7    -5273658.161608971-447791.33451471134i            1.0565865033635156E7
0                         1.3224489795918366E-7    -1.0001020408163265E-7   -5078377.944079109-380567.2116916649i             1.0265273688898817E7
0                         1.3224489795918366E-7    -8.182653061224489E-8    -4936459.082043829-349033.1813003748i             1.0209610079893814E7
0                         1.3224489795918366E-7    -6.364285714285713E-8    -4790309.228370482-317022.53860647103i            1.0051153177174771E7
0                         1.3224489795918366E-7    -4.545918367346937E-8    -4637803.755231208-281459.41428017325i            9909202.42498811
0                         1.3224489795918366E-7    -2.7275510204081612E-8   -4909685.210605549-373080.4224604148i             1.0453018159152385E7
0                         1.3224489795918366E-7    -9.091836734693906E-9    -5035856.726558857-358435.95086399675i            9793996.006311975
0                         1.3224489795918366E-7    9.091836734693853E-9     -4529507.939414195-274638.0630144625i             9972655.735801317
0                         1.3224489795918366E-7    2.7275510204081612E-8    -4663711.881666734-304232.58114555513i            1.0035405493933415E7
0                         1.3224489795918366E-7    4.5459183673469424E-8    -4713925.311621774-332089.76548042183i            9970716.342422413
0                         1.3224489795918366E-7    6.364285714285713E-8     -4811916.429303328-366185.98407102394i            1.0091945898884946E7
0                         1.3224489795918366E-7    8.182653061224494E-8     -4899509.74097613-394375.68151045917i             1.0220565216103826E7
0                         1.3224489795918366E-7    1.0001020408163265E-7    -5153219.544315095-483859.3148285089i             1.0462847092987584E7
0                         1.3224489795918366E-7    1.1819387755102046E-7    -5368801.744770497-478791.1457793205i             1.0566702597473314E7
0                         1.3224489795918366E-7    1.3637755102040816E-7    -5695309.775630573-590798.0656463597i             1.0628986275093792E7
0                         1.3224489795918366E-7    1.5456122448979587E-7    -6157388.368403476-705897.3759186704i             1.1472781965032432E7
0                         1.3224489795918366E-7    1.7274489795918368E-7    -6653445.901559859-846186.2444884373i             1.1732607072539818E7
0                         1.3224489795918366E-7    1.909285714285714E-7     -7184219.102371203-1026341.340235793i             1.2258065111309275E7
0                         1.3224489795918366E-7    2.091122448979592E-7     -6135866.427594479-756267.7828374541i             1.0900618451872654E7
0                         1.3224489795918366E-7    2.272959183673469E-7     -6220679.022131965-837339.173279814i              1.0831541868044004E7
0                         1.3224489795918366E-7    2.454795918367347E-7     -6243143.254332608-924938.1016698404i             1.0590317830178682E7
0                         1.3224489795918366E-7    2.636632653061224E-7     -6104538.631143653-957622.3233190796i             1.0291533644286983E7
0                         1.3224489795918366E-7    2.8184693877551024E-7    -5861174.6217143135-962942.6517376848i            9831102.782839103
0                         1.3224489795918366E-7    3.0003061224489794E-7    -5518407.263386924-942336.7330084392i             9221517.919047762
0                         1.3224489795918366E-7    3.1821428571428575E-7    -5079031.663162216-904204.8626743851i             8501446.820596274
0                         1.3224489795918366E-7    3.3639795918367346E-7    -4503473.984767458-801625.118139373i              7626834.66219022
0                         1.3224489795918366E-7    3.5458163265306127E-7    -3936408.0008170046-717957.6113825889i            6683207.576486097
0                         1.3224489795918366E-7    3.72765306122449E-7      -3376132.8936693184-647066.238114494i             5746305.564350895
0                         1.3224489795918366E-7    3.909489795918368E-7     -2587185.1815635823-515269.6089695866i            4706938.607960391
0                         1.3224489795918366E-7    4.091326530612245E-7     -1756562.2079353933-353982.3709438963i            3768640.475716598
0                         1.3224489795918366E-7    4.273163265306122E-7     -903822.4861019899-190033.4035656066i             3103087.9733516
0                         1.3224489795918366E-7    4.455E-7                 46181.27456232764+9644.405280609413i              2872572.1527266866
0                         1.487755102040816E-7     -4.455E-7                -20510.826636183185-3913.9577229002102i           2859217.096385069
0                         1.487755102040816E-7     -4.2731632653061225E-7   -865647.1348953946-162768.0404663335i             3126999.3591670794
0                         1.487755102040816E-7     -4.091326530612245E-7    -1672701.5551975276-293561.5966891696i            3957024.8306341385
0                         1.487755102040816E-7     -3.9094897959183674E-7   -2306581.928260995-382205.5526724244i             4943827.070135024
0                         1.487755102040816E-7     -3.72765306122449E-7     -2869992.2949730735-447639.404454302i             6242758.288139674
0                         1.487755102040816E-7     -3.545816326530612E-7    -3506864.8846777845-552580.9726470741i            7037785.625494669
0                         1.487755102040816E-7     -3.3639795918367346E-7   -4046549.949770921-625382.059443405i              7895018.227566285
0                         1.487755102040816E-7     -3.1821428571428575E-7   -4535620.815655564-674808.4911411661i             8754573.119194187
0                         1.487755102040816E-7     -3.0003061224489794E-7   -4989580.393133765-718016.988629701i              9625151.040566357
0                         1.487755102040816E-7     -2.8184693877551024E-7   -5336922.933359975-725509.8720960912i             9971181.110354532
0                         1.487755102040816E-7     -2.636632653061224E-7    -5605348.310752626-718995.3556520457i             1.0576203057852238E7
0                         1.487755102040816E-7     -2.454795918367347E-7    -5420566.768419635-537918.6615955981i             1.0970133530091707E7
0                         1.487755102040816E-7     -2.2729591836734696E-7   -5534525.875288619-548172.3741081133i             1.1218239196765764E7
0                         1.487755102040816E-7     -2.091122448979592E-7    -5316226.914428573-415372.8831088273i             1.1220699324937802E7
0                         1.487755102040816E-7     -1.9092857142857144E-7   -6394838.486832685-604172.1751799888i             1.2481224237027815E7
0                         1.487755102040816E-7     -1.7274489795918368E-7   -5844126.647525877-477586.8956640749i             1.2210887117148632E7
0                         1.487755102040816E-7     -1.5456122448979592E-7   -5311653.60945682-369228.30133964913i             1.194904193987519E7
0                         1.487755102040816E-7     -1.3637755102040816E-7   -5196527.150521353-377506.53958738735i            1.1617546679848252E7
0                         1.487755102040816E-7     -1.181938775510204E-7    -5011581.12673865-317425.4308528274i              1.1302297923725335E7
0                         1.487755102040816E-7     -1.0001020408163265E-7   -4817429.733184278-250985.31345519703i            1.1002498146144968E7
0                         1.487755102040816E-7     -8.182653061224489E-8    -4666244.28002868-212996.66725148004i             1.0923837637541115E7
0                         1.487755102040816E-7     -6.364285714285713E-8    -4519815.089509031-181063.83276648435i            1.0771392808540182E7
0                         1.487755102040816E-7     -4.545918367346937E-8    -4367030.279523453-145578.5166490951i             1.0634135915199185E7
0                         1.487755102040816E-7     -2.7275510204081612E-8   -4207889.850071955-106540.71889931406i            1.0512919380505485E7
0                         1.487755102040816E-7     -9.091836734693906E-9    -4976112.235500215-325948.2684634387i             1.0813452041218873E7
0                         1.487755102040816E-7     9.091836734693853E-9     -4786043.759840375-225257.99238065328i            1.0652057179285865E7
0                         1.487755102040816E-7     2.7275510204081612E-8    -4523513.478649873-232811.13699992755i            1.0913070714916382E7
0                         1.487755102040816E-7     4.5459183673469424E-8    -4496488.874616653-240742.05849374304i            1.0716760119140001E7
0                         1.487755102040816E-7     6.364285714285713E-8     -4595153.737349726-275254.7189545684i             1.0833263986363329E7
0                         1.487755102040816E-7     8.182653061224494E-8     -4683420.794074055-303860.85826422647i            1.095630205764E7
0                         1.487755102040816E-7     1.0001020408163265E-7    -4903987.271965004-300886.24872696446i            1.1153363677950408E7
0                         1.487755102040816E-7     1.1819387755102046E-7    -5101555.397041886-376864.51143861806i            1.1113041557690825E7
0                         1.487755102040816E-7     1.3637755102040816E-7    -5457781.954274647-438706.9274911895i             1.1612399356136804E7
0                         1.487755102040816E-7     1.5456122448979587E-7    -5731748.46540329-492249.78138647537i             1.196024665850576E7
0                         1.487755102040816E-7     1.7274489795918368E-7    -6124987.283351917-580586.853524935i              1.2241029360381389E7
0                         1.487755102040816E-7     1.909285714285714E-7     -6651897.812052986-762752.2238249684i             1.273340207687637E7
0                         1.487755102040816E-7     2.091122448979592E-7     -5462063.044709463-496243.3575032003i             1.1378858846408997E7
0                         1.487755102040816E-7     2.272959183673469E-7     -5570607.479256116-580759.6580058155i             1.12560708721742E7
0                         1.487755102040816E-7     2.454795918367347E-7     -5606614.702323147-662343.5518350421i             1.0947446572209287E7
0                         1.487755102040816E-7     2.636632653061224E-7     -5468779.8104494875-700189.423199598i             1.0566542429500902E7
0                         1.487755102040816E-7     2.8184693877551024E-7    -5231541.569677774-712109.0474163042i             1.0038736391392319E7
0                         1.487755102040816E-7     3.0003061224489794E-7    -4938993.369187636-709932.0144615988i             9443440.386234393
0                         1.487755102040816E-7     3.1821428571428575E-7    -4605736.597332934-699987.7649474402i             8744156.788234426
0                         1.487755102040816E-7     3.3639795918367346E-7    -4121782.2749790223-643387.5682178277i            7862155.097309762
0                         1.487755102040816E-7     3.5458163265306127E-7    -3516413.6476317425-545103.7908615929i            6940531.892026352
0                         1.487755102040816E-7     3.72765306122449E-7      -2995341.9796943814-498992.77462925157i           5928962.673143505
0                         1.487755102040816E-7     3.909489795918368E-7     -2445666.66404873-449403.27208610956i             4917987.257541102
0                         1.487755102040816E-7     4.091326530612245E-7     -1775643.7532398403-371006.11426133977i           3945594.754150105
0                         1.487755102040816E-7     4.273163265306122E-7     -883441.1897430127-189637.065294019i              3170978.9962414377
0                         1.487755102040816E-7     4.455E-7                 20510.826636190548+3913.9577229011616i            2932483.384389535
0                         1.6530612244897956E-7    -4.455E-7                5159.621289954294+1816.489834808162i              2910996.858871738
0                         1.6530612244897956E-7    -4.2731632653061225E-7   -808750.67696686-131212.759270992i                3225571.2072529155
0                         1.6530612244897956E-7    -4.091326530612245E-7    -1420996.9638276296-198726.6381083541i            4106118.1789464094
0                         1.6530612244897956E-7    -3.9094897959183674E-7   -2015465.8700463795-263679.29679062555i           5146657.805824412
0                         1.6530612244897956E-7    -3.72765306122449E-7     -2628577.631691149-351960.07841144654i            6300518.898027559
0                         1.6530612244897956E-7    -3.545816326530612E-7    -3164439.128648471-404886.1894197355i             7271956.937416012
0                         1.6530612244897956E-7    -3.3639795918367346E-7   -3668114.9155710824-456266.84069911524i           8194486.658510963
0                         1.6530612244897956E-7    -3.1821428571428575E-7   -4139604.992458979-506102.0322495845i             9053569.637059933
0                         1.6530612244897956E-7    -3.0003061224489794E-7   -4456512.121571982-494052.3451871706i             9935077.144971529
0                         1.6530612244897956E-7    -2.8184693877551024E-7   -4769697.4809567155-482329.8506601633i            1.0238445659688644E7
0                         1.6530612244897956E-7    -2.636632653061224E-7    -4680544.571544752-347876.21968148684i            1.090737635288581E7
0                         1.6530612244897956E-7    -2.454795918367347E-7    -4798978.762170685-327779.07303258585i            1.1328151575710904E7
0                         1.6530612244897956E-7    -2.2729591836734696E-7   -4852208.766234898-310912.76552154357i            1.1621450210019814E7
0                         1.6530612244897956E-7    -2.091122448979592E-7    -4676191.971928455-212523.62679478747i            1.1691690722082717E7
0                         1.6530612244897956E-7    -1.9092857142857144E-7   -4304771.355795928-18485.651563412044i            1.1431950615507891E7
0                         1.6530612244897956E-7    -1.7274489795918368E-7   -5574571.492876759-305012.1769162465i             1.2870262419729352E7
0                         1.6530612244897956E-7    -1.5456122448979592E-7   -5208314.70251715-237775.5763956618i              1.2640210073174067E7
0                         1.6530612244897956E-7    -1.3637755102040816E-7   -4988715.817930363-235172.77314518322i            1.2345693459025156E7
0                         1.6530612244897956E-7    -1.181938775510204E-7    -4749504.09186833-187059.5271909428i              1.2076222337990971E7
0                         1.6530612244897956E-7    -1.0001020408163265E-7   -4556481.522289444-121403.4152187283i             1.1776297251952715E7
0                         1.6530612244897956E-7    -8.182653061224489E-8    -4354253.582938895-49388.294583445764i            1.1492367350901227E7
0                         1.6530612244897956E-7    -6.364285714285713E-8    -4249320.950647582-45105.12692649782i             1.1523274848066086E7
0                         1.6530612244897956E-7    -4.545918367346937E-8    -4096256.8038157006-9697.619018017242i            1.1390338889893178E7
0                         1.6530612244897956E-7    -2.7275510204081612E-8   -3989373.483502106+26362.601737927238i            1.1247226795649635E7
0                         1.6530612244897956E-7    -9.091836734693906E-9    -3817396.4796165694+70591.0031551263i             1.1240697098828446E7
0                         1.6530612244897956E-7    9.091836734693853E-9     -3872273.484430299+907.4105689152202i             1.1300230862578904E7
0                         1.6530612244897956E-7    2.7275510204081612E-8    -3968177.2635641084+7964.753629566636i            1.1293021950008988E7
0                         1.6530612244897956E-7    4.5459183673469424E-8    -4068067.177191443-50348.096272140654i            1.1337550231354985E7
0                         1.6530612244897956E-7    6.364285714285713E-8     -4209372.564039178-77334.72884031077i             1.144784326163614E7
0                         1.6530612244897956E-7    8.182653061224494E-8     -4344141.656722458-100275.30903287916i            1.1566617372681946E7
0                         1.6530612244897956E-7    1.0001020408163265E-7    -4582366.926554147-146341.1243657507i             1.1714700329856088E7
0                         1.6530612244897956E-7    1.1819387755102046E-7    -4761748.920747602-174175.19927932165i            1.1798008127571056E7
0                         1.6530612244897956E-7    1.3637755102040816E-7    -5031465.794756755-224833.03861672062i            1.2149496633742157E7
0                         1.6530612244897956E-7    1.5456122448979587E-7    -5306359.056433383-278860.39311137906i            1.2496402567659782E7
0                         1.6530612244897956E-7    1.7274489795918368E-7    -5605320.096423747-316248.533727508i              1.2822875207770463E7
0                         1.6530612244897956E-7    1.909285714285714E-7     -4260153.721580507-750.057919191895i              1.1495789298143646E7
0                         1.6530612244897956E-7    2.091122448979592E-7     -4666761.32524586-178931.02390350157i             1.1758328534962216E7
0                         1.6530612244897956E-7    2.272959183673469E-7     -4904064.522659926-325779.585641684i              1.1761297595663922E7
0                         1.6530612244897956E-7    2.454795918367347E-7     -4934801.415282864-414616.87764631654i            1.1378304140624741E7
0                         1.6530612244897956E-7    2.636632653061224E-7     -4833020.989755319-442756.52308011585i            1.0910827040598003E7
0                         1.6530612244897956E-7    2.8184693877551024E-7    -4693672.220337721-475741.9075112791i             1.0423589404274594E7
0                         1.6530612244897956E-7    3.0003061224489794E-7    -4433412.297552162-485302.9614776493i             9773311.657384178
0                         1.6530612244897956E-7    3.1821428571428575E-7    -4132441.53150365-495770.66722049424i             8998755.77622026
0                         1.6530612244897956E-7    3.3639795918367346E-7    -3740090.5651905863-485150.01829628274i           8091500.326133664
0                         1.6530612244897956E-7    3.5458163265306127E-7    -3173508.052562761-411223.42911354336i            7099117.253742156
0                         1.6530612244897956E-7    3.72765306122449E-7      -2614551.0657194415-350919.31114400877i           6105393.327134497
0                         1.6530612244897956E-7    3.909489795918368E-7     -2104079.1892841114-326110.16563661967i           5024235.186587285
0                         1.6530612244897956E-7    4.091326530612245E-7     -1526024.6451338995-262334.8827696637i            4027905.4246157547
0                         1.6530612244897956E-7    4.273163265306122E-7     -875589.3780579519-175384.3648180117i             3204139.6248221146
0                         1.6530612244897956E-7    4.455E-7                 -5159.621289946542-1816.48983480709i              2925931.413949746
0                         1.8183673469387754E-7    -4.455E-7                30830.069216091815+7546.937392516547i             2899627.4447070626
0                         1.8183673469387754E-7    -4.2731632653061225E-7   -596457.5524416806-60069.09799115965i             3300416.388869875
0                         1.8183673469387754E-7    -4.091326530612245E-7    -1169292.372457732-103891.67952753852i            4206896.347092385
0                         1.8183673469387754E-7    -3.9094897959183674E-7   -1675661.3574705038-133516.81945893264i           5560970.827957392
0                         1.8183673469387754E-7    -3.72765306122449E-7     -2322161.1538323597-225685.73070105904i           6446307.200040441
0                         1.8183673469387754E-7    -3.545816326530612E-7    -2822013.3726191563-257191.40619239665i           7489915.265676996
0                         1.8183673469387754E-7    -3.3639795918367346E-7   -3289679.881371243-287151.62195482466i            8489330.164551705
0                         1.8183673469387754E-7    -3.1821428571428575E-7   -3725160.6800886155-315566.37798834353i           9427634.896569861
0                         1.8183673469387754E-7    -3.0003061224489794E-7   -3923443.850010198-270087.7017446405i             1.0280689141314683E7
0                         1.8183673469387754E-7    -2.8184693877551024E-7   -3882136.535114826-160196.2888119045i             1.0577890938503984E7
0                         1.8183673469387754E-7    -2.636632653061224E-7    -4058983.265866162-140208.68241966772i            1.1245098156133037E7
0                         1.8183673469387754E-7    -2.454795918367347E-7    -4177390.7559217326-117639.48446957336i           1.1727045950959815E7
0                         1.8183673469387754E-7    -2.2729591836734696E-7   -4055882.940618367-3027.054880223237i             1.1908240614454243E7
0                         1.8183673469387754E-7    -2.091122448979592E-7    -3907822.7320849695+72651.79800621979i            1.2098003805052679E7
0                         1.8183673469387754E-7    -1.9092857142857144E-7   -3658114.456011644+180531.81913839327i            1.2034525863803176E7
0                         1.8183673469387754E-7    -1.7274489795918368E-7   -5329006.088310741-132462.3169808904i             1.35652694315216E7
0                         1.8183673469387754E-7    -1.5456122448979592E-7   -5117341.188077784-110521.13241384935i            1.3316579073517183E7
0                         1.8183673469387754E-7    -1.3637755102040816E-7   -4890623.523262954-104969.56008952553i            1.3024429589464687E7
0                         1.8183673469387754E-7    -1.181938775510204E-7    -4675129.691432321-104752.41986775096i            1.2731512145445855E7
0                         1.8183673469387754E-7    -1.0001020408163265E-7   -4470941.797628887-109907.09630854614i            1.2437820258274302E7
0                         1.8183673469387754E-7    -8.182653061224489E-8    -3932250.8361223135+22358.341171484673i           1.2154746322373444E7
0                         1.8183673469387754E-7    -6.364285714285713E-8    -4032611.375946856+81949.04810114764i             1.2106012159299996E7
0                         1.8183673469387754E-7    -4.545918367346937E-8    -3821958.1782766683+87643.8152891451i             1.2027645511852965E7
0                         1.8183673469387754E-7    -2.7275510204081612E-8   -3753618.646895016+85715.31419187016i             1.2018861153081123E7
0                         1.8183673469387754E-7    -9.091836734693906E-9    -3686790.299137869+83141.60794763642i             1.201519266577742E7
0                         1.8183673469387754E-7    9.091836734693853E-9     -3499242.7787809847+66074.16973655671i            1.169104510887399E7
0                         1.8183673469387754E-7    2.7275510204081612E-8    -3786434.2800074005+110441.79617366707i           1.1941167847243909E7
0                         1.8183673469387754E-7    4.5459183673469424E-8    -3794684.1401372124+103641.26855343406i           1.191491679677002E7
0                         1.8183673469387754E-7    6.364285714285713E-8     -3867335.5762238144+83864.30273559754i            1.2048214650771225E7
0                         1.8183673469387754E-7    8.182653061224494E-8     -4002516.3221079595+60824.54826596637i            1.2162677478361335E7
0                         1.8183673469387754E-7    1.0001020408163265E-7    -4154750.0842029303+29594.983415124094i           1.2311689120284144E7
0                         1.8183673469387754E-7    1.1819387755102046E-7    -4334749.38221201+39929.55832912563i              1.2374650318070166E7
0                         1.8183673469387754E-7    1.3637755102040816E-7    -4605401.497255643-11218.242473368766i            1.2727569545222607E7
0                         1.8183673469387754E-7    1.5456122448979587E-7    -4881220.866765438-65728.13900236192i             1.3073791145677611E7
0                         1.8183673469387754E-7    1.7274489795918368E-7    -5162170.001664522-123573.41786147284i            1.3413322857917313E7
0                         1.8183673469387754E-7    1.909285714285714E-7     -3427905.3683372526+332043.60921847355i           1.202025630180562E7
0                         1.8183673469387754E-7    2.091122448979592E-7     -3847891.7773080743+144912.7917487226i            1.221592101048645E7
0                         1.8183673469387754E-7    2.272959183673469E-7     -4287462.7955015795-94803.70924544119i            1.220653085171104E7
0                         1.8183673469387754E-7    2.454795918367347E-7     -4348087.707332333-180005.02563240554i            1.1849416485943904E7
0                         1.8183673469387754E-7    2.636632653061224E-7     -4245641.091987637-206157.22632731256i            1.1450559551824676E7
0                         1.8183673469387754E-7    2.8184693877551024E-7    -4155805.1428960613-230700.89927032916i           1.0847401946275149E7
0                         1.8183673469387754E-7    3.0003061224489794E-7    -3927831.225916693-260673.90849370195i            1.011068879040585E7
0                         1.8183673469387754E-7    3.1821428571428575E-7    -3659146.465674364-291553.56949354755i            9251379.333230462
0                         1.8183673469387754E-7    3.3639795918367346E-7    -3358398.8554021465-326912.4683747364i            8305964.663920491
0                         1.8183673469387754E-7    3.5458163265306127E-7    -2828146.7369147167-275648.60967878345i           7236679.922843726
0                         1.8183673469387754E-7    3.72765306122449E-7      -2233760.1517445026-202845.84765876635i           6261163.820430424
0                         1.8183673469387754E-7    3.909489795918368E-7     -1796381.0186377987-185830.10608310092i           5163646.579019883
0                         1.8183673469387754E-7    4.091326530612245E-7     -1224492.0048117284-131962.57105900912i           4110667.186020676
0                         1.8183673469387754E-7    4.273163265306122E-7     -628503.3221951013-72341.46607615202i             3261685.6654661344
0                         1.8183673469387754E-7    4.455E-7                 -30830.06921608368-7546.937392515354i             2854365.7854601336
0                         1.9836734693877549E-7    -4.455E-7                12026.596845966276+5494.05856795725i              3039159.2552498523
0                         1.9836734693877549E-7    -4.2731632653061225E-7   -382824.2044486661+31716.12187346704i             3315496.3336853604
0                         1.9836734693877549E-7    -4.091326530612245E-7    -917587.7810878367-9056.72094672345i              4253363.2145072585
0                         1.9836734693877549E-7    -3.9094897959183674E-7   -1423471.6917749527-37768.12899480179i            5579995.171860486
0                         1.9836734693877549E-7    -3.72765306122449E-7     -2015744.6759735697-99411.38299067144i            6559286.924942639
0                         1.9836734693877549E-7    -3.545816326530612E-7    -2479587.616589842-109496.62296505756i            7686093.085320453
0                         1.9836734693877549E-7    -3.3639795918367346E-7   -2911244.847171404-118036.40321053518i            8772904.837627584
0                         1.9836734693877549E-7    -3.1821428571428575E-7   -2953385.3830884253-28466.19591223565i            9343080.07746164
0                         1.9836734693877549E-7    -3.0003061224489794E-7   -3369363.1309319683-31848.7159159124i             1.015370021392194E7
0                         1.9836734693877549E-7    -2.8184693877551024E-7   -3726016.069538392-119305.9813473604i             1.1536678538339052E7
0                         1.9836734693877549E-7    -2.636632653061224E-7    -3686064.180235635-19359.667575892847i            1.1978203164667787E7
0                         1.9836734693877549E-7    -2.454795918367347E-7    -3607292.961312081+72430.41544655804i             1.2267071809083113E7
0                         1.9836734693877549E-7    -2.2729591836734696E-7   -3425021.8729879567+191200.29664771538i           1.2461891739677798E7
0                         1.9836734693877549E-7    -2.091122448979592E-7    -3199534.214909202+311792.72007458546i            1.2581994219733132E7
0                         1.9836734693877549E-7    -1.9092857142857144E-7   -3010050.1343146907+384178.78300536715i           1.2637783219721146E7
0                         1.9836734693877549E-7    -1.7274489795918368E-7   -4425876.853116618+240827.90352987972i            1.3690986329435535E7
0                         1.9836734693877549E-7    -1.5456122448979592E-7   -4368183.870377493+197651.93523269106i            1.3524775973586874E7
0                         1.9836734693877549E-7    -1.3637755102040816E-7   -4289403.975363524+157810.69446262327i            1.3336246941585325E7
0                         1.9836734693877549E-7    -1.181938775510204E-7    -4187538.395862289+121740.80335014185i            1.3122124038847186E7
0                         1.9836734693877549E-7    -1.0001020408163265E-7   -4060346.7724731145+89942.33400586192i            1.2879316210904345E7
0                         1.9836734693877549E-7    -8.182653061224489E-8    -3706690.9928562245+186937.99648698652i           1.285124773810812E7
0                         1.9836734693877549E-7    -6.364285714285713E-8    -3514548.2376316376+221938.76062498087i           1.2638649194950538E7
0                         1.9836734693877549E-7    -4.545918367346937E-8    -3484569.708894131+222999.49849033714i            1.258783935585841E7
0                         1.9836734693877549E-7    -2.7275510204081612E-8   -3452777.1842951104+225109.5037823709i            1.2539541482231546E7
0                         1.9836734693877549E-7    -9.091836734693906E-9    -3412687.480668384+222267.4916634255i             1.2537641026143363E7
0                         1.9836734693877549E-7    9.091836734693853E-9     -3248539.7642416824+215959.3728544109i            1.218469154789912E7
0                         1.9836734693877549E-7    2.7275510204081612E-8    -3252497.176225761+203878.54297692562i            1.2199775491842227E7
0                         1.9836734693877549E-7    4.5459183673469424E-8    -3255251.641553849+192562.05438666372i            1.2223756122805828E7
0                         1.9836734693877549E-7    6.364285714285713E-8     -3525298.5884084455+245063.3343115049i            1.2666993984236114E7
0                         1.9836734693877549E-7    8.182653061224494E-8     -3801692.1904275096+182413.8684971981i            1.295370288527409E7
0                         1.9836734693877549E-7    1.0001020408163265E-7    -3641612.39147357+302028.40617093677i             1.2622653866960457E7
0                         1.9836734693877549E-7    1.1819387755102046E-7    -3908003.1035652203+253774.31580423005i           1.2985442547105331E7
0                         1.9836734693877549E-7    1.3637755102040816E-7    -4179589.791303146+202138.53692880052i            1.3339899549130604E7
0                         1.9836734693877549E-7    1.5456122448979587E-7    -4406512.376004252+217394.78176206746i            1.3663305979204325E7
0                         1.9836734693877549E-7    1.7274489795918368E-7    -4616737.067823461+189305.72441415302i            1.3943175688279241E7
0                         1.9836734693877549E-7    1.909285714285714E-7     -2822393.1940314164+464481.0327337526i            1.2558002257090075E7
0                         1.9836734693877549E-7    2.091122448979592E-7     -3155470.4119594772+343925.7195290709i            1.2699518227140492E7
0                         1.9836734693877549E-7    2.272959183673469E-7     -3434425.5716558285+221946.10011180775i           1.2416870307907283E7
0                         1.9836734693877549E-7    2.454795918367347E-7     -3761129.3800755874+25126.816569719813i           1.2369111468165543E7
0                         1.9836734693877549E-7    2.636632653061224E-7     -3677082.538269946-10601.83867979524i             1.1909963589775102E7
0                         1.9836734693877549E-7    2.8184693877551024E-7    -3549768.302215655-41577.84103513183i             1.122448285123874E7
0                         1.9836734693877549E-7    3.0003061224489794E-7    -3396779.399828148-80815.62874820293i             1.0404892686592998E7
0                         1.9836734693877549E-7    3.1821428571428575E-7    -3218115.831107416-128315.20181901008i            9460705.150972113
0                         1.9836734693877549E-7    3.3639795918367346E-7    -2953747.3319692584-161513.69501777086i           8442577.239120714
0                         1.9836734693877549E-7    3.5458163265306127E-7    -2477253.06393908-131307.88003193634i             7333593.018633219
0                         1.9836734693877549E-7    3.72765306122449E-7      -1986511.4563185207-97853.34394763822i            6409685.971692363
0                         1.9836734693877549E-7    3.909489795918368E-7     -1454811.9827859048-32799.940889625606i           5295811.076011575
0                         1.9836734693877549E-7    4.091326530612245E-7     -922959.364489556-1590.2593483540695i             4164963.576919006
0                         1.9836734693877549E-7    4.273163265306122E-7     -413530.81813041214+19186.037114160543i           3320901.6243272778
0                         1.9836734693877549E-7    4.455E-7                 -12026.596845961378-5494.058567957649i            3085615.1736276313
0                         2.1489795918367344E-7    -4.455E-7                4920.890152262284+2869.724673869313i              3135116.3687599404
0                         2.1489795918367344E-7    -4.2731632653061225E-7   -426751.5501675696+1781.364767725241i             3401334.188894216
0                         2.1489795918367344E-7    -4.091326530612245E-7    -818798.5574920775+11380.93050217726i             4185068.2832109216
0                         2.1489795918367344E-7    -3.9094897959183674E-7   -1242628.1228229005+12202.78093964362i            5560976.509108269
0                         2.1489795918367344E-7    -3.72765306122449E-7     -1777957.3611885563-34245.14133549467i            6641046.124843345
0                         2.1489795918367344E-7    -3.545816326530612E-7    -1987687.597917825+66396.30538834637i             7668906.03174752
0                         2.1489795918367344E-7    -3.3639795918367346E-7   -2272664.6751453644+88045.28041123574i            8689473.908938054
0                         2.1489795918367344E-7    -3.1821428571428575E-7   -2537494.9146609437+104549.60209150969i           9628680.70887979
0                         2.1489795918367344E-7    -3.0003061224489794E-7   -2868095.1610210417+111538.96639374421i           1.0529095852543823E7
0                         2.1489795918367344E-7    -2.8184693877551024E-7   -2914009.7085820986+211468.26973461348i           1.1687876158518815E7
0                         2.1489795918367344E-7    -2.636632653061224E-7    -3015394.371932439+210641.10122159292i            1.2269109162222624E7
0                         2.1489795918367344E-7    -2.454795918367347E-7    -2917994.4888151647+315697.94578122545i           1.262160492241724E7
0                         2.1489795918367344E-7    -2.2729591836734696E-7   -2780016.6536477543+415734.0444636155i            1.2977001010409001E7
0                         2.1489795918367344E-7    -2.091122448979592E-7    -2419200.3515029848+581949.6251176819i            1.3008753515799044E7
0                         2.1489795918367344E-7    -1.9092857142857144E-7   -2067085.242209658+700669.419729331i              1.3058090960290346E7
0                         2.1489795918367344E-7    -1.7274489795918368E-7   -1653540.51886042+812842.4205145334i              1.275355306267383E7
0                         2.1489795918367344E-7    -1.5456122448979592E-7   -3851259.6763138054+407491.7400737393i            1.3926805886284983E7
0                         2.1489795918367344E-7    -1.3637755102040816E-7   -3727466.7854885235+384943.70241183345i           1.370493708562618E7
0                         2.1489795918367344E-7    -1.181938775510204E-7    -3576839.825910045+367681.2018437716i             1.3453111082434352E7
0                         2.1489795918367344E-7    -1.0001020408163265E-7   -3249872.25541624+431915.4720405455i              1.343514360089662E7
0                         2.1489795918367344E-7    -8.182653061224489E-8    -3192331.513935766+381031.61438276025i            1.3346718369364565E7
0                         2.1489795918367344E-7    -6.364285714285713E-8    -3174016.216516305+372786.5608631964i             1.3107811158388104E7
0                         2.1489795918367344E-7    -4.545918367346937E-8    -3045036.1161162294+371476.1560283647i            1.2973719787321247E7
0                         2.1489795918367344E-7    -2.7275510204081612E-8   -3013846.3581178114+373211.98994384176i           1.2922104817354022E7
0                         2.1489795918367344E-7    -9.091836734693906E-9    -3020089.9005960785+365063.92928857415i           1.293470483483164E7
0                         2.1489795918367344E-7    9.091836734693853E-9     -3059789.3977853907+361883.4754339876i            1.2965846036935054E7
0                         2.1489795918367344E-7    2.7275510204081612E-8    -3098523.5405438268+359521.3354487525i            1.3004824938987369E7
0                         2.1489795918367344E-7    4.5459183673469424E-8    -3136292.328871389+357977.50933287i               1.305157033843047E7
0                         2.1489795918367344E-7    6.364285714285713E-8     -3173095.7627680716+357251.99708633916i           1.3106111834739765E7
0                         2.1489795918367344E-7    8.182653061224494E-8     -3414633.9963454837+281536.57752430445i           1.3371785059299247E7
0                         2.1489795918367344E-7    1.0001020408163265E-7    -3205917.6714575505+479024.2431449307i            1.3141692435914863E7
0                         2.1489795918367344E-7    1.1819387755102046E-7    -3467258.5393588087+445803.6083543983i            1.3446834001159647E7
0                         2.1489795918367344E-7    1.3637755102040816E-7    -3721843.295385653+411149.0366722767i             1.3753524271841584E7
0                         2.1489795918367344E-7    1.5456122448979587E-7    -3969573.1836482096+375329.01806040714i           1.4058123709194314E7
0                         2.1489795918367344E-7    1.7274489795918368E-7    -1884071.6983651835+718106.1117436755i            1.2936010383927148E7
0                         2.1489795918367344E-7    1.909285714285714E-7     -2214021.531031575+631436.4720204697i             1.3098226083937047E7
0                         2.1489795918367344E-7    2.091122448979592E-7     -2550699.9437087323+505556.7904552277i            1.3163823009125799E7
0                         2.1489795918367344E-7    2.272959183673469E-7     -2835342.932642647+377452.60311352013i            1.2956717202350117E7
0                         2.1489795918367344E-7    2.454795918367347E-7     -2913239.5542529696+322595.7656519301i            1.2588732326241635E7
0                         2.1489795918367344E-7    2.636632653061224E-7     -2978717.976063907+212084.73091697326i            1.2194966832997372E7
0                         2.1489795918367344E-7    2.8184693877551024E-7    -3004108.421673663+141126.39010172407i            1.1574258999757148E7
0                         2.1489795918367344E-7    3.0003061224489794E-7    -2874018.1924618566+89037.44587799045i            1.0661886645383345E7
0                         2.1489795918367344E-7    3.1821428571428575E-7    -2718253.2969168313+28686.716296520084i           9625909.790628573
0                         2.1489795918367344E-7    3.3639795918367346E-7    -2406201.656411141+22571.66695730854i             8567244.262131386
0                         2.1489795918367344E-7    3.5458163265306127E-7    -2091198.1873127972+7100.255022557802i            7412149.999126172
0                         2.1489795918367344E-7    3.72765306122449E-7      -1659375.218149227+22749.855388960423i            6437721.355201509
0                         2.1489795918367344E-7    3.909489795918368E-7     -1184742.1333878455+26348.260110495496i           5380730.352701811
0                         2.1489795918367344E-7    4.091326530612245E-7     -757435.1789887814+37897.59661978495i             4180077.140680779
0                         2.1489795918367344E-7    4.273163265306122E-7     -358977.4326927583+28894.45042072906i             3426785.549483547
0                         2.1489795918367344E-7    4.455E-7                 -4920.890152260911-2869.7246738711783i            3186528.7759584007
0                         2.3142857142857141E-7    -4.455E-7                -23599.983193558826-8533.203073660095i            3058077.5591600514
0                         2.3142857142857141E-7    -4.2731632653061225E-7   -380332.0075135435+17873.990053972077i            3369318.804100288
0                         2.3142857142857141E-7    -4.091326530612245E-7    -739229.8097930262+39620.500715988615i            4248114.069202554
0                         2.3142857142857141E-7    -3.9094897959183674E-7   -1120653.5314289278+44514.09192700568i            5669401.053187534
0                         2.3142857142857141E-7    -3.72765306122449E-7     -1382863.9636749895+123189.58638371441i           6660970.991549225
0                         2.3142857142857141E-7    -3.545816326530612E-7    -1649257.628906439+166459.51096351014i            7801798.202642599
0                         2.3142857142857141E-7    -3.3639795918367346E-7   -1895504.4564259301+204584.78220069062i           8874829.187365731
0                         2.3142857142857141E-7    -3.1821428571428575E-7   -2240492.4736979026+212649.02418016162i           9846548.854552668
0                         2.3142857142857141E-7    -3.0003061224489794E-7   -2366827.191110115+254926.6487034015i             1.0851780020806134E7
0                         2.3142857142857141E-7    -2.8184693877551024E-7   -2408689.2656976418+341450.13187053235i           1.195936232098783E7
0                         2.3142857142857141E-7    -2.636632653061224E-7    -2360645.325476264+445880.5483278342i             1.255246098748138E7
0                         2.3142857142857141E-7    -2.454795918367347E-7    -2295718.758163519+538799.2477757172i             1.2975020536277855E7
0                         2.3142857142857141E-7    -2.2729591836734696E-7   -2135011.434307547+640267.792279517i              1.3469290589272434E7
0                         2.3142857142857141E-7    -2.091122448979592E-7    -1895422.8671386153+731830.4003561878i            1.358855918633518E7
0                         2.3142857142857141E-7    -1.9092857142857144E-7   -1539033.4077210575+871574.6500413934i            1.3666967877770634E7
0                         2.3142857142857141E-7    -1.7274489795918368E-7   -1141917.1442070184+965177.3162948905i            1.349609809831678E7
0                         2.3142857142857141E-7    -1.5456122448979592E-7   -3293951.2833008375+637888.8717163238i            1.433307688908851E7
0                         2.3142857142857141E-7    -1.3637755102040816E-7   -3170239.7665200224+622605.8304852026i            1.4050526428445159E7
0                         2.3142857142857141E-7    -1.181938775510204E-7    -2977309.857189552+616859.4547313268i             1.3898912940131485E7
0                         2.3142857142857141E-7    -1.0001020408163265E-7   -2757884.69056077+611693.4652459708i              1.3710190110870292E7
0                         2.3142857142857141E-7    -8.182653061224489E-8    -2745740.1060426813+561635.4337781465i            1.365933429497933E7
0                         2.3142857142857141E-7    -6.364285714285713E-8    -2710424.878528319+548095.1131675049i             1.3473750930683969E7
0                         2.3142857142857141E-7    -4.545918367346937E-8    -2635052.023254009+562855.7409548811i             1.3370405990497416E7
0                         2.3142857142857141E-7    -2.7275510204081612E-8   -2586735.7381866784+511792.9511187034i            1.3300536968958527E7
0                         2.3142857142857141E-7    -9.091836734693906E-9    -2627492.3205237705+507860.36691372347i           1.3326761700143255E7
0                         2.3142857142857141E-7    9.091836734693853E-9     -2667283.548429985+504746.0965780963i             1.3360052769367067E7
0                         2.3142857142857141E-7    2.7275510204081612E-8    -2763049.7901504827+511360.0727883377i            1.3368983175844861E7
0                         2.3142857142857141E-7    4.5459183673469424E-8    -2790760.0533101102+517732.09167370177i           1.3378162370173378E7
0                         2.3142857142857141E-7    6.364285714285713E-8     -2817143.8277147347+525693.3929463172i            1.3395761564703995E7
0                         2.3142857142857141E-7    8.182653061224494E-8     -2801710.59004948+560356.4924949793i              1.3666940111151986E7
0                         2.3142857142857141E-7    1.0001020408163265E-7    -2998945.4244549293+512255.0315177492i            1.3784862696916778E7
0                         2.3142857142857141E-7    1.1819387755102046E-7    -3094623.4885854637+550403.9307066293i            1.3976239685069721E7
0                         2.3142857142857141E-7    1.3637755102040816E-7    -3210515.091772141+597775.5689418819i             1.4129856450625032E7
0                         2.3142857142857141E-7    1.5456122448979587E-7    -3495270.4632480387+551258.5148282205i            1.445539135214467E7
0                         2.3142857142857141E-7    1.7274489795918368E-7    -1261822.601404476+889224.7836294272i             1.3506628156135028E7
0                         2.3142857142857141E-7    1.909285714285714E-7     -1605640.7307491763+798394.8257141551i            1.3617305754553089E7
0                         2.3142857142857141E-7    2.091122448979592E-7     -1920482.358427647+680143.9602405747i             1.356926308077058E7
0                         2.3142857142857141E-7    2.272959183673469E-7     -2184764.9987442866+579397.5939653856i            1.337272898445922E7
0                         2.3142857142857141E-7    2.454795918367347E-7     -2307728.0734215616+509535.96151441423i           1.2972676042369144E7
0                         2.3142857142857141E-7    2.636632653061224E-7     -2439383.939586819+405879.43617038906i            1.2490572252068928E7
0                         2.3142857142857141E-7    2.8184693877551024E-7    -2438093.2488234877+309655.4611653229i            1.1779973266141953E7
0                         2.3142857142857141E-7    3.0003061224489794E-7    -2429857.354256974+214389.92968699278i            1.0933494634422224E7
0                         2.3142857142857141E-7    3.1821428571428575E-7    -2398305.609197883+108854.16972971764i            9958479.620600874
0                         2.3142857142857141E-7    3.3639795918367346E-7    -1871157.739106922+201603.93770011188i            8692879.303008651
0                         2.3142857142857141E-7    3.5458163265306127E-7    -1660101.1173528347+156436.7982452081i            7561912.726701819
0                         2.3142857142857141E-7    3.72765306122449E-7      -1489027.4144437732+57188.50347174052i            6571351.750735945
0                         2.3142857142857141E-7    3.909489795918368E-7     -1093604.2131913337+62222.3594328278i             5460834.082341061
0                         2.3142857142857141E-7    4.091326530612245E-7     -701258.0485681281+60395.949643217726i            4232310.127227694
0                         2.3142857142857141E-7    4.273163265306122E-7     -337524.036286933+38170.786753103894i             3391367.613303439
0                         2.3142857142857141E-7    4.455E-7                 23599.98319356242+8533.203073659173i              3137360.6489374
0                         2.4795918367346934E-7    -4.455E-7                -10329.645584558468-4587.52271497718i             2927914.9697309304
0                         2.4795918367346934E-7    -4.2731632653061225E-7   -333912.46485951793+33966.61534021898i            3300840.5434292513
0                         2.4795918367346934E-7    -4.091326530612245E-7    -659661.0620939754+67860.0709297996i              4290516.494317901
0                         2.4795918367346934E-7    -3.9094897959183674E-7   -916671.5577479369+129868.74466073609i            5711449.031038624
0                         2.4795918367346934E-7    -3.72765306122449E-7     -1083164.244371655+206776.49574458628i            6678066.318124496
0                         2.4795918367346934E-7    -3.545816326530612E-7    -1310827.6598950557+266522.71653867356i           7875656.351960842
0                         2.4795918367346934E-7    -3.3639795918367346E-7   -1518344.2377064961+321124.2839901459i            9006136.951498259
0                         2.4795918367346934E-7    -3.1821428571428575E-7   -1769117.6345145945+344811.2728632614i            1.0069933061336275E7
0                         2.4795918367346934E-7    -3.0003061224489794E-7   -1865559.2211991881+398314.33101305796i           1.1115701772076111E7
0                         2.4795918367346934E-7    -2.8184693877551024E-7   -1948399.2288726256+446057.32921957894i           1.2416518525615772E7
0                         2.4795918367346934E-7    -2.636632653061224E-7    -1834610.0670930312+585125.0835878785i            1.2836696524478918E7
0                         2.4795918367346934E-7    -2.454795918367347E-7    -1748968.6842815029+687306.4561598889i            1.3336903988051124E7
0                         2.4795918367346934E-7    -2.2729591836734696E-7   -1625219.237268865+777350.9963601637i             1.3695838639134021E7
0                         2.4795918367346934E-7    -2.091122448979592E-7    -1390519.259745731+868231.7722147382i             1.4097215565687837E7
0                         2.4795918367346934E-7    -1.9092857142857144E-7   -1081729.4165209136+957250.7378889068i            1.4249504386979504E7
0                         2.4795918367346934E-7    -1.7274489795918368E-7   -816369.9451562129+996123.1340563565i             1.405426592703998E7
0                         2.4795918367346934E-7    -1.5456122448979592E-7   -565217.8440034669+1002812.1632059516i            1.3638909249992136E7
0                         2.4795918367346934E-7    -1.3637755102040816E-7   -2730906.693655855+784926.3293833022i             1.4378674013691068E7
0                         2.4795918367346934E-7    -1.181938775510204E-7    -2500333.164248224+793296.1427395546i             1.4198814397879325E7
0                         2.4795918367346934E-7    -1.0001020408163265E-7   -2396354.9725020863+756925.1043828689i            1.3963359922931015E7
0                         2.4795918367346934E-7    -8.182653061224489E-8    -2299297.9886738933+742173.9417997546i            1.3971867474319315E7
0                         2.4795918367346934E-7    -6.364285714285713E-8    -2246833.540540342+723403.6654718088i             1.3839716173730236E7
0                         2.4795918367346934E-7    -4.545918367346937E-8    -2387506.12914903+664252.5250240057i              1.370167019006972E7
0                         2.4795918367346934E-7    -2.7275510204081612E-8   -2200456.29293015+649548.7675193489i              1.3618547537789552E7
0                         2.4795918367346934E-7    -9.091836734693906E-9    -2231716.7316825315+651615.0667153279i            1.3606666312960556E7
0                         2.4795918367346934E-7    9.091836734693853E-9     -2261650.6816799063+655270.6482985595i            1.360218718205954E7
0                         2.4795918367346934E-7    2.7275510204081612E-8    -2290258.142922273+660515.5122690429i             1.3605178191971712E7
0                         2.4795918367346934E-7    4.5459183673469424E-8    -2317539.1154096313+667349.6586267813i            1.361579674053776E7
0                         2.4795918367346934E-7    6.364285714285713E-8     -2343493.599141989+675773.0873717703i             1.3634288601931885E7
0                         2.4795918367346934E-7    8.182653061224494E-8     -2343144.8665810935+721936.1066685489i            1.388225230951011E7
0                         2.4795918367346934E-7    1.0001020408163265E-7    -2453129.4847897785+717810.9593407804i            1.4016729950006645E7
0                         2.4795918367346934E-7    1.1819387755102046E-7    -2603640.517681538+735973.9968263317i             1.4255912628487179E7
0                         2.4795918367346934E-7    1.3637755102040816E-7    -2712508.5873444686+765546.5432464986i            1.4472244205350978E7
0                         2.4795918367346934E-7    1.5456122448979587E-7    -184235.05419889465+1121170.9071637695i           1.3663543653887754E7
0                         2.4795918367346934E-7    1.7274489795918368E-7    -626553.4888764787+1072787.0097516077i            1.3939001553597754E7
0                         2.4795918367346934E-7    1.909285714285714E-7     -1022015.6367891049+968097.3721394045i            1.4109688222681671E7
0                         2.4795918367346934E-7    2.091122448979592E-7     -1405098.6266097217+841778.9084666222i            1.4065122581763271E7
0                         2.4795918367346934E-7    2.272959183673469E-7     -1562560.954651257+776464.8638328501i             1.3768834884121709E7
0                         2.4795918367346934E-7    2.454795918367347E-7     -1734842.8827048582+676309.1124858961i            1.3403541135668768E7
0                         2.4795918367346934E-7    2.636632653061224E-7     -1852682.5625969814+584283.3153299053i            1.2725808286627756E7
0                         2.4795918367346934E-7    2.8184693877551024E-7    -1916564.3170139+473693.9330719307i               1.1923187549758205E7
0                         2.4795918367346934E-7    3.0003061224489794E-7    -1942504.1738042831+359900.84025247244i           1.1003061253144162E7
0                         2.4795918367346934E-7    3.1821428571428575E-7    -1715970.074686284+347509.4750340264i             1.0098305291314222E7
0                         2.4795918367346934E-7    3.3639795918367346E-7    -1537315.4065170805+291554.50828385353i           8915662.507945407
0                         2.4795918367346934E-7    3.5458163265306127E-7    -1361258.5610665623+233676.01943132532i           7725567.420917079
0                         2.4795918367346934E-7    3.72765306122449E-7      -1153776.9525097643+191873.26190244284i           6663450.024377102
0                         2.4795918367346934E-7    3.909489795918368E-7     -1002466.2929948226+98096.45875515963i            5520170.341153148
0                         2.4795918367346934E-7    4.091326530612245E-7     -645080.9181474746+82894.30266665109i             4257084.261467019
0                         2.4795918367346934E-7    4.273163265306122E-7     -316070.6398811072+47447.1230854789i              3312350.8921620348
0                         2.4795918367346934E-7    4.455E-7                 10329.645584561542+4587.522714976505i             3010388.286790038
0                         2.644897959183673E-7     -4.455E-7                2940.692024443735-641.8423562946264i              2754826.6700500445
0                         2.644897959183673E-7     -4.2731632653061225E-7   -287492.92220549105+50059.24062646567i            3204289.0117807146
0                         2.644897959183673E-7     -4.091326530612245E-7    -479539.24085835565+131690.82487666886i           4275628.353358059
0                         2.644897959183673E-7     -3.9094897959183674E-7   -668412.7702820672+204076.06088107562i            5687114.397737404
0                         2.644897959183673E-7     -3.72765306122449E-7     -850019.2295062568+273622.1506438958i             6760766.574733239
0                         2.644897959183673E-7     -3.545816326530612E-7    -972397.6908836712+366585.92211383715i            7891981.691657834
0                         2.644897959183673E-7     -3.3639795918367346E-7   -1141184.0189870633+437663.78577960003i           9084437.072141532
0                         2.644897959183673E-7     -3.1821428571428575E-7   -1297742.7953312863+476973.5215463612i            1.0230143271240922E7
0                         2.644897959183673E-7     -3.0003061224489794E-7   -1364291.2512882594+541702.013322715i             1.1317475633569019E7
0                         2.644897959183673E-7     -2.8184693877551024E-7   -1364913.7102764675+622443.2288455373i            1.2401065780508582E7
0                         2.644897959183673E-7     -2.636632653061224E-7    -1308574.8087097923+724369.6188479246i            1.305465692771516E7
0                         2.644897959183673E-7     -2.454795918367347E-7    -1202218.6103994844+835813.6645440611i            1.36343243451642E7
0                         2.644897959183673E-7     -2.2729591836734696E-7   -1081994.3832730795+890335.2483130893i            1.4103441317108689E7
0                         2.644897959183673E-7     -2.091122448979592E-7    -903574.8777250899+961409.0932955942i             1.4504060421629855E7
0                         2.644897959183673E-7     -1.9092857142857144E-7   -616495.9589423732+1045103.8908745011i            1.4735523456349257E7
0                         2.644897959183673E-7     -1.7274489795918368E-7   -331921.9188491936+1092878.993808882i             1.4612858189101843E7
0                         2.644897959183673E-7     -1.5456122448979592E-7   -48768.936316325446+1114198.3578714216i           1.432911327621739E7
0                         2.644897959183673E-7     -1.3637755102040816E-7   260366.79757548025+1111268.5296449065i            1.3950080220317595E7
0                         2.644897959183673E-7     -1.181938775510204E-7    -1998737.886626375+981344.7168035824i             1.4492520864030099E7
0                         2.644897959183673E-7     -1.0001020408163265E-7   -1951071.8575825393+937415.756002354i             1.4282850370698864E7
0                         2.644897959183673E-7     -8.182653061224489E-8    -1762095.9521751003+961902.0508844529i            1.4256530055831762E7
0                         2.644897959183673E-7     -6.364285714285713E-8    -1874715.0567007675+859088.51835477i              1.4062343470493093E7
0                         2.644897959183673E-7     -4.545918367346937E-8    -1960684.6475242374+779502.6698276331i            1.3825700416831417E7
0                         2.644897959183673E-7     -2.7275510204081612E-8   -1869618.0773487124+798104.4231068122i            1.39181015365961E7
0                         2.644897959183673E-7     -9.091836734693906E-9    -1759783.6657988527+799846.251251287i             1.3826732849938914E7
0                         2.644897959183673E-7     9.091836734693853E-9     -1789288.3251239639+803963.960306891i             1.3824867105404109E7
0                         2.644897959183673E-7     2.7275510204081612E-8    -1817466.495694062+809670.9517497484i             1.3830024643879673E7
0                         2.644897959183673E-7     4.5459183673469424E-8    -1844318.1775091528+816967.2255798602i            1.3842347375795044E7
0                         2.644897959183673E-7     6.364285714285713E-8     -1922386.3544737753+829209.0443179794i            1.3575896956068974E7
0                         2.644897959183673E-7     8.182653061224494E-8     -1902164.8099533822+876972.2591022255i            1.409839124929217E7
0                         2.644897959183673E-7     1.0001020408163265E-7    -1894185.1922579166+944758.8197109196i            1.4314719223273871E7
0                         2.644897959183673E-7     1.1819387755102046E-7    -2064511.6698630932+943438.9913863493i            1.4515952877078421E7
0                         2.644897959183673E-7     1.3637755102040816E-7    403384.0386092048+1138706.348315787i              1.3988646763366206E7
0                         2.644897959183673E-7     1.5456122448979587E-7    -87878.05232642824+1114555.926834776i             1.4362344516148327E7
0                         2.644897959183673E-7     1.7274489795918368E-7    -402086.7257699347+1097537.5752413026i            1.4489787919092441E7
0                         2.644897959183673E-7     1.909285714285714E-7     -653528.7103030882+1066953.9768466381i            1.458696034416674E7
0                         2.644897959183673E-7     2.091122448979592E-7     -766202.0192550819+1048973.2523390625i            1.4470889161206024E7
0                         2.644897959183673E-7     2.272959183673469E-7     -940356.9105582358+973532.1337003108i             1.409962456881604E7
0                         2.644897959183673E-7     2.454795918367347E-7     -1121855.8377544153+869401.636758575i             1.3631849120505873E7
0                         2.644897959183673E-7     2.636632653061224E-7     -1265981.1856071437+762687.1944894206i            1.28814956148992E7
0                         2.644897959183673E-7     2.8184693877551024E-7    -1395035.3852043122+637732.4049785384i            1.1982981119031249E7
0                         2.644897959183673E-7     3.0003061224489794E-7    -1334486.0038979864+570316.0705963667i            1.1144302698045267E7
0                         2.644897959183673E-7     3.1821428571428575E-7    -1284273.6099049316+480170.83540653775i           1.0194014522143118E7
0                         2.644897959183673E-7     3.3639795918367346E-7    -1203473.0739272444+381505.0788675932i            9089429.560570553
0                         2.644897959183673E-7     3.5458163265306127E-7    -1062416.0047802888+310915.2406174424i            7837146.676422058
0                         2.644897959183673E-7     3.72765306122449E-7      -890286.6033646838+255926.3656607422i             6715198.331278044
0                         2.644897959183673E-7     3.909489795918368E-7     -724742.724013868+194320.97239069868i             5520742.865640583
0                         2.644897959183673E-7     4.091326530612245E-7     -588903.7877268215+105392.65569008369i            4263014.895118375
0                         2.644897959183673E-7     4.273163265306122E-7     -294617.24347528093+56723.459417853854i           3197511.2072695857
0                         2.644897959183673E-7     4.455E-7                 -2940.6920244393887+641.842356293822i             2835888.7770842053
0                         2.810204081632653E-7     -4.455E-7                16211.029633443643+3303.8380023881036i            2548514.033344644
0                         2.810204081632653E-7     -4.2731632653061225E-7   -128696.81900386655+93085.9084477516i             3085232.47579525
0                         2.810204081632653E-7     -4.091326530612245E-7    -269493.72829512856+193013.10595085646i           4197058.079512863
0                         2.810204081632653E-7     -3.9094897959183674E-7   -420153.9828161976+278283.3771014147i             5612194.366440176
0                         2.810204081632653E-7     -3.72765306122449E-7     -563330.4922058615+360843.7263452917i             6715021.696323371
0                         2.810204081632653E-7     -3.545816326530612E-7    -633967.7218722859+466649.1276890008i             7854813.645243999
0                         2.810204081632653E-7     -3.3639795918367346E-7   -787726.725334428+520469.57563602726i             9111829.80518555
0                         2.810204081632653E-7     -3.1821428571428575E-7   -826367.9561479763+609135.7702294609i             1.0326195150107577E7
0                         2.810204081632653E-7     -3.0003061224489794E-7   -863023.2813773318+685089.695632372i              1.1455899859826636E7
0                         2.810204081632653E-7     -2.8184693877551024E-7   -842333.8316904362+773031.680602479i              1.2423410284266584E7
0                         2.810204081632653E-7     -2.636632653061224E-7    -782539.550326555+863614.1541079707i              1.3204179952561358E7
0                         2.810204081632653E-7     -2.454795918367347E-7    -708730.6643657004+923767.4004629562i             1.3819699503499681E7
0                         2.810204081632653E-7     -2.2729591836734696E-7   -538769.5292772874+1003319.5002660177i            1.4430483574448697E7
0                         2.810204081632653E-7     -2.091122448979592E-7    -370786.75169495936+1064296.6000818103i           1.4866164961576603E7
0                         2.810204081632653E-7     -1.9092857142857144E-7   -143294.04209033813+1135200.3923970934i           1.5120639221383344E7
0                         2.810204081632653E-7     -1.7274489795918368E-7   160828.2561673232+1192097.0256543763i             1.5067344207468687E7
0                         2.810204081632653E-7     -1.5456122448979592E-7   477766.04164917534+1225568.0667505183i            1.4899384993571293E7
0                         2.810204081632653E-7     -1.3637755102040816E-7   827985.0165195944+1235946.3152056653i             1.4621418025489127E7
0                         2.810204081632653E-7     -1.181938775510204E-7    1202264.6798536924+1217037.4834795226i            1.417983021268279E7
0                         2.810204081632653E-7     -1.0001020408163265E-7   -1340223.3959883992+1144107.0081308451i           1.4540055726890227E7
0                         2.810204081632653E-7     -8.182653061224489E-8    -1412242.7750323275+1058183.0723780438i           1.4402373451692747E7
0                         2.810204081632653E-7     -6.364285714285713E-8    -1456378.763803034+973200.0170547259i             1.4220747526080688E7
0                         2.810204081632653E-7     -4.545918367346937E-8    -1363421.8609755319+958481.5682195931i            1.4135319752002144E7
0                         2.810204081632653E-7     -2.7275510204081612E-8   -1434037.6075132927+929546.228605194i             1.4094712404714392E7
0                         2.810204081632653E-7     -9.091836734693906E-9    -1434153.0709697772+937276.6551360178i            1.4053041088682195E7
0                         2.810204081632653E-7     9.091836734693853E-9     -1316925.9685680186+952657.2723152235i            1.4034650384383481E7
0                         2.810204081632653E-7     2.7275510204081612E-8    -1344674.8484658482+958826.3912304551i            1.4042145496149067E7
0                         2.810204081632653E-7     4.5459183673469424E-8    -1371097.2396086734+966584.7925329395i            1.40564079357657E7
0                         2.810204081632653E-7     6.364285714285713E-8     -1396103.8677196144+988025.648858518i             1.3902891606868448E7
0                         2.810204081632653E-7     8.182653061224494E-8     -1477475.4138367046+1025953.3510550177i           1.431282808834737E7
0                         2.810204081632653E-7     1.0001020408163265E-7    -1488493.074293659+1086005.285497198i             1.4544229137985485E7
0                         2.810204081632653E-7     1.1819387755102046E-7    1075366.0922656395+1134938.5995968245i            1.420765052143791E7
0                         2.810204081632653E-7     1.3637755102040816E-7    473496.1624281546+1118769.6036495215i             1.4680638134883873E7
0                         2.810204081632653E-7     1.5456122448979587E-7    416592.10605900176+1212893.1112280125i            1.4928154029954525E7
0                         2.810204081632653E-7     1.7274489795918368E-7    229267.72694391012+1212392.9323481894i            1.5168878186745094E7
0                         2.810204081632653E-7     1.909285714285714E-7     -299959.27353084413+1101881.6280254188i           1.5046047525030417E7
0                         2.810204081632653E-7     2.091122448979592E-7     -487769.71970367385+1059318.2163779838i           1.4716518125810178E7
0                         2.810204081632653E-7     2.272959183673469E-7     -567100.8094656691+1017929.0745951282i            1.4315662491085364E7
0                         2.810204081632653E-7     2.454795918367347E-7     -659033.9004772888+959015.0114231484i             1.3818481425401367E7
0                         2.810204081632653E-7     2.636632653061224E-7     -751055.8450158965+883266.964795539i              1.3035508182098208E7
0                         2.810204081632653E-7     2.8184693877551024E-7    -837681.291047535+790400.3800861731i              1.211418344331821E7
0                         2.810204081632653E-7     3.0003061224489794E-7    -867396.3275971434+716364.2883808983i             1.1231525072360044E7
0                         2.810204081632653E-7     3.1821428571428575E-7    -852577.1451235804+612832.1957790493i             1.0234456299704524E7
0                         2.810204081632653E-7     3.3639795918367346E-7    -823951.6512107814+502884.4616839201i             9117790.247737156
0                         2.810204081632653E-7     3.5458163265306127E-7    -763573.4484940162+388154.4618035592i             7898513.941634591
0                         2.810204081632653E-7     3.72765306122449E-7      -626796.2542196033+319979.4694190416i             6710098.30424154
0                         2.810204081632653E-7     3.909489795918368E-7     -497120.95888473606+238654.12700094923i           5439211.434292008
0                         2.810204081632653E-7     4.091326530612245E-7     -387775.8228207914+140587.03900325455i            4153044.8414620627
0                         2.810204081632653E-7     4.273163265306122E-7     -277794.7791839833+35752.97105327889i             3058069.833709197
0                         2.810204081632653E-7     4.455E-7                 -16211.02963344031-3303.8380023888576i            2623217.809861393
0                         2.975510204081632E-7     -4.455E-7                44652.136716637724+22831.703572770453i            2461931.355245407
0                         2.975510204081632E-7     -4.2731632653061225E-7   23087.73665623041+161813.7976291508i              2922166.1962449965
0                         2.975510204081632E-7     -4.091326530612245E-7    -59448.21573190577+254335.38702504348i            4065606.688486152
0                         2.975510204081632E-7     -3.9094897959183674E-7   -171895.19535032858+352490.6933217533i            5493678.0454240795
0                         2.975510204081632E-7     -3.72765306122449E-7     -276641.7549054683+448065.30204668734i            6629502.927288022
0                         2.975510204081632E-7     -3.545816326530612E-7    -295537.75286090234+566712.3332641638i            7770985.155353872
0                         2.975510204081632E-7     -3.3639795918367346E-7   -346245.01687873923+641406.3906925688i            9101717.318581674
0                         2.975510204081632E-7     -3.1821428571428575E-7   -354993.1169646699+741298.0189125602i             1.0359191046846803E7
0                         2.975510204081632E-7     -3.0003061224489794E-7   -361755.3114664054+828477.3779420286i             1.1531701134575618E7
0                         2.975510204081632E-7     -2.8184693877551024E-7   -319753.95310440613+923620.1323594202i            1.2376586331450846E7
0                         2.975510204081632E-7     -2.636632653061224E-7    -288617.75708060263+1000400.9453483182i           1.3441122195693702E7
0                         2.975510204081632E-7     -2.454795918367347E-7    -180765.91720649973+1031115.2447446946i           1.3996703490518747E7
0                         2.975510204081632E-7     -2.2729591836734696E-7   -65522.41423767037+1112609.8877846657i            1.463243664879425E7
0                         2.975510204081632E-7     -2.091122448979592E-7    48138.291843598476+1150036.0517386654i            1.5085929226173881E7
0                         2.975510204081632E-7     -1.9092857142857144E-7   253563.06044799616+1195399.2508662553i            1.5387405325581327E7
0                         2.975510204081632E-7     -1.7274489795918368E-7   473526.1171157436+1229640.2865998752i             1.5507325616959771E7
0                         2.975510204081632E-7     -1.5456122448979592E-7   826244.4275896403+1253718.969276317i              1.541940183573077E7
0                         2.975510204081632E-7     -1.3637755102040816E-7   893341.3603449664+1184262.4373074663i             1.5266553565327726E7
0                         2.975510204081632E-7     -1.181938775510204E-7    938051.3971741331+1091145.1600829724i             1.4946418147441963E7
0                         2.975510204081632E-7     -1.0001020408163265E-7   825691.3276415842+936197.956506102i               1.444797149458961E7
0                         2.975510204081632E-7     -8.182653061224489E-8    -1043598.8734342703+1160163.2387089592i           1.4525116634112628E7
0                         2.975510204081632E-7     -6.364285714285713E-8    -1039859.7080013683+1088158.074732931i            1.4282489199309528E7
0                         2.975510204081632E-7     -4.545918367346937E-8    -938612.7981380787+1086860.9916240175i            1.4286114246678075E7
0                         2.975510204081632E-7     -2.7275510204081612E-8   -1013542.7451043245+1056453.4960206526i           1.4265016099540357E7
0                         2.975510204081632E-7     -9.091836734693906E-9    -966271.6613799911+1067546.247737317i             1.4102538893278142E7
0                         2.975510204081632E-7     9.091836734693853E-9     -1032279.4527087361+1059601.1671450753i           1.4271945668988496E7
0                         2.975510204081632E-7     2.7275510204081612E-8    -871883.2012376422+1107981.8307111596i            1.4240478453841643E7
0                         2.975510204081632E-7     4.5459183673469424E-8    -950038.0309009147+1119409.220984133i             1.3938620047640687E7
0                         2.975510204081632E-7     6.364285714285713E-8     -969285.1679008248+1136358.6670016327i            1.4060052536144137E7
0                         2.975510204081632E-7     8.182653061224494E-8     -1067911.3431728017+1169318.5444894475i           1.4523618051088037E7
0                         2.975510204081632E-7     1.0001020408163265E-7    820644.7567070704+954927.0575437534i              1.4488081394050201E7
0                         2.975510204081632E-7     1.1819387755102046E-7    820592.0936984064+1057482.317363154i              1.4960448253347449E7
0                         2.975510204081632E-7     1.3637755102040816E-7    631878.2451160094+1117500.590710746i              1.54290635487082E7
0                         2.975510204081632E-7     1.5456122448979587E-7    626335.8616335187+1210951.8185082483i             1.559758730678172E7
0                         2.975510204081632E-7     1.7274489795918368E-7    315552.3714088183+1179171.8480200116i             1.5645428428602697E7
0                         2.975510204081632E-7     1.909285714285714E-7     232094.00603960874+1187982.9684909245i            1.5388158498269288E7
0                         2.975510204081632E-7     2.091122448979592E-7     86478.36017843569+1152101.7291033687i             1.5011747289854044E7
0                         2.975510204081632E-7     2.272959183673469E-7     -76179.9036328001+1092515.1847478491i             1.4486195636189755E7
0                         2.975510204081632E-7     2.454795918367347E-7     -144166.9661663738+1055043.911665026i             1.3956428605651619E7
0                         2.975510204081632E-7     2.636632653061224E-7     -252782.51405893546+974995.7492755414i            1.3117512286577417E7
0                         2.975510204081632E-7     2.8184693877551024E-7    -346302.26851738285+882426.4656413853i            1.2159535447112786E7
0                         2.975510204081632E-7     3.0003061224489794E-7    -394957.0373979055+792510.1511960898i             1.1246507244513283E7
0                         2.975510204081632E-7     3.1821428571428575E-7    -420880.6803422305+745493.55615156i               1.022187877832227E7
0                         2.975510204081632E-7     3.3639795918367346E-7    -427648.3979489178+622158.9646444119i             9056236.967078423
0                         2.975510204081632E-7     3.5458163265306127E-7    -464730.8922077435+465393.68298967683i            7913488.594626379
0                         2.975510204081632E-7     3.72765306122449E-7      -363305.90507452295+384032.57317734096i           6652280.037888942
0                         2.975510204081632E-7     3.909489795918368E-7     -304585.37593466195+268985.5895278602i            5310399.204667098
0                         2.975510204081632E-7     4.091326530612245E-7     -236596.56566281713+155439.4512826876i            3978035.482700249
0                         2.975510204081632E-7     4.273163265306122E-7     -83818.59212727752+103112.3597088943i             2796810.283403788
0                         2.975510204081632E-7     4.455E-7                 -44652.13671663566-22831.70357277288i             2361309.926366793
0                         3.140816326530612E-7     -4.455E-7                42941.561161178644+23328.146658039746i            2336695.6155035384
0                         3.140816326530612E-7     -4.2731632653061225E-7   -20457.07729888428+125612.46148086042i            2803035.8367474
0                         3.140816326530612E-7     -4.091326530612245E-7    -131322.1119810734+214107.2052853513i             3594322.8710030895
0                         3.140816326530612E-7     -3.9094897959183674E-7   -431455.6413184678+249991.4577713194i             5403911.378716564
0                         3.140816326530612E-7     -3.72765306122449E-7     -360598.7958117996+380070.02170106943i            6562718.919874786
0                         3.140816326530612E-7     -3.545816326530612E-7    -241268.09612852987+525534.8508905387i            7694467.020091986
0                         3.140816326530612E-7     -3.3639795918367346E-7   -226889.15042947605+620981.052356952i             9039230.49569243
0                         3.140816326530612E-7     -3.1821428571428575E-7   -219671.7659325318+704770.696426277i              1.0311114210099293E7
0                         3.140816326530612E-7     -3.0003061224489794E-7   139512.65844452335+971865.0602516858i             1.154745801714288E7
0                         3.140816326530612E-7     -2.8184693877551024E-7   -234505.6049315259+850516.7871765406i             1.2501627989994777E7
0                         3.140816326530612E-7     -2.636632653061224E-7    -187521.62232081057+934042.2552222685i            1.36954929825987E7
0                         3.140816326530612E-7     -2.454795918367347E-7    90640.87476674095+1075043.0443041949i             1.4045571967812855E7
0                         3.140816326530612E-7     -2.2729591836734696E-7   237157.83623458492+1144247.7212901313i            1.471545883301287E7
0                         3.140816326530612E-7     -2.091122448979592E-7    372383.8164411434+1190596.5088887447i             1.5215701085473565E7
0                         3.140816326530612E-7     -1.9092857142857144E-7   536223.4997116224+1226222.0725711458i             1.5557214171618333E7
0                         3.140816326530612E-7     -1.7274489795918368E-7   770565.870525646+1262098.625517177i               1.5880974529523939E7
0                         3.140816326530612E-7     -1.5456122448979592E-7   799417.462604247+1212893.5064576524i              1.599090968241696E7
0                         3.140816326530612E-7     -1.3637755102040816E-7   923247.9996206342+1159318.2904458446i             1.5843018088142188E7
0                         3.140816326530612E-7     -1.181938775510204E-7    983489.5003856854+1075791.4633754229i             1.560177631263771E7
0                         3.140816326530612E-7     -1.0001020408163265E-7   886012.3353532959+930041.997713799i               1.5185614302998455E7
0                         3.140816326530612E-7     -8.182653061224489E-8    719115.7647660002+733842.1645770501i              1.4639913722203435E7
0                         3.140816326530612E-7     -6.364285714285713E-8    -599892.828348926+1210239.7175840498i             1.4317853889888808E7
0                         3.140816326530612E-7     -4.545918367346937E-8    -528190.4559383627+1210909.3096408094i            1.4430049989470355E7
0                         3.140816326530612E-7     -2.7275510204081612E-8   -491194.71821081184+1223917.977842862i            1.4290996235822616E7
0                         3.140816326530612E-7     -9.091836734693906E-9    -477227.9915532768+1216073.2261917589i            1.4245070191783067E7
0                         3.140816326530612E-7     9.091836734693853E-9     -477538.4294098113+1213097.0945099844i            1.4274960989397682E7
0                         3.140816326530612E-7     2.7275510204081612E-8    -675054.8481511977+1170685.1269295425i            1.4496785288296059E7
0                         3.140816326530612E-7     4.5459183673469424E-8    -469359.17871682975+1197076.8697756012i           1.4107640300867585E7
0                         3.140816326530612E-7     6.364285714285713E-8     -557095.0710961614+1279332.7916057156i            1.4209830714550056E7
0                         3.140816326530612E-7     8.182653061224494E-8     1036652.963657218+846949.158824669i               1.469837879473478E7
0                         3.140816326530612E-7     1.0001020408163265E-7    1023495.333124199+973105.3430755544i              1.5215876730676277E7
0                         3.140816326530612E-7     1.1819387755102046E-7    986476.6866815354+1062608.1267526743i             1.5642024539746506E7
0                         3.140816326530612E-7     1.3637755102040816E-7    1028704.2724906206+1202364.1958265705i            1.5855749916385418E7
0                         3.140816326530612E-7     1.5456122448979587E-7    689485.413791656+1147255.5754729526i              1.6225362056242462E7
0                         3.140816326530612E-7     1.7274489795918368E-7    483939.51604447747+1126871.479603005i             1.6059176318507658E7
0                         3.140816326530612E-7     1.909285714285714E-7     481072.8755069906+1181267.0295400782i             1.5639422510499615E7
0                         3.140816326530612E-7     2.091122448979592E-7     436994.4871390406+1181117.9526955453i             1.5186539587763157E7
0                         3.140816326530612E-7     2.272959183673469E-7     254658.3238915191+1114674.7928287904i             1.4610245283468775E7
0                         3.140816326530612E-7     2.454795918367347E-7     214895.69615144422+1090648.6977024975i            1.3985053708616432E7
0                         3.140816326530612E-7     2.636632653061224E-7     135441.1622122922+1023347.9153735355i             1.3116929009325963E7
0                         3.140816326530612E-7     2.8184693877551024E-7    145076.7540127809+974452.5511965993i              1.2120456954495816E7
0                         3.140816326530612E-7     3.0003061224489794E-7    79933.36328528123+883264.147271861i               1.1180875409042275E7
0                         3.140816326530612E-7     3.1821428571428575E-7    15474.428215551656+781377.254107631i              1.0116558008147506E7
0                         3.140816326530612E-7     3.3639795918367346E-7    -31345.144687055086+741433.4676049033i            8944104.024507053
0                         3.140816326530612E-7     3.5458163265306127E-7    -59699.76237399623+598296.377192454i              7616852.732108725
0                         3.140816326530612E-7     3.72765306122449E-7      -138046.3698914734+421575.26059513853i            6546248.344546477
0                         3.140816326530612E-7     3.909489795918368E-7     -112049.79298458525+299317.05205477105i           5111912.507290628
0                         3.140816326530612E-7     4.091326530612245E-7     -35224.83275764296+249915.76757120335i            3753790.534628232
0                         3.140816326530612E-7     4.273163265306122E-7     -35004.57265706861+117574.96280859833i            2675182.8243710073
0                         3.140816326530612E-7     4.455E-7                 -42941.56116117749-23328.14665804253i             2229633.0004703226
0                         3.306122448979591E-7     -4.455E-7                -9364.593253624156-332.931515710779i              2183035.5817239247
0                         3.306122448979591E-7     -4.2731632653061225E-7   -5682.8544926153845+114553.84136245528i           2672388.0321060685
0                         3.306122448979591E-7     -4.091326530612245E-7    -58180.04054365656+203796.90593330623i            3543513.2316423664
0                         3.306122448979591E-7     -3.9094897959183674E-7   5077.088596140267+331315.6647607137i              4873799.705638115
0                         3.306122448979591E-7     -3.72765306122449E-7     -260218.3415338894+338904.05874204054i            6629210.343155473
0                         3.306122448979591E-7     -3.545816326530612E-7    -119116.18859390775+477021.3611222283i            7754807.181106286
0                         3.306122448979591E-7     -3.3639795918367346E-7   -93078.71294290153+564851.9839693889i             9104454.973680796
0                         3.306122448979591E-7     -3.1821428571428575E-7   -74202.79849400476+641026.0494194613i             1.0381443386598904E7
0                         3.306122448979591E-7     -3.0003061224489794E-7   22514.828119825295+772182.3732215986i             1.1349711212701343E7
0                         3.306122448979591E-7     -2.8184693877551024E-7   410803.24545538984+976923.9362175752i             1.231169451560713E7
0                         3.306122448979591E-7     -2.636632653061224E-7    251389.89984237903+969877.270872862i              1.2877460946266169E7
0                         3.306122448979591E-7     -2.454795918367347E-7    351488.2215828132+1051921.1251548026i             1.3988485570688067E7
0                         3.306122448979591E-7     -2.2729591836734696E-7   480043.729000051+1120307.6227390768i              1.4676274264095351E7
0                         3.306122448979591E-7     -2.091122448979592E-7    603861.3336526641+1174654.524185058i              1.5199619181705875E7
0                         3.306122448979591E-7     -1.9092857142857144E-7   746603.4526960622+1222249.3597209547i             1.562454370877569E7
0                         3.306122448979591E-7     -1.7274489795918368E-7   794246.8145896895+1213420.3714971847i             1.5946376310666818E7
0                         3.306122448979591E-7     -1.5456122448979592E-7   821865.0701070139+1187159.1252867635i             1.6118728324771414E7
0                         3.306122448979591E-7     -1.3637755102040816E-7   864199.4484338758+1093699.5214894149i             1.615590317240875E7
0                         3.306122448979591E-7     -1.181938775510204E-7    963672.8132242771+1051414.5067390369i             1.6016105967377601E7
0                         3.306122448979591E-7     -1.0001020408163265E-7   1064948.7824263144+943546.2864882434i             1.5783760580586897E7
0                         3.306122448979591E-7     -8.182653061224489E-8    1244170.6723394431+909446.9587143224i             1.554374206125901E7
0                         3.306122448979591E-7     -6.364285714285713E-8    892695.6661720166+800472.4868872334i              1.5167780288942926E7
0                         3.306122448979591E-7     -4.545918367346937E-8    427640.11728842335+494598.6144261183i             1.4567630746386806E7
0                         3.306122448979591E-7     -2.7275510204081612E-8   -32108.64732686896+1363572.1970031275i            1.4435924230278138E7
0                         3.306122448979591E-7     -9.091836734693906E-9    -4398.3488040827215+1359716.2394140367i           1.4378273663521556E7
0                         3.306122448979591E-7     9.091836734693853E-9     23196.653228217736+1365142.0581922224i            1.4389126330134286E7
0                         3.306122448979591E-7     2.7275510204081612E-8    -25555.573054049164+1343964.1772826368i           1.4441421392530452E7
0                         3.306122448979591E-7     4.5459183673469424E-8    473908.5143181917+516208.9256706732i              1.456488411300236E7
0                         3.306122448979591E-7     6.364285714285713E-8     481711.78517071425+531317.7759315874i             1.503668982533372E7
0                         3.306122448979591E-7     8.182653061224494E-8     962052.3330724721+754686.1283815702i              1.5954815908047928E7
0                         3.306122448979591E-7     1.0001020408163265E-7    812612.603179287+842951.2876270183i               1.5888522206792658E7
0                         3.306122448979591E-7     1.1819387755102046E-7    1017690.1318925893+1004722.3013958111i            1.607650977541521E7
0                         3.306122448979591E-7     1.3637755102040816E-7    1256045.5085341705+1224774.6381872552i            1.6189542342411786E7
0                         3.306122448979591E-7     1.5456122448979587E-7    1329585.470360119+1306475.370512671i              1.6078745982632762E7
0                         3.306122448979591E-7     1.7274489795918368E-7    1380844.1372748688+1367734.1617698427i            1.5820618198352667E7
0                         3.306122448979591E-7     1.909285714285714E-7     896385.4348016623+1235790.7008317318i             1.5551230880407795E7
0                         3.306122448979591E-7     2.091122448979592E-7     695687.7367180493+1183098.74083886i               1.5241896104407908E7
0                         3.306122448979591E-7     2.272959183673469E-7     589070.1114636508+1136710.7022794932i             1.4565156703024903E7
0                         3.306122448979591E-7     2.454795918367347E-7     373335.9657765497+1044069.6699635369i             1.3798635605489861E7
0                         3.306122448979591E-7     2.636632653061224E-7     323173.9032471195+1001615.3522377843i             1.2977246770010835E7
0                         3.306122448979591E-7     2.8184693877551024E-7    322122.5069277119+963357.327569216i               1.20959282975429E7
0                         3.306122448979591E-7     3.0003061224489794E-7    258263.9699083669+878628.7357514829i              1.1129882774343653E7
0                         3.306122448979591E-7     3.1821428571428575E-7    183224.04018063145+776943.5859309253i             1.0042496330966907E7
0                         3.306122448979591E-7     3.3639795918367346E-7    97002.7177444906+658301.878107537i                8837536.874478674
0                         3.306122448979591E-7     3.5458163265306127E-7    52438.30781397452+538283.4096368594i              7847826.775811093
0                         3.306122448979591E-7     3.72765306122449E-7      129987.2524416247+548250.2046389363i              6374388.8807815695
0                         3.306122448979591E-7     3.909489795918368E-7     118199.3218812962+362007.2699323951i              4978748.644901866
0                         3.306122448979591E-7     4.091326530612245E-7     86887.3188043448+245269.0862540264i               3665140.0537271462
0                         3.306122448979591E-7     4.273163265306122E-7     50609.075928455786+124710.97344846476i            2570171.6010583066
0                         3.306122448979591E-7     4.455E-7                 9364.593253624826+332.93151570805594i             2111754.3792497464
0                         3.471428571428571E-7     -4.455E-7                -10619.93589111432-2178.274279404629i             2094558.9293552558
0                         3.471428571428571E-7     -4.2731632653061225E-7   9091.368313654471+103495.22124405036i             2589928.4886938706
0                         3.471428571428571E-7     -4.091326530612245E-7    14962.030893760733+193486.60658126156i            3503970.791153692
0                         3.471428571428571E-7     -3.9094897959183674E-7   93235.536664788+310886.90712199855i               4792064.180567402
0                         3.471428571428571E-7     -3.72765306122449E-7     168442.250363927+424469.96818018955i              6133738.372719776
0                         3.471428571428571E-7     -3.545816326530612E-7    -65745.30806365088+403514.3027948799i             7790977.760864152
0                         3.471428571428571E-7     -3.3639795918367346E-7   40731.724543672986+508722.9155818254i             9114816.13026263
0                         3.471428571428571E-7     -3.1821428571428575E-7   219688.1158331329+673387.0498086386i              1.0033409243164664E7
0                         3.471428571428571E-7     -3.0003061224489794E-7   260278.1911208133+744837.5253178511i              1.1075833370779034E7
0                         3.471428571428571E-7     -2.8184693877551024E-7   490164.5859459839+882799.4826215609i              1.2101687151520286E7
0                         3.471428571428571E-7     -2.636632653061224E-7    424284.23661832453+912937.7232529742i             1.2791116361828357E7
0                         3.471428571428571E-7     -2.454795918367347E-7    607824.8762471811+997868.373827301i               1.3709739913478741E7
0                         3.471428571428571E-7     -2.2729591836734696E-7   745184.5394489617+1063919.7018938982i             1.4545146391154367E7
0                         3.471428571428571E-7     -2.091122448979592E-7    872183.1473529753+1113131.4862029904i             1.508965338238607E7
0                         3.471428571428571E-7     -1.9092857142857144E-7   980356.1906795376+1142238.4320991857i             1.5565350332062805E7
0                         3.471428571428571E-7     -1.7274489795918368E-7   1029595.4185058018+1129644.150847034i             1.5914021161069721E7
0                         3.471428571428571E-7     -1.5456122448979592E-7   1058809.539955751+1099617.6116082328i             1.6113231554153003E7
0                         3.471428571428571E-7     -1.3637755102040816E-7   1102958.8799345507+1083932.0614690084i            1.626639543099703E7
0                         3.471428571428571E-7     -1.181938775510204E-7    1127615.2943609785+1001095.4112057966i            1.6328542035477882E7
0                         3.471428571428571E-7     -1.0001020408163265E-7   1154743.1025406178+953290.1626609876i             1.6244887981767923E7
0                         3.471428571428571E-7     -8.182653061224489E-8    1056719.2574935998+836268.472050375i              1.6053523716988707E7
0                         3.471428571428571E-7     -6.364285714285713E-8    778426.4181133403+625146.7087201097i              1.5740102318455417E7
0                         3.471428571428571E-7     -4.545918367346937E-8    707890.8689599151+572481.5147351415i              1.5632768800152455E7
0                         3.471428571428571E-7     -2.7275510204081612E-8   565597.3284387719+488424.5981534482i              1.5273648663042976E7
0                         3.471428571428571E-7     -9.091836734693906E-9    421229.9892080901+421916.7987663776i              1.5085572464261629E7
0                         3.471428571428571E-7     9.091836734693853E-9     427452.26753324363+422231.8708305645i             1.5066942509450685E7
0                         3.471428571428571E-7     2.7275510204081612E-8    565854.0397842173+489306.8580067423i              1.525018709706453E7
0                         3.471428571428571E-7     4.5459183673469424E-8    599500.7192151085+516489.5395489814i              1.5503776287852991E7
0                         3.471428571428571E-7     6.364285714285713E-8     760887.356243018+638770.6680088674i               1.5699958965097817E7
0                         3.471428571428571E-7     8.182653061224494E-8     902637.8628141924+748341.2938546516i              1.580697793726097E7
0                         3.471428571428571E-7     1.0001020408163265E-7    1403565.2103943224+971533.1012429062i             1.672459050991484E7
0                         3.471428571428571E-7     1.1819387755102046E-7    1605028.9352255706+1090297.752605578i             1.678399023175747E7
0                         3.471428571428571E-7     1.3637755102040816E-7    1152719.283187775+1056417.2831830452i             1.6284471970156034E7
0                         3.471428571428571E-7     1.5456122448979587E-7    1238406.5038511266+1168198.3664862474i            1.6153251641652677E7
0                         3.471428571428571E-7     1.7274489795918368E-7    1267643.4204443162+1222698.4809083391i            1.5855521737932809E7
0                         3.471428571428571E-7     1.909285714285714E-7     1140423.771544503+1191475.2287633254i             1.5411519284402184E7
0                         3.471428571428571E-7     2.091122448979592E-7     1070781.2979546168+1186801.7047553344i            1.50267591386838E7
0                         3.471428571428571E-7     2.272959183673469E-7     785579.6760629565+1118016.372599584i              1.4368141790462218E7
0                         3.471428571428571E-7     2.454795918367347E-7     647971.3741352651+1044514.4287158058i             1.362379198870022E7
0                         3.471428571428571E-7     2.636632653061224E-7     490690.8710486632+952245.2832260957i              1.2763417703961603E7
0                         3.471428571428571E-7     2.8184693877551024E-7    424059.17629069043+877885.8929144018i             1.1910075467961239E7
0                         3.471428571428571E-7     3.0003061224489794E-7    348927.6209365935+794819.502449092i               1.0953147476815522E7
0                         3.471428571428571E-7     3.1821428571428575E-7    273447.376332785+704579.0961267073i               9881417.617879327
0                         3.471428571428571E-7     3.3639795918367346E-7    202805.24602347612+603969.5573822609i             8677128.322127532
0                         3.471428571428571E-7     3.5458163265306127E-7    39692.424656948075+465792.7799859197i             7560282.314562058
0                         3.471428571428571E-7     3.72765306122449E-7      141060.94469388452+411282.8857530621i             6350371.070318472
0                         3.471428571428571E-7     3.909489795918368E-7     167879.9162685027+334090.61487286375i             4895104.625782568
0                         3.471428571428571E-7     4.091326530612245E-7     120426.16260831397+227273.09713557037i            3599122.4703183956
0                         3.471428571428571E-7     4.273163265306122E-7     68006.16914918472+116635.6502710837i              2516652.2347505004
0                         3.471428571428571E-7     4.455E-7                 10619.935891114572+2178.2742794019236i            2062318.8178945624
0                         3.6367346938775507E-7    -4.455E-7                -11875.278528604473-4023.6170430984716i           2082849.220465045
0                         3.6367346938775507E-7    -4.2731632653061225E-7   -8252.57214296775+72077.2254926021i               2456142.8379860683
0                         3.6367346938775507E-7    -4.091326530612245E-7    88104.10233117818+183176.30722921633i             3479337.1082933443
0                         3.6367346938775507E-7    -3.9094897959183674E-7   181393.98473343597+290458.1494832842i             4714955.017504604
0                         3.6367346938775507E-7    -3.72765306122449E-7     271617.0750638056+393922.7522548053i              6007341.530086843
0                         3.6367346938775507E-7    -3.545816326530612E-7    358773.3733222863+493570.11554378056i             7305250.191121081
0                         3.6367346938775507E-7    -3.3639795918367346E-7   392226.1590377731+579498.0832430238i              8568322.339749986
0                         3.6367346938775507E-7    -3.1821428571428575E-7   445470.0540794951+653141.6425710763i              9698856.731660575
0                         3.6367346938775507E-7    -3.0003061224489794E-7   616042.2157860813+755809.3492650063i              1.0772087751793278E7
0                         3.6367346938775507E-7    -2.8184693877551024E-7   532717.7169611766+768259.0548492307i              1.1597963788812637E7
0                         3.6367346938775507E-7    -2.636632653061224E-7    655769.329834101+858481.8869543954i               1.2592577041265402E7
0                         3.6367346938775507E-7    -2.454795918367347E-7    775871.4795842783+923505.7451177735i              1.345789035601429E7
0                         3.6367346938775507E-7    -2.2729591836734696E-7   969559.3666025493+1000521.8558316196i             1.4249443462774638E7
0                         3.6367346938775507E-7    -2.091122448979592E-7    1143248.7285278034+1061154.8207712949i            1.4827611768612973E7
0                         3.6367346938775507E-7    -1.9092857142857144E-7   1214108.9286630088+1062227.5044774138i            1.535225989977573E7
0                         3.6367346938775507E-7    -1.7274489795918368E-7   1264944.0224219114+1045867.930196885i             1.5727477153135326E7
0                         3.6367346938775507E-7    -1.5456122448979592E-7   1306272.991026842+1019410.3775874682i             1.5980582441688217E7
0                         3.6367346938775507E-7    -1.3637755102040816E-7   1358326.4358469378+1017400.8233523255i            1.6176813152165288E7
0                         3.6367346938775507E-7    -1.181938775510204E-7    1291557.7754976766+950776.3156725563i             1.6441275816439223E7
0                         3.6367346938775507E-7    -1.0001020408163265E-7   1261298.2682747722+872908.9849655743i             1.6396641460698128E7
0                         3.6367346938775507E-7    -8.182653061224489E-8    1088012.2493343563+750390.1148023087i             1.6339439716140818E7
0                         3.6367346938775507E-7    -6.364285714285713E-8    983679.4865573073+679029.6122326785i              1.613420817486525E7
0                         3.6367346938775507E-7    -4.545918367346937E-8    921567.7645407476+630544.1439118609i              1.6051031601124734E7
0                         3.6367346938775507E-7    -2.7275510204081612E-8   801417.1855514063+553324.8581916656i              1.590047550314682E7
0                         3.6367346938775507E-7    -9.091836734693906E-9    702511.181490643+489455.4626163384i               1.5768344944669934E7
0                         3.6367346938775507E-7    9.091836734693853E-9     667635.0951095298+471595.46607295517i             1.5722240748999773E7
0                         3.6367346938775507E-7    2.7275510204081612E-8    800334.3456391981+548314.1628613451i              1.5869544511622481E7
0                         3.6367346938775507E-7    4.5459183673469424E-8    891730.956608817+630341.627535582i                1.595470085911959E7
0                         3.6367346938775507E-7    6.364285714285713E-8     1040062.9273153192+746223.5600861472i             1.6117623068924494E7
0                         3.6367346938775507E-7    8.182653061224494E-8     1168758.7675650902+849394.9900226102i             1.619061629058891E7
0                         3.6367346938775507E-7    1.0001020408163265E-7    1221662.1772326482+938842.4249265216i             1.6150179071288632E7
0                         3.6367346938775507E-7    1.1819387755102046E-7    1317064.163165676+998021.9073751725i              1.6515856434799558E7
0                         3.6367346938775507E-7    1.3637755102040816E-7    1270734.6531545327+1008863.7684565331i            1.6364686909697793E7
0                         3.6367346938775507E-7    1.5456122448979587E-7    1244894.2660321083+1033833.5473107146i            1.6100508138457013E7
0                         3.6367346938775507E-7    1.7274489795918368E-7    1163654.4883120866+1040883.1939604236i            1.5721421315084722E7
0                         3.6367346938775507E-7    1.909285714285714E-7     1139376.5749742119+1104962.2965656102i            1.5241906222566132E7
0                         3.6367346938775507E-7    2.091122448979592E-7     929784.2224590816+1019616.0890338537i             1.4685958919982856E7
0                         3.6367346938775507E-7    2.272959183673469E-7     964919.3049133361+1015225.8913108184i             1.4091095977185968E7
0                         3.6367346938775507E-7    2.454795918367347E-7     923779.9393950719+978605.8771665387i              1.3388772162337257E7
0                         3.6367346938775507E-7    2.636632653061224E-7     760938.5675787274+893045.9761513888i              1.2557904932201179E7
0                         3.6367346938775507E-7    2.8184693877551024E-7    585680.0238197399+790882.8194887845i              1.1656577004224472E7
0                         3.6367346938775507E-7    3.0003061224489794E-7    507622.8124193256+727427.677224952i               1.071996350666533E7
0                         3.6367346938775507E-7    3.1821428571428575E-7    425496.5373599166+648288.283700211i               9674753.7617582
0                         3.6367346938775507E-7    3.3639795918367346E-7    328713.4602766577+555599.6112580884i              8503279.7849888
0                         3.6367346938775507E-7    3.5458163265306127E-7    198878.15427927207+444100.77197671507i            7327264.033718868
0                         3.6367346938775507E-7    3.72765306122449E-7      120606.50238024977+342534.9646721687i             6036633.8093518
0                         3.6367346938775507E-7    3.909489795918368E-7     11064.702934497385+225098.91732039553i            4697382.54654294
0                         3.6367346938775507E-7    4.091326530612245E-7     153965.00641228328+209277.10801711446i            3576092.811528829
0                         3.6367346938775507E-7    4.273163265306122E-7     85403.26236991385+108560.32709370251i             2521989.400154234
0                         3.6367346938775507E-7    4.455E-7                 11875.278528604313+4023.617043095785i             2082303.2034962995
0                         3.80204081632653E-7      -4.455E-7                -13130.621166094594-5868.959806792303i            2158689.7022976987
0                         3.80204081632653E-7      -4.2731632653061225E-7   49873.1226632187+71885.38442722656i               2523182.636291394
0                         3.80204081632653E-7      -4.091326530612245E-7    161246.17376859515+172866.00787717168i            3474597.593194937
0                         3.80204081632653E-7      -3.9094897959183674E-7   269552.43280208367+270029.3918445693i             4646824.248674321
0                         3.80204081632653E-7      -3.72765306122449E-7     327035.3512562913+357048.1832941752i              5946701.727113218
0                         3.80204081632653E-7      -3.545816326530612E-7    387249.50217835733+438856.7186321579i             7165981.888351228
0                         3.80204081632653E-7      -3.3639795918367346E-7   606026.6725295114+566352.1166716479i              8182594.355260199
0                         3.80204081632653E-7      -3.1821428571428575E-7   713792.6043807622+635241.3780879333i              9312228.839915264
0                         3.80204081632653E-7      -3.0003061224489794E-7   684398.2483466053+668772.6843731939i              1.038517675794048E7
0                         3.80204081632653E-7      -2.8184693877551024E-7   758325.3820445174+723764.3174877266i              1.1337676293914286E7
0                         3.80204081632653E-7      -2.636632653061224E-7    887254.4230498732+804026.0506558153i              1.2279723706033444E7
0                         3.80204081632653E-7      -2.454795918367347E-7    943918.0829213734+849143.1164082456i              1.3062772936633132E7
0                         3.80204081632653E-7      -2.2729591836734696E-7   1150924.3424278996+923518.990505978i              1.384720474962766E7
0                         3.80204081632653E-7      -2.091122448979592E-7    1135291.0839345255+913916.9928770975i             1.4550016893334592E7
0                         3.80204081632653E-7      -1.9092857142857144E-7   1198558.3298163502+919042.8202141124i             1.5083804371078964E7
0                         3.80204081632653E-7      -1.7274489795918368E-7   1254863.8581373715+916487.6112615777i             1.5519121972125221E7
0                         3.80204081632653E-7      -1.5456122448979592E-7   1318733.5847121999+929964.6498291064i             1.5900952313288387E7
0                         3.80204081632653E-7      -1.3637755102040816E-7   1366641.2376578078+932062.9083845792i             1.6168864256363256E7
0                         3.80204081632653E-7      -1.181938775510204E-7    1272569.7667495392+867601.6555778267i             1.647403765426285E7
0                         3.80204081632653E-7      -1.0001020408163265E-7   1349541.1573472791+855643.0997304306i             1.6270143219417706E7
0                         3.80204081632653E-7      -8.182653061224489E-8    1222288.1368502756+766570.4389053613i             1.6255319236486552E7
0                         3.80204081632653E-7      -6.364285714285713E-8    1188932.5550012744+732912.5157452476i             1.6281154999967562E7
0                         3.80204081632653E-7      -4.545918367346937E-8    1135244.6601215815+688606.7730885805i             1.6222138784700405E7
0                         3.80204081632653E-7      -2.7275510204081612E-8   1061224.4522112086+633653.2109353615i             1.6078420833815187E7
0                         3.80204081632653E-7      -9.091836734693906E-9    1008063.1023433015+592513.9207129345i             1.6069073577211725E7
0                         3.80204081632653E-7      9.091836734693853E-9     1027311.3121627339+590065.6141677687i             1.598115228807457E7
0                         3.80204081632653E-7      2.7275510204081612E-8    1130239.2325612274+668913.6607650287i             1.6115497326327633E7
0                         3.80204081632653E-7      4.5459183673469424E-8    1183961.1940025217+744193.7155221816i             1.6161654291331148E7
0                         3.80204081632653E-7      6.364285714285713E-8     1346852.1007062094+835486.2478414124i             1.6299983475451862E7
0                         3.80204081632653E-7      8.182653061224494E-8     1350581.2016055556+861010.0858216749i             1.62944755479742E7
0                         3.80204081632653E-7      1.0001020408163265E-7    1334264.3628696662+876163.2137131072i             1.6199556285040125E7
0                         3.80204081632653E-7      1.1819387755102046E-7    1412558.8108004727+928711.5768570284i             1.6368547762992434E7
0                         3.80204081632653E-7      1.3637755102040816E-7    1373610.0040005357+939023.5368891024i             1.6196978675733285E7
0                         3.80204081632653E-7      1.5456122448979587E-7    1352227.4913861938+960888.8140032669i             1.5895920042628303E7
0                         3.80204081632653E-7      1.7274489795918368E-7    1261898.705375419+967315.3280801997i              1.549175273170727E7
0                         3.80204081632653E-7      1.909285714285714E-7     1191433.5008663647+957935.2973095647i             1.4984576765366197E7
0                         3.80204081632653E-7      2.091122448979592E-7     1009881.4945757398+891675.4442138639i             1.431310171203059E7
0                         3.80204081632653E-7      2.272959183673469E-7     1037999.3034674921+891674.1951341357i             1.3730764163792577E7
0                         3.80204081632653E-7      2.454795918367347E-7     1060096.7391206173+881957.140335411i              1.3016126856855223E7
0                         3.80204081632653E-7      2.636632653061224E-7     853840.0294690877+781157.4983788347i              1.2270917714029666E7
0                         3.80204081632653E-7      2.8184693877551024E-7    765844.5087910597+720265.9110803201i              1.1375802529423594E7
0                         3.80204081632653E-7      3.0003061224489794E-7    666620.5676580518+651673.4193662545i              1.0391610052321212E7
0                         3.80204081632653E-7      3.1821428571428575E-7    576861.2354640067+593035.4726587415i              9360805.188046535
0                         3.80204081632653E-7      3.3639795918367346E-7    454621.67452983954+507229.66513391654i            8253215.8103151275
0                         3.80204081632653E-7      3.5458163265306127E-7    358063.88390159537+422408.7639675101i             7060473.187984075
0                         3.80204081632653E-7      3.72765306122449E-7      269469.4304621864+333317.903808431i               5873156.445468398
0                         3.80204081632653E-7      3.909489795918368E-7     152434.59950093649+230293.1782482711i             4633610.926136005
0                         3.80204081632653E-7      4.091326530612245E-7     31685.42600622098+118162.34787932679i             3476665.330576867
0                         3.80204081632653E-7      4.273163265306122E-7     71329.98510384723+91134.96257800458i              2543655.696304241
0                         3.80204081632653E-7      4.455E-7                 13130.621166094046+5868.9598067896395i            2178015.761680609
0                         3.9673469387755097E-7    -4.455E-7                -5749.904115921971-2373.7207373520732i            2365422.2808084367
0                         3.9673469387755097E-7    -4.2731632653061225E-7   107998.81746940517+71693.54336185173i             2632860.314720052
0                         3.9673469387755097E-7    -4.091326530612245E-7    234388.24520601257+162555.70852512633i            3495871.1190753086
0                         3.9673469387755097E-7    -3.9094897959183674E-7   291388.238539356+234156.4561271756i               4625921.176828221
0                         3.9673469387755097E-7    -3.72765306122449E-7     376636.9579061659+313143.9925813803i              5751647.963741087
0                         3.9673469387755097E-7    -3.545816326530612E-7    458547.22089075693+388134.1545918259i             6882065.9173423
0                         3.9673469387755097E-7    -3.3639795918367346E-7   539799.4797257914+438996.41574404284i             7950912.337250672
0                         3.9673469387755097E-7    -3.1821428571428575E-7   771143.3290112256+555292.5019003265i              8868291.072136287
0                         3.9673469387755097E-7    -3.0003061224489794E-7   848976.1298562605+606543.0649465995i              9990159.686867299
0                         3.9673469387755097E-7    -2.8184693877551024E-7   983933.0471278578+679269.5801262229i              1.096604719332123E7
0                         3.9673469387755097E-7    -2.636632653061224E-7    1118739.516265647+749570.2143572356i              1.185501689927358E7
0                         3.9673469387755097E-7    -2.454795918367347E-7    1253395.5372696244+817444.967639636i              1.2654592553780789E7
0                         3.9673469387755097E-7    -2.2729591836734696E-7   1071972.5501301335+776775.5974096482i             1.334659220131668E7
0                         3.9673469387755097E-7    -2.091122448979592E-7    1106988.8966722817+781034.331264143i              1.4021415796139453E7
0                         3.9673469387755097E-7    -1.9092857142857144E-7   1195364.4802214717+820066.3792391584i             1.4601568897944799E7
0                         3.9673469387755097E-7    -1.7274489795918368E-7   1291315.8217393178+848510.1879341347i             1.510390981601012E7
0                         3.9673469387755097E-7    -1.5456122448979592E-7   1371305.089627944+865575.2166170543i              1.5492919252798956E7
0                         3.9673469387755097E-7    -1.3637755102040816E-7   1435332.2838873542+871261.4652879188i             1.5768561920530412E7
0                         3.9673469387755097E-7    -1.181938775510204E-7    1305830.4046207462+798170.9228328748i             1.6054486481902309E7
0                         3.9673469387755097E-7    -1.0001020408163265E-7   1437784.0464197858+838377.2144952866i             1.5914451602288514E7
0                         3.9673469387755097E-7    -8.182653061224489E-8    1419117.3781573698+816273.616753779i              1.6132695204608688E7
0                         3.9673469387755097E-7    -6.364285714285713E-8    1394185.6234452396+786795.4192578166i             1.6183064187817685E7
0                         3.9673469387755097E-7    -4.545918367346937E-8    1348921.555702419+746669.4022653005i              1.6148237730891341E7
0                         3.9673469387755097E-7    -2.7275510204081612E-8   1283325.1749289152+695895.5657762324i             1.6028360233202802E7
0                         3.9673469387755097E-7    -9.091836734693906E-9    1544708.0921842344+832784.7885970639i             1.5946751473847609E7
0                         3.9673469387755097E-7    9.091836734693853E-9     1558423.2796666322+843781.4434377009i             1.5980722337965572E7
0                         3.9673469387755097E-7    2.7275510204081612E-8    1446195.05695333+784642.5659081398i               1.6114663843766682E7
0                         3.9673469387755097E-7    4.5459183673469424E-8    1449976.5899374764+740861.0036792054i             1.6111011048646927E7
0                         3.9673469387755097E-7    6.364285714285713E-8     1468985.8490957841+775439.3800415318i             1.6173233038872022E7
0                         3.9673469387755097E-7    8.182653061224494E-8     1467949.1686188518+799647.0463150274i             1.6145971620123573E7
0                         3.9673469387755097E-7    1.0001020408163265E-7    1446866.5485066772+813484.0024996933i             1.6029179149864282E7
0                         3.9673469387755097E-7    1.1819387755102046E-7    1508053.4584352698+859401.2463388842i             1.6012832873013906E7
0                         3.9673469387755097E-7    1.3637755102040816E-7    1476485.3548465425+869183.3053216715i             1.581707826184549E7
0                         3.9673469387755097E-7    1.5456122448979587E-7    1459560.7167402792+887944.0806958196i             1.548772656441368E7
0                         3.9673469387755097E-7    1.7274489795918368E-7    1352588.2385535464+830828.5654495107i             1.5031046193370298E7
0                         3.9673469387755097E-7    1.909285714285714E-7     1317532.5521509498+834793.3539698385i             1.4552514128204392E7
0                         3.9673469387755097E-7    2.091122448979592E-7     1272756.826796057+832172.5470068307i              1.3965252680023188E7
0                         3.9673469387755097E-7    2.272959183673469E-7     1111079.302021644+768122.4989574498i              1.3226656286301473E7
0                         3.9673469387755097E-7    2.454795918367347E-7     1012600.6066948837+730092.682689637i              1.2564236134345418E7
0                         3.9673469387755097E-7    2.636632653061224E-7     990929.0651463945+705739.3361957099i              1.1701406081242343E7
0                         3.9673469387755097E-7    2.8184693877551024E-7    845246.9317317747+625410.4518347317i              1.08788502667759E7
0                         3.9673469387755097E-7    3.0003061224489794E-7    730117.3450708378+562078.1468866846i              9949805.069019467
0                         3.9673469387755097E-7    3.1821428571428575E-7    603759.3379549267+491044.9375230862i              8937267.419321705
0                         3.9673469387755097E-7    3.3639795918367346E-7    580529.8887830188+458859.7190097427i              7932010.898098262
0                         3.9673469387755097E-7    3.5458163265306127E-7    517249.6135239209+400716.75595830573i             6764358.37868084
0                         3.9673469387755097E-7    3.72765306122449E-7      418332.35854412446+324100.84294469375i            5680051.404737659
0                         3.9673469387755097E-7    3.909489795918368E-7     293804.49606737564+235487.4391761467i             4548053.925221224
0                         3.9673469387755097E-7    4.091326530612245E-7     166724.8713200656+144669.35674726698i             3487684.179171118
0                         3.9673469387755097E-7    4.273163265306122E-7     30135.08641200434+47971.50440965354i              2695228.4809035794
0                         3.9673469387755097E-7    4.455E-7                 5749.904115921222+2373.720737345806i              2356975.0817487487
0                         4.1326530612244895E-7    -4.455E-7                -26377.815430934086+1750.7236973443i              2421083.8827779517
0                         4.1326530612244895E-7    -4.2731632653061225E-7   653942.8205602022+370935.53724287124i             2772753.354067572
0                         4.1326530612244895E-7    -4.091326530612245E-7    1239386.6137297153+731538.5146716192i             3813941.791972164
0                         4.1326530612244895E-7    -3.9094897959183674E-7   1854861.8298423924+1094801.1855815789i            4994092.35438183
0                         4.1326530612244895E-7    -3.72765306122449E-7     2470797.267585046+1458175.7145541082i             6238055.099414682
0                         4.1326530612244895E-7    -3.545816326530612E-7    3087192.926957677+1821662.101589208i              7492729.732349167
0                         4.1326530612244895E-7    -3.3639795918367346E-7   3692812.0580725037+2339923.5754568707i            8843826.632814871
0                         4.1326530612244895E-7    -3.1821428571428575E-7   4159361.398753157+2628877.5618757224i             1.0030109336082129E7
0                         4.1326530612244895E-7    -3.0003061224489794E-7   4556845.091653213+2856440.181467511i              1.107238167313143E7
0                         4.1326530612244895E-7    -2.8184693877551024E-7   5232762.022812157+3163241.4210571237i             1.222483551773473E7
0                         4.1326530612244895E-7    -2.636632653061224E-7    5908098.486071918+3469834.3681389615i             1.3306077481215037E7
0                         4.1326530612244895E-7    -2.454795918367347E-7    6218590.616512296+3717227.028798611i              1.4200794233596042E7
0                         4.1326530612244895E-7    -2.2729591836734696E-7   6426202.228584846+3801785.0958375894i             1.4771288155339204E7
0                         4.1326530612244895E-7    -2.091122448979592E-7    7204276.039725997+4151861.5983285015i             1.601471953222288E7
0                         4.1326530612244895E-7    -1.9092857142857144E-7   7532299.545452494+4272151.116089173i              1.6649759902274147E7
0                         4.1326530612244895E-7    -1.7274489795918368E-7   7773387.111731354+4343198.153796748i              1.7198080630058166E7
0                         4.1326530612244895E-7    -1.5456122448979592E-7   7992476.992077785+4402256.912947451i              1.763843147019474E7
0                         4.1326530612244895E-7    -1.3637755102040816E-7   8189569.186491792+4449327.393541276i              1.7970727362588998E7
0                         4.1326530612244895E-7    -1.181938775510204E-7    8582875.066478591+4575716.700725706i              1.8576747623806894E7
0                         4.1326530612244895E-7    -1.0001020408163265E-7   8381861.611299967+4387728.720232137i              1.8460752768122435E7
0                         4.1326530612244895E-7    -8.182653061224489E-8    8499478.240903959+4386071.252932977i              1.8670294075296078E7
0                         4.1326530612244895E-7    -6.364285714285713E-8    8619739.897686038+4388260.061761021i              1.878593062083222E7
0                         4.1326530612244895E-7    -4.545918367346937E-8    8719282.095130596+4380615.4017277835i             1.881856758329424E7
0                         4.1326530612244895E-7    -2.7275510204081612E-8   8798104.83323765+4363137.272833272i               1.876851741706353E7
0                         4.1326530612244895E-7    -9.091836734693906E-9    8153096.762505463+4160796.915490532i              1.83182704956744E7
0                         4.1326530612244895E-7    9.091836734693853E-9     8202269.5194196515+4177733.682164346i             1.8370305707478337E7
0                         4.1326530612244895E-7    2.7275510204081612E-8    8542589.526672766+4284478.7429613285i             1.8745706748710133E7
0                         4.1326530612244895E-7    4.5459183673469424E-8    8667225.741840899+4361883.6994640995i             1.876621719075763E7
0                         4.1326530612244895E-7    6.364285714285713E-8     8585804.866233785+4364251.09428711i               1.876824499729669E7
0                         4.1326530612244895E-7    8.182653061224494E-8     8484308.774509076+4357201.573467037i              1.8684061980261613E7
0                         4.1326530612244895E-7    1.0001020408163265E-7    8344541.803138356+4409010.318210953i              1.8534812950368296E7
0                         4.1326530612244895E-7    1.1819387755102046E-7    8316474.386872485+4485912.499909753i              1.8322620836559415E7
0                         4.1326530612244895E-7    1.3637755102040816E-7    7981878.975033728+4486034.317902609i              1.793537952793909E7
0                         4.1326530612244895E-7    1.5456122448979587E-7    7949233.501031993+4424135.619266933i              1.7792181463142067E7
0                         4.1326530612244895E-7    1.7274489795918368E-7    7884737.456629476+4307520.16602486i               1.7179499844025303E7
0                         4.1326530612244895E-7    1.909285714285714E-7     7536621.973842252+4171948.711598792i              1.6593462968659548E7
0                         4.1326530612244895E-7    2.091122448979592E-7     7178290.5425315965+4031679.625250022i             1.591015377424269E7
0                         4.1326530612244895E-7    2.272959183673469E-7     6809743.162697516+3886712.906978556i              1.5129855892337866E7
0                         4.1326530612244895E-7    2.454795918367347E-7     6309317.8268099455+3700480.9680045545i            1.4164827795567892E7
0                         4.1326530612244895E-7    2.636632653061224E-7     5875302.53575117+3466489.626928971i               1.3212699900320377E7
0                         4.1326530612244895E-7    2.8184693877551024E-7    5378751.778547176+3206225.0556011773i             1.2183443704391025E7
0                         4.1326530612244895E-7    3.0003061224489794E-7    4779950.062406844+2913537.993479946i              1.1101127735340988E7
0                         4.1326530612244895E-7    3.1821428571428575E-7    4173628.411483352+2616905.29747139i               9946011.480931163
0                         4.1326530612244895E-7    3.3639795918367346E-7    3594658.5587570313+2306502.6935245832i            8722526.665737508
0                         4.1326530612244895E-7    3.5458163265306127E-7    3102882.0668925536+1983363.8873001486i            7508036.219137411
0                         4.1326530612244895E-7    3.72765306122449E-7      2606230.111391954+1491015.1647315512i             6233659.424549707
0                         4.1326530612244895E-7    3.909489795918368E-7     1978555.424624885+1121429.6752538239i             4980110.225908984
0                         4.1326530612244895E-7    4.091326530612245E-7     1350124.6382357236+751488.3422211112i             3796054.127043573
0                         4.1326530612244895E-7    4.273163265306122E-7     720937.7522244662+381191.1656334082i              2827609.9880092773
0                         4.1326530612244895E-7    4.455E-7                 26377.81543092694-1750.7236973485808i             2440140.8605216434
0                         4.2979591836734687E-7    -4.455E-7                -15702.016639613148+3476.60851432563i             2332839.6133317305
0                         4.2979591836734687E-7    -4.2731632653061225E-7   570140.8086163673+362271.1609651431i              2803595.4492783523
0                         4.2979591836734687E-7    -4.091326530612245E-7    1187682.0838978412+726331.5985451293i             3749672.156161429
0                         4.2979591836734687E-7    -3.9094897959183674E-7   1805683.5808092928+1090503.8941876858i            4878388.037100658
0                         4.2979591836734687E-7    -3.72765306122449E-7     2424145.2993507185+1454788.0478928117i            6063346.704481437
0                         4.2979591836734687E-7    -3.545816326530612E-7    3072374.8775279317+1876615.3244503168i            7342145.639323996
0                         4.2979591836734687E-7    -3.3639795918367346E-7   3606415.9104935806+2160188.246305407i             8650241.3347726
0                         4.2979591836734687E-7    -3.1821428571428575E-7   4073931.7705946267+2481908.6067055073i            9829692.77367145
0                         4.2979591836734687E-7    -3.0003061224489794E-7   4589116.503420883+2784584.401041799i              1.0915343606409116E7
0                         4.2979591836734687E-7    -2.8184693877551024E-7   5139127.455913261+3102428.6732373675i             1.2140873651713068E7
0                         4.2979591836734687E-7    -2.636632653061224E-7    5626935.149322694+3319821.2288518967i             1.3044198532035895E7
0                         4.2979591836734687E-7    -2.454795918367347E-7    6090326.518466891+3506020.0535033713i             1.391489962279871E7
0                         4.2979591836734687E-7    -2.2729591836734696E-7   6672130.452112048+3791590.809218013i              1.5013416881941136E7
0                         4.2979591836734687E-7    -2.091122448979592E-7    6984516.616343744+3941094.0913478327i             1.5838612514990056E7
0                         4.2979591836734687E-7    -1.9092857142857144E-7   7286062.602923103+4040106.737788166i              1.6473335264000203E7
0                         4.2979591836734687E-7    -1.7274489795918368E-7   7520635.067059726+4107613.667068616i              1.7010776057893302E7
0                         4.2979591836734687E-7    -1.5456122448979592E-7   7733209.845263937+4163132.317792196i              1.7440387632076904E7
0                         4.2979591836734687E-7    -1.3637755102040816E-7   7923786.937535706+4206662.689958896i              1.776210776033908E7
0                         4.2979591836734687E-7    -1.181938775510204E-7    8139776.782666106+4219494.658879379i              1.824766896283931E7
0                         4.2979591836734687E-7    -1.0001020408163265E-7   8216165.521426786+4242138.4185951715i             1.853291132284409E7
0                         4.2979591836734687E-7    -8.182653061224489E-8    8294663.477589176+4239938.842456992i              1.881451164955674E7
0                         4.2979591836734687E-7    -6.364285714285713E-8    8414551.458576674+4241943.97434281i               1.893526227147245E7
0                         4.2979591836734687E-7    -4.545918367346937E-8    8513719.980226677+4234115.637367357i              1.897258531253164E7
0                         4.2979591836734687E-7    -2.7275510204081612E-8   8408472.683376031+4166401.020082817i              1.898742406550026E7
0                         4.2979591836734687E-7    -9.091836734693906E-9    8422415.204362513+4121829.79506278i               1.8947884721891258E7
0                         4.2979591836734687E-7    9.091836734693853E-9     8404214.484750599+4112033.2818634864i             1.887549382463903E7
0                         4.2979591836734687E-7    2.7275510204081612E-8    8390845.678592592+4161315.7327968907i             1.8928232743430663E7
0                         4.2979591836734687E-7    4.5459183673469424E-8    8416178.979811564+4219573.155435029i              1.893233720732885E7
0                         4.2979591836734687E-7    6.364285714285713E-8     8335114.218905609+4222086.753387286i              1.8931080287078567E7
0                         4.2979591836734687E-7    8.182653061224494E-8     8276981.709271682+4277906.770735793i              1.882753472943547E7
0                         4.2979591836734687E-7    1.0001020408163265E-7    8252690.779681734+4259231.315311i                 1.8633254201416813E7
0                         4.2979591836734687E-7    1.1819387755102046E-7    8344171.41839626+4282367.18876249i                1.8488855191547316E7
0                         4.2979591836734687E-7    1.3637755102040816E-7    8299681.05772583+4239542.515254436i               1.821368842039921E7
0                         4.2979591836734687E-7    1.5456122448979587E-7    7690059.129362829+4177178.527492264i              1.755211916660083E7
0                         4.2979591836734687E-7    1.7274489795918368E-7    7527795.602681507+4147994.061508873i              1.706558885934444E7
0                         4.2979591836734687E-7    1.909285714285714E-7     7290675.373485815+4009555.600924946i              1.6457046242188135E7
0                         4.2979591836734687E-7    2.091122448979592E-7     6928720.675441615+3867767.30764621i               1.5790313588366196E7
0                         4.2979591836734687E-7    2.272959183673469E-7     6521099.784310444+3716148.0103763496i             1.4998802013562635E7
0                         4.2979591836734687E-7    2.454795918367347E-7     6157549.583339811+3524863.5191984484i             1.3978660905747624E7
0                         4.2979591836734687E-7    2.636632653061224E-7     5687336.062887434+3300641.105877393i              1.3016946187648976E7
0                         4.2979591836734687E-7    2.8184693877551024E-7    5250985.455385434+3061672.5663527087i             1.1968098427518945E7
0                         4.2979591836734687E-7    3.0003061224489794E-7    4652642.764547778+2769791.701978898i              1.0933204648466285E7
0                         4.2979591836734687E-7    3.1821428571428575E-7    4046780.138926966+2473965.2037177617i             9825973.562154116
0                         4.2979591836734687E-7    3.3639795918367346E-7    3601853.426523581+2169888.8889625017i             8615034.06309214
0                         4.2979591836734687E-7    3.5458163265306127E-7    3069931.2805355503+1824527.8153648502i            7360046.871662413
0                         4.2979591836734687E-7    3.72765306122449E-7      2485800.204275615+1527218.8192618168i             6057043.358047582
0                         4.2979591836734687E-7    3.909489795918368E-7     1899722.6662504193+1111540.0918414681i            4862327.591151624
0                         4.2979591836734687E-7    4.091326530612245E-7     1268652.1362408164+740655.4292074819i             3726998.6411004034
0                         4.2979591836734687E-7    4.273163265306122E-7     636825.5066091176+369414.9230185072i              2782701.4591563544
0                         4.2979591836734687E-7    4.455E-7                 15702.016639606105-3476.6085143298133i            2340432.8875756604
0                         4.4632653061224485E-7    -4.455E-7                -208.6929044203748+5108.194174373476i             2297213.4342877893
0                         4.4632653061224485E-7    -4.2731632653061225E-7   515909.99798572034+356154.6201060562i             2772614.229638984
0                         4.4632653061224485E-7    -4.091326530612245E-7    1135977.5540659672+721124.6824186392i             3686056.4529504096
0                         4.4632653061224485E-7    -3.9094897959183674E-7   1756505.331776192+1086206.602793793i              4762424.563297534
0                         4.4632653061224485E-7    -3.72765306122449E-7     2413683.7692803475+1479645.2117947899i            5944509.463635183
0                         4.4632653061224485E-7    -3.545816326530612E-7    2953297.3926949985+1765572.9601050373i            7211129.859717399
0                         4.4632653061224485E-7    -3.3639795918367346E-7   3483360.5310733835+2045885.1335122748i            8469249.422060689
0                         4.4632653061224485E-7    -3.1821428571428575E-7   3988502.142436099+2334939.6515352936i             9658900.07299941
0                         4.4632653061224485E-7    -3.0003061224489794E-7   4503563.116404394+2636150.8479182255i             1.0814279072639337E7
0                         4.4632653061224485E-7    -2.8184693877551024E-7   5029719.806187427+2919461.870207237i              1.1927921770788481E7
0                         4.4632653061224485E-7    -2.636632653061224E-7    5539857.203474246+3137537.291266175i              1.2865994531235851E7
0                         4.4632653061224485E-7    -2.454795918367347E-7    6145012.471818456+3426533.645891145i              1.399266225185369E7
0                         4.4632653061224485E-7    -2.2729591836734696E-7   6473463.511799362+3583162.4863367984i             1.4875158925492536E7
0                         4.4632653061224485E-7    -2.091122448979592E-7    6781835.20141117+3729799.5802816125i              1.5679898853171881E7
0                         4.4632653061224485E-7    -1.9092857142857144E-7   7117468.561854392+3829233.644360242i              1.648677804140329E7
0                         4.4632653061224485E-7    -1.7274489795918368E-7   7088645.167578864+3920998.812921875i              1.6533357235401105E7
0                         4.4632653061224485E-7    -1.5456122448979592E-7   7402803.612937959+4017914.7302933866i             1.7114018937934406E7
0                         4.4632653061224485E-7    -1.3637755102040816E-7   7706341.901461253+4110180.6108111027i             1.7605178541057535E7
0                         4.4632653061224485E-7    -1.181938775510204E-7    7974841.199119969+4074693.0416793064i             1.834269071504498E7
0                         4.4632653061224485E-7    -1.0001020408163265E-7   8050469.431553602+4096548.1169582075i             1.8630987706174515E7
0                         4.4632653061224485E-7    -8.182653061224489E-8    8089848.714274393+4093806.431981006i              1.8983701609181106E7
0                         4.4632653061224485E-7    -6.364285714285713E-8    8209363.019467317+4095627.886924602i              1.91095157172599E7
0                         4.4632653061224485E-7    -4.545918367346937E-8    8308157.8653227445+4087615.8730069255i            1.9151555563098077E7
0                         4.4632653061224485E-7    -2.7275510204081612E-8   8275449.760955192+4038796.128713158i              1.9203088488387834E7
0                         4.4632653061224485E-7    -9.091836734693906E-9    8385832.039426247+4032453.4610834876i             1.9281278390530758E7
0                         4.4632653061224485E-7    9.091836734693853E-9     8428235.732835276+4038500.4461593283i             1.9300382839295987E7
0                         4.4632653061224485E-7    2.7275510204081612E-8    8239101.830512408+4038152.7226324487i             1.9130415724882953E7
0                         4.4632653061224485E-7    4.5459183673469424E-8    8198457.6064417735+4073838.2135472298i            1.911148508809885E7
0                         4.4632653061224485E-7    6.364285714285713E-8     8186745.656807863+4135439.8070179406i             1.9065136435921736E7
0                         4.4632653061224485E-7    8.182653061224494E-8     8184717.041654895+4127573.994749631i              1.895264435711267E7
0                         4.4632653061224485E-7    1.0001020408163265E-7    8160839.756225105+4109452.3124110447i             1.8753804983489856E7
0                         4.4632653061224485E-7    1.1819387755102046E-7    8115719.778956118+4098831.4133309294i             1.8458279711422127E7
0                         4.4632653061224485E-7    1.3637755102040816E-7    7922579.603864843+4049737.7096729716i             1.7955825459723998E7
0                         4.4632653061224485E-7    1.5456122448979587E-7    7833739.5974169765+4004636.485559824i             1.7550754505722806E7
0                         4.4632653061224485E-7    1.7274489795918368E-7    7277541.767986182+3905842.7839167956i             1.6873335199583903E7
0                         4.4632653061224485E-7    1.909285714285714E-7     7092933.1940054465+3864338.4877563384i            1.629907010269174E7
0                         4.4632653061224485E-7    2.091122448979592E-7     6679150.808351628+3703854.990042395i              1.5707830907152662E7
0                         4.4632653061224485E-7    2.272959183673469E-7     6294332.119909051+3534571.7064037034i             1.4861665986173907E7
0                         4.4632653061224485E-7    2.454795918367347E-7     5927862.492208596+3342417.91841989i               1.3864350949178059E7
0                         4.4632653061224485E-7    2.636632653061224E-7     5499369.590023703+3134792.5848258156i             1.2852027096008908E7
0                         4.4632653061224485E-7    2.8184693877551024E-7    5057862.218112739+2898222.774102291i              1.1895492191475822E7
0                         4.4632653061224485E-7    3.0003061224489794E-7    4525335.466688713+2626045.4104778487i             1.0795026367094658E7
0                         4.4632653061224485E-7    3.1821428571428575E-7    3919931.866370581+2331025.1099641346i             9736108.312600974
0                         4.4632653061224485E-7    3.3639795918367346E-7    3531491.684300201+2018792.2107509712i             8463682.800909784
0                         4.4632653061224485E-7    3.5458163265306127E-7    2951928.231712957+1725311.574586229i              7214648.60176032
0                         4.4632653061224485E-7    3.72765306122449E-7      2367633.53046429+1428934.0497462149i              5959641.11950413
0                         4.4632653061224485E-7    3.909489795918368E-7     1820889.9078759532+1101650.5084291103i            4745294.151033034
0                         4.4632653061224485E-7    4.091326530612245E-7     1187179.6342459084+729822.5161938529i             3660575.5224706186
0                         4.4632653061224485E-7    4.273163265306122E-7     552713.260993768+357638.68040360673i              2746504.559948463
0                         4.4632653061224485E-7    4.455E-7                 208.69290441545814-5108.194174378588i             2286048.9549717815
0                         4.6285714285714283E-7    -4.455E-7                9155.815520864142+5885.477280378694i              2237456.057664719
0                         4.6285714285714283E-7    -4.2731632653061225E-7   461679.1873550734+350038.07924696925i             2746256.6184625034
0                         4.6285714285714283E-7    -4.091326530612245E-7    1084273.0242340937+715917.7662921487i             3623012.416569889
0                         4.6285714285714283E-7    -3.9094897959183674E-7   1753397.9651710284+1083581.021131959i             4674802.208941706
0                         4.6285714285714283E-7    -3.72765306122449E-7     2298584.179034681+1371863.5958973635i             5881941.371252842
0                         4.6285714285714283E-7    -3.545816326530612E-7    2834219.907862067+1654530.5957597583i             7099988.084298642
0                         4.6285714285714283E-7    -3.3639795918367346E-7   3360305.151653187+1931582.0207191422i             8308320.777714858
0                         4.6285714285714283E-7    -3.1821428571428575E-7   3876839.9104080396+2203017.8707755143i            9497171.80888249
0                         4.6285714285714283E-7    -3.0003061224489794E-7   4418009.729387907+2487717.2947946545i             1.073832041156671E7
0                         4.6285714285714283E-7    -2.8184693877551024E-7   4947241.921134021+2740349.3555237213i             1.181524771883862E7
0                         4.6285714285714283E-7    -2.636632653061224E-7    5452779.257625801+2955253.353680455i              1.271574200774381E7
0                         4.6285714285714283E-7    -2.454795918367347E-7    5950360.006125656+3220971.5111949374i             1.391044915606182E7
0                         4.6285714285714283E-7    -2.2729591836734696E-7   6167531.853450092+3324242.098182204i              1.4552321240166027E7
0                         4.6285714285714283E-7    -2.091122448979592E-7    6539173.307141052+3489598.4607614093i             1.548207851862785E7
0                         4.6285714285714283E-7    -1.9092857142857144E-7   6898656.004852516+3649893.496792642i              1.634236828720549E7
0                         4.6285714285714283E-7    -1.7274489795918368E-7   7574370.70689737+3804988.2400192134i              1.7045741684616543E7
0                         4.6285714285714283E-7    -1.5456122448979592E-7   7490474.99972764+3909031.184577179i               1.745087030828413E7
0                         4.6285714285714283E-7    -1.3637755102040816E-7   7687409.503769847+3933077.7651600107i             1.785866012535661E7
0                         4.6285714285714283E-7    -1.181938775510204E-7    7671245.924722718+3945574.215610139i              1.8057495867125764E7
0                         4.6285714285714283E-7    -1.0001020408163265E-7   7884773.341680419+3950957.8153212424i             1.875497311670646E7
0                         4.6285714285714283E-7    -8.182653061224489E-8    7885033.9509596+3947674.0215050173i               1.9177782358270008E7
0                         4.6285714285714283E-7    -6.364285714285713E-8    8004174.580357967+3949311.7995063947i             1.93086019404696E7
0                         4.6285714285714283E-7    -4.545918367346937E-8    8104064.374521218+3943443.522678891i              1.939305520887124E7
0                         4.6285714285714283E-7    -2.7275510204081612E-8   8008301.7673509605+3896938.3409213014i            1.9307149091995742E7
0                         4.6285714285714283E-7    -9.091836734693906E-9    8072854.07560437+3913163.5529627325i              1.940547055796504E7
0                         4.6285714285714283E-7    9.091836734693853E-9     8115602.362725797+3919341.528564761i              1.9424602672538806E7
0                         4.6285714285714283E-7    2.7275510204081612E-8    8087357.982432228+3914989.712468008i              1.935206818315632E7
0                         4.6285714285714283E-7    4.5459183673469424E-8    8049131.791476368+3951428.1990448656i             1.93282338711379E7
0                         4.6285714285714283E-7    6.364285714285713E-8     8094067.345030901+3984553.2579455697i             1.921633216805002E7
0                         4.6285714285714283E-7    8.182653061224494E-8     8092452.374038108+3977241.2187634706i             1.9099553658505946E7
0                         4.6285714285714283E-7    1.0001020408163265E-7    8060950.5660937335+3954752.516093651i             1.8880038463274274E7
0                         4.6285714285714283E-7    1.1819387755102046E-7    7887268.139515982+3915295.637899368i              1.8457470241452515E7
0                         4.6285714285714283E-7    1.3637755102040816E-7    7695138.538906157+3866787.6237960323i             1.7957783553176146E7
0                         4.6285714285714283E-7    1.5456122448979587E-7    7530359.17196104+3813314.806882289i               1.7442176742351398E7
0                         4.6285714285714283E-7    1.7274489795918368E-7    7355718.642427619+3764968.734565653i              1.6854870239673384E7
0                         4.6285714285714283E-7    1.909285714285714E-7     6851599.896283969+3626993.0243468564i             1.6155005036485154E7
0                         4.6285714285714283E-7    2.091122448979592E-7     6644646.275003817+3573168.8980093305i             1.5493636898337657E7
0                         4.6285714285714283E-7    2.272959183673469E-7     6067564.455507655+3352995.402431059i              1.4762860547627266E7
0                         4.6285714285714283E-7    2.454795918367347E-7     5698175.401077383+3159972.3176413327i             1.3789105452296736E7
0                         4.6285714285714283E-7    2.636632653061224E-7     5322802.760956841+2964708.1188843176i             1.274897966004791E7
0                         4.6285714285714283E-7    2.8184693877551024E-7    4874098.987983988+2735268.4745225003i             1.1803335548104176E7
0                         4.6285714285714283E-7    3.0003061224489794E-7    4398028.168829651+2482299.118976801i              1.0686983460886294E7
0                         4.6285714285714283E-7    3.1821428571428575E-7    4085042.102714623+2205511.0847611316i             9498767.696617164
0                         4.6285714285714283E-7    3.3639795918367346E-7    3413652.2604663377+1918644.4987093313i            8287869.02205043
0                         4.6285714285714283E-7    3.5458163265306127E-7    2833925.182890363+1626095.3338076088i             7087739.58517318
0                         4.6285714285714283E-7    3.72765306122449E-7      2249466.856652965+1330649.280230612i              5881069.992379432
0                         4.6285714285714283E-7    3.909489795918368E-7     1660277.2817541384+1032306.3379783393i            4688341.449035671
0                         4.6285714285714283E-7    4.091326530612245E-7     1105707.1322510003+718989.6031802235i             3596645.928318911
0                         4.6285714285714283E-7    4.273163265306122E-7     468601.0153784185+345862.43778870587i             2718454.069499713
0                         4.6285714285714283E-7    4.455E-7                 -9155.815520868746-5885.477280383457i             2227980.2091762046
0                         4.793877551020408E-7     -4.455E-7                18520.323946148626+6662.760386383905i             2171295.9474226115
0                         4.793877551020408E-7     -4.2731632653061225E-7   407448.3767244263+343921.5383878821i              2723977.8186002905
0                         4.793877551020408E-7     -4.091326530612245E-7    1032568.49440222+710710.8501656599i               3560505.560197468
0                         4.793877551020408E-7     -3.9094897959183674E-7   1642276.2695126259+979060.1536823856i             4678788.3101641955
0                         4.793877551020408E-7     -3.72765306122449E-7     2183484.5887890137+1264081.9799999376i            5839689.936234641
0                         4.793877551020408E-7     -3.545816326530612E-7    2715142.4230291354+1543488.2314144794i            7008948.765037261
0                         4.793877551020408E-7     -3.3639795918367346E-7   3237249.7722329907+1817278.9079260102i            8167613.501971537
0                         4.793877551020408E-7     -3.1821428571428575E-7   3800907.118694704+2096684.885915617i              9474424.93155818
0                         4.793877551020408E-7     -3.0003061224489794E-7   4332456.342371417+2339283.7416710826i             1.0687804175909474E7
0                         4.793877551020408E-7     -2.8184693877551024E-7   4864764.036080624+2561236.8408402107i             1.1730556561959853E7
0                         4.793877551020408E-7     -2.636632653061224E-7    5160667.570637338+2796729.8959002895i             1.2441378093367593E7
0                         4.793877551020408E-7     -2.454795918367347E-7    5558699.673909918+2972777.74905344i               1.349076139871766E7
0                         4.793877551020408E-7     -2.2729591836734696E-7   5944573.0212029945+3143764.275658615i             1.4472269926800856E7
0                         4.793877551020408E-7     -2.091122448979592E-7    6318287.612516569+3309689.4757158156i             1.5384764026121171E7
0                         4.793877551020408E-7     -1.9092857142857144E-7   6679843.447850636+3470553.3492250424i             1.6227576435442997E7
0                         4.793877551020408E-7     -1.7274489795918368E-7   7156660.277127404+3619713.134910877i              1.691450582287778E7
0                         4.793877551020408E-7     -1.5456122448979592E-7   7675308.685262904+3756195.197638121i              1.7761803663043223E7
0                         4.793877551020408E-7     -1.3637755102040816E-7   7586793.093996931+3793750.9566051904i             1.8131648124592677E7
0                         4.793877551020408E-7     -1.181938775510204E-7    7569783.802907692+3805465.042979019i              1.832220258393202E7
0                         4.793877551020408E-7     -1.0001020408163265E-7   7719077.251807236+3805367.513684277i              1.890478592523643E7
0                         4.793877551020408E-7     -8.182653061224489E-8    7769655.736088983+3814619.7225751933i             1.9109720597572573E7
0                         4.793877551020408E-7     -6.364285714285713E-8    7908259.0450605685+3835771.9769599787i            1.9516151346470647E7
0                         4.793877551020408E-7     -4.545918367346937E-8    7973224.995347149+3816668.570828272i              1.9641615637828887E7
0                         4.793877551020408E-7     -2.7275510204081612E-8   7694979.209816679+3777517.442274359i              1.944949135522491E7
0                         4.793877551020408E-7     -9.091836734693906E-9    7759876.111782488+3793873.644841978i              1.954806141640432E7
0                         4.793877551020408E-7     9.091836734693853E-9     7802968.992616308+3800182.610970194i              1.9567260164100844E7
0                         4.793877551020408E-7     2.7275510204081612E-8    7824257.85231815+3796444.340659007i               1.950716630337354E7
0                         4.793877551020408E-7     4.5459183673469424E-8    8019453.924583961+3837692.420626019i              1.949613305380603E7
0                         4.793877551020408E-7     6.364285714285713E-8     8001389.033253947+3833666.7088732016i             1.9389024096529353E7
0                         4.793877551020408E-7     8.182653061224494E-8     7985713.030236367+3800451.1038380726i             1.9247629871721946E7
0                         4.793877551020408E-7     1.0001020408163265E-7    7831488.352172146+3770631.051107466i              1.8905879896437123E7
0                         4.793877551020408E-7     1.1819387755102046E-7    7658816.500075842+3731759.8624678054i             1.8486611472533397E7
0                         4.793877551020408E-7     1.3637755102040816E-7    7467697.473947467+3683837.5379190943i             1.7989964664816856E7
0                         4.793877551020408E-7     1.5456122448979587E-7    7258131.2737870235+3626864.077461329i             1.741619799692012E7
0                         4.793877551020408E-7     1.7274489795918368E-7    7058434.361792293+3577157.8528778674i             1.6786831128956333E7
0                         4.793877551020408E-7     1.909285714285714E-7     6610266.598562492+3389647.5609373753i             1.6045508154890543E7
0                         4.793877551020408E-7     2.091122448979592E-7     6412233.514256176+3340629.2487824396i             1.5398208726698786E7
0                         4.793877551020408E-7     2.272959183673469E-7     6080206.169121068+3174122.230303817i              1.451432626285651E7
0                         4.793877551020408E-7     2.454795918367347E-7     5729950.335044638+3000330.5301886722i             1.3567643611491365E7
0                         4.793877551020408E-7     2.636632653061224E-7     5090196.243095811+2781393.221299852i              1.2737098582353525E7
0                         4.793877551020408E-7     2.8184693877551024E-7    4690335.757855233+2572314.17494271i               1.1743017998251444E7
0                         4.793877551020408E-7     3.0003061224489794E-7    4270720.870970587+2338552.827475752i              1.0609390546540355E7
0                         4.793877551020408E-7     3.1821428571428575E-7    3870972.290535752+2107217.5916311205i             9265982.667425599
0                         4.793877551020408E-7     3.3639795918367346E-7    3295812.8366324753+1818496.7866676932i            8130789.976083386
0                         4.793877551020408E-7     3.5458163265306127E-7    2715922.1340677696+1526879.0930289878i            6979575.013341464
0                         4.793877551020408E-7     3.72765306122449E-7      2131300.182841642+1232364.5107150108i             5821732.152872667
0                         4.793877551020408E-7     3.909489795918368E-7     1541946.9829540835+934953.0397257556i             4676629.163432026
0                         4.793877551020408E-7     4.091326530612245E-7     947862.5344051009+634644.6800612276i              3589293.7117415336
0                         4.793877551020408E-7     4.273163265306122E-7     384488.7697630694+334086.1951738054i              2697949.9669479323
0                         4.793877551020408E-7     4.455E-7                 -18520.323946152905-6662.760386388317i            2164116.996636698
0                         4.959183673469387E-7     -4.455E-7                27884.8323714331+7440.043492389119i               2097973.034757292
0                         4.959183673469387E-7     -4.2731632653061225E-7   510331.07779966714+353400.86775543273i            2397728.130472894
0                         4.959183673469387E-7     -4.091326530612245E-7    984373.6641288353+587162.6334601021i              3637276.9664839925
0                         4.959183673469387E-7     -3.9094897959183674E-7   1531154.5738542227+874539.2862328109i             4704468.915139559
0                         4.959183673469387E-7     -3.72765306122449E-7     2068384.998543348+1156300.3641025121i             5818147.364231832
0                         4.959183673469387E-7     -3.545816326530612E-7    2596064.9381962037+1432445.8670692006i            6938275.270800346
0                         4.959183673469387E-7     -3.3639795918367346E-7   3131284.368809722+1705172.1349946333i             8098744.465110664
0                         4.959183673469387E-7     -3.1821428571428575E-7   3729558.589770556+1994395.4163868818i             9433804.804263929
0                         4.959183673469387E-7     -3.0003061224489794E-7   4246902.955354931+2190850.188547512i              1.0663048008529305E7
0                         4.959183673469387E-7     -2.8184693877551024E-7   4739640.020635789+2473096.1874164725i             1.1652029804489076E7
0                         4.959183673469387E-7     -2.636632653061224E-7    4933562.463145028+2615114.398420709i              1.242704552419622E7
0                         4.959183673469387E-7     -2.454795918367347E-7    5333667.7040402135+2791731.089051853i             1.3459211672526186E7
0                         4.959183673469387E-7     -2.2729591836734696E-7   5721614.1889559+2963286.4531350243i               1.4423100577148262E7
0                         4.959183673469387E-7     -2.091122448979592E-7    6097401.91789208+3129780.490670222i               1.531776358046437E7
0                         4.959183673469387E-7     -1.9092857142857144E-7   6461030.890848758+3291213.201657443i              1.6142672505162785E7
0                         4.959183673469387E-7     -1.7274489795918368E-7   6703154.451627238+3255616.546077029i              1.677821266374709E7
0                         4.959183673469387E-7     -1.5456122448979592E-7   6964883.659665922+3385684.098322102i              1.7457467362191338E7
0                         4.959183673469387E-7     -1.3637755102040816E-7   7209545.987453909+3472795.7258809623i             1.8068774564983185E7
0                         4.959183673469387E-7     -1.181938775510204E-7    7588530.193594211+3530314.1154937996i             1.8599509752907384E7
0                         4.959183673469387E-7     -1.0001020408163265E-7   7553381.1619340535+3659777.2120473143i            1.908027514610971E7
0                         4.959183673469387E-7     -8.182653061224489E-8    7603199.13988875+3668240.736501338i               1.92874471643037E7
0                         4.959183673469387E-7     -6.364285714285713E-8    7779603.209133261+3709826.964628394i              1.977862341298875E7
0                         4.959183673469387E-7     -4.545918367346937E-8    7294611.135472223+3631562.1140942117i             1.943181990983454E7
0                         4.959183673469387E-7     -2.7275510204081612E-8   7381656.652282411+3658096.54362742i               1.961010261365827E7
0                         4.959183673469387E-7     -9.091836734693906E-9    7441600.958342818+3700348.5073592896i             1.9708963883729853E7
0                         4.959183673469387E-7     9.091836734693853E-9     7458009.850452557+3699430.371595012i              1.971167142118006E7
0                         4.959183673469387E-7     2.7275510204081612E-8    7451097.107890333+3687256.731348882i              1.9634388727763727E7
0                         4.959183673469387E-7     4.5459183673469424E-8    7442924.442781926+3664983.028394371i              1.9528816168272413E7
0                         4.959183673469387E-7     6.364285714285713E-8     7990702.320962636+3710741.8383032423i             1.9564994876155287E7
0                         4.959183673469387E-7     8.182653061224494E-8     7755240.241833326+3615743.9492972638i             1.9299664705152456E7
0                         4.959183673469387E-7     1.0001020408163265E-7    7602026.138250554+3586509.586121282i              1.896156978812152E7
0                         4.959183673469387E-7     1.1819387755102046E-7    7430364.860635705+3548224.0870362464i             1.85458051574024E7
0                         4.959183673469387E-7     1.3637755102040816E-7    7240256.408988783+3500887.4520421554i             1.805247281240226E7
0                         4.959183673469387E-7     1.5456122448979587E-7    7031700.783309787+3444499.681139011i              1.7481783664880548E7
0                         4.959183673469387E-7     1.7274489795918368E-7    6761150.081156972+3389346.9711900814i             1.6753752674856132E7
0                         4.959183673469387E-7     1.909285714285714E-7     6574430.056943036+3336239.1775738853i             1.6099530282701219E7
0                         4.959183673469387E-7     2.091122448979592E-7     6171835.167335542+3097579.0723105753i             1.5317291237157589E7
0                         4.959183673469387E-7     2.272959183673469E-7     5845622.343337104+2936921.08799807i               1.4456731969228745E7
0                         4.959183673469387E-7     2.454795918367347E-7     5503664.889774867+2768174.9572004i                1.3531155441151034E7
0                         4.959183673469387E-7     2.636632653061224E-7     5145962.806648841+2591340.6799175693i             1.2541561469929487E7
0                         4.959183673469387E-7     2.8184693877551024E-7    4470394.645964327+2398834.4173792545i             1.170875855807576E7
0                         4.959183673469387E-7     3.0003061224489794E-7    4541973.023177192+2224328.677335081i              1.0240686244490625E7
0                         4.959183673469387E-7     3.1821428571428575E-7    3753296.4916906217+2006138.4083264647i            9079435.387863524
0                         4.959183673469387E-7     3.3639795918367346E-7    3177973.4127986124+1718349.074626054i             7992604.135748108
0                         4.959183673469387E-7     3.5458163265306127E-7    2597919.085245176+1427662.8522503676i             6890398.904012759
0                         4.959183673469387E-7     3.72765306122449E-7      2013133.5090303172+1134079.741199409i             5782005.247087093
0                         4.959183673469387E-7     3.909489795918368E-7     1423616.6841540283+837599.7414731719i             4685973.60621582
0                         4.959183673469387E-7     4.091326530612245E-7     829368.6106163147+538222.8530716617i              3644092.423365895
0                         4.959183673469387E-7     4.273163265306122E-7     300376.5241477203+322309.9525589044i              2684373.1129424805
0                         4.959183673469387E-7     4.455E-7                 -27884.832371437074-7440.043492393182i            2093553.209077077
0                         5.124489795918367E-7     -4.455E-7                37249.340796717646+8217.326598394335i             2016825.5858171447
0                         5.124489795918367E-7     -4.2731632653061225E-7   709038.0941419917+242637.0566169536i              2478713.7862168304
0                         5.124489795918367E-7     -4.091326530612245E-7    1156607.778235902+524737.7884849916i              3371487.622036878
0                         5.124489795918367E-7     -3.9094897959183674E-7   1420032.8781958204+770018.4187832384i             4752426.319907172
0                         5.124489795918367E-7     -3.72765306122449E-7     1953285.4082976799+1048518.7482050849i            5817727.446582941
0                         5.124489795918367E-7     -3.545816326530612E-7    2476987.4533632714+1321403.502723921i             6888260.45167839
0                         5.124489795918367E-7     -3.3639795918367346E-7   3058904.7482829737+1602953.8123044083i            8112978.43661089
0                         5.124489795918367E-7     -3.1821428571428575E-7   3658210.0608464065+1892105.9468581453i            9410746.14129054
0                         5.124489795918367E-7     -3.0003061224489794E-7   4012298.5534553872+2113134.309109267i             1.0434920848356249E7
0                         5.124489795918367E-7     -2.8184693877551024E-7   4227080.007117894+2237977.053459432i              1.1390321648353303E7
0                         5.124489795918367E-7     -2.636632653061224E-7    4706457.355652713+2433498.9009411293i             1.2445667634464448E7
0                         5.124489795918367E-7     -2.454795918367347E-7    5231177.669135835+2553296.304883345i              1.3472594396984473E7
0                         5.124489795918367E-7     -2.2729591836734696E-7   5580429.669468226+2709300.767380893i              1.4333004432406364E7
0                         5.124489795918367E-7     -2.091122448979592E-7    5915152.263797044+2858461.892854752i              1.5126529987494277E7
0                         5.124489795918367E-7     -1.9092857142857144E-7   6235345.45212229+3000779.681304925i               1.5852789497295054E7
0                         5.124489795918367E-7     -1.7274489795918368E-7   6535684.096182611+3139352.172710908i              1.655667400610847E7
0                         5.124489795918367E-7     -1.5456122448979592E-7   6797000.245300274+3232645.95352132i               1.7228283586106755E7
0                         5.124489795918367E-7     -1.3637755102040816E-7   7040166.106461386+3317835.3081848766i             1.782863209947386E7
0                         5.124489795918367E-7     -1.181938775510204E-7    7265181.679665944+3394920.236701584i              1.835756373799606E7
0                         5.124489795918367E-7     -1.0001020408163265E-7   7309952.463538384+3464915.512222842i              1.905708837795764E7
0                         5.124489795918367E-7     -8.182653061224489E-8    7240874.44806734+3465708.2034681477i              1.9018186190973375E7
0                         5.124489795918367E-7     -6.364285714285713E-8    7331420.562569199+3493852.702715743i              1.933831413071307E7
0                         5.124489795918367E-7     -4.545918367346937E-8    7417802.487529881+3526704.4487774326i             1.958051792064209E7
0                         5.124489795918367E-7     -2.7275510204081612E-8   7480862.777818584+3548300.690357263i              1.974289281218527E7
0                         5.124489795918367E-7     -9.091836734693906E-9    7520601.433435308+3558641.4274552367i             1.9825396316177294E7
0                         5.124489795918367E-7     9.091836734693853E-9     7537018.454380052+3557726.660071349i              1.9828023037598398E7
0                         5.124489795918367E-7     2.7275510204081612E-8    7530113.840652822+3545556.3882056065i             1.975080368269301E7
0                         5.124489795918367E-7     4.5459183673469424E-8    7531590.678552091+3526664.0478540873i             1.963873276435523E7
0                         5.124489795918367E-7     6.364285714285713E-8     7340136.045120614+3494002.0103153912i             1.9342439971417252E7
0                         5.124489795918367E-7     8.182653061224494E-8     7211832.122781011+3466670.7778480025i             1.9076902124375295E7
0                         5.124489795918367E-7     1.0001020408163265E-7    7070805.7495458005+3417359.2768313894i            1.87668164556177E7
0                         5.124489795918367E-7     1.1819387755102046E-7    6909892.500054874+3358616.118430705i              1.8378375471697807E7
0                         5.124489795918367E-7     1.3637755102040816E-7    6729092.374308172+3290441.3026459413i             1.791162050606632E7
0                         5.124489795918367E-7     1.5456122448979587E-7    6528405.372305758+3212834.829477106i              1.7366682649358075E7
0                         5.124489795918367E-7     1.7274489795918368E-7    6338291.718927773+3123681.957190078i              1.6644185663730858E7
0                         5.124489795918367E-7     1.909285714285714E-7     6130832.862611081+3030754.30251067i               1.59829214885265E7
0                         5.124489795918367E-7     2.091122448979592E-7     6023567.315379218+2917030.4627329106i             1.5269635849199358E7
0                         5.124489795918367E-7     2.272959183673469E-7     5784533.573002905+2729941.1731002377i             1.4446486803454516E7
0                         5.124489795918367E-7     2.454795918367347E-7     5353874.862304674+2559886.226226721i              1.351601730333757E7
0                         5.124489795918367E-7     2.636632653061224E-7     4912579.638034804+2384606.855305333i              1.2523860961945718E7
0                         5.124489795918367E-7     2.8184693877551024E-7    4460647.900193315+2204103.060336075i              1.1471202981840095E7
0                         5.124489795918367E-7     3.0003061224489794E-7    3663801.0050218455+1836594.7619854482i            1.0246776693924518E7
0                         5.124489795918367E-7     3.1821428571428575E-7    3322265.3231321336+1870119.4123751898i            9257281.71879749
0                         5.124489795918367E-7     3.3639795918367346E-7    2899358.1089396975+1608204.9664596764i            8062130.507013502
0                         5.124489795918367E-7     3.5458163265306127E-7    2467086.8961606114+1341613.159629791i             6856300.814258118
0                         5.124489795918367E-7     3.72765306122449E-7      2025451.6847948777+1070343.991885535i             5650030.516176238
0                         5.124489795918367E-7     3.909489795918368E-7     1574452.4748424925+794397.4632269044i             4465072.244679999
0                         5.124489795918367E-7     4.091326530612245E-7     1114089.2663034587+513773.5736539024i             3354405.197705073
0                         5.124489795918367E-7     4.273163265306122E-7     644362.0591777759+228472.32316652924i             2464459.7828325056
0                         5.124489795918367E-7     4.455E-7                 -37249.34079672131-8217.326598398053i             2015491.2130590912
0                         5.289795918367346E-7     -4.455E-7                46613.84922200212+8994.609704399545i              1927283.3465928903
0                         5.289795918367346E-7     -4.2731632653061225E-7   739521.6313935628+162294.58277061838i             2485306.414540917
0                         5.289795918367346E-7     -4.091326530612245E-7    1175133.192392075+436466.1395527482i              3364405.9619795494
0                         5.289795918367346E-7     -3.9094897959183674E-7   1367533.9470674316+689334.180169017i              4342848.724921101
0                         5.289795918367346E-7     -3.72765306122449E-7     1816739.1063234098+916519.5836716502i             5481276.255644655
0                         5.289795918367346E-7     -3.545816326530612E-7    2290327.586689538+1160464.696114314i              6696314.283136485
0                         5.289795918367346E-7     -3.3639795918367346E-7   2743272.349238582+1382621.4489193293i             7862056.107845918
0                         5.289795918367346E-7     -3.1821428571428575E-7   3189136.9326895257+1601832.6708447344i            9012052.173824115
0                         5.289795918367346E-7     -3.0003061224489794E-7   3627921.337042368+1818098.3618905335i             1.014116648641939E7
0                         5.289795918367346E-7     -2.8184693877551024E-7   4305341.868808815+2114615.9476884706i             1.140446073750049E7
0                         5.289795918367346E-7     -2.636632653061224E-7    4715929.964404724+2284172.6575761735i             1.2372545437569687E7
0                         5.289795918367346E-7     -2.454795918367347E-7    5077575.586983066+2444403.1439854717i             1.3281342091428906E7
0                         5.289795918367346E-7     -2.2729591836734696E-7   5424691.803557828+2597790.293371083i              1.4124304755710222E7
0                         5.289795918367346E-7     -2.091122448979592E-7    5757278.614129022+2744334.105733007i              1.4900750999489486E7
0                         5.289795918367346E-7     -1.9092857142857144E-7   6075336.0186966285+2884034.5810712436i            1.561029941727158E7
0                         5.289795918367346E-7     -1.7274489795918368E-7   6369297.14844385+2988236.3008054313i              1.635173711834291E7
0                         5.289795918367346E-7     -1.5456122448979592E-7   6629116.830934631+3079607.8087205393i             1.7012326970317326E7
0                         5.289795918367346E-7     -1.3637755102040816E-7   6737835.996103397+3164563.46041312i               1.777949404011698E7
0                         5.289795918367346E-7     -1.181938775510204E-7    6964972.989993454+3222832.2214228977i             1.8357198645824127E7
0                         5.289795918367346E-7     -1.0001020408163265E-7   6983439.898645175+3208781.4867048385i             1.8773879412244692E7
0                         5.289795918367346E-7     -8.182653061224489E-8    7181122.735472502+3267592.8607641426i             1.9053427362498537E7
0                         5.289795918367346E-7     -6.364285714285713E-8    7581811.238554263+3418278.988041973i              1.9738976169550255E7
0                         5.289795918367346E-7     -4.545918367346937E-8    7680697.361997487+3438948.693157754i              1.9983116916936908E7
0                         5.289795918367346E-7     -2.7275510204081612E-8   7758376.919110613+3450437.6645398834i             2.0150864035286218E7
0                         5.289795918367346E-7     -9.091836734693906E-9    7814849.909893636+3452745.9021883584i             2.024219209889186E7
0                         5.289795918367346E-7     9.091836734693853E-9     7616027.058307542+3416022.948547686i              1.9948951354615837E7
0                         5.289795918367346E-7     2.7275510204081612E-8    7609130.573415317+3403856.0450623315i             1.987185487094178E7
0                         5.289795918367346E-7     4.5459183673469424E-8    7347497.025707094+3359520.217538053i              1.9513913573026426E7
0                         5.289795918367346E-7     6.364285714285713E-8     7251750.063946199+3343289.4696654775i             1.9275302216808043E7
0                         5.289795918367346E-7     8.182653061224494E-8     7123909.018779433+3316731.1653575436i             1.8986524677821003E7
0                         5.289795918367346E-7     1.0001020408163265E-7    6983824.732924706+3268819.5522916256i             1.8680608026134897E7
0                         5.289795918367346E-7     1.1819387755102046E-7    6823853.57081424+3211476.2818416334i              1.8296506541564763E7
0                         5.289795918367346E-7     1.3637755102040816E-7    6643995.532448026+3144701.354007565i              1.7834251109811705E7
0                         5.289795918367346E-7     1.5456122448979587E-7    6444250.6178260725+3068494.7687894218i            1.7293966030122694E7
0                         5.289795918367346E-7     1.7274489795918368E-7    6267827.768828539+2984521.2994173i                1.6563223418865409E7
0                         5.289795918367346E-7     1.909285714285714E-7     6062059.492873196+2893332.0546215056i             1.59074558698874E7
0                         5.289795918367346E-7     2.091122448979592E-7     5795101.299901888+2766219.6252572606i             1.5098561390060373E7
0                         5.289795918367346E-7     2.272959183673469E-7     5535148.125129711+2630568.7108891625i             1.4240605377215495E7
0                         5.289795918367346E-7     2.454795918367347E-7     5105454.1133644665+2462488.089152991i             1.3330923462896653E7
0                         5.289795918367346E-7     2.636632653061224E-7     4665123.588027606+2289183.0433689514i             1.2359941955423193E7
0                         5.289795918367346E-7     2.8184693877551024E-7    4219784.3369600205+2095998.7795775533i            1.1394762398127127E7
0                         5.289795918367346E-7     3.0003061224489794E-7    3842418.1418073764+1898351.1973767127i            1.0271926139777465E7
0                         5.289795918367346E-7     3.1821428571428575E-7    3156928.012854234+1582801.4529784238i             8964388.14007792
0                         5.289795918367346E-7     3.3639795918367346E-7    2723303.7769111833+1365694.1498740201i            7803207.936906466
0                         5.289795918367346E-7     3.5458163265306127E-7    2284265.494640061+1145833.4447357054i             6636595.251046789
0                         5.289795918367346E-7     3.72765306122449E-7      1839813.1660408725+923219.3375634811i             5474049.961469743
0                         5.289795918367346E-7     3.909489795918368E-7     1389946.791113613+697851.8283573451i              4335534.519946721
0                         5.289795918367346E-7     4.091326530612245E-7     934666.3698582876+469730.9171173002i              3268947.4631320066
0                         5.289795918367346E-7     4.273163265306122E-7     673389.2576344942+159967.2017578844i              2460956.293878627
0                         5.289795918367346E-7     4.455E-7                 -46613.849222005476-8994.609704402914i            1929232.5600260203
0                         5.455102040816326E-7     -4.455E-7                -2534.248177041599-2075.4540902831623i            2076608.238399764
0                         5.455102040816326E-7     -4.2731632653061225E-7   457046.6741573184+227425.94466719183i             2408086.965426078
0                         5.455102040816326E-7     -4.091326530612245E-7    911997.2868811904+454759.5337252334i              3240648.5214823093
0                         5.455102040816326E-7     -3.9094897959183674E-7   1397167.642479063+690700.5605391432i              4366938.231869894
0                         5.455102040816326E-7     -3.72765306122449E-7     1861275.9627819692+914850.8172852928i             5495720.698541925
0                         5.455102040816326E-7     -3.545816326530612E-7    2318304.1039867736+1136055.5431518345i            6639150.911668787
0                         5.455102040816326E-7     -3.3639795918367346E-7   2768252.0660934756+1354314.7381387684i            7776757.407808166
0                         5.455102040816326E-7     -3.1821428571428575E-7   3211119.8491020785+1569628.402246092i             8898838.242797822
0                         5.455102040816326E-7     -3.0003061224489794E-7   3740607.2319061677+1818623.6534822916i            1.0104040507909551E7
0                         5.455102040816326E-7     -2.8184693877551024E-7   4165725.0512623643+2010022.974208618i             1.1225428685279224E7
0                         5.455102040816326E-7     -2.636632653061224E-7    4564463.666009584+2177896.809790235i              1.2206219086913168E7
0                         5.455102040816326E-7     -2.454795918367347E-7    4923973.504830299+2335509.983087598i              1.3097234665853132E7
0                         5.455102040816326E-7     -2.2729591836734696E-7   5268953.937647435+2486279.819361273i              1.3922867953812871E7
0                         5.455102040816326E-7     -2.091122448979592E-7    5599404.964460992+2630206.3186112614i             1.4682415337461565E7
0                         5.455102040816326E-7     -1.9092857142857144E-7   5926436.6968846405+2739566.7677332973i            1.5439714075841704E7
0                         5.455102040816326E-7     -1.7274489795918368E-7   6202910.2007050915+2837120.428899955i             1.6160017340378683E7
0                         5.455102040816326E-7     -1.5456122448979592E-7   6360199.717209397+2910637.7723498303i             1.698311101083584E7
0                         5.455102040816326E-7     -1.3637755102040816E-7   6605530.72522142+2976266.1486934912i              1.762052808537936E7
0                         5.455102040816326E-7     -1.181938775510204E-7    6652608.390637606+3003119.32047121i               1.8091970292970385E7
0                         5.455102040816326E-7     -1.0001020408163265E-7   6831956.036773808+3066162.1544781653i             1.853625928831945E7
0                         5.455102040816326E-7     -8.182653061224489E-8    7014937.65958385+3120632.1906548054i              1.8826820719392695E7
0                         5.455102040816326E-7     -6.364285714285713E-8    7115658.994005982+3163774.8877483164i             1.9466846677967593E7
0                         5.455102040816326E-7     -4.545918367346937E-8    7372793.100440525+3260368.385426381i              1.970003513324843E7
0                         5.455102040816326E-7     -2.7275510204081612E-8   7449641.638702007+3271412.958344449i              1.986612970665866E7
0                         5.455102040816326E-7     -9.091836734693906E-9    7505283.61063339+3273276.797528863i               1.9955903594417173E7
0                         5.455102040816326E-7     9.091836734693853E-9     7539719.016234673+3265959.9029796263i             1.996936813916875E7
0                         5.455102040816326E-7     2.7275510204081612E-8    7384948.1199773075+3227009.5015710187i            1.9798834147950638E7
0                         5.455102040816326E-7     4.5459183673469424E-8    7372537.643954027+3198786.6461287215i             1.9660478968944337E7
0                         5.455102040816326E-7     6.364285714285713E-8     7163364.082771765+3192576.929015561i              1.9214593393860336E7
0                         5.455102040816326E-7     8.182653061224494E-8     7046121.736043076+3167926.0330238687i             1.8905810095438708E7
0                         5.455102040816326E-7     1.0001020408163265E-7    6896843.716303608+3120279.8277518614i             1.8600548616040524E7
0                         5.455102040816326E-7     1.1819387755102046E-7    6737814.641573614+3064336.445252563i              1.8220757522539906E7
0                         5.455102040816326E-7     1.3637755102040816E-7    6558898.69058787+2998961.4053691877i              1.7763015866545748E7
0                         5.455102040816326E-7     1.5456122448979587E-7    6360095.863346389+2924154.7081017396i             1.7227444454500318E7
0                         5.455102040816326E-7     1.7274489795918368E-7    6197363.8187293+2845360.6416445216i               1.6490579867255643E7
0                         5.455102040816326E-7     1.909285714285714E-7     5935543.713559944+2719053.6425666893i             1.5775998481801353E7
0                         5.455102040816326E-7     2.091122448979592E-7     5566635.284424566+2615408.7877816116i             1.4940638801083554E7
0                         5.455102040816326E-7     2.272959183673469E-7     5181961.8392521795+2504208.3309751446i            1.40493216282326E7
0                         5.455102040816326E-7     2.454795918367347E-7     4857033.364424272+2365089.952079263i              1.3156217449745987E7
0                         5.455102040816326E-7     2.636632653061224E-7     4456755.763188476+2181367.565946045i              1.220272171136724E7
0                         5.455102040816326E-7     2.8184693877551024E-7    4101585.3834015136+1980780.3599330357i            1.1220142424703458E7
0                         5.455102040816326E-7     3.0003061224489794E-7    3727777.9539001044+1788997.752793628i             1.0122458791987106E7
0                         5.455102040816326E-7     3.1821428571428575E-7    3368219.5535985744+1622597.8423571684i            8965926.00762721
0                         5.455102040816326E-7     3.3639795918367346E-7    2811246.0546421474+1381086.0240749677i            7992254.949264164
0                         5.455102040816326E-7     3.5458163265306127E-7    2259989.1219890425+1120656.3188147407i            6502227.796508528
0                         5.455102040816326E-7     3.72765306122449E-7      1819326.2398827793+902446.9499376705i             5370571.8184919115
0                         5.455102040816326E-7     3.909489795918368E-7     1373249.3114484455+681484.1790266874i             4264307.321399058
0                         5.455102040816326E-7     4.091326530612245E-7     921758.3366860462+457768.0060817966i              3231956.7301719165
0                         5.455102040816326E-7     4.273163265306122E-7     464853.3155955779+231298.4311029949i              2402469.782384543
0                         5.455102040816326E-7     4.455E-7                 2534.2481770386034+2075.4540902820254i            2076244.0999279716
0                         5.620408163265306E-7     -4.455E-7                2794.8920093487336+1077.9803549135497i            2088525.3560067478
0                         5.620408163265306E-7     -4.2731632653061225E-7   458860.64859062637+226391.9452689315i             2402934.9036700856
0                         5.620408163265306E-7     -4.091326530612245E-7    962946.0617023167+450888.29340514995i             3324294.269551916
0                         5.620408163265306E-7     -3.9094897959183674E-7   1431137.7606609834+674086.5232128287i             4365341.243019054
0                         5.620408163265306E-7     -3.72765306122449E-7     1892249.2805215456+894339.2221408971i             5467458.352465029
0                         5.620408163265306E-7     -3.545816326530612E-7    2346280.621284008+1111646.3901893566i             6583586.945849422
0                         5.620408163265306E-7     -3.3639795918367346E-7   2793231.78294837+1326008.0273582083i              7693865.1544482
0                         5.620408163265306E-7     -3.1821428571428575E-7   3284879.112610683+1553863.7371582026i             8860831.731750194
0                         5.620408163265306E-7     -3.0003061224489794E-7   3643014.3262744835+1720848.0366138816i            9964945.737492854
0                         5.620408163265306E-7     -2.8184693877551024E-7   4026108.233715912+1905430.000728764i              1.105407885183711E7
0                         5.620408163265306E-7     -2.636632653061224E-7    4412997.367614446+2071620.962004296i              1.2047051597363342E7
0                         5.620408163265306E-7     -2.454795918367347E-7    4770371.422677533+2226616.822189724i              1.292036007434923E7
0                         5.620408163265306E-7     -2.2729591836734696E-7   5113216.071737042+2374769.3453514627i             1.3728807970677368E7
0                         5.620408163265306E-7     -2.091122448979592E-7    5468418.890622642+2486637.354304914i              1.4493169515383549E7
0                         5.620408163265306E-7     -1.9092857142857144E-7   5682650.387937482+2569004.861941228i              1.5385620028144654E7
0                         5.620408163265306E-7     -1.7274489795918368E-7   5968100.647088297+2652229.3023570757i             1.6150621613058873E7
0                         5.620408163265306E-7     -1.5456122448979592E-7   6231625.669222285+2725217.2940346226i             1.684727282292435E7
0                         5.620408163265306E-7     -1.3637755102040816E-7   6307008.246680395+2794220.8894656734i             1.7369221392320685E7
0                         5.620408163265306E-7     -1.181938775510204E-7    6502199.629311457+2862021.2176555595i             1.7865532918950066E7
0                         5.620408163265306E-7     -1.0001020408163265E-7   6680472.174902445+2923542.822251492i              1.8301572674571995E7
0                         5.620408163265306E-7     -8.182653061224489E-8    6848752.583695201+2973671.520545468i              1.8604683799591467E7
0                         5.620408163265306E-7     -6.364285714285713E-8    6922704.299997842+3007702.852639097i              1.917515441752095E7
0                         5.620408163265306E-7     -4.545918367346937E-8    7064888.838883552+3081788.0776950074i             1.9424774952834867E7
0                         5.620408163265306E-7     -2.7275510204081612E-8   7140906.358293396+3092388.252149013i              1.9589177933609016E7
0                         5.620408163265306E-7     -9.091836734693906E-9    7195717.311373144+3093807.692869367i              1.967741378654543E7
0                         5.620408163265306E-7     9.091836734693853E-9     7101577.821224867+3079768.9208845547i             1.9609202139519755E7
0                         5.620408163265306E-7     2.7275510204081612E-8    7109426.538554102+3059677.8165502027i             1.9542418845650066E7
0                         5.620408163265306E-7     4.5459183673469424E-8    7096617.513752815+3031615.166421176i              1.9405254199442063E7
0                         5.620408163265306E-7     6.364285714285713E-8     7063150.7468209835+2995580.970497478i             1.9197767013751086E7
0                         5.620408163265306E-7     8.182653061224494E-8     6959624.360705199+3018502.5936388792i             1.88540031156613E7
0                         5.620408163265306E-7     1.0001020408163265E-7    6809862.699682508+2971740.103212096i              1.852661421342042E7
0                         5.620408163265306E-7     1.1819387755102046E-7    6651775.712332979+2917196.6086634905i             1.815109614570323E7
0                         5.620408163265306E-7     1.3637755102040816E-7    6473801.848727717+2853221.4567308105i             1.7697874078027952E7
0                         5.620408163265306E-7     1.5456122448979587E-7    6275941.10886671+2779814.6474140566i              1.716706843287523E7
0                         5.620408163265306E-7     1.7274489795918368E-7    6054784.464139642+2658984.572937157i              1.6378514686654609E7
0                         5.620408163265306E-7     1.909285714285714E-7     5704359.374561951+2565569.062632253i              1.5615305556821158E7
0                         5.620408163265306E-7     2.091122448979592E-7     5338169.268947241+2464597.95030596i               1.4795916452975823E7
0                         5.620408163265306E-7     2.272959183673469E-7     4956214.147295516+2356071.235958279i              1.3920793205097523E7
0                         5.620408163265306E-7     2.454795918367347E-7     4628444.837804157+2226606.9318782175i             1.2932729855206404E7
0                         5.620408163265306E-7     2.636632653061224E-7     4336025.936052604+2063231.0041152881i             1.2014834591530954E7
0                         5.620408163265306E-7     2.8184693877551024E-7    3983386.429843007+1865561.9402885186i             1.1054363969634622E7
0                         5.620408163265306E-7     3.0003061224489794E-7    3613137.7659928263+1679644.3082105406i            9982158.47596584
0                         5.620408163265306E-7     3.1821428571428575E-7    3255596.5420525256+1516223.5885660136i            8848595.743013121
0                         5.620408163265306E-7     3.3639795918367346E-7    2778918.19575594+1321118.95900471i                7834122.072309151
0                         5.620408163265306E-7     3.5458163265306127E-7    2334464.9926084527+1114549.9325254373i            6675338.088109499
0                         5.620408163265306E-7     3.72765306122449E-7      1883412.6087450392+905428.2086161154i             5514197.720338519
0                         5.620408163265306E-7     3.909489795918368E-7     1356551.8317832774+665116.5296960305i             4191936.397627006
0                         5.620408163265306E-7     4.091326530612245E-7     908850.3035138042+445805.09504629293i             3192459.874089278
0                         5.620408163265306E-7     4.273163265306122E-7     455734.7289162617+223740.2583626449i              2395946.938556775
0                         5.620408163265306E-7     4.455E-7                 -2794.892009351788-1077.9803549146807i            2088583.0492258635
0                         5.785714285714285E-7     -4.455E-7                8124.032195739038+4231.414800110246i              2094323.2898211011
0                         5.785714285714285E-7     -4.2731632653061225E-7   527637.9027121566+215925.61102771416i             2500345.962671303
0                         5.785714285714285E-7     -4.091326530612245E-7    999912.9803265788+438171.8138969167i              3344277.9643897265
0                         5.785714285714285E-7     -3.9094897959183674E-7   1465107.8788429024+657472.485886514i              4363060.8411140265
0                         5.785714285714285E-7     -3.72765306122449E-7     1923222.5982611226+873827.6269965016i             5439702.558737263
0                         5.785714285714285E-7     -3.545816326530612E-7    2374257.1385812424+1087237.2372268785i            6529511.484385077
0                         5.785714285714285E-7     -3.3639795918367346E-7   2825693.2345506307+1293010.257457188i             7654328.456915644
0                         5.785714285714285E-7     -3.1821428571428575E-7   3188881.3368691844+1458988.3159930464i            8753923.460939359
0                         5.785714285714285E-7     -3.0003061224489794E-7   3545421.4206428044+1623072.4197454748i            9834643.269997044
0                         5.785714285714285E-7     -2.8184693877551024E-7   3895313.4858714845+1785262.5687144715i            1.0893439359740559E7
0                         5.785714285714285E-7     -2.636632653061224E-7    4319670.61419719+1951122.737533845i               1.1771243531862684E7
0                         5.785714285714285E-7     -2.454795918367347E-7    4638067.877255534+2095451.2105975875i             1.2709856907990696E7
0                         5.785714285714285E-7     -2.2729591836734696E-7   4940350.138853047+2231926.0046640947i             1.3587555766923891E7
0                         5.785714285714285E-7     -2.091122448979592E-7    5257894.51246731+2298753.994685129i               1.4459868718753086E7
0                         5.785714285714285E-7     -1.9092857142857144E-7   5561538.785740088+2389338.0504348604i             1.5282677146645067E7
0                         5.785714285714285E-7     -1.7274489795918368E-7   5718685.510607522+2503249.647721458i              1.5997750075793874E7
0                         5.785714285714285E-7     -1.5456122448979592E-7   5946639.466773523+2582086.1936882297i             1.660580222005816E7
0                         5.785714285714285E-7     -1.3637755102040816E-7   6157674.585899443+2654644.0160610466i             1.715393246418051E7
0                         5.785714285714285E-7     -1.181938775510204E-7    6351790.867985302+2720923.1148399105i             1.764199642685717E7
0                         5.785714285714285E-7     -1.0001020408163265E-7   6556777.8484182+2786814.530272781i                1.7999837197413888E7
0                         5.785714285714285E-7     -8.182653061224489E-8    6701232.836524736+2839340.52170476i               1.8560405656079505E7
0                         5.785714285714285E-7     -6.364285714285713E-8    6729749.6059897+2851630.8175298776i               1.8888589624724545E7
0                         5.785714285714285E-7     -4.545918367346937E-8    6738295.847426477+2856441.2132969676i             1.914980799186383E7
0                         5.785714285714285E-7     -2.7275510204081612E-8   6832171.077884789+2913363.5459535792i             1.93203722760841E7
0                         5.785714285714285E-7     -9.091836734693906E-9    6798346.877897935+2924236.383776879i              1.9353935316250466E7
0                         5.785714285714285E-7     9.091836734693853E-9     6826454.788579679+2912277.030550469i              1.9358703243421353E7
0                         5.785714285714285E-7     2.7275510204081612E-8    6833904.957130896+2892346.131529387i              1.9293112289414216E7
0                         5.785714285714285E-7     4.5459183673469424E-8    6820697.383551591+2864443.686713632i              1.915718920178178E7
0                         5.785714285714285E-7     6.364285714285713E-8     6786832.067841752+2828569.696103205i              1.8950987242658094E7
0                         5.785714285714285E-7     8.182653061224494E-8     6732309.010001404+2784724.1596981036i             1.8674589158509344E7
0                         5.785714285714285E-7     1.0001020408163265E-7    6611631.508531752+2847446.489980394i              1.830483545941883E7
0                         5.785714285714285E-7     1.1819387755102046E-7    6415259.064540876+2785306.457460382i              1.7829313694009375E7
0                         5.785714285714285E-7     1.3637755102040816E-7    6201311.64978484+2715482.517123385i               1.7281008889735833E7
0                         5.785714285714285E-7     1.5456122448979587E-7    5969789.264263648+2637974.6689694026i             1.6660129757089142E7
0                         5.785714285714285E-7     1.7274489795918368E-7    5820881.801620983+2502826.250543934i              1.6215215847557146E7
0                         5.785714285714285E-7     1.909285714285714E-7     5473175.035563956+2412084.482697816i              1.5467781572180735E7
0                         5.785714285714285E-7     2.091122448979592E-7     5109703.253469913+2313787.1128303087i             1.4664429324638413E7
0                         5.785714285714285E-7     2.272959183673469E-7     4868686.5709331+2210628.958654897i                1.3676089320391597E7
0                         5.785714285714285E-7     2.454795918367347E-7     4575197.6261492185+2071065.324552557i             1.2786243653572364E7
0                         5.785714285714285E-7     2.636632653061224E-7     4264946.49933197+1924563.224110626i               1.1848124504259834E7
0                         5.785714285714285E-7     2.8184693877551024E-7    3865187.4762845025+1750343.5206440007i            1.0897381547828287E7
0                         5.785714285714285E-7     3.0003061224489794E-7    3498497.578085554+1570290.8636274545i             9850901.347058157
0                         5.785714285714285E-7     3.1821428571428575E-7    3142973.53050648+1409849.334774859i               8740216.228171824
0                         5.785714285714285E-7     3.3639795918367346E-7    2781502.8935138364+1247418.6616671446i            7608993.640358
0                         5.785714285714285E-7     3.5458163265306127E-7    2304023.0898183524+1057770.9704309844i            6547810.901513216
0                         5.785714285714285E-7     3.72765306122449E-7      1854856.6620510463+851837.349497468i              5413325.831088365
0                         5.785714285714285E-7     3.909489795918368E-7     1399091.053567809+643351.0311338984i              4298224.966889027
0                         5.785714285714285E-7     4.091326530612245E-7     936726.2643686455+432312.01534028153i             3253080.2018591845
0                         5.785714285714285E-7     4.273163265306122E-7     446616.1422369457+216182.08562229454i             2384299.76443653
0                         5.785714285714285E-7     4.455E-7                 -8124.032195742148-4231.4148001113745i            2094428.6995947813
0                         5.951020408163264E-7     -4.455E-7                13937.691871334908+7435.088651688731i             2112327.0608744645
0                         5.951020408163264E-7     -4.2731632653061225E-7   567601.6217787579+207106.68933756123i             2526905.967359365
0                         5.951020408163264E-7     -4.091326530612245E-7    1036879.898950841+425455.33438868524i             3361920.13924168
0                         5.951020408163264E-7     -3.9094897959183674E-7   1499077.9970248223+640858.4485601988i             4359934.788633843
0                         5.951020408163264E-7     -3.72765306122449E-7     1954195.9160007015+853316.0318521046i             5412327.110126921
0                         5.951020408163264E-7     -3.545816326530612E-7    2363049.597726008+1036063.2143792438i             6489148.249972926
0                         5.951020408163264E-7     -3.3639795918367346E-7   2731290.5886993115+1201035.0319952818i            7579148.940322232
0                         5.951020408163264E-7     -3.1821428571428575E-7   3092883.5611276836+1364112.8948278893i            8655500.663872719
0                         5.951020408163264E-7     -3.0003061224489794E-7   3447828.5150111215+1525296.8028770671i            9713003.29525601
0                         5.951020408163264E-7     -2.8184693877551024E-7   3807166.1056444207+1662066.3054023504i            1.0739693157565633E7
0                         5.951020408163264E-7     -2.636632653061224E-7    4175535.8745867023+1812988.0171387063i            1.1668356198094012E7
0                         5.951020408163264E-7     -2.454795918367347E-7    4490194.96752426+1953938.3700272802i              1.2591256867355201E7
0                         5.951020408163264E-7     -2.2729591836734696E-7   4788739.059000986+2087035.0439186152i             1.3453690480340777E7
0                         5.951020408163264E-7     -2.091122448979592E-7    5140514.133164779+2121964.016583182i              1.4380313001953622E7
0                         5.951020408163264E-7     -1.9092857142857144E-7   5327704.358256133+2283121.192989176i              1.5142938244327888E7
0                         5.951020408163264E-7     -1.7274489795918368E-7   5571502.050916992+2366715.2331388793i             1.5802097219199378E7
0                         5.951020408163264E-7     -1.5456122448979592E-7   5798380.90653779+2444030.5496946285i              1.6401701122346517E7
0                         5.951020408163264E-7     -1.3637755102040816E-7   6008340.925118507+2515067.142656422i              1.6941530658483725E7
0                         5.951020408163264E-7     -1.181938775510204E-7    6201382.106659144+2579825.0120242615i             1.7421443472449828E7
0                         5.951020408163264E-7     -1.0001020408163265E-7   6392374.456584959+2641495.4137249826i             1.779180519992534E7
0                         5.951020408163264E-7     -8.182653061224489E-8    6509173.268733244+2684433.4600894274i             1.8280914585720506E7
0                         5.951020408163264E-7     -6.364285714285713E-8    6536794.91198155+2695558.7824206576i              1.860730375352229E7
0                         5.951020408163264E-7     -4.545918367346937E-8    6544446.027201679+2699204.204693863i              1.8866777804745782E7
0                         5.951020408163264E-7     -2.7275510204081612E-8   6475255.289996504+2760411.890247988i              1.903355540029816E7
0                         5.951020408163264E-7     -9.091836734693906E-9    6523622.39403076+2756584.2881295225i              1.910966691232526E7
0                         5.951020408163264E-7     9.091836734693853E-9     6551331.755934493+2744785.140216383i              1.911553027585716E7
0                         5.951020408163264E-7     2.7275510204081612E-8    6558383.37570769+2725014.4465085724i              1.9051138108114712E7
0                         5.951020408163264E-7     4.5459183673469424E-8    6544777.253350373+2697272.2070060875i             1.8916510681630347E7
0                         5.951020408163264E-7     6.364285714285713E-8     6510513.388862521+2661558.421708931i              1.871169716099562E7
0                         5.951020408163264E-7     8.182653061224494E-8     6455591.78224416+2617873.090617101i               1.8436778529620502E7
0                         5.951020408163264E-7     1.0001020408163265E-7    6334439.784650998+2582379.9880120065i             1.798995449370987E7
0                         5.951020408163264E-7     1.1819387755102046E-7    6145623.078699319+2611148.3170443936i             1.7534458384282686E7
0                         5.951020408163264E-7     1.3637755102040816E-7    5931894.115855566+2542130.54184015i               1.6990722461434864E7
0                         5.951020408163264E-7     1.5456122448979587E-7    5817926.390314387+2424435.1724849306i             1.6464281239339113E7
0                         5.951020408163264E-7     1.7274489795918368E-7    5586979.139102325+2346667.9281507125i             1.6065143504090581E7
0                         5.951020408163264E-7     1.909285714285714E-7     5241990.696565965+2258599.9027633793i             1.5333468995850617E7
0                         5.951020408163264E-7     2.091122448979592E-7     5084025.08114927+2180421.595665617i               1.4348050315423261E7
0                         5.951020408163264E-7     2.272959183673469E-7     4811368.8388384655+2051441.8896160526i            1.352388110115329E7
0                         5.951020408163264E-7     2.454795918367347E-7     4521950.414494283+1915523.717226897i              1.2651038046597922E7
0                         5.951020408163264E-7     2.636632653061224E-7     4215769.808116734+1772667.0784981488i             1.1730095239527442E7
0                         5.951020408163264E-7     2.8184693877551024E-7    3892827.019705808+1622871.973429807i              1.0761903217102643E7
0                         5.951020408163264E-7     3.0003061224489794E-7    3383857.390178279+1460937.4190443684i             9728556.631318782
0                         5.951020408163264E-7     3.1821428571428575E-7    3030350.5189604335+1303475.080983704i             8640628.434804644
0                         5.951020408163264E-7     3.3639795918367346E-7    2670897.058329015+1144023.598667921i              7532206.935317
0                         5.951020408163264E-7     3.5458163265306127E-7    2273581.1870282516+1000992.0083365322i            6424260.351839041
0                         5.951020408163264E-7     3.72765306122449E-7      1826300.7153570526+798246.4903788192i             5315687.505053302
0                         5.951020408163264E-7     3.909489795918368E-7     1372421.0629699235+592948.2749910543i             4227372.340916118
0                         5.951020408163264E-7     4.091326530612245E-7     911942.2298668667+385097.36217324063i             3210200.008687034
0                         5.951020408163264E-7     4.273163265306122E-7     444864.2160478825+174693.75192537677i             2399375.853343328
0                         5.951020408163264E-7     4.455E-7                 -13937.691871338391-7435.088651689792i            2135341.0613224553
0                         6.116326530612245E-7     -4.455E-7                20168.678651369843+10367.078747015961i            2099319.350848774
0                         6.116326530612245E-7     -4.2731632653061225E-7   540644.7019078878+227527.12685554533i             2453922.4695473174
0                         6.116326530612245E-7     -4.091326530612245E-7    1073846.817575104+412738.8548804526i              3377128.0328397322
0                         6.116326530612245E-7     -3.9094897959183674E-7   1533048.1152067408+624244.411233884i              4355855.712038805
0                         6.116326530612245E-7     -3.72765306122449E-7     1896948.2021368141+783022.607924371i              5374357.469367087
0                         6.116326530612245E-7     -3.545816326530612E-7    2270242.081764875+946988.18462059i                6445296.675933478
0                         6.116326530612245E-7     -3.3639795918367346E-7   2636887.9428479974+1109059.806533376i             7512153.525833039
0                         6.116326530612245E-7     -3.1821428571428575E-7   2996885.785386186+1269237.4736627326i             8565393.142776357
0                         6.116326530612245E-7     -3.0003061224489794E-7   3367239.635338459+1401698.8135922728i             9556933.977973733
0                         6.116326530612245E-7     -2.8184693877551024E-7   3723069.53179129+1546163.7314869321i              1.05878227056859E7
0                         6.116326530612245E-7     -2.636632653061224E-7    4055186.3597833575+1680593.1246501938i            1.1573458106178287E7
0                         6.116326530612245E-7     -2.454795918367347E-7    4342322.057792986+1812425.5294569705i             1.2481341589119973E7
0                         6.116326530612245E-7     -2.2729591836734696E-7   4705026.689362355+1850107.2008020382i             1.3445099391884033E7
0                         6.116326530612245E-7     -2.091122448979592E-7    4921954.569955104+2059756.473484988i              1.4249202452390773E7
0                         6.116326530612245E-7     -1.9092857142857144E-7   5181595.999110822+2148108.0078176213i             1.4958770986937841E7
0                         6.116326530612245E-7     -1.7274489795918368E-7   5424318.591226474+2230180.818556301i              1.5609313629089173E7
0                         6.116326530612245E-7     -1.5456122448979592E-7   5650122.346302053+2305974.905701026i              1.6200496541755384E7
0                         6.116326530612245E-7     -1.3637755102040816E-7   5859007.264337558+2375490.2692517964i             1.6732094533141742E7
0                         6.116326530612245E-7     -1.181938775510204E-7    6050973.345332994+2438726.9092086125i             1.7203964612243325E7
0                         6.116326530612245E-7     -1.0001020408163265E-7   6227971.064751728+2496176.2971771844i             1.7588261197903983E7
0                         6.116326530612245E-7     -8.182653061224489E-8    6317113.700941757+2529526.398474093i              1.8006892539127067E7
0                         6.116326530612245E-7     -6.364285714285713E-8    6343840.217973417+2539486.7473114375i             1.83314570270388E7
0                         6.116326530612245E-7     -4.545918367346937E-8    6350596.206976883+2541967.196090757i              1.8589202265413605E7
0                         6.116326530612245E-7     -2.7275510204081612E-8   6373669.8415893065+2558064.6961839683i            1.8774912937815778E7
0                         6.116326530612245E-7     -9.091836734693906E-9    6388108.650076131+2571085.529004172i              1.8862918093402073E7
0                         6.116326530612245E-7     9.091836734693853E-9     6381359.588381235+2576613.117384989i              1.8881253625917092E7
0                         6.116326530612245E-7     2.7275510204081612E-8    6353422.656504596+2574647.4613264184i             1.8829900023959972E7
0                         6.116326530612245E-7     4.5459183673469424E-8    6268857.123149144+2530100.7272985433i             1.8683450076757167E7
0                         6.116326530612245E-7     6.364285714285713E-8     6234194.70988329+2494547.147314656i               1.8480133995546244E7
0                         6.116326530612245E-7     8.182653061224494E-8     6178874.554486894+2451022.0215360974i             1.82068585053911E7
0                         6.116326530612245E-7     1.0001020408163265E-7    6040986.603014459+2412236.974988351i              1.7685327876098573E7
0                         6.116326530612245E-7     1.1819387755102046E-7    5875987.092857745+2436990.1766284015i             1.724866039982745E7
0                         6.116326530612245E-7     1.3637755102040816E-7    5775578.843229627+2334980.891996719i              1.679463711233853E7
0                         6.116326530612245E-7     1.5456122448979587E-7    5526331.217162125+2260294.290034728i              1.6167013587101001E7
0                         6.116326530612245E-7     1.7274489795918368E-7    5353076.476583663+2190509.6057574903i             1.592834906854837E7
0                         6.116326530612245E-7     1.909285714285714E-7     5274460.368452662+2135984.8429103754i             1.4948922863979265E7
0                         6.116326530612245E-7     2.091122448979592E-7     5022636.82861493+2017589.064913589i               1.4190274596014582E7
0                         6.116326530612245E-7     2.272959183673469E-7     4754051.106743819+1892254.820577208i              1.3382754303853083E7
0                         6.116326530612245E-7     2.454795918367347E-7     4171638.9129122896+1829403.531212741i             1.2498831860331526E7
0                         6.116326530612245E-7     2.636632653061224E-7     3875577.853206889+1706204.8481065775i             1.1586546059905022E7
0                         6.116326530612245E-7     2.8184693877551024E-7    3563041.4702085974+1576579.1121024364i            1.0627377322828358E7
0                         6.116326530612245E-7     3.0003061224489794E-7    3217631.2829764443+1438502.2270218553i            9616165.853608606
0                         6.116326530612245E-7     3.1821428571428575E-7    2917727.507414383+1197100.827192549i              8549667.152987106
0                         6.116326530612245E-7     3.3639795918367346E-7    2560291.2231441936+1040628.5356686956i            7463992.562213965
0                         6.116326530612245E-7     3.5458163265306127E-7    2196908.349460425+882167.0998897246i              6364523.504707446
0                         6.116326530612245E-7     3.72765306122449E-7      1797744.7686630597+744655.6312601692i             5221216.355776234
0                         6.116326530612245E-7     3.909489795918368E-7     1345751.072372038+542545.5188482094i              4158723.6525841192
0                         6.116326530612245E-7     4.091326530612245E-7     887158.1953650885+337882.7090061996i              3168217.796025178
0                         6.116326530612245E-7     4.273163265306122E-7     421966.1376422108+130667.20173413932i             2383352.3146028095
0                         6.116326530612245E-7     4.455E-7                 -20168.678651373357-10367.07874701698i            2156256.243077617
0                         6.281632653061224E-7     -4.455E-7                26399.665431404756+13299.068842343182i            2080674.253820853
0                         6.281632653061224E-7     -4.2731632653061225E-7   545225.0230356832+227410.02068346675i             2426000.89271644
0                         6.281632653061224E-7     -4.091326530612245E-7    1059781.6070946287+439069.4261590912i             3291879.375181744
0                         6.281632653061224E-7     -3.9094897959183674E-7   1427389.0477830502+533888.4380925708i             4328454.90890791
0                         6.281632653061224E-7     -3.72765306122449E-7     1805735.8160658637+696847.7738689678i             5361459.399498481
0                         6.281632653061224E-7     -3.545816326530612E-7    2177434.565803741+857913.154861935i               6409349.811728197
0                         6.281632653061224E-7     -3.3639795918367346E-7   2542485.2969966806+1017084.5810714698i            7453129.700145296
0                         6.281632653061224E-7     -3.1821428571428575E-7   2900888.0096446853+1174362.0524975755i            8483423.767802224
0                         6.281632653061224E-7     -3.0003061224489794E-7   3286452.026464802+1289511.7909368328i             9432905.21439813
0                         6.281632653061224E-7     -2.8184693877551024E-7   3638972.9579381607+1430261.1575715148i            1.0442521283683121E7
0                         6.281632653061224E-7     -2.636632653061224E-7    3984542.637241974+1557511.9428522405i             1.1426725329904368E7
0                         6.281632653061224E-7     -2.454795918367347E-7    4251040.295696293+1703161.2727583598i             1.2317086670749476E7
0                         6.281632653061224E-7     -2.2729591836734696E-7   4501436.14570441+1833155.489208893i               1.3317934888290938E7
0                         6.281632653061224E-7     -2.091122448979592E-7    4776921.311355004+1926264.5177244577i             1.407686704737009E7
0                         6.281632653061224E-7     -1.9092857142857144E-7   5035487.639965515+2013094.8226460675i             1.4777548127431238E7
0                         6.281632653061224E-7     -1.7274489795918368E-7   5277135.13153596+2093646.4039737228i              1.5419464496913133E7
0                         6.281632653061224E-7     -1.5456122448979592E-7   5501863.786066324+2167919.261707424i              1.6002263670807885E7
0                         6.281632653061224E-7     -1.3637755102040816E-7   5709673.603556616+2235913.3958471706i             1.652571045862159E7
0                         6.281632653061224E-7     -1.181938775510204E-7    5900564.584006839+2297628.806392963i              1.6989658654683024E7
0                         6.281632653061224E-7     -1.0001020408163265E-7   6063567.672918489+2350857.1806293856i             1.738921848145851E7
0                         6.281632653061224E-7     -8.182653061224489E-8    6125054.133150276+2374619.33685876i               1.7738508357176937E7
0                         6.281632653061224E-7     -6.364285714285713E-8    6150885.523965273+2383414.7122022184i             1.806121864464143E7
0                         6.281632653061224E-7     -4.545918367346937E-8    6223081.061752049+2403565.152220817i              1.8336356709592246E7
0                         6.281632653061224E-7     -2.7275510204081612E-8   6276812.757080918+2405123.654838996i              1.8506813087812643E7
0                         6.281632653061224E-7     -9.091836734693906E-9    6291411.824843832+2418443.882282911i              1.8595317500912197E7
0                         6.281632653061224E-7     9.091836734693853E-9     6284823.022425018+2424270.865287439i              1.8614370914159913E7
0                         6.281632653061224E-7     2.7275510204081612E-8    6257046.349824466+2422604.6038525803i             1.856395023611052E7
0                         6.281632653061224E-7     4.5459183673469424E-8    6208081.807042183+2413445.0979783353i             1.844406420877592E7
0                         6.281632653061224E-7     6.364285714285713E-8     6137929.39407816+2396792.3476647013i              1.82547541798614E7
0                         6.281632653061224E-7     8.182653061224494E-8     6055872.46691555+2392405.6215702477i              1.8015684353814013E7
0                         6.281632653061224E-7     1.0001020408163265E-7    6079528.392127848+2247684.3175752684i             1.756117499418571E7
0                         6.281632653061224E-7     1.1819387755102046E-7    5956532.342589835+2206364.305031817i              1.7136457984496355E7
0                         6.281632653061224E-7     1.3637755102040816E-7    5752644.826022109+2228866.8639955027i             1.6625563714576997E7
0                         6.281632653061224E-7     1.5456122448979587E-7    5552954.500768482+2178605.795051092i              1.605216480001275E7
0                         6.281632653061224E-7     1.7274489795918368E-7    5236217.181019556+2142100.5223716185i             1.5507990925840497E7
0                         6.281632653061224E-7     1.909285714285714E-7     5027700.832896987+2031190.327704126i              1.4816670296152307E7
0                         6.281632653061224E-7     2.091122448979592E-7     4692105.155109766+1938092.0761361101i             1.3990618542328736E7
0                         6.281632653061224E-7     2.272959183673469E-7     4433523.1626592465+1832501.5955539274i            1.3190132619184243E7
0                         6.281632653061224E-7     2.454795918367347E-7     4158465.846915827+1720484.0620737695i             1.2341456872804098E7
0                         6.281632653061224E-7     2.636632653061224E-7     3866933.2078795345+1602039.4756956357i            1.144528813724662E7
0                         6.281632653061224E-7     2.8184693877551024E-7    3558925.2455503573+1477167.836419526i             1.050266375782592E7
0                         6.281632653061224E-7     3.0003061224489794E-7    3216746.5457001273+1343807.6348950702i            9504990.635571668
0                         6.281632653061224E-7     3.1821428571428575E-7    2847010.9714280264+1202478.8504789516i            8464027.974382097
0                         6.281632653061224E-7     3.3639795918367346E-7    2449685.3879593727+937233.4726694726i             7404149.173371218
0                         6.281632653061224E-7     3.5458163265306127E-7    2088319.6906368316+781751.2276824325i             6327506.761920396
0                         6.281632653061224E-7     3.72765306122449E-7      1769188.8219690665+691064.7721415214i             5129864.84673591
0                         6.281632653061224E-7     3.909489795918368E-7     1319081.0817741514+492142.76270536415i            4092155.01571662
0                         6.281632653061224E-7     4.091326530612245E-7     862374.1608633108+290668.055839159i               3126920.2150132586
0                         6.281632653061224E-7     4.273163265306122E-7     443390.88600047375+165294.50949870504i            2478258.8303245534
0                         6.281632653061224E-7     4.455E-7                 -26399.665431408273-13299.068842344142i           2171573.711744477
0                         6.446938775510203E-7     -4.455E-7                32630.652211439654+16231.058937670394i            2056442.5178618503
0                         6.446938775510203E-7     -4.2731632653061225E-7   549805.3441634785+227292.91451138817i             2393929.3211271795
0                         6.446938775510203E-7     -4.091326530612245E-7    789608.081099052+323773.55709914083i              3144657.1041124417
0                         6.446938775510203E-7     -3.9094897959183674E-7   1221557.3366546868+487603.7905578592i             4123477.193946403
0                         6.446938775510203E-7     -3.72765306122449E-7     1714523.4299949151+610672.9398135641i             5356229.717014733
0                         6.446938775510203E-7     -3.545816326530612E-7    2084627.04984261+768838.1251032804i               6381050.362999884
0                         6.446938775510203E-7     -3.3639795918367346E-7   2448082.6511453665+925109.3556095649i             7401860.705371996
0                         6.446938775510203E-7     -3.1821428571428575E-7   2847239.0621185866+1036898.3528942831i            8304972.968411804
0                         6.446938775510203E-7     -3.0003061224489794E-7   3205664.4175911434+1177324.768281393i             9314871.60526021
0                         6.446938775510203E-7     -2.8184693877551024E-7   3554876.384085026+1314358.583656097i              1.0303614549025023E7
0                         6.446938775510203E-7     -2.636632653061224E-7    3865334.107569436+1458764.9743862995i             1.1283701161453785E7
0                         6.446938775510203E-7     -2.454795918367347E-7    4203169.605964189+1571518.826501452i              1.227364592502473E7
0                         6.446938775510203E-7     -2.2729591836734696E-7   4357477.987649528+1701184.7628593866i             1.3157960142720936E7
0                         6.446938775510203E-7     -2.091122448979592E-7    4631888.052754911+1792772.5619639277i             1.3907594766803708E7
0                         6.446938775510203E-7     -1.9092857142857144E-7   4889379.280820208+1878081.6374745136i             1.4599333139681872E7
0                         6.446938775510203E-7     -1.7274489795918368E-7   5129951.671845442+1957111.9893911458i             1.5232622450394843E7
0                         6.446938775510203E-7     -1.5456122448979592E-7   5353605.225830594+2029863.6177138232i             1.580708547026243E7
0                         6.446938775510203E-7     -1.3637755102040816E-7   5560339.942775678+2096336.5224425455i             1.6322472959745312E7
0                         6.446938775510203E-7     -1.181938775510204E-7    5750155.822680689+2156530.7035773145i             1.677863301075375E7
0                         6.446938775510203E-7     -1.0001020408163265E-7   5899164.281085253+2205538.0640815874i             1.719469367377193E7
0                         6.446938775510203E-7     -8.182653061224489E-8    5932994.565358784+2219712.2752434276i             1.7475940044490673E7
0                         6.446938775510203E-7     -6.364285714285713E-8    5957930.829957124+2227342.677092999i              1.7796766952005118E7
0                         6.446938775510203E-7     -4.545918367346937E-8    6118555.095002838+2256294.877791874i              1.807699210942308E7
0                         6.446938775510203E-7     -2.7275510204081612E-8   6184347.779292039+2258581.4783945843i             1.822993195187716E7
0                         6.446938775510203E-7     -9.091836734693906E-9    6194714.999611534+2265802.2355616493i             1.832815142465275E7
0                         6.446938775510203E-7     9.091836734693853E-9     6188286.456468797+2271928.613189889i              1.8347877158819687E7
0                         6.446938775510203E-7     2.7275510204081612E-8    6160670.043144327+2270561.746378742i              1.8298386631581925E7
0                         6.446938775510203E-7     4.5459183673469424E-8    6111865.759638131+2261701.6351282075i             1.8179690545274183E7
0                         6.446938775510203E-7     6.364285714285713E-8     6041873.605950193+2245348.279438287i              1.7991838725941136E7
0                         6.446938775510203E-7     8.182653061224494E-8     5937595.933333678+2243766.693184218i              1.7711854976240225E7
0                         6.446938775510203E-7     1.0001020408163265E-7    5800552.872213988+2233558.973223998i              1.7340791588380083E7
0                         6.446938775510203E-7     1.1819387755102046E-7    5784619.471833499+2087365.6079903068i             1.682887428037589E7
0                         6.446938775510203E-7     1.3637755102040816E-7    5600956.501816833+2110507.3630002732i             1.6331884386594376E7
0                         6.446938775510203E-7     1.5456122448979587E-7    5308405.024446847+2097306.9226323883i             1.58546580535871E7
0                         6.446938775510203E-7     1.7274489795918368E-7    5116811.370840731+1992725.487829744i              1.5224173989489404E7
0                         6.446938775510203E-7     1.909285714285714E-7     4908861.739364426+1883935.1515663834i             1.454482144849743E7
0                         6.446938775510203E-7     2.091122448979592E-7     4684556.130017946+1770935.9138423055i             1.381687471579377E7
0                         6.446938775510203E-7     2.272959183673469E-7     4443894.5428012945+1653727.7746575125i            1.3040727183873303E7
0                         6.446938775510203E-7     2.454795918367347E-7     4186876.977714451+1532310.7340120024i             1.2216942402798688E7
0                         6.446938775510203E-7     2.636632653061224E-7     3913503.434757429+1406684.7919057743i             1.1346336036919035E7
0                         6.446938775510203E-7     2.8184693877551024E-7    3554809.020892128+1377756.5607366145i             1.0380456586310895E7
0                         6.446938775510203E-7     3.0003061224489794E-7    3215861.8084238144+1249113.0427682854i            9395317.68882833
0                         6.446938775510203E-7     3.1821428571428575E-7    2851056.626189217+1113040.786467291i              8375143.330177116
0                         6.446938775510203E-7     3.3639795918367346E-7    2477999.916317949+972341.1198188715i              7337910.502250278
0                         6.446938775510203E-7     3.5458163265306127E-7    2096691.6788100004+827014.0428230269i             6288579.627128426
0                         6.446938775510203E-7     3.72765306122449E-7      1614435.921438349+526843.1570249116i              5243644.91115353
0                         6.446938775510203E-7     3.909489795918368E-7     1292411.0911762663+441740.00656251947i            4027568.8140430977
0                         6.446938775510203E-7     4.091326530612245E-7     900093.4080947755+333190.77011771966i             3272966.171706467
0                         6.446938775510203E-7     4.273163265306122E-7     435472.14954703255+159271.26682179788i            2472324.189563806
0                         6.446938775510203E-7     4.455E-7                 -32630.6522114432-16231.058937671307i             2181204.763935365
0                         6.612244897959182E-7     -4.455E-7                38861.63899147455+19163.049032997613i             2026689.8658786202
0                         6.612244897959182E-7     -4.2731632653061225E-7   157913.79901513737+76544.49058402414i             2355165.166737678
0                         6.612244897959182E-7     -4.091326530612245E-7    593855.2195339579+239795.83143322464i             3037979.0809928714
0                         6.612244897959182E-7     -3.9094897959183674E-7   1025258.836460608+401370.4100675935i              3972889.8756058137
0                         6.612244897959182E-7     -3.72765306122449E-7     1452124.6497950822+561268.2264871277i             5007594.153213696
0                         6.612244897959182E-7     -3.545816326530612E-7    1874452.659537385+719489.2806918256i              6080583.863985562
0                         6.612244897959182E-7     -3.3639795918367346E-7   2405430.6387526505+788323.4173592862i             7207319.50854378
0                         6.612244897959182E-7     -3.1821428571428575E-7   2665780.3699993007+963876.956035468i              8200626.401612522
0                         6.612244897959182E-7     -3.0003061224489794E-7   2999733.126383001+1071416.1868814668i             9174340.82097283
0                         6.612244897959182E-7     -2.8184693877551024E-7   3327893.5919436947+1177048.088254513i             1.0128961079197744E7
0                         6.612244897959182E-7     -2.636632653061224E-7    3651143.3925231113+1325593.4618592195i            1.104335999583943E7
0                         6.612244897959182E-7     -2.454795918367347E-7    4167949.4132411913+1439494.4495321093i            1.2088510839514676E7
0                         6.612244897959182E-7     -2.2729591836734696E-7   4392062.859063049+1549465.7649679855i             1.2872048339757502E7
0                         6.612244897959182E-7     -2.091122448979592E-7    4486854.79415481+1659280.606203397i               1.3741448306464113E7
0                         6.612244897959182E-7     -1.9092857142857144E-7   4743270.921674899+1743068.4523029595i             1.4424196964633303E7
0                         6.612244897959182E-7     -1.7274489795918368E-7   4982768.212154916+1820577.5748085673i             1.504886787904089E7
0                         6.612244897959182E-7     -1.5456122448979592E-7   5205346.665594863+1891807.9737202202i             1.5615053001907675E7
0                         6.612244897959182E-7     -1.3637755102040816E-7   5411006.281994735+1956759.6490379202i             1.612248505566047E7
0                         6.612244897959182E-7     -1.181938775510204E-7    5596228.530067407+2020466.6503187497i             1.6576363524584066E7
0                         6.612244897959182E-7     -1.0001020408163265E-7   5696923.331157415+2050859.885214382i              1.6834338487094883E7
0                         6.612244897959182E-7     -8.182653061224489E-8    5740934.997567294+2064805.2136280956i             1.7219374891083814E7
0                         6.612244897959182E-7     -6.364285714285713E-8    5930312.751502334+2102302.7279675677i             1.761014119184759E7
0                         6.612244897959182E-7     -4.545918367346937E-8    6014029.128253621+2109024.60336293i               1.7819029142123844E7
0                         6.612244897959182E-7     -2.7275510204081612E-8   6079566.059490828+2110919.1324746036i             1.796935922057351E7
0                         6.612244897959182E-7     -9.091836734693906E-9    6098018.174379235+2113160.588840389i              1.806159850194155E7
0                         6.612244897959182E-7     9.091836734693853E-9     6091749.890512578+2119586.3610923397i             1.808194729911724E7
0                         6.612244897959182E-7     2.7275510204081612E-8    6064293.736464194+2118518.888904904i              1.8033382999975454E7
0                         6.612244897959182E-7     4.5459183673469424E-8    6015649.712234074+2109958.172278082i              1.7915918567659702E7
0                         6.612244897959182E-7     6.364285714285713E-8     5936126.597977331+2097460.2114532655i             1.7712800991317403E7
0                         6.612244897959182E-7     8.182653061224494E-8     5819319.399751805+2095127.7647981883i             1.7408717229953595E7
0                         6.612244897959182E-7     1.0001020408163265E-7    5683732.542096876+2086278.140472568i              1.7041918678531524E7
0                         6.612244897959182E-7     1.1819387755102046E-7    5529366.025012537+2070911.3384764064i             1.6612621983375855E7
0                         6.612244897959182E-7     1.3637755102040816E-7    5363103.456711439+2044064.7046241749i             1.6133430369326364E7
0                         6.612244897959182E-7     1.5456122448979587E-7    5188432.497621763+1945812.0296863806i             1.5563264008654287E7
0                         6.612244897959182E-7     1.7274489795918368E-7    4997405.560661902+1843350.4532878688i             1.4944296609250367E7
0                         6.612244897959182E-7     1.909285714285714E-7     4790022.645831865+1736679.9754286413i             1.427671953382433E7
0                         6.612244897959182E-7     2.091122448979592E-7     4566283.753131647+1625800.596108696i              1.3560817735095048E7
0                         6.612244897959182E-7     2.272959183673469E-7     4326188.882561248+1510712.3153280362i             1.2797004949072419E7
0                         6.612244897959182E-7     2.454795918367347E-7     4069738.0341206724+1391415.1330866567i            1.1985878742914973E7
0                         6.612244897959182E-7     2.636632653061224E-7     3796931.2078099195+1267909.049384561i             1.1128309120706309E7
0                         6.612244897959182E-7     2.8184693877551024E-7    3377214.590289931+1240389.6114008776i             1.0116675062951157E7
0                         6.612244897959182E-7     3.0003061224489794E-7    3105835.80754548+1124215.6158603344i              9202174.718286892
0                         6.612244897959182E-7     3.1821428571428575E-7    2786416.991733169+1021717.9307977452i             8236004.448028531
0                         6.612244897959182E-7     3.3639795918367346E-7    2459348.157467831+916949.8571232286i              7253011.711779423
0                         6.612244897959182E-7     3.5458163265306127E-7    2124629.3047494562+809911.3948367848i             6257839.558475464
0                         6.612244897959182E-7     3.72765306122449E-7      1782260.4335780458+700602.5439384156i             5258918.904981065
0                         6.612244897959182E-7     3.909489795918368E-7     1349938.8876315358+493321.70311002806i            4231760.113410875
0                         6.612244897959182E-7     4.091326530612245E-7     890486.9219679285+324076.27485923306i             3237430.442729599
0                         6.612244897959182E-7     4.273163265306122E-7     427553.4130935917+153248.02414489107i             2461656.1327111623
0                         6.612244897959182E-7     4.455E-7                 -38861.638991478125-19163.04903299847i            2185074.8096427084
0                         6.777551020408163E-7     -4.455E-7                -73797.80288765581-35927.25913954931i             1970778.4154127608
0                         6.777551020408163E-7     -4.2731632653061225E-7   449740.115722341+226065.40773624007i              2453687.4929106524
0                         6.777551020408163E-7     -4.091326530612245E-7    823666.8883218055+342204.5143057733i              3155556.5150360726
0                         6.777551020408163E-7     -3.9094897959183674E-7   1192608.763179723+456901.23872866214i             4054084.0417671157
0                         6.777551020408163E-7     -3.72765306122449E-7     1556565.740296097+570155.5810049049i              5033105.768516666
0                         6.777551020408163E-7     -3.545816326530612E-7    1915537.8196709254+681967.5411345039i             6043723.752630294
0                         6.777551020408163E-7     -3.3639795918367346E-7   2266157.107971321+791522.2545567853i              7106197.748191472
0                         6.777551020408163E-7     -3.1821428571428575E-7   2603680.274371697+897727.9674175787i              8077329.759480706
0                         6.777551020408163E-7     -3.0003061224489794E-7   2935411.14994907+1002026.3508054201i              9032964.665553387
0                         6.777551020408163E-7     -2.8184693877551024E-7   3261349.7347034393+1104417.4047203094i            9970037.582304625
0                         6.777551020408163E-7     -2.636632653061224E-7    3586329.4999567736+1241288.4351772538i            1.0865805460927662E7
0                         6.777551020408163E-7     -2.454795918367347E-7    3892631.3014421267+1301424.2343977941i            1.1778281085487094E7
0                         6.777551020408163E-7     -2.2729591836734696E-7   4355200.1030631475+1414998.1592385024i            1.2677701068170806E7
0                         6.777551020408163E-7     -2.091122448979592E-7    4560552.3411600245+1516997.5499815058i            1.339975230236826E7
0                         6.777551020408163E-7     -1.9092857142857144E-7   4597162.56252959+1608055.2671314045i              1.4252218325484447E7
0                         6.777551020408163E-7     -1.7274489795918368E-7   4835584.752464402+1684043.1602259886i             1.4868289256862808E7
0                         6.777551020408163E-7     -1.5456122448979592E-7   5057088.105359131+1753752.3297266182i             1.5426265757802026E7
0                         6.777551020408163E-7     -1.3637755102040816E-7   5261672.621213793+1817182.7756332932i             1.5925858594692677E7
0                         6.777551020408163E-7     -1.181938775510204E-7    5433606.822289582+1876789.087332489i              1.6396106766839735E7
0                         6.777551020408163E-7     -1.0001020408163265E-7   5505758.88958258+1897117.7970929353i              1.6586214797421155E7
0                         6.777551020408163E-7     -8.182653061224489E-8    5724402.468591735+1944267.374841646i              1.70917973295815E7
0                         6.777551020408163E-7     -6.364285714285713E-8    5826042.537805114+1955424.5250296607i             1.7356397268400095E7
0                         6.777551020408163E-7     -4.545918367346937E-8    5909503.161504408+1961754.3289339866i             1.756260009395204E7
0                         6.777551020408163E-7     -2.7275510204081612E-8   5974784.339689626+1963256.7865546227i             1.7710354199291382E7
0                         6.777551020408163E-7     -9.091836734693906E-9    6001321.34914693+1960518.942119127i               1.779585656472167E7
0                         6.777551020408163E-7     9.091836734693853E-9     5995213.324556362+1967244.10899479i               1.781677520919947E7
0                         6.777551020408163E-7     2.7275510204081612E-8    5967917.429784059+1966476.0314310659i             1.7769132012148842E7
0                         6.777551020408163E-7     4.5459183673469424E-8    5912965.196262051+1941920.3607825725i             1.7644103987779558E7
0                         6.777551020408163E-7     6.364285714285713E-8     5816393.860930695+1947463.1874326356i             1.740661276235349E7
0                         6.777551020408163E-7     8.182653061224494E-8     5701042.866169933+1946488.836412156i              1.7106539568710547E7
0                         6.777551020408163E-7     1.0001020408163265E-7    5566912.211979764+1938997.3077211357i             1.6744054387649437E7
0                         6.777551020408163E-7     1.1819387755102046E-7    5414001.898360178+1924988.601359574i              1.6319402623085804E7
0                         6.777551020408163E-7     1.3637755102040816E-7    5219806.134749838+1866716.2386647488i             1.5843598893619252E7
0                         6.777551020408163E-7     1.5456122448979587E-7    5068459.970796674+1794317.1367403725i             1.5276223355070299E7
0                         6.777551020408163E-7     1.7274489795918368E-7    4877999.750483075+1693975.418745994i              1.4668516341186302E7
0                         6.777551020408163E-7     1.909285714285714E-7     4671183.552299298+1589424.7992908976i             1.4012507225812005E7
0                         6.777551020408163E-7     2.091122448979592E-7     4448011.376245344+1480665.278375084i              1.3308495533766016E7
0                         6.777551020408163E-7     2.272959183673469E-7     4208483.222321207+1367696.8559985561i             1.255692154059841E7
0                         6.777551020408163E-7     2.454795918367347E-7     3952599.09052689+1250519.5321613098i              1.1758426273575263E7
0                         6.777551020408163E-7     2.636632653061224E-7     3577682.0516872834+1228053.008493412i             1.0819118771217803E7
0                         6.777551020408163E-7     2.8184693877551024E-7    3330120.4976417334+1144910.7713490042i            9961561.77035715
0                         6.777551020408163E-7     3.0003061224489794E-7    3020936.415809776+1047717.3590009043i             9033935.880571926
0                         6.777551020408163E-7     3.1821428571428575E-7    2704102.3155247844+948253.5580408766i             8087186.090678145
0                         6.777551020408163E-7     3.3639795918367346E-7    2379618.1967867445+846519.3684689271i             7124231.318156432
0                         6.777551020408163E-7     3.5458163265306127E-7    2047484.0595956803+742514.7902850464i             6150000.934259405
0                         6.777551020408163E-7     3.72765306122449E-7      1745074.9814058996+614758.8101812188i             5257065.12695032
0                         6.777551020408163E-7     3.909489795918368E-7     1365913.9697802395+504292.3976275922i             4242698.503541036
0                         6.777551020408163E-7     4.091326530612245E-7     1006389.2250767213+349558.90127269056i            3289362.517783386
0                         6.777551020408163E-7     4.273163265306122E-7     624580.1251125983+225153.99342437732i             2533132.681444705
0                         6.777551020408163E-7     4.455E-7                 73797.80288765368+35927.25913954887i              2060331.1429919486
0                         6.942857142857142E-7     -4.455E-7                -71985.3224843373-37529.01307857499i              2026369.3088851965
0                         6.942857142857142E-7     -4.2731632653061225E-7   252595.2543164917+48804.16409392121i              2245791.238853159
0                         6.942857142857142E-7     -4.091326530612245E-7    772461.0982744371+292525.67351301614i             3126579.823152928
0                         6.942857142857142E-7     -3.9094897959183674E-7   1139294.2970364182+403921.35579550045i            3995848.6228041984
0                         6.942857142857142E-7     -3.72765306122449E-7     1501142.598056854+513874.6559313388i              4950357.117682442
0                         6.942857142857142E-7     -3.545816326530612E-7    1858006.0013357433+622385.5739205333i             5939256.568505686
0                         6.942857142857142E-7     -3.3639795918367346E-7   2206278.8931500427+728614.1133970533i             7001811.004743087
0                         6.942857142857142E-7     -3.1821428571428575E-7   2541580.1787440954+831578.9787996899i             7954470.704341599
0                         6.942857142857142E-7     -3.0003061224489794E-7   2871089.1735151433+932636.5147293736i             8892373.202927915
0                         6.942857142857142E-7     -2.8184693877551024E-7   3198026.6007134547+1073821.9498216289i            9794490.051251661
0                         6.942857142857142E-7     -2.636632653061224E-7    3535608.3731059046+1130075.0524016977i            1.0736088363690002E7
0                         6.942857142857142E-7     -2.454795918367347E-7    3800415.6843748186+1208273.1423473454i            1.1557969566123884E7
0                         6.942857142857142E-7     -2.2729591836734696E-7   4052133.795482734+1283435.2238436223i             1.2342633023631759E7
0                         6.942857142857142E-7     -2.091122448979592E-7    4522047.02188322+1380086.7154918816i              1.3196555460294653E7
0                         6.942857142857142E-7     -1.9092857142857144E-7   4708638.052255114+1474114.1815420145i             1.3857288340733225E7
0                         6.942857142857142E-7     -1.7274489795918368E-7   4688401.29277388+1547508.745643411i               1.4690983459135853E7
0                         6.942857142857142E-7     -1.5456122448979592E-7   4908829.545123402+1615696.6857330175i             1.524083198249917E7
0                         6.942857142857142E-7     -1.3637755102040816E-7   5112338.960432849+1677605.902228668i              1.5732714580197668E7
0                         6.942857142857142E-7     -1.181938775510204E-7    5270985.114511758+1733111.5243462296i             1.622039646968701E7
0                         6.942857142857142E-7     -1.0001020408163265E-7   5314594.448007763+1743375.7089714892i             1.6344587624698238E7
0                         6.942857142857142E-7     -8.182653061224489E-8    5620388.0079465+1797781.2433947767i               1.6842569497187708E7
0                         6.942857142857142E-7     -6.364285714285713E-8    5721772.324107889+1808546.3220917552i             1.7104334139150124E7
0                         6.942857142857142E-7     -4.545918367346937E-8    5804977.194755197+1814484.0545050444i             1.7307852405741315E7
0                         6.942857142857142E-7     -2.7275510204081612E-8   5870002.619888427+1815594.4406346427i             1.745306786108571E7
0                         6.942857142857142E-7     -9.091836734693906E-9    5904624.523914627+1807877.2953978656i             1.7531144017351158E7
0                         6.942857142857142E-7     9.091836734693853E-9     5898676.758600137+1814901.8568972398i             1.755257505846811E7
0                         6.942857142857142E-7     2.7275510204081612E-8    5868111.728187843+1777147.1411721401i             1.750695488864966E7
0                         6.942857142857142E-7     4.5459183673469424E-8    5791776.255750657+1790565.2411273448i             1.7335505523566213E7
0                         6.942857142857142E-7     6.364285714285713E-8     5696661.123884057+1797466.1634120059i             1.7101687791365433E7
0                         6.942857142857142E-7     8.182653061224494E-8     5582766.332588057+1797849.908026126i              1.680562121914824E7
0                         6.942857142857142E-7     1.0001020408163265E-7    5450091.881862648+1791716.4749697046i             1.6447497887029383E7
0                         6.942857142857142E-7     1.1819387755102046E-7    5275855.34587354+1774090.4855995092i              1.604848378820645E7
0                         6.942857142857142E-7     1.3637755102040816E-7    5115500.034389565+1709895.558689503i              1.5548795801781727E7
0                         6.942857142857142E-7     1.5456122448979587E-7    4937269.344327692+1641346.6504543286i             1.5000230204738606E7
0                         6.942857142857142E-7     1.7274489795918368E-7    4758593.940304249+1544600.3842041185i             1.4397007606747894E7
0                         6.942857142857142E-7     1.909285714285714E-7     4552344.458766739+1442169.6231531552i             1.3752343528987635E7
0                         6.942857142857142E-7     2.091122448979592E-7     4329738.999359041+1335529.960641475i              1.3060054584631233E7
0                         6.942857142857142E-7     2.272959183673469E-7     4010820.001450718+1266750.5897991504i             1.224846410822722E7
0                         6.942857142857142E-7     2.454795918367347E-7     3762940.2599296286+1207316.5836016794i            1.1456330854661597E7
0                         6.942857142857142E-7     2.636632653061224E-7     3503365.9958633278+1144569.3284168043i            1.0623339353086922E7
0                         6.942857142857142E-7     2.8184693877551024E-7    3242636.3903787257+1065378.6303870098i            9774712.730531024
0                         6.942857142857142E-7     3.0003061224489794E-7    2936037.0240740743+971219.1021414744i             8865866.303034734
0                         6.942857142857142E-7     3.1821428571428575E-7    2621787.639316385+874789.1852840132i              7938390.779492606
0                         6.942857142857142E-7     3.3639795918367346E-7    2299888.2361056604+776088.8798146257i             6995394.189072681
0                         6.942857142857142E-7     3.5458163265306127E-7    2000333.5344164106+649352.8283192535i             6113256.77673796
0                         6.942857142857142E-7     3.72765306122449E-7      1631596.0639670487+543606.348208547i              5107161.699381306
0                         6.942857142857142E-7     3.909489795918368E-7     1254220.5070166616+435770.69337844895i            4119306.6535512214
0                         6.942857142857142E-7     4.091326530612245E-7     878547.6359778149+286439.12264355505i             3211461.677631947
0                         6.942857142857142E-7     4.273163265306122E-7     357242.0629929403+106680.73869363777i             2361388.9942296604
0                         6.942857142857142E-7     4.455E-7                 71985.32248433518+37529.013078574564i             2131673.1767581045
0                         7.108163265306121E-7     -4.455E-7                -70172.84208101881-39130.767017600665i            2080929.0625055884
0                         7.108163265306121E-7     -4.2731632653061225E-7   252608.87384083137+44482.38238188123i             2288191.1174099166
0                         7.108163265306121E-7     -4.091326530612245E-7    721255.3082270686+242846.83272025987i             3097145.5014561266
0                         7.108163265306121E-7     -3.9094897959183674E-7   1085979.8308931116+350941.47286233865i            3937439.361465289
0                         7.108163265306121E-7     -3.72765306122449E-7     1445719.45581761+457593.730857773i                4867725.010661622
0                         7.108163265306121E-7     -3.545816326530612E-7    1800474.1830005639+562803.6067065619i             5835240.479536471
0                         7.108163265306121E-7     -3.3639795918367346E-7   2146400.6783287656+665705.9722373225i             6897390.630506544
0                         7.108163265306121E-7     -3.1821428571428575E-7   2479480.083116492+765429.9901818008i              7831940.530576757
0                         7.108163265306121E-7     -3.0003061224489794E-7   2806767.197081216+863246.6786533283i              8752499.517627876
0                         7.108163265306121E-7     -2.8184693877551024E-7   3136380.1314440193+992891.3669856865i             9637695.324333606
0                         7.108163265306121E-7     -2.636632653061224E-7    3445299.187589309+1039656.2938967551i             1.0534745438567696E7
0                         7.108163265306121E-7     -2.454795918367347E-7    3708200.0673075067+1115122.0502968978i            1.1339868376426255E7
0                         7.108163265306121E-7     -2.2729591836734696E-7   3958011.7468647086+1187551.798247668i             1.210813788257265E7
0                         7.108163265306121E-7     -2.091122448979592E-7    4194734.226260916+1256945.537749066i              1.2838425993012082E7
0                         7.108163265306121E-7     -1.9092857142857144E-7   4668490.169701397+1334760.11829225i               1.364579115431879E7
0                         7.108163265306121E-7     -1.7274489795918368E-7   4836319.9923483+1420815.6596495092i               1.4245616423989946E7
0                         7.108163265306121E-7     -1.5456122448979592E-7   4760570.984887674+1477641.0417394144i             1.5058868984206839E7
0                         7.108163265306121E-7     -1.3637755102040816E-7   4963005.299651911+1538029.028824043i              1.5543183482878214E7
0                         7.108163265306121E-7     -1.181938775510204E-7    5108363.406733936+1589433.9613599707i             1.604925236087963E7
0                         7.108163265306121E-7     -1.0001020408163265E-7   5397065.538677789+1636094.758458278i              1.6278372572075618E7
0                         7.108163265306121E-7     -8.182653061224489E-8    5516373.547301266+1651295.1119479085i             1.6595222668556234E7
0                         7.108163265306121E-7     -6.364285714285713E-8    5617502.110410664+1661668.1191538498i             1.6854113852841783E7
0                         7.108163265306121E-7     -4.545918367346937E-8    5700451.228005985+1667213.780076101i              1.705494967254552E7
0                         7.108163265306121E-7     -2.7275510204081612E-8   5765220.900087218+1667932.0947146611i             1.719766747675527E7
0                         7.108163265306121E-7     -9.091836734693906E-9    5807927.698682328+1655235.648676604i              1.7267701301915262E7
0                         7.108163265306121E-7     9.091836734693853E-9     5801566.193754716+1603140.5526219683i             1.7302928622063037E7
0                         7.108163265306121E-7     2.7275510204081612E-8    5745466.584211692+1624433.9258823125i             1.7196776279339124E7
0                         7.108163265306121E-7     4.5459183673469424E-8    5670587.31523926+1639210.121472115i               1.7028567357377503E7
0                         7.108163265306121E-7     6.364285714285713E-8     5576928.386837432+1647469.1393913766i             1.6798362299301974E7
0                         7.108163265306121E-7     8.182653061224494E-8     5464489.7990061855+1649210.979640097i             1.6506294793595996E7
0                         7.108163265306121E-7     1.0001020408163265E-7    5310064.292147594+1673118.0657075283i             1.6188262849714145E7
0                         7.108163265306121E-7     1.1819387755102046E-7    5169566.802377388+1615273.4628734752i             1.5747786486145925E7
0                         7.108163265306121E-7     1.3637755102040816E-7    5011193.934029283+1553074.8787142565i             1.5258518548340984E7
0                         7.108163265306121E-7     1.5456122448979587E-7    4834945.68710329+1486522.3132298717i              1.4720527743819723E7
0                         7.108163265306121E-7     1.7274489795918368E-7    4640822.061599394+1415615.766420318i              1.413390985297944E7
0                         7.108163265306121E-7     1.909285714285714E-7     4433505.365234168+1294914.4470154117i             1.3496404908657871E7
0                         7.108163265306121E-7     2.091122448979592E-7     4167417.068687938+1231757.8074373088i             1.2767278344607834E7
0                         7.108163265306121E-7     2.272959183673469E-7     3932989.215016964+1178180.3367256771i             1.2028557676245524E7
0                         7.108163265306121E-7     2.454795918367347E-7     3686866.8388007693+1121289.6170266399i            1.1248095468002541E7
0                         7.108163265306121E-7     2.636632653061224E-7     3451516.915440027+1074701.74495606i               1.0458254380795464E7
0                         7.108163265306121E-7     2.8184693877551024E-7    3155152.2831157185+985846.4894250153i             9588119.862487504
0                         7.108163265306121E-7     3.0003061224489794E-7    2851137.6323383744+894720.845282044i              8697821.128809236
0                         7.108163265306121E-7     3.1821428571428575E-7    2539472.963107989+801324.8125271478i              7789434.12596081
0                         7.108163265306121E-7     3.3639795918367346E-7    2243383.0915753613+676596.1562908464i             6925593.895421048
0                         7.108163265306121E-7     3.5458163265306127E-7    1885069.1623022882+575569.6086230546i             5941804.598320519
0                         7.108163265306121E-7     3.72765306122449E-7      1518117.1465281947+472453.88623587374i            4959156.15091316
0                         7.108163265306121E-7     3.909489795918368E-7     1142527.0442530788+367248.9891293049i             3998673.771745367
0                         7.108163265306121E-7     4.091326530612245E-7     758298.8554769348+259954.9173033471i              3107782.334758753
0                         7.108163265306121E-7     4.273163265306122E-7     354640.1325877323+105434.60361596369i             2414491.2117827157
0                         7.108163265306121E-7     4.455E-7                 70172.84208101664+39130.76701760026i              2206899.1712459275
0                         7.273469387755101E-7     -4.455E-7                -30445.295179212302-36501.10018464138i            2143123.6177754872
0                         7.273469387755101E-7     -4.2731632653061225E-7   252622.49336517067+40160.600669841464i            2329799.5156575893
0                         7.273469387755101E-7     -4.091326530612245E-7    571508.4993957656+120285.56274029275i             2922310.7375538335
0                         7.273469387755101E-7     -3.9094897959183674E-7   1032665.3647498059+297961.5899291772i             3878601.5154897724
0                         7.273469387755101E-7     -3.72765306122449E-7     1390296.3135783672+401312.8057842052i             4785030.605846492
0                         7.273469387755101E-7     -3.545816326530612E-7    1742942.3646653818+503221.6394925902i             5731558.422583952
0                         7.273469387755101E-7     -3.3639795918367346E-7   2086522.4635074872+602797.83107759i               6792799.5392099945
0                         7.273469387755101E-7     -3.1821428571428575E-7   2417379.987488889+699281.0015639119i              7709647.956113235
0                         7.273469387755101E-7     -3.0003061224489794E-7   2742445.2206472866+793856.8425772814i             8613293.98502344
0                         7.273469387755101E-7     -2.8184693877551024E-7   3074733.662174588+911960.7841497429i              9482438.46739176
0                         7.273469387755101E-7     -2.636632653061224E-7    3354990.0020727105+949237.5353918115i             1.033545451067891E7
0                         7.273469387755101E-7     -2.454795918367347E-7    3615984.450240195+1021970.9582464488i             1.1124009505186487E7
0                         7.273469387755101E-7     -2.2729591836734696E-7   3863889.698246684+1091668.372651715i              1.1876122107059712E7
0                         7.273469387755101E-7     -2.091122448979592E-7    4098705.746092177+1158329.7786076078i             1.2590592445829868E7
0                         7.273469387755101E-7     -1.9092857142857144E-7   4320432.593776673+1221955.1761141263i             1.3266567347900849E7
0                         7.273469387755101E-7     -1.7274489795918368E-7   4529070.241300175+1282544.5651712725i             1.3903428002291497E7
0                         7.273469387755101E-7     -1.5456122448979592E-7   4943598.161439613+1357101.984303991i              1.4566104302485796E7
0                         7.273469387755101E-7     -1.3637755102040816E-7   4813671.638870962+1398452.1554194177i             1.5357405534319745E7
0                         7.273469387755101E-7     -1.181938775510204E-7    4945741.6989561105+1445756.3983737088i            1.5882697853309862E7
0                         7.273469387755101E-7     -1.0001020408163265E-7   5293306.831084544+1490000.6985024456i             1.603624654059377E7
0                         7.273469387755101E-7     -8.182653061224489E-8    5412359.086656034+1504808.9805010394i             1.6349936923913503E7
0                         7.273469387755101E-7     -6.364285714285713E-8    5513231.896713444+1514789.9162159422i             1.6605915671949748E7
0                         7.273469387755101E-7     -4.545918367346937E-8    5595925.261256769+1519943.505647156i              1.6804072695681304E7
0                         7.273469387755101E-7     -2.7275510204081612E-8   5660439.180286018+1520269.7487946807i             1.6944337673459053E7
0                         7.273469387755101E-7     -9.091836734693906E-9    5711230.873450027+1502594.0019553427i             1.700579244932572E7
0                         7.273469387755101E-7     9.091836734693853E-9     5677464.846313796+1449069.2416975396i             1.6992221984388854E7
0                         7.273469387755101E-7     2.7275510204081612E-8    5622821.440235545+1471720.7105924834i             1.6888762239454623E7
0                         7.273469387755101E-7     4.5459183673469424E-8    5549398.374727879+1487855.0018168853i             1.6723669502634881E7
0                         7.273469387755101E-7     6.364285714285713E-8     5457195.649790796+1497472.1153707472i             1.6497008648304984E7
0                         7.273469387755101E-7     8.182653061224494E-8     5346213.26542431+1500572.0512540655i              1.6208929093131369E7
0                         7.273469387755101E-7     1.0001020408163265E-7    5201793.305515569+1512304.7002307049i             1.5882259812117616E7
0                         7.273469387755101E-7     1.1819387755102046E-7    5063278.258881234+1456456.4401474397i             1.545183816876335E7
0                         7.273469387755101E-7     1.3637755102040816E-7    4906887.833669009+1396254.198739009i              1.497281139869927E7
0                         7.273469387755101E-7     1.5456122448979587E-7    4732622.029878886+1331697.9760054122i             1.4445257910684984E7
0                         7.273469387755101E-7     1.7274489795918368E-7    4514330.678617512+1224943.4878339146i             1.3851128561430668E7
0                         7.273469387755101E-7     1.909285714285714E-7     4308804.882770149+1188365.2030912014i             1.32222499648965E7
0                         7.273469387755101E-7     2.091122448979592E-7     4087828.9169492824+1140644.267865403i             1.253669716094964E7
0                         7.273469387755101E-7     2.272959183673469E-7     3855158.4285832057+1089610.083652202i             1.1808880303289412E7
0                         7.273469387755101E-7     2.454795918367347E-7     3610793.417671913+1035262.6504515971i             1.1039919098773949E7
0                         7.273469387755101E-7     2.636632653061224E-7     3361448.092649709+992135.7198915007i              1.0253992011738362E7
0                         7.273469387755101E-7     2.8184693877551024E-7    3067668.1758527113+906314.3484630198i             9401689.717450175
0                         7.273469387755101E-7     3.0003061224489794E-7    2766238.240602666+818222.5884226158i              8529670.110915316
0                         7.273469387755101E-7     3.1821428571428575E-7    2474223.652882742+696488.7940959915i              7688701.333238897
0                         7.273469387755101E-7     3.3639795918367346E-7    2126333.2647859654+600182.178871117i              6734219.065780157
0                         7.273469387755101E-7     3.5458163265306127E-7    1769804.7901881658+501786.3889268541i             5771901.414278874
0                         7.273469387755101E-7     3.72765306122449E-7      1404638.2290893442+401301.4242632014i             4813104.362528215
0                         7.273469387755101E-7     3.909489795918368E-7     905599.7998883661+269436.06483040267i             3838006.4821591624
0                         7.273469387755101E-7     4.091326530612245E-7     608657.4243588402+213269.00152512215i             3062552.6445690542
0                         7.273469387755101E-7     4.273163265306122E-7     308427.6400683392+155879.65329151234i             2477463.76919886
0                         7.273469387755101E-7     4.455E-7                 30445.295179209636+36501.100184640156i            2045007.1162742507
0                         7.438775510204081E-7     -4.455E-7                -18995.28111465391-28882.112367622238i            2201806.3090158417
0                         7.438775510204081E-7     -4.2731632653061225E-7   312553.82223641366+47071.17828409308i             2368876.2590377154
0                         7.438775510204081E-7     -4.091326530612245E-7    569723.2580411267+113243.75325523842i             2935888.4272052473
0                         7.438775510204081E-7     -3.9094897959183674E-7   884713.5541804673+189880.52799665905i             3704664.619080365
0                         7.438775510204081E-7     -3.72765306122449E-7     1334873.171339124+345031.88071063923i             4702119.524318389
0                         7.438775510204081E-7     -3.545816326530612E-7    1685410.546330201+443639.6722786188i              5628115.585038991
0                         7.438775510204081E-7     -3.3639795918367346E-7   2026644.2486862105+539889.6899178589i             6687920.173028109
0                         7.438775510204081E-7     -3.1821428571428575E-7   2355279.891861286+633132.0129460228i              7587520.564403388
0                         7.438775510204081E-7     -3.0003061224489794E-7   2678123.244213358+724467.006501235i               8474725.739316663
0                         7.438775510204081E-7     -2.8184693877551024E-7   2992503.5997783453+785781.6791283637i             9331891.008428866
0                         7.438775510204081E-7     -2.636632653061224E-7    3264680.8165561133+858818.7768868692i             1.0138235509002712E7
0                         7.438775510204081E-7     -2.454795918367347E-7    3523768.833172885+928819.8661960019i              1.0910441211268203E7
0                         7.438775510204081E-7     -2.2729591836734696E-7   3769767.6496286597+995784.9470557609i             1.1646662925242608E7
0                         7.438775510204081E-7     -2.091122448979592E-7    4002677.2659234367+1059714.0194661485i            1.2345623366037464E7
0                         7.438775510204081E-7     -1.9092857142857144E-7   4222497.68205722+1120607.0834271624i              1.3006416739310555E7
0                         7.438775510204081E-7     -1.7274489795918368E-7   4429228.898030004+1178464.1389388028i             1.3628388535630275E7
0                         7.438775510204081E-7     -1.5456122448979592E-7   4622870.913841797+1233285.186001071i              1.421105943757382E7
0                         7.438775510204081E-7     -1.3637755102040816E-7   5042339.548498462+1280706.979503735i              1.4779145235588595E7
0                         7.438775510204081E-7     -1.181938775510204E-7    5067990.797740158+1287003.4684962751i             1.5286932252457988E7
0                         7.438775510204081E-7     -1.0001020408163265E-7   5189548.123491298+1343906.638546615i              1.5796468050248794E7
0                         7.438775510204081E-7     -8.182653061224489E-8    5308344.626010803+1358322.8490541708i             1.6106910840241857E7
0                         7.438775510204081E-7     -6.364285714285713E-8    5408961.683016217+1367911.713278037i              1.6359937176381154E7
0                         7.438775510204081E-7     -4.545918367346937E-8    5446488.753042908+1429011.386697935i              1.6469087988586597E7
0                         7.438775510204081E-7     -2.7275510204081612E-8   5502058.245892229+1435587.8888117932i             1.6595463002963776E7
0                         7.438775510204081E-7     -9.091836734693906E-9    5553454.558707239+1445038.540650077i              1.664931013666593E7
0                         7.438775510204081E-7     9.091836734693853E-9     5544274.417288736+1447411.4247555807i             1.664664026890365E7
0                         7.438775510204081E-7     2.7275510204081612E-8    5518977.071121583+1445682.533973931i              1.6586880592493812E7
0                         7.438775510204081E-7     4.5459183673469424E-8    5428209.434216485+1336499.8821616562i             1.6421231395834008E7
0                         7.438775510204081E-7     6.364285714285713E-8     5337462.912744163+1347475.0913501175i             1.6198038310977807E7
0                         7.438775510204081E-7     8.182653061224494E-8     5212179.543804111+1400989.270761192i              1.5953495652164826E7
0                         7.438775510204081E-7     1.0001020408163265E-7    5093522.318883547+1351491.3347538821i             1.5581323533085627E7
0                         7.438775510204081E-7     1.1819387755102046E-7    4950232.220055515+1190021.1785664584i             1.515433702795628E7
0                         7.438775510204081E-7     1.3637755102040816E-7    4790915.440814498+1171498.1005275515i             1.4682893920407502E7
0                         7.438775510204081E-7     1.5456122448979587E-7    4617564.2335810885+1150614.2128233528i            1.4165693423125172E7
0                         7.438775510204081E-7     1.7274489795918368E-7    4430178.598355287+1127369.5154538618i             1.3602901527336653E7
0                         7.438775510204081E-7     1.909285714285714E-7     4227459.365726594+1094708.3770208606i             1.2982199610798916E7
0                         7.438775510204081E-7     2.091122448979592E-7     4008240.7652106266+1049530.7282934969i            1.2306735353740871E7
0                         7.438775510204081E-7     2.272959183673469E-7     3777327.642149452+1001039.8305787275i             1.1589579429813104E7
0                         7.438775510204081E-7     2.454795918367347E-7     3534719.996543056+949235.6838765573i              1.0831931300741384E7
0                         7.438775510204081E-7     2.636632653061224E-7     3271379.2698593927+909569.6948269426i             1.0050154330873989E7
0                         7.438775510204081E-7     2.8184693877551024E-7    2980184.068589698+826782.207501026i               9215345.36388676
0                         7.438775510204081E-7     3.0003061224489794E-7    2692855.218338564+709030.7417346927i              8400234.695119921
0                         7.438775510204081E-7     3.1821428571428575E-7    2355388.3714180803+617444.0589527354i             7478778.066369828
0                         7.438775510204081E-7     3.3639795918367346E-7    2009283.437996572+523768.20145138924i             6544340.135693613
0                         7.438775510204081E-7     3.5458163265306127E-7    1654540.4180740418+428003.169230654i              5603625.4727859665
0                         7.438775510204081E-7     3.72765306122449E-7      1198566.0301620658+299818.0855891545i             4649022.209279121
0                         7.438775510204081E-7     3.909489795918368E-7     907631.028785646+248248.21473881893i              3820965.575441361
0                         7.438775510204081E-7     4.091326530612245E-7     613408.6186482483+195456.05896015756i             3081378.718519876
0                         7.438775510204081E-7     4.273163265306122E-7     364163.2300463985+207418.9019975221i              2567311.1177894874
0                         7.438775510204081E-7     4.455E-7                 18995.281114650763+28882.112367621572i            2114810.5091324137
0                         7.60408163265306E-7      -4.455E-7                -7545.267050094544-21263.124550603592i            2254370.5299171754
0                         7.60408163265306E-7      -4.2731632653061225E-7   320920.16964314383+50461.02179033109i             2412634.684666436
0                         7.60408163265306E-7      -4.091326530612245E-7    647520.1881301898+122081.35797225451i             2931262.254183978
0                         7.60408163265306E-7      -3.9094897959183674E-7   881129.451946849+180118.6907385905i               3690833.0402856786
0                         7.60408163265306E-7      -3.72765306122449E-7     1192224.038194935+253267.27815098036i             4530065.722651055
0                         7.60408163265306E-7      -3.545816326530612E-7    1627878.727995021+384057.70506464655i             5524841.54374509
0                         7.60408163265306E-7      -3.3639795918367346E-7   1966766.0338649333+476981.5487581279i             6582656.014767632
0                         7.60408163265306E-7      -3.1821428571428575E-7   2293179.7962336843+566983.024328134i              7465506.370057502
0                         7.60408163265306E-7      -3.0003061224489794E-7   2628280.1802885616+676877.8132301153i             8316635.630734727
0                         7.60408163265306E-7      -2.8184693877551024E-7   2904100.8458124627+698095.254168927i              9153512.054812772
0                         7.60408163265306E-7      -2.636632653061224E-7    3174371.631039516+768400.0183819263i              9943125.234476374
0                         7.60408163265306E-7      -2.454795918367347E-7    3431553.216105573+835668.774145554i               1.0699229562269388E7
0                         7.60408163265306E-7      -2.2729591836734696E-7   3675645.6010106336+899901.5214598081i             1.141985652332209E7
0                         7.60408163265306E-7      -2.091122448979592E-7    3906648.7857546983+961098.2603246892i             1.2103646226989621E7
0                         7.60408163265306E-7      -1.9092857142857144E-7   4124562.770337765+1019258.990740198i              1.2749637165996913E7
0                         7.60408163265306E-7      -1.7274489795918368E-7   4329387.55475984+1074383.7127063335i              1.3357137525385238E7
0                         7.60408163265306E-7      -1.5456122448979592E-7   4521123.139020913+1126472.4262230962i             1.3925643746541971E7
0                         7.60408163265306E-7      -1.3637755102040816E-7   4750077.980687454+1262702.5184323343i             1.4475222606267262E7
0                         7.60408163265306E-7      -1.181938775510204E-7    5141447.677227327+1253317.9636709767i             1.4972699810545713E7
0                         7.60408163265306E-7      -1.0001020408163265E-7   5085789.415898055+1197812.5785907838i             1.5559259399529606E7
0                         7.60408163265306E-7      -8.182653061224489E-8    5091301.510670889+1298447.5933330758i             1.5662729706844972E7
0                         7.60408163265306E-7      -6.364285714285713E-8    5176021.243984767+1309212.1443653568i             1.5891881284837624E7
0                         7.60408163265306E-7      -4.545918367346937E-8    5245941.593406092+1317598.4101233643i             1.606808484603782E7
0                         7.60408163265306E-7      -2.7275510204081612E-8   5301062.558934863+1323606.3906070997i             1.6191293925969265E7
0                         7.60408163265306E-7      -9.091836734693906E-9    5341384.140571087+1327236.0858165557i             1.6261495616929987E7
0                         7.60408163265306E-7      9.091836734693853E-9     5348926.972475207+1332524.769885073i              1.6235940042597704E7
0                         7.60408163265306E-7      2.7275510204081612E-8    5323447.739912713+1330667.317199873i              1.6175530868997673E7
0                         7.60408163265306E-7      4.5459183673469424E-8    5281851.302601568+1324708.0896275192i             1.6058422214141311E7
0                         7.60408163265306E-7      6.364285714285713E-8     5224137.660541766+1314647.0871680165i             1.5884700351886949E7
0                         7.60408163265306E-7      8.182653061224494E-8     5150743.831904716+1240550.286726539i              1.5655773501912931E7
0                         7.60408163265306E-7      1.0001020408163265E-7    5002212.691088413+1100611.5072987599i             1.5295823528819954E7
0                         7.60408163265306E-7      1.1819387755102046E-7    4859217.7898281645+1086448.7307404592i            1.4878991422392339E7
0                         7.60408163265306E-7      1.3637755102040816E-7    4702188.46057552+1069925.144516866i               1.441650967127947E7
0                         7.60408163265306E-7      1.5456122448979587E-7    4531124.703330486+1051040.7486279842i             1.3908507774598429E7
0                         7.60408163265306E-7      1.7274489795918368E-7    4346026.518093059+1029795.5430738082i             1.335516754371846E7
0                         7.60408163265306E-7      1.909285714285714E-7     4146113.848683043+1001051.5509505216i             1.274327864795845E7
0                         7.60408163265306E-7      2.091122448979592E-7     3928652.613471976+958417.1887215886i              1.2077588851132348E7
0                         7.60408163265306E-7      2.272959183673469E-7     3699496.8557156925+912469.5775052548i             1.1370830538453482E7
0                         7.60408163265306E-7      2.454795918367347E-7     3462270.9143584245+904486.8843738083i             1.0644043867928296E7
0                         7.60408163265306E-7      2.636632653061224E-7     3181310.447069076+827003.6697623837i              9846719.305625953
0                         7.60408163265306E-7      2.8184693877551024E-7    2899277.787942819+714221.9992069489i              9059477.493114704
0                         7.60408163265306E-7      3.0003061224489794E-7    2572234.482198631+627355.2488679079i              8173062.393677403
0                         7.60408163265306E-7      3.1821428571428575E-7    2236553.089953417+538399.3238094781i              7270511.832585522
0                         7.60408163265306E-7      3.3639795918367346E-7    1764445.139352874+367978.3998333954i              6294327.806648511
0                         7.60408163265306E-7      3.5458163265306127E-7    1482804.9208905394+322228.0063663421i             5440214.526944796
0                         7.60408163265306E-7      3.72765306122449E-7      1197877.293667227+275255.32797095366i             4601748.917571619
0                         7.60408163265306E-7      3.909489795918368E-7     986453.8799738262+292176.0723247497i              3800707.005848788
0                         7.60408163265306E-7      4.091326530612245E-7     668184.8176688129+236849.40059561405i             3108426.086285676
0                         7.60408163265306E-7      4.273163265306122E-7     343843.4186952597+180850.93360694675i             2613737.934648431
0                         7.60408163265306E-7      4.455E-7                 7545.267050091901+21263.12455060299i              2179360.7983704284
0                         7.76938775510204E-7      -4.455E-7                3904.7470144641593-13644.136733584495i            2300331.796539567
0                         7.76938775510204E-7      -4.2731632653061225E-7   329286.5170498737+53850.86529656863i              2450958.3335148776
0                         7.76938775510204E-7      -4.091326530612245E-7    652802.8688790909+121242.05716771063i             2946568.894985662
0                         7.76938775510204E-7      -3.9094897959183674E-7   974453.8025021156+188529.4388798411i              3643163.3585785953
0                         7.76938775510204E-7      -3.72765306122449E-7     1294239.3179189474+255713.01043295965i            4442357.895944789
0                         7.76938775510204E-7      -3.545816326530612E-7    1570346.9096598404+324475.7378506758i             5421692.619766782
0                         7.76938775510204E-7      -3.3639795918367346E-7   1906887.8190436568+414073.40759839636i            6476933.242814674
0                         7.76938775510204E-7      -3.1821428571428575E-7   2231079.700606081+500834.03571024485i             7343575.5283232285
0                         7.76938775510204E-7      -3.0003061224489794E-7   2569801.1343160314+599321.6742401941i             8181038.815825809
0                         7.76938775510204E-7      -2.8184693877551024E-7   2815698.09184658+610408.8292094889i               8977076.207801031
0                         7.76938775510204E-7      -2.636632653061224E-7    3084062.4455229193+677981.259876983i              9750178.987144109
0                         7.76938775510204E-7      -2.454795918367347E-7    3339337.5990382596+742517.682095105i              1.0490460100404514E7
0                         7.76938775510204E-7      -2.2729591836734696E-7   3581523.552392607+804018.0958638543i              1.1195819763693806E7
0                         7.76938775510204E-7      -2.091122448979592E-7    3810620.305585958+862482.5011832293i              1.1864810593334274E7
0                         7.76938775510204E-7      -1.9092857142857144E-7   4094853.7558014905+1018316.7947869049i            1.25122177544568E7
0                         7.76938775510204E-7      -1.7274489795918368E-7   4186046.245224033+857408.6772460035i              1.3030897589369044E7
0                         7.76938775510204E-7      -1.5456122448979592E-7   4363212.536129242+877794.6962985077i              1.3573561706643207E7
0                         7.76938775510204E-7      -1.3637755102040816E-7   4561727.138128412+945262.7425192989i              1.4083873270408168E7
0                         7.76938775510204E-7      -1.181938775510204E-7    4725492.079603358+996504.629229025i               1.4547482253439186E7
0                         7.76938775510204E-7      -1.0001020408163265E-7   4882973.224630758+1060533.423066737i              1.500287046576541E7
0                         7.76938775510204E-7      -8.182653061224489E-8    4973031.908529786+1084234.5614931996i             1.5275332304376673E7
0                         7.76938775510204E-7      -6.364285714285713E-8    4975922.61166849+1198367.6894209145i              1.5497425734991174E7
0                         7.76938775510204E-7      -4.545918367346937E-8    5045394.433769272+1206185.4335487962i             1.567031730807579E7
0                         7.76938775510204E-7      -2.7275510204081612E-8   5100066.871977501+1211624.892402403i              1.5790476570287867E7
0                         7.76938775510204E-7      -9.091836734693906E-9    5139939.926293173+1214686.0659817364i             1.585789340690697E7
0                         7.76938775510204E-7      9.091836734693853E-9     5153579.527661675+1217638.1150145615i             1.582828975650337E7
0                         7.76938775510204E-7      2.7275510204081612E-8    5127918.408703841+1215652.1004258129i             1.5767293213096447E7
0                         7.76938775510204E-7      4.5459183673469424E-8    5131534.409804054+1212652.708321617i              1.5668015781652255E7
0                         7.76938775510204E-7      6.364285714285713E-8     5076965.950142355+1160943.3639315027i             1.5498535063619751E7
0                         7.76938775510204E-7      8.182653061224494E-8     5007455.3217110885+1107632.6519598314i            1.5280132752369143E7
0                         7.76938775510204E-7      1.0001020408163265E-7    4923002.524510267+1052720.5724066042i             1.5012936389502835E7
0                         7.76938775510204E-7      1.1819387755102046E-7    4768203.359600805+982876.2829144566i              1.4604988917810187E7
0                         7.76938775510204E-7      1.3637755102040816E-7    4613461.480336541+968352.1885061798i              1.4151204268357815E7
0                         7.76938775510204E-7      1.5456122448979587E-7    4444685.173079886+951467.2844326132i              1.3652174830482576E7
0                         7.76938775510204E-7      1.7274489795918368E-7    4261874.437830833+932221.5706937546i              1.3108099834005414E7
0                         7.76938775510204E-7      1.909285714285714E-7     4064768.33163949+907394.7248801801i               1.2505737343559308E7
0                         7.76938775510204E-7      2.091122448979592E-7     3849064.4617333184+867303.6491496821i             1.1849484615166154E7
0                         7.76938775510204E-7      2.272959183673469E-7     3621666.069281938+823899.3244317805i              1.1152839835778762E7
0                         7.76938775510204E-7      2.454795918367347E-7     3369617.376040796+818886.975206685i               1.0424746784424042E7
0                         7.76938775510204E-7      2.636632653061224E-7     3093491.361695514+712062.5665127579i              9666704.155225731
0                         7.76938775510204E-7      2.8184693877551024E-7    2776871.5971276155+629915.7486166353i             8816376.02727206
0                         7.76938775510204E-7      3.0003061224489794E-7    2451613.7460586987+545679.7560011229i             7947882.198684419
0                         7.76938775510204E-7      3.1821428571428575E-7    2033949.316383015+377819.028174069i               7028991.4333174145
0                         7.76938775510204E-7      3.3639795918367346E-7    1758316.4720737864+336665.8271619552i             6195938.63957609
0                         7.76938775510204E-7      3.5458163265306127E-7    1572730.5616888986+358784.50057375967i            5344359.066725313
0                         7.76938775510204E-7      3.72765306122449E-7      1269537.3281055118+308666.8096237112i             4536767.10910203
0                         7.76938775510204E-7      3.909489795918368E-7     960271.7578535841+257877.323414131i               3776563.5257646637
0                         7.76938775510204E-7      4.091326530612245E-7     644933.8509331231+206416.04194501674i             3116973.726075089
0                         7.76938775510204E-7      4.273163265306122E-7     330962.92570252856+66820.15343048106i             2466234.1586085716
0                         7.76938775510204E-7      4.455E-7                 -3904.7470144670465+13644.136733584382i           2237907.406333984
0                         7.934693877551019E-7     -4.455E-7                15354.761079023623-6025.148916566106i             2339307.1566359927
0                         7.934693877551019E-7     -4.2731632653061225E-7   337652.864456604+57240.708802807145i              2483380.3380511403
0                         7.934693877551019E-7     -4.091326530612245E-7    658085.5496279928+120402.75636316848i             2958253.280653422
0                         7.934693877551019E-7     -3.9094897959183674E-7   976652.8165931886+183460.99376451742i             3630615.0470657856
0                         7.934693877551019E-7     -3.72765306122449E-7     1293354.6653521915+246415.42100685544i            4406197.5458531715
0                         7.934693877551019E-7     -3.545816326530612E-7    1608191.0959050022+309266.03809018154i            5235295.69810229
0                         7.934693877551019E-7     -3.3639795918367346E-7   1847009.60422238+351165.2664386648i               6370702.558598206
0                         7.934693877551019E-7     -3.1821428571428575E-7   2168979.604978479+434685.04709235614i             7221722.209983958
0                         7.934693877551019E-7     -3.0003061224489794E-7   2447748.2155940775+454846.2986786892i             8017054.735562818
0                         7.934693877551019E-7     -2.8184693877551024E-7   2727295.337880697+522722.4042500511i              8802628.79220212
0                         7.934693877551019E-7     -2.636632653061224E-7    2993753.2600063225+587562.5013720406i             9559472.32988393
0                         7.934693877551019E-7     -2.454795918367347E-7    3319285.191038781+766305.6851852271i              1.0297923465288308E7
0                         7.934693877551019E-7     -2.2729591836734696E-7   3572995.3821755163+809790.5530158607i             1.0987082856251221E7
0                         7.934693877551019E-7     -2.091122448979592E-7    3702636.050735278+716373.3907344685i              1.1573283781923696E7
0                         7.934693877551019E-7     -1.9092857142857144E-7   3897971.227508081+736217.2693135071i              1.2171480136179537E7
0                         7.934693877551019E-7     -1.7274489795918368E-7   4082959.153853834+754907.5613967797i              1.273586408990241E7
0                         7.934693877551019E-7     -1.5456122448979592E-7   4257599.829772536+772444.2669842842i              1.3266001057788197E7
0                         7.934693877551019E-7     -1.3637755102040816E-7   4450786.583646553+833017.068187594i               1.3759620734817358E7
0                         7.934693877551019E-7     -1.181938775510204E-7    4652254.3583889045+899278.1586321908i             1.4324168896634737E7
0                         7.934693877551019E-7     -1.0001020408163265E-7   4759379.916726856+924469.579804249i               1.4643988372827245E7
0                         7.934693877551019E-7     -8.182653061224489E-8    4848916.457409637+947257.7177466445i              1.4911801688531838E7
0                         7.934693877551019E-7     -6.364285714285713E-8    4920863.980437247+967642.572459376i               1.5127471195907423E7
0                         7.934693877551019E-7     -4.545918367346937E-8    4975222.485809685+985624.1439424433i              1.5290909873140976E7
0                         7.934693877551019E-7     -2.7275510204081612E-8   5011991.973526951+1001202.4321958483i             1.5402074832805548E7
0                         7.934693877551019E-7     -9.091836734693906E-9    4938495.712015271+1102136.0461469125i             1.5458490943105811E7
0                         7.934693877551019E-7     9.091836734693853E-9     5051429.52771059+1173215.9244459632i              1.54620497646806E7
0                         7.934693877551019E-7     2.7275510204081612E-8    5027027.101816651+1125992.749005089i              1.5397185832557322E7
0                         7.934693877551019E-7     4.5459183673469424E-8    4987682.507153152+1077168.2059826592i             1.5283498071670609E7
0                         7.934693877551019E-7     6.364285714285713E-8     4933395.743720091+1026742.2953786722i             1.512102787182625E7
0                         7.934693877551019E-7     8.182653061224494E-8     4864166.811517468+974715.0171931267i              1.4909860769578569E7
0                         7.934693877551019E-7     1.0001020408163265E-7    4779995.710545282+921086.3714260249i              1.46501317406076E7
0                         7.934693877551019E-7     1.1819387755102046E-7    4680882.440803533+865856.3580773675i              1.4342033413626628E7
0                         7.934693877551019E-7     1.3637755102040816E-7    4524734.500097564+866779.2324954944i              1.3887220649457457E7
0                         7.934693877551019E-7     1.5456122448979587E-7    4358245.642829282+851893.8202372437i              1.3396916549553726E7
0                         7.934693877551019E-7     1.7274489795918368E-7    4177722.357568607+834647.5983137006i              1.2861901669410948E7
0                         7.934693877551019E-7     1.909285714285714E-7     3983422.8145959377+813737.8988098382i             1.2269860404992644E7
0                         7.934693877551019E-7     2.091122448979592E-7     3769476.3099946645+776190.1095777754i             1.1622683516613862E7
0                         7.934693877551019E-7     2.272959183673469E-7     3545104.855504867+802432.1238339331i              1.0950924231017893E7
0                         7.934693877551019E-7     2.454795918367347E-7     3275495.939596641+702552.4436521238i              1.0222874391152503E7
0                         7.934693877551019E-7     2.636632653061224E-7     2969299.71620504+625125.5581989172i               9409073.587608501
0                         7.934693877551019E-7     2.8184693877551024E-7    2654465.4063124135+545609.4980263223i             8575757.244000811
0                         7.934693877551019E-7     3.0003061224489794E-7    2294726.1538679297+379687.5565331734i             7716416.418449187
0                         7.934693877551019E-7     3.1821428571428575E-7    2025100.6837118035+343131.5479760114i             6909313.301541104
0                         7.934693877551019E-7     3.3639795918367346E-7    1834875.8703298515+362335.4765735897i             6070964.897994715
0                         7.934693877551019E-7     3.5458163265306127E-7    1540686.1287995526+316754.97114309657i            5265905.305992562
0                         7.934693877551019E-7     3.72765306122449E-7      1240424.050600718+270502.6704530695i              4483005.460185395
0                         7.934693877551019E-7     3.909489795918368E-7     934089.6357333439+223578.57450351148i             3750698.87501253
0                         7.934693877551019E-7     4.091326530612245E-7     621682.8841974329+175982.6832944205i              3122768.0327479984
0                         7.934693877551019E-7     4.273163265306122E-7     315774.771858232+55382.40858267296i               2502336.941099169
0                         7.934693877551019E-7     4.455E-7                 -15354.761079025935+6025.148916565807i            2289857.2759728734
0                         8.1E-7                   -4.455E-7                26804.775143582432+1593.8389004527016i            2370994.456821878
0                         8.1E-7                   -4.2731632653061225E-7   346019.21186333406+60630.55230904419i             2509527.2460460407
0                         8.1E-7                   -4.091326530612245E-7    663368.2303768942+119563.45555862588i             2965856.1123999455
0                         8.1E-7                   -3.9094897959183674E-7   978851.8306842613+178392.54864919343i             3615930.122904784
0                         8.1E-7                   -3.72765306122449E-7     1292470.0127854357+237117.83158075035i            4369395.443997158
0                         8.1E-7                   -3.545816326530612E-7    1604222.7766804183+295739.3043532957i             5177314.043831762
0                         8.1E-7                   -3.3639795918367346E-7   1914110.1223692077+354256.966966829i              6014354.430918227
0                         8.1E-7                   -3.1821428571428575E-7   2236942.498540278+340322.8422122501i              6987332.941063435
0                         8.1E-7                   -3.0003061224489794E-7   2361251.8931789068+369892.20726475725i            7861668.358582644
0                         8.1E-7                   -2.8184693877551024E-7   2718000.135703604+551442.8168898881i              8636959.427211028
0                         8.1E-7                   -2.636632653061224E-7    2964088.001416902+561665.6874985246i              9356710.302967183
0                         8.1E-7                   -2.454795918367347E-7    3187939.3144843476+582121.0120998647i             1.0037650830930807E7
0                         8.1E-7                   -2.2729591836734696E-7   3401443.377124745+601422.7502054372i              1.0687849783680169E7
0                         8.1E-7                   -2.091122448979592E-7    3604600.1893380927+619570.9018152436i             1.1306091778239219E7
0                         8.1E-7                   -1.9092857142857144E-7   3797409.7511243876+636565.466929283i              1.1891506316256896E7
0                         8.1E-7                   -1.7274489795918368E-7   3979872.062483632+652406.4455475558i              1.2443459568325438E7
0                         8.1E-7                   -1.5456122448979592E-7   4186771.910771403+715906.9882743733i              1.2962762454913463E7
0                         8.1E-7                   -1.3637755102040816E-7   4339846.029164691+720771.3938558896i              1.3438431981017532E7
0                         8.1E-7                   -1.181938775510204E-7    4529183.193701251+764127.3158537687i              1.3973515504526576E7
0                         8.1E-7                   -1.0001020408163265E-7   4635786.608822955+788405.7365417609i              1.428831882288186E7
0                         8.1E-7                   -8.182653061224489E-8    4724801.006289487+810280.8740000877i              1.4551515791469328E7
0                         8.1E-7                   -6.364285714285713E-8    4796226.386100846+829752.7282287522i              1.476294893217151E7
0                         8.1E-7                   -4.545918367346937E-8    4850062.748257035+846821.2992277528i              1.4922521678046752E7
0                         8.1E-7                   -2.7275510204081612E-8   4886310.092758054+861486.5869970887i              1.5030190762172364E7
0                         8.1E-7                   -9.091836734693906E-9    4916943.800034711+804968.3274643492i              1.5099909435120763E7
0                         8.1E-7                   9.091836734693853E-9     4951082.392413601+702790.5172133392i              1.504010192683394E7
0                         8.1E-7                   2.7275510204081612E-8    4915315.54356817+720275.2240943958i               1.4986946499569675E7
0                         8.1E-7                   4.5459183673469424E-8    4867389.383461068+738347.9071161071i              1.4887392228655895E7
0                         8.1E-7                   6.364285714285713E-8     4789825.53729783+892541.2268258401i               1.4749588956506092E7
0                         8.1E-7                   8.182653061224494E-8     4720878.301323846+841797.3824264202i              1.4545435330094734E7
0                         8.1E-7                   1.0001020408163265E-7    4636988.896580296+789452.170445445i               1.4293007213678954E7
0                         8.1E-7                   1.1819387755102046E-7    4538157.323067186+735505.5908829127i              1.3992512034033915E7
0                         8.1E-7                   1.3637755102040816E-7    4424383.580784513+679957.6437388235i              1.364423582665884E7
0                         8.1E-7                   1.5456122448979587E-7    4295667.669732278+622808.3290131784i              1.3248562488828646E7
0                         8.1E-7                   1.7274489795918368E-7    4093570.27730638+737073.6259336476i               1.2616809184835697E7
0                         8.1E-7                   1.909285714285714E-7     3902077.2975523835+720081.0727394996i             1.203597001430703E7
0                         8.1E-7                   2.091122448979592E-7     3689888.1582560106+685076.5700058672i             1.1397483455855176E7
0                         8.1E-7                   2.272959183673469E-7     3445291.5216462063+685691.6306250426i             1.072948506912666E7
0                         8.1E-7                   2.454795918367347E-7     3149518.8394308975+612984.6776147528i             9952238.685233949
0                         8.1E-7                   2.636632653061224E-7     2807106.3390496513+404320.51608460327i            9123569.447156137
0                         8.1E-7                   2.8184693877551024E-7    2546775.6518076137+373583.98491071374i            8356035.658033338
0                         8.1E-7                   3.0003061224489794E-7    2364200.444341832+397855.4014452522i              7551801.0292902645
0                         8.1E-7                   3.1821428571428575E-7    2085086.5315331607+357483.87679384404i            6761420.966977794
0                         8.1E-7                   3.3639795918367346E-7    1799900.2820559533+316440.5568829047i             5969960.918785591
0                         8.1E-7                   3.5458163265306127E-7    1508641.6959102077+274725.4417124321i             5186732.595774915
0                         8.1E-7                   3.72765306122449E-7      1211310.7730959244+232338.5312824276i             4427872.488976613
0                         8.1E-7                   3.909489795918368E-7     907907.5136131034+189279.8255928916i              3722672.25703091
0                         8.1E-7                   4.091326530612245E-7     624379.157473655+90112.14146246301i               3017845.0854562386
0                         8.1E-7                   4.273163265306122E-7     300586.61801393505+43944.66373486498i             2532695.723416266
0                         8.1E-7                   4.455E-7                 -26804.775143584888-1593.83890045283i             2334739.3175792354
